horizon_id,sample_index,n1,n2,n3,k_m_inv,log_gain,relative_to_sampled_max_gain
onset,0,0.61255950989805,-0.09676248733563458,0.7844793610274792,269251.85432552535,0.6172697655901175,0.9952591553937555
onset,1,-0.747194787822762,0.6588921771737238,0.08695428632199775,589.1296568720138,0.6171383548180664,0.9951283762128391
onset,2,-0.9128691526887166,-0.15892330574117908,0.3760495884343982,10159.761750210779,0.6190134439031105,0.9969960810785662
onset,3,0.5143624988458624,0.4239530339773352,0.7454495588317513,4050.887529901386,0.6167038107451103,0.9946960430158426
onset,4,-0.35505027997204847,-0.7428596437847252,0.5675375303253531,769.2765055126105,0.6177484814457697,0.9957357157913337
onset,5,0.21328734590663512,0.925852852087725,0.31193750072270643,53491.051374212686,0.6205078272356171,0.9984870891960699
onset,6,0.4444407939324417,-0.8668226771221693,0.22603280097246162,3549.7987529707425,0.6181141088457159,0.9960998506169103
onset,7,-0.08741206930673873,0.4195627708882016,0.9035077262669802,44678.50506938529,0.6168996910584484,0.9948909034724653
onset,8,-0.2514946295857649,-0.1580670686323934,0.9548639971762896,2459.665894663744,0.616260655217314,0.9942553356240739
onset,9,0.9297777417194109,0.3278089603081614,0.16749518364667898,33742.352927636624,0.6196077630190453,0.9975887910200413
onset,10,0.7781724425038008,-0.512596994365067,0.3628938840702175,1238.7189402024185,0.6172257120368952,0.9952153116573267
onset,11,-0.8191936848925606,0.26304220147957924,0.5096376230940222,97755.78504022158,0.6189703003644064,0.9969530680674278
onset,12,0.04645752113605545,-0.7323623463573136,0.6793284127488732,16667.639283180866,0.6185124348394625,0.9964967021126642
onset,13,-0.5233068847077887,0.7229687533445657,0.45107215177267795,7266.217201974457,0.617456040546755,0.9954445645177717
onset,14,-0.09675746003925993,-0.9950763772257406,0.021470850333571403,182539.18542801615,0.6214252239347149,0.9994035182560138
onset,15,0.2934467115254661,0.4193241202866535,0.8591020368039608,454.7424329232785,0.6165321066381484,0.9945252642822026
onset,16,-0.13309443860272543,-0.534896941420783,0.834368702955544,25015.857631769795,0.6174765495530571,0.9954649803059719
onset,17,0.44888451519083256,0.8925500735503393,0.04309359844774006,1736.5048769561224,0.6182243385585431,0.9962096564692136
onset,18,0.18140492205784756,-0.8534992510248823,0.48849900998175133,109369.22557690614,0.6194725641958481,0.9974539273063737
onset,19,-0.35600320688698794,0.6817259974966324,0.6391489505767822,1374.2420983790312,0.6175193107035059,0.995507548443886
onset,20,0.6250583190483777,-0.5569724950090046,0.5468854885548354,8279.890872178074,0.6170217194629054,0.9950123158297522
onset,21,-0.9337749022179983,0.15503331555146263,0.3225354291498662,18147.425784575404,0.6209491404123719,0.9989278319509911
onset,22,-0.7533814795052524,-0.6418600017687403,0.1429408425465225,329.7569797950379,0.6168567203852686,0.9948481532591119
onset,23,0.21081386976684227,0.041006687932747844,0.9766657380387187,131700.45305968824,0.6162133318030784,0.9942082851802727
onset,24,0.2399968334821022,-0.33520753978716594,0.9110638974234462,541.8881532585631,0.6164361973703815,0.9944298846662972
onset,25,-0.05413660081230583,0.9745700985068381,0.21744505409151318,235839.82831040103,0.6211646228579453,0.9991431065562875
onset,26,-0.5411925553644132,-0.8008133720649941,0.2565317936241628,5622.9090138760985,0.6175025894195248,0.995490902418635
onset,27,0.060370988804057835,0.7806661370396714,0.6220255028456451,13984.030882446732,0.618165101511372,0.9961506456986302
onset,28,-0.686733173030976,-0.22872600739200438,0.6899869292974473,75655.21276871905,0.618309736486251,0.9962947343421239
onset,29,0.7737082679987801,0.4648246291782125,0.43048063851892954,1039.5962678364858,0.6175756587520135,0.9955636449319644
onset,30,0.949069899144531,-0.300538412177127,0.09456737991422424,40213.21664763988,0.6203482649596995,0.9983277810337678
onset,31,-0.5293597246798095,0.3430483208860191,0.7759485365822912,3178.899050324522,0.6172461847878294,0.9952356866610936
onset,32,-0.6546643806802958,-0.062367364614998894,0.7533424589782953,1138.0849442445601,0.6180245574026136,0.9960106524317863
onset,33,0.8146058579376491,0.5678188916142535,0.11831738054752342,90491.25239288731,0.6179772470975442,0.9959635319786176
onset,34,0.9112022884457721,-0.06101405893014513,0.40741584915667767,2100.040580277369,0.617081670510139,0.9950719696482332
onset,35,-0.5654950649781592,0.4122720413733304,0.7143158232793212,30172.54811177883,0.6173697559313661,0.9953586766718345
onset,36,0.4382719853196924,-0.6704549286556034,0.5986717427149415,158894.83463425632,0.6175759910878725,0.9955639757935185
onset,37,-0.29032025753486135,0.9148735758429697,0.2805717168375849,398.885837893231,0.6170524780080353,0.9950429214316631
onset,38,-0.5235767832920188,-0.8294400952575885,0.1946701835840941,15018.603215795096,0.6179680081462968,0.9959543303626082
onset,39,0.11885648087292983,0.335129324839588,0.9346451051533222,6859.017231516276,0.6164785201965602,0.9944719726400877
onset,40,0.14704822407264895,-0.07572232052369551,0.9862266220152378,11593.764449393171,0.6162747327937764,0.9942693324281046
onset,41,-0.9694191324550532,0.20404188952061886,0.13635781221091756,4649.658364914739,0.6177699613642961,0.9957571043430941
onset,42,-0.8524887802012032,-0.40397822320148663,0.33175966423004866,285047.2849188684,0.6184312091348939,0.9964157642530966
onset,43,0.8202302071310528,0.185843291534261,0.541003399528563,654.3146569924428,0.6178850561148169,0.9958717173541493
onset,44,-0.13312766478138294,-0.7499480413705557,0.6479621594771743,3837.5202142002604,0.6183788886834651,0.9963636326942854
onset,45,0.5596345519654686,0.6740078955694707,0.48220589477568876,48589.53253000387,0.6177742397191581,0.9957613645544562
onset,46,0.15407404081977316,-0.9866578004144183,0.05260774493217458,859.4067911326582,0.6196936826326065,0.9976745071457542
onset,47,-0.3702550556673873,0.4216152855698494,0.8277389351278543,62708.73127679132,0.6170079476158643,0.9949986127666931
onset,48,0.14921998403043163,-0.4781637477561456,0.865501488558948,5165.95711735608,0.6169614137286922,0.9949523126907798
onset,49,-0.5402000487687049,0.8414549300555214,0.011726380325853936,12946.476287508118,0.6177945735979448,0.9957816124512019
onset,50,-0.28326213893233376,-0.8430827045199408,0.4571368657052517,462.62493565067336,0.6172463258770235,0.9952358270781045
onset,51,0.38390093561829625,0.6350871309805752,0.6702868100255728,210928.17680815113,0.6176588067037467,0.9956464274514113
onset,52,-0.7110997483191456,-0.4778514652765875,0.5157471522688866,35005.13711551471,0.6179983950868803,0.9959845948274887
onset,53,0.9326928122497978,0.06957702927901137,0.3538970965892076,2788.058854321017,0.61718196025436,0.9951717701659513
onset,54,0.7982361840803449,-0.5765725111759675,0.1743075838312506,68175.66065000149,0.6176511191072257,0.9956387733528204
onset,55,-0.3249465085533133,0.01944490082857529,0.9455324755981565,981.160977187052,0.6165746166359923,0.9945675424476589
onset,56,-0.30997425253801164,-0.3606228821586944,0.8796971635892987,124789.53030987055,0.6168782928106709,0.9948696147781724
onset,57,0.18882960411402855,0.9500274719481079,0.24857832398265603,1577.4056989483622,0.6196758806781942,0.9976567467477451
onset,58,0.635135410817295,-0.7168325540668928,0.2876701224595308,26478.637832768578,0.6174034095289068,0.9953921746358082
onset,59,-0.1301477194675411,0.79635281971127,0.5906638279557228,1928.7983150915416,0.6171284945550706,0.9951185640337105
onset,60,0.6770312592382126,-0.1458909775119413,0.7213490810245277,356.529947428907,0.6165696679418606,0.9945626206492763
onset,61,-0.81159088374477,0.42643355435079255,0.3993427865207196,143225.12077306808,0.6182512653008992,0.9962364815111199
onset,62,-0.9695007891440893,-0.23673671671048196,0.06343458686023945,9251.704419337566,0.6199668325600394,0.9979470590870596
onset,63,0.5282798901657251,0.2629860108120889,0.8073157472535969,21273.048126300717,0.6175963751295832,0.9955842696179611
onset,64,-0.30539460745166835,-0.5187050606643602,0.7985481787472963,7091.71613501377,0.6172934682397314,0.9952827459523691
onset,65,0.3530006950057489,0.9326787624705722,0.07416761666536331,18029.51939851813,0.6197698698780629,0.9977505201138883
onset,66,0.4487774900728211,-0.8018768055354076,0.3944519655779003,417.665361677277,0.616930566833042,0.9949216219739725
onset,67,-0.2599764044891405,0.6341342610905938,0.7282073935493827,188351.14794037797,0.6176014482670417,0.995589320366624
onset,68,0.8096060000951312,-0.03777793107987906,0.5857567349448801,31245.54351023172,0.6196368079317324,0.9976177663201646
onset,69,-0.7539689282560252,0.5871911453000522,0.2945121629163623,2516.011040631234,0.6165712941538588,0.9945642380202581
onset,70,-0.970748251476575,-0.012060931273194358,0.23979650996625435,94901.5020751034,0.6212555934469601,0.9992340033276047
onset,71,0.35484939090513884,0.2850286819383581,0.8904159478843212,1346.3668785439902,0.6167613196412863,0.9947532485322044
onset,72,0.04206861647115773,-0.3366962864513068,0.94067307934165,58141.348779427884,0.6166216690787454,0.994614340380984
onset,73,-0.6606796764436599,0.7284861164539982,0.1811362560838461,746.7983657672595,0.6170201705275147,0.9950107746211557
onset,74,-0.10267312112973531,-0.9329324068525754,0.3451019478961826,45700.65709996353,0.6205294146090963,0.9985086441424349
onset,75,0.5921312065467881,0.6100525023498308,0.5265136072412133,3287.2058132954426,0.6173460022337866,0.9953350335036532
onset,76,-0.6830098708752703,-0.30975446031379944,0.661475389264524,607.873887885773,0.6172883912613123,0.9952776929361741
onset,77,0.8557309561360491,0.22092134449600676,0.4678870486095548,247306.1069331714,0.6192012999249416,0.9971833903891789
onset,78,0.9215209864053614,-0.38826809241647486,0.006852738559246158,4381.981289484552,0.6181228927149616,0.9961086002661815
onset,79,-0.47066499584830596,0.13243642095330652,0.8723159153014421,9915.486947916297,0.6171633252492927,0.9951532253077637
onset,80,0.46197988417491814,-0.34507854178978004,0.8170039085671306,1014.5558048273208,0.6170270793733703,0.9950176490209693
onset,81,-0.9976900990287374,0.02911657574473094,0.061373376287519876,81834.88068431056,0.6214007802505366,0.9993790894506132
onset,82,-0.6900250345330101,-0.5458130749044755,0.47534570470452314,2919.630042545374,0.6176251367795974,0.9956129046760773
onset,83,0.757459490336935,0.006362401213901567,0.6528511624783278,41490.144356592944,0.6188704985515282,0.9968535753087416
onset,84,-0.2930224905997676,-0.7929764155715685,0.5341593623161317,218406.40205595933,0.6187315992298588,0.996715122639041
onset,85,0.4735313873042567,0.813894848338234,0.3366648200899363,554.3192208404581,0.6174644672354427,0.9954529528545657
onset,86,0.35812000458031645,-0.9251839648234315,0.12563715036958462,13576.022828523206,0.6198068480237785,0.9977874157601709
onset,87,-0.04731870049705891,0.08787929528860826,0.9950066180899739,6112.033997279515,0.6161889433933236,0.9941840383169046
onset,88,-0.36044606774660076,-0.09608291028989628,0.9278182508423924,19725.687115458157,0.6167036028867049,0.9946958362599307
onset,89,0.8902983642636725,0.409336072320147,0.199531457386911,8038.597473512082,0.6183263529457336,0.9963112893707524
onset,90,0.9215861674947999,-0.2790752788071207,0.26980719901621336,134723.8325830417,0.619872555409592,0.9978529799168592
onset,91,-0.7268984967394947,0.32031254323111213,0.6074688881635667,305.3697488307604,0.6165332311696243,0.9945263826577947
onset,92,0.48789362669512276,-0.5166745983964004,0.7035674583166838,1791.708829071347,0.616580415413666,0.9945733097404407
onset,93,-0.12845972658420474,0.9001396533023487,0.41622914746403694,22975.188319372293,0.6203872358433828,0.9983666875077053
onset,94,-0.6974599152229783,-0.7078957027345553,0.11150489095598469,1486.4381244304618,0.6169570646566394,0.9949479855808923
onset,95,0.07393229680625282,0.6477957487601087,0.7582180975005032,106736.52367392075,0.6180356719920139,0.9960217227427473
onset,96,0.246529130476545,-0.5921812286910068,0.7671667225658894,52816.22318358382,0.6175525309731221,0.9955406200223706
onset,97,-0.2653527142276869,0.9583854969051353,0.10528616420924657,3725.55489952596,0.6201877627556684,0.9981675600828184
onset,98,-0.3759948320219007,-0.8231130199775115,0.42557354550808657,64147.29969835925,0.6188880615843451,0.9968710832345441
onset,99,0.18110944230227172,0.6939947815510941,0.6968289697542787,795.8787140067678,0.6177588196149287,0.9957460099288125
onset,100,-0.7823666086729314,-0.08394804361219114,0.6171346819028258,4797.302370184716,0.6169111418645857,0.9949022958405546
onset,101,0.6939923937240774,0.6700747789880874,0.26339010614901776,10648.186913731308,0.6175507228989163,0.995538820012682
onset,102,0.9699110962057786,-0.1254040368837395,0.2086774855852127,707.7605132513601,0.6188408397230557,0.9968240102379742
onset,103,-0.2860725744772684,0.26163506470638476,0.92179692722857,278181.3631050473,0.6161042411342286,0.9940998322491753
onset,104,-0.003893262205619159,-0.23580704852157106,0.9717920962721109,389.28407752056654,0.616225540534626,0.9942204232764241
onset,105,0.6225361515170315,0.7681289601196779,0.1497552692890168,171867.31120358262,0.6175918816849189,0.9955797960251879
onset,106,0.041861092616878065,-0.9485910053787009,0.31372400838881725,6299.491161752768,0.6209500371037455,0.9989287276813624
onset,107,-0.5081950270399231,0.6563385349103065,0.5576356714591384,15496.051599158318,0.6176855532078135,0.9956730578687659
onset,108,0.6764704296315829,-0.380843592941715,0.6303538018837571,83798.97762045173,0.6177889410773159,0.9957760037065236
onset,109,-0.8007626261976606,0.33092780479919454,0.4992654649540783,1164.211149919016,0.6182930739511323,0.9962781336844293
onset,110,-0.8631705443324833,-0.5034627664282282,0.03823420219123366,29293.249569444146,0.6182686560037111,0.9962538069143502
onset,111,0.5065512540843429,0.18918985947591446,0.8411973752081394,2282.6792021665656,0.6162947224716331,0.9942892077504125
onset,112,-0.37779146473726904,-0.370840466761908,0.8483813749626279,155671.79503369943,0.6169841561084526,0.994974940531423
onset,113,0.9933151878050224,0.1113993894393239,0.030250846408307667,346.1198932863245,0.6170201803574797,0.9950107844020769
onset,114,0.6492838050223765,-0.6173264312905395,0.44422811456024647,21760.358739140807,0.6174658468209149,0.9954543261679449
onset,115,-0.7215818566256716,0.10556537205717065,0.6842335686087608,8567.113916175653,0.6182468247825914,0.9962320577146068
onset,116,0.24770216950211818,-0.8281657370761548,0.5027774330228566,1627.629916585581,0.618209225164487,0.9961946004738867
onset,117,-0.3719902768423995,0.8522669663386949,0.3677828870713711,114614.89366047428,0.6189157768421635,0.9968987121564972
onset,118,-0.25615879945613756,-0.953839044394586,0.15676015708595503,2086.396186071035,0.6173972844749552,0.9953860778237072
onset,119,0.1121101113152473,0.24258866823672204,0.9636296285316348,25842.747242684512,0.6164648771095549,0.9944584050649925
onset,120,0.41247362936664217,-0.160633612922963,0.8966952366754413,2721.0240983631343,0.6165238747072161,0.9945170774526134
onset,121,-0.8558658762653215,0.4627903352650422,0.23090843949466938,37866.242470512436,0.6185151590062422,0.9964994167395737
onset,122,-0.8956376010358428,-0.3272894622667575,0.3011891357600689,901.1902359505608,0.6186368803241539,0.9966207193442841
onset,123,0.7077112656317925,0.4086128813831401,0.5763508286327124,70344.77784351123,0.6181493597413177,0.9961349646476502
onset,124,-0.4227893067334878,-0.5305535718731836,0.7346850410103799,11988.771183117535,0.6172671839992091,0.9952565860450849
onset,125,0.010814884305868357,0.9229171304602707,0.3848467338830232,5284.144715386663,0.6180030092256598,0.9959891904492338
onset,126,0.5948770953387775,-0.7998130006949191,0.0801274320110679,204764.92256536064,0.6174111486771177,0.995399878153185
onset,127,-0.01682981762460371,0.6137247912903859,0.789340634830296,502.8435815578315,0.6167872775414394,0.9947790705728482
onset,128,0.004192946774845538,0.999991205869068,8.591781336058526e-05,54550.4255834816,0.6219422324144918,0.9999203519418578
onset,129,0.0049949714977768475,0.9999875199159888,0.00010135090718695746,71848.05580700038,0.6217170382103192,0.9996952010262584
onset,130,-0.9999854779922897,-0.005389230372419694,7.245269245171838e-07,24163.852532869718,0.6208999188473417,0.9988786643698129
onset,131,-0.004826789617667796,-0.9999883509830202,4.967638738752442e-07,51247.16432640491,0.6213909671573791,0.999369282498627
onset,132,0.004192946774845538,0.999991205869068,8.591781336058526e-05,299.99999999999994,0.6168115504847559,0.9948032170818929
onset,133,0.004192946774845538,0.999991205869068,8.591781336058526e-05,336.6055362905891,0.6169700007275083,0.9949608563817933
onset,134,0.004192946774845538,0.999991205869068,8.591781336058526e-05,377.67762353825043,0.6171645909952161,0.9951544849196989
onset,135,0.004192946774845538,0.999991205869068,8.591781336058526e-05,423.7612633868264,0.617401871273462,0.9953906434695535
onset,136,0.004192946774845538,0.999991205869068,8.591781336058526e-05,475.46795773833435,0.6176885086743694,0.9956760005515376
onset,137,0.004192946774845538,0.999991205869068,8.591781336058526e-05,533.4838230116769,0.6180304729203068,0.9960165443678503
onset,138,0.004192946774845538,0.999991205869068,8.591781336058526e-05,598.5786944906637,0.6184316119571334,0.9964161656316071
onset,139,0.004192946774845538,0.999991205869068,8.591781336058526e-05,671.6163415705025,0.6188913363362121,0.9968743477453302
onset,140,0.004192946774845538,0.999991205869068,8.591781336058526e-05,753.5659294528743,0.6194011034880577,0.997382651089495
onset,141,0.004192946774845538,0.999991205869068,8.591781336058526e-05,845.5148793793369,0.6199394950287122,0.9979197780509687
onset,142,0.004192946774845538,0.999991205869068,8.591781336058526e-05,948.6832980505142,0.6204661000696194,0.9984454260288014
onset,143,0.004192946774845538,0.999991205869068,8.591781336058526e-05,1064.4401677007263,0.6209154723103663,0.9988942005130053
onset,144,0.004192946774845538,0.999991205869068,8.591781336058526e-05,1194.3215116604922,0.6211944874475303,0.9991729460006705
onset,145,0.004192946774845538,0.999991205869068,8.591781336058526e-05,1340.050776452889,0.621189496002131,0.9991679586959131
onset,146,0.004192946774845538,0.999991205869068,8.591781336058526e-05,1503.5617008818185,0.6207924256084988,0.9987712974376817
onset,147,0.004192946774845538,0.999991205869068,8.591781336058526e-05,1687.0239755710484,0.6199536411520582,0.9979338948470872
onset,148,0.004192946774845538,0.999991205869068,8.591781336058526e-05,1892.8720334405803,0.6187576290997592,0.9967410673416782
onset,149,0.004192946774845538,0.999991205869068,8.591781336058526e-05,2123.837353152415,0.6174906364094094,0.9954790033769234
onset,150,0.004192946774845538,0.999991205869068,8.591781336058526e-05,2382.984704172845,0.6166388408654707,0.9946314198329528
onset,151,0.004192946774845538,0.999991205869068,8.591781336058526e-05,2673.752814401238,0.6167548548261401,0.9947468176571238
onset,152,0.004192946774845538,0.999991205869068,8.591781336058526e-05,3000.0000000000027,0.6181386630100091,0.9961243093165749
onset,153,0.004192946774845538,0.999991205869068,8.591781336058526e-05,3366.055362905892,0.6202835074252444,0.9982631338813077
onset,154,0.004192946774845538,0.999991205869068,8.591781336058526e-05,3776.7762353825015,0.6214867559742145,0.9994650154847808
onset,155,0.004192946774845538,0.999991205869068,8.591781336058526e-05,4237.612633868269,0.6201485737437872,0.998128443648919
onset,156,0.004192946774845538,0.999991205869068,8.591781336058526e-05,4754.679577383345,0.6177355972177674,0.9957228865879888
onset,157,0.004192946774845538,0.999991205869068,8.591781336058526e-05,5334.83823011677,0.6180961398649881,0.9960819518787031
onset,158,0.004192946774845538,0.999991205869068,8.591781336058526e-05,5985.786944906638,0.6212550429887893,0.9992334532912344
onset,159,0.004192946774845538,0.999991205869068,8.591781336058526e-05,6716.163415705027,0.6206521229170371,0.9986311769663659
onset,160,0.004192946774845538,0.999991205869068,8.591781336058526e-05,7535.659294528746,0.618265797278358,0.9962509589024051
onset,161,0.004192946774845538,0.999991205869068,8.591781336058526e-05,8455.148793793363,0.6215524969339975,0.9995307234339964
onset,162,0.004192946774845538,0.999991205869068,8.591781336058526e-05,9486.832980505136,0.619820229956466,0.9978007681735455
onset,163,0.004192946774845538,0.999991205869068,8.591781336058526e-05,10644.401677007256,0.6208650954759274,0.9988438806527323
onset,164,0.004192946774845538,0.999991205869068,8.591781336058526e-05,11943.215116604903,0.6201921787916177,0.9981719680363799
onset,165,0.004192946774845538,0.999991205869068,8.591781336058526e-05,13400.507764528918,0.6219675003393051,0.9999456181733413
onset,166,0.004192946774845538,0.999991205869068,8.591781336058526e-05,15035.61700881819,0.6200144524723828,0.997994582370055
onset,167,0.004192946774845538,0.999991205869068,8.591781336058526e-05,16870.23975571049,0.620546657686377,0.9985258616525923
onset,168,0.004192946774845538,0.999991205869068,8.591781336058526e-05,18928.720334405807,0.6215651034533191,0.9995433241167991
onset,169,0.004192946774845538,0.999991205869068,8.591781336058526e-05,21238.373531524136,0.6218332300785975,0.9998113642278534
onset,170,0.004192946774845538,0.999991205869068,8.591781336058526e-05,23829.847041728473,0.6215298068228473,0.9995080442280815
onset,171,0.004192946774845538,0.999991205869068,8.591781336058526e-05,26737.528144012387,0.6208170704244979,0.998795912275845
onset,172,0.004192946774845538,0.999991205869068,8.591781336058526e-05,30000.000000000007,0.6215615019705273,0.9995397242852
onset,173,0.004192946774845538,0.999991205869068,8.591781336058526e-05,33660.55362905896,0.6214254171003433,0.9994037113064411
onset,174,0.004192946774845538,0.999991205869068,8.591781336058526e-05,37767.76235382499,0.622021883644709,1.0
onset,175,0.004192946774845538,0.999991205869068,8.591781336058526e-05,42376.126338682654,0.621946698597546,0.9999248177791619
onset,176,0.004192946774845538,0.999991205869068,8.591781336058526e-05,47546.795773833415,0.6219210057875636,0.9998991272308545
onset,177,0.004192946774845538,0.999991205869068,8.591781336058526e-05,53348.382301167665,0.621309714319809,0.999288084207484
onset,178,0.004192946774845538,0.999991205869068,8.591781336058526e-05,59857.86944906655,0.6217094685869134,0.9996876337387068
onset,179,0.004192946774845538,0.999991205869068,8.591781336058526e-05,67161.63415705011,0.6216448734624422,0.9996230608771417
onset,180,0.004192946774845538,0.999991205869068,8.591781336058526e-05,75356.59294528754,0.6215295011667259,0.9995077387223761
onset,181,0.004192946774845538,0.999991205869068,8.591781336058526e-05,84551.48793793372,0.621446577898753,0.9994248597106637
onset,182,0.004192946774845538,0.999991205869068,8.591781336058526e-05,94868.32980505146,0.6216896072578202,0.999667778810796
onset,183,0.004192946774845538,0.999991205869068,8.591781336058526e-05,106444.01677007286,0.6215388809222446,0.9995171139045728
onset,184,0.004192946774845538,0.999991205869068,8.591781336058526e-05,119432.15116604917,0.621802392973878,0.999780533415484
onset,185,0.004192946774845538,0.999991205869068,8.591781336058526e-05,134005.0776452891,0.6217605586305118,0.9997387091282102
onset,186,0.004192946774845538,0.999991205869068,8.591781336058526e-05,150356.1700881818,0.621717996071389,0.9996961585958317
onset,187,0.004192946774845538,0.999991205869068,8.591781336058526e-05,168702.39755710476,0.6215441275768596,0.9995223580394083
onset,188,0.004192946774845538,0.999991205869068,8.591781336058526e-05,189287.20334405827,0.6216661592419432,0.9996443388596581
onset,189,0.004192946774845538,0.999991205869068,8.591781336058526e-05,212383.7353152412,0.62163274467631,0.9996109367363492
onset,190,0.004192946774845538,0.999991205869068,8.591781336058526e-05,238298.47041728458,0.6215417042155187,0.9995199358385013
onset,191,0.004192946774845538,0.999991205869068,8.591781336058526e-05,267375.2814401237,0.6215560076518184,0.9995342325104795
onset,192,0.004192946774845538,0.999991205869068,8.591781336058526e-05,299999.9999999999,0.6215340136356208,0.9995122489801335
onset,193,0.012919245908567297,0.9999165393690843,8.59145418735161e-05,49095.383025133415,0.6215731539317795,0.9995513709511905
onset,194,0.012919245908567297,0.9999165393690843,8.59145418735161e-05,54550.4255834816,0.6219408494354639,0.9999189690739377
onset,195,0.012919245908567297,0.9999165393690843,8.59145418735161e-05,60005.468141829806,0.6215986911449536,0.9995768970335601
onset,196,-0.010363327528171597,-0.9999277864615291,0.006084677862516607,49095.383025133415,0.6215737466730251,0.9995519634266908
onset,197,-0.010363327528171597,-0.9999277864615291,0.006084677862516607,54550.4255834816,0.6219412597734183,0.9999193793787262
onset,198,-0.010363327528171597,-0.9999277864615291,0.006084677862516607,60005.468141829806,0.6215987465700549,0.9995769524352124
onset,199,-0.004192790264004472,-0.9999538790263504,0.00864062092429136,49095.383025133415,0.6215742725808678,0.9995524890990458
onset,200,-0.004192790264004472,-0.9999538790263504,0.00864062092429136,54550.4255834816,0.6219416616527551,0.9999197812257441
onset,201,-0.004192790264004472,-0.9999538790263504,0.00864062092429136,60005.468141829806,0.6215987154350563,0.9995769213133859
onset,202,0.0019777488417138233,-0.9999795323929529,0.006084677862516607,49095.383025133415,0.6215735177720302,0.9995517346282781
onset,203,0.0019777488417138233,-0.9999795323929529,0.006084677862516607,54550.4255834816,0.6219412479945358,0.9999193676007934
onset,204,0.0019777488417138233,-0.9999795323929529,0.006084677862516607,60005.468141829806,0.6215984826996487,0.9995766886764708
onset,205,-0.004533671668006779,0.9999897191671014,8.59145418735161e-05,49095.383025133415,0.6215728298534484,0.9995510470183029
onset,206,-0.004533671668006779,0.9999897191671014,8.59145418735161e-05,54550.4255834816,0.6219408328364684,0.9999189524762874
onset,207,-0.004533671668006779,0.9999897191671014,8.59145418735161e-05,60005.468141829806,0.6215983185374864,0.9995765245838136
onset,208,-0.0019777532876109607,0.9999784720746566,0.006256506946263689,49095.383025133415,0.6215735175993916,0.9995517344557169
onset,209,-0.0019777532876109607,0.9999784720746566,0.006256506946263689,54550.4255834816,0.6219412317730123,0.9999193513805781
onset,210,-0.0019777532876109607,0.9999784720746566,0.006256506946263689,60005.468141829806,0.6215984520314854,0.9995766580212901
onset,211,0.004192783976556146,0.9999523795098354,0.00881245000803828,49095.383025133415,0.6215742723357264,0.999552488854014
onset,212,0.004192783976556146,0.9999523795098354,0.00881245000803828,54550.4255834816,0.62194163870495,0.9999197582797801
onset,213,0.004192783976556146,0.9999523795098354,0.00881245000803828,60005.468141829806,0.621598672099336,0.9995768779960009
onset,214,0.010363323082274199,0.9999267261432329,0.006256506946263689,49095.383025133415,0.6215737464968325,0.9995519632505772
onset,215,0.010363323082274199,0.9999267261432329,0.006256506946263689,54550.4255834816,0.62194124357147,0.9999193631780843
onset,216,0.010363323082274199,0.9999267261432329,0.006256506946263689,60005.468141829806,0.621598715951727,0.999576921829838
onset,217,0.02164456119169404,0.9997657253532933,8.590472766144267e-05,49095.383025133415,0.621569458756845,0.9995476774408429
onset,218,0.02164456119169404,0.9997657253532933,8.590472766144267e-05,54550.4255834816,0.6219366880806563,0.9999148080649862
onset,219,0.02164456119169404,0.9997657253532933,8.590472766144267e-05,60005.468141829806,0.6215950144571896,0.9995732219081698
onset,220,-0.01653291907398297,-0.9997882186816733,0.012254810166616737,49095.383025133415,0.6215719222953775,0.9995501398680946
onset,221,-0.01653291907398297,-0.9997882186816733,0.012254810166616737,54550.4255834816,0.6219383153176178,0.9999164351646441
onset,222,-0.01653291907398297,-0.9997882186816733,0.012254810166616737,60005.468141829806,0.6215953147001475,0.9995735220230356
onset,223,-0.004192314455951656,-0.9998404018242659,0.017366501645206277,49095.383025133415,0.6215742541455263,0.9995524706719544
onset,224,-0.004192314455951656,-0.9998404018242659,0.017366501645206277,54550.4255834816,0.6219399209533503,0.9999180406674909
onset,225,-0.004192314455951656,-0.9998404018242659,0.017366501645206277,60005.468141829806,0.6215954374638399,0.9995736447343796
onset,226,0.00814829384504154,-0.9998917066038677,0.012254810166616737,49095.383025133415,0.6215714637195426,0.9995496814986597
onset,227,0.00814829384504154,-0.9998917066038677,0.012254810166616737,54550.4255834816,0.6219382878688136,0.9999164077181341
onset,228,0.00814829384504154,-0.9998917066038677,0.012254810166616737,60005.468141829806,0.6215947788290228,0.9995729863805917
onset,229,-0.013259944854208571,0.9999120793764026,8.590472766144267e-05,49095.383025133415,0.621568807316325,0.9995470262951963
onset,230,-0.013259944854208571,0.9999120793764026,8.590472766144267e-05,54550.4255834816,0.6219366497981671,0.9999147697857592
onset,231,-0.013259944854208571,0.9999120793764026,8.590472766144267e-05,60005.468141829806,0.6215942612508628,0.9995724690235784
onset,232,-0.008148302736497614,0.9998895860480227,0.012426619621939586,49095.383025133415,0.6215714633760293,0.9995496811553012
onset,233,-0.008148302736497614,0.9998895860480227,0.012426619621939586,54550.4255834816,0.6219382553395896,0.9999163751916298
onset,234,-0.008148302736497614,0.9998895860480227,0.012426619621939586,60005.468141829806,0.6215947175004197,0.9995729250781786
onset,235,0.004192301881533914,0.99983740290543,0.01753831110052929,49095.383025133415,0.6215742536613428,0.9995524701879877
onset,236,0.004192301881533914,0.99983740290543,0.01753831110052929,54550.4255834816,0.6219398748382398,0.999917994556161
onset,237,0.004192301881533914,0.99983740290543,0.01753831110052929,60005.468141829806,0.6215953508766335,0.9995735581840939
onset,238,0.0165329101825271,0.9997860981258282,0.012426619621939586,49095.383025133415,0.6215719219376595,0.9995501395105375
onset,239,0.0165329101825271,0.9997860981258282,0.012426619621939586,54550.4255834816,0.6219382828670791,0.9999164027168177
onset,240,0.0165329101825271,0.9997860981258282,0.012426619621939586,60005.468141829806,0.6215952535706553,0.9995734609196156
onset,241,0.03908958246552807,0.9992357065126282,8.58654745501595e-05,49095.383025133415,0.6215543855455317,0.9995326111610321
onset,242,0.03908958246552807,0.9992357065126282,8.58654745501595e-05,54550.4255834816,0.6219200633330029,0.9998981848718058
onset,243,0.03908958246552807,0.9992357065126282,8.58654745501595e-05,60005.468141829806,0.6215799777392571,0.9995581917205817
onset,244,-0.028867855285812764,-0.9992806863177022,0.024591805212702152,49095.383025133415,0.6215644033123398,0.9995426242958023
onset,245,-0.028867855285812764,-0.9992806863177022,0.024591805212702152,54550.4255834816,0.6219265118030765,0.999904632706117
onset,246,-0.028867855285812764,-0.9992806863177022,0.024591805212702152,60005.468141829806,0.6215813418408697,0.9995595552204528
onset,247,-0.00419040511746253,-0.9993850367073968,0.034813631099139035,49095.383025133415,0.6215741819099863,0.9995523984687446
onset,248,-0.00419040511746253,-0.9993850367073968,0.034813631099139035,54550.4255834816,0.6219328523560951,0.9999109726745536
onset,249,-0.00419040511746253,-0.9993850367073968,0.034813631099139035,60005.468141829806,0.6215823148997683,0.999560527851246
onset,250,0.02048705241568916,-0.9994876306386675,0.024591805212702156,49095.383025133415,0.6215634799485554,0.9995417013547683
onset,251,0.02048705241568916,-0.9994876306386675,0.024591805212702156,54550.4255834816,0.6219264255072697,0.9999045464185438
onset,252,0.02048705241568916,-0.9994876306386675,0.024591805212702156,60005.468141829806,0.6215802050594456,0.999558418940364
onset,253,-0.030708797375608204,0.9995283699779932,8.58654745501595e-05,49095.383025133415,0.621553056380771,0.9995312826183911
onset,254,-0.030708797375608204,0.9995283699779932,8.58654745501595e-05,54550.4255834816,0.6219199461180613,0.9998980676688055
onset,255,-0.030708797375608204,0.9995283699779932,8.58654745501595e-05,60005.468141829806,0.6215784075497748,0.9995566222260542
onset,256,-0.020487070195892756,0.9994833901729192,0.02476353616180237,49095.383025133415,0.6215634792577728,0.9995417006643021
onset,257,-0.020487070195892756,0.9994833901729192,0.02476353616180237,54550.4255834816,0.6219263598387205,0.9999044807562649
onset,258,-0.020487070195892756,0.9994833901729192,0.02476353616180237,60005.468141829806,0.6215800826687586,0.99955829660373
onset,259,0.004190379972457435,0.9993790397832246,0.03498536204823934,49095.383025133415,0.6215741809705955,0.9995523975297742
onset,260,0.004190379972457435,0.9993790397832246,0.03498536204823934,54550.4255834816,0.6219327583771945,0.9999108787040242
onset,261,0.004190379972457435,0.9993790397832246,0.03498536204823934,60005.468141829806,0.6215821424271054,0.9995603554543949
onset,262,0.028867837505609076,0.9992764458519539,0.02476353616180237,49095.383025133415,0.6215644025651202,0.9995426235489245
onset,263,0.028867837505609076,0.9992764458519539,0.02476353616180237,54550.4255834816,0.6219264464555059,0.9999045673647805
onset,264,0.028867837505609076,0.9992764458519539,0.02476353616180237,60005.468141829806,0.621581220242898,0.9995594336760457
onset,265,0.07393859352126506,0.9972627923682637,8.570852188542813e-05,49095.383025133415,0.6214938798382164,0.9994721355629869
onset,266,0.07393859352126506,0.9972627923682637,8.570852188542813e-05,54550.4255834816,0.6218540195963348,0.9998321500400068
onset,267,0.07393859352126506,0.9972627923682637,8.570852188542813e-05,60005.468141829806,0.6215195977567995,0.9994978402365294
onset,268,-0.05350759276186624,-0.997352697177448,0.04923956691219053,49095.383025133415,0.6215339698192941,0.9995122051851791
onset,269,-0.05350759276186624,-0.997352697177448,0.04923956691219053,54550.4255834816,0.6218792023991627,0.9998573289329385
onset,270,-0.05350759276186624,-0.997352697177448,0.04923956691219053,60005.468141829806,0.6215254801723444,0.9995037197154547
onset,271,-0.004182758096926218,-0.9975612708219611,0.06967076496477322,49095.383025133415,0.6215738789450731,0.9995520956394849
onset,272,-0.004182758096926218,-0.9975612708219611,0.06967076496477322,54550.4255834816,0.6219032186094775,0.9998813420051853
onset,273,-0.004182758096926218,-0.9975612708219611,0.06967076496477322,60005.468141829806,0.6215303203896874,0.9995085575424012
onset,274,0.045142091288644055,-0.9977663336896008,0.04923956691219053,49095.383025133415,0.6215320721998349,0.9995103084931685
onset,275,0.045142091288644055,-0.9977663336896008,0.04923956691219053,54550.4255834816,0.6218787722122726,0.9998568988075162
onset,276,0.045142091288644055,-0.9977663336896008,0.04923956691219053,60005.468141829806,0.6215226922525765,0.9995009331831607
onset,277,-0.0655731275867875,0.9978477627336427,8.570852188542813e-05,49095.383025133415,0.6214910108557318,0.9994692680990495
onset,278,-0.0655731275867875,0.9978477627336427,8.570852188542813e-05,54550.4255834816,0.6218534608202019,0.9998315913578205
onset,279,-0.0655731275867875,0.9978477627336427,8.570852188542813e-05,60005.468141829806,0.6215159520700744,0.9994941963871636
onset,280,-0.0451421268273886,0.9977578579244585,0.04941098395596134,49095.383025133415,0.6215320706184637,0.9995103069125717
onset,281,-0.0451421268273886,0.9977578579244585,0.04941098395596134,54550.4255834816,0.6218786363754901,0.9998567629901813
onset,282,-0.0451421268273886,0.9977578579244585,0.04941098395596134,60005.468141829806,0.621522450551162,0.9995006916024004
onset,283,0.004182707837551446,0.9975492842799453,0.06984218200854421,49095.383025133415,0.621573876672381,0.9995520933678107
onset,284,0.004182707837551446,0.9975492842799453,0.06984218200854421,54550.4255834816,0.621903016924111,0.9998811403437707
onset,285,0.004182707837551446,0.9975492842799453,0.06984218200854421,60005.468141829806,0.6215299819273605,0.9995082192464664
onset,286,0.05350755722312151,0.9973442214123056,0.04941098395596134,49095.383025133415,0.6215339680208125,0.9995122033875748
onset,287,0.05350755722312151,0.9973442214123056,0.04941098395596134,54550.4255834816,0.6218790679451356,0.9998571944981032
onset,288,0.05350755722312151,0.9973442214123056,0.04941098395596134,60005.468141829806,0.621525241576674,0.999503481238223
onset,289,0.0049949714977768475,0.9999875199159888,0.00010135090718695746,299.99999999999994,0.6168116439414687,0.9948033100529359
onset,290,0.0049949714977768475,0.9999875199159888,0.00010135090718695746,336.6055362905891,0.6169701106579935,0.9949609657583289
onset,291,0.0049949714977768475,0.9999875199159888,0.00010135090718695746,377.67762353825043,0.6171647176150702,0.9951546109260225
onset,292,0.0049949714977768475,0.9999875199159888,0.00010135090718695746,423.7612633868264,0.617402012975823,0.9953907845187678
onset,293,0.0049949714977768475,0.9999875199159888,0.00010135090718695746,475.46795773833435,0.6176886609516611,0.9956761521703938
onset,294,0.0049949714977768475,0.9999875199159888,0.00010135090718695746,533.4838230116769,0.6180306270978081,0.9960166979312042
onset,295,0.0049949714977768475,0.9999875199159888,0.00010135090718695746,598.5786944906637,0.6184317540580816,0.9964163072232991
onset,296,0.0049949714977768475,0.9999875199159888,0.00010135090718695746,671.6163415705025,0.6188914467787973,0.9968744578427164
onset,297,0.0049949714977768475,0.9999875199159888,0.00010135090718695746,753.5659294528743,0.6194011587733529,0.9973827062300907
onset,298,0.0049949714977768475,0.9999875199159888,0.00010135090718695746,845.5148793793369,0.6199394728073125,0.9979197558757947
onset,299,0.0049949714977768475,0.9999875199159888,0.00010135090718695746,948.6832980505142,0.6204659883650147,0.9984453144978559
onset,300,0.0049949714977768475,0.9999875199159888,0.00010135090718695746,1064.4401677007263,0.6209152815720937,0.9988940099856691
onset,301,0.0049949714977768475,0.9999875199159888,0.00010135090718695746,1194.3215116604922,0.6211942603689276,0.9991727191098999
onset,302,0.0049949714977768475,0.9999875199159888,0.00010135090718695746,1340.050776452889,0.6211893051525643,0.9991677680051594
onset,303,0.0049949714977768475,0.9999875199159888,0.00010135090718695746,1503.5617008818185,0.6207923449396922,0.9987712168679962
onset,304,0.0049949714977768475,0.9999875199159888,0.00010135090718695746,1687.0239755710484,0.6199536880543006,0.9979339416524258
onset,305,0.0049949714977768475,0.9999875199159888,0.00010135090718695746,1892.8720334405803,0.6187577274975427,0.9967411654187948
onset,306,0.0049949714977768475,0.9999875199159888,0.00010135090718695746,2123.837353152415,0.6174906966176158,0.9954790633129306
onset,307,0.0049949714977768475,0.9999875199159888,0.00010135090718695746,2382.984704172845,0.6166389028682249,0.9946314815028421
onset,308,0.0049949714977768475,0.9999875199159888,0.00010135090718695746,2673.752814401238,0.616755033883866,0.9947469957742426
onset,309,0.0049949714977768475,0.9999875199159888,0.00010135090718695746,3000.0000000000027,0.6181388388462146,0.9961244844713091
onset,310,0.0049949714977768475,0.9999875199159888,0.00010135090718695746,3366.055362905892,0.6202834367288528,0.9982630633077088
onset,311,0.0049949714977768475,0.9999875199159888,0.00010135090718695746,3776.7762353825015,0.6214866919903491,0.9994649515351478
onset,312,0.0049949714977768475,0.9999875199159888,0.00010135090718695746,4237.612633868269,0.6201486339410547,0.9981285037335257
onset,313,0.0049949714977768475,0.9999875199159888,0.00010135090718695746,4754.679577383345,0.6177356983122665,0.9957229872501003
onset,314,0.0049949714977768475,0.9999875199159888,0.00010135090718695746,5334.83823011677,0.6180963341626352,0.9960821454151014
onset,315,0.0049949714977768475,0.9999875199159888,0.00010135090718695746,5985.786944906638,0.6212550083840084,0.9992334187129802
onset,316,0.0049949714977768475,0.9999875199159888,0.00010135090718695746,6716.163415705027,0.6206521204625381,0.9986311745152268
onset,317,0.0049949714977768475,0.9999875199159888,0.00010135090718695746,7535.659294528746,0.6182660006860379,0.9962511615475218
onset,318,0.0049949714977768475,0.9999875199159888,0.00010135090718695746,8455.148793793363,0.621552518110908,0.9995307446009692
onset,319,0.0049949714977768475,0.9999875199159888,0.00010135090718695746,9486.832980505136,0.6198203244286676,0.9978008624379853
onset,320,0.0049949714977768475,0.9999875199159888,0.00010135090718695746,10644.401677007256,0.6208651434413673,0.9988439285627196
onset,321,0.0049949714977768475,0.9999875199159888,0.00010135090718695746,11943.215116604903,0.6201922812520944,0.9981720703095607
onset,322,0.0049949714977768475,0.9999875199159888,0.00010135090718695746,13400.507764528918,0.6219674744730559,0.999945592308499
onset,323,0.0049949714977768475,0.9999875199159888,0.00010135090718695746,15035.61700881819,0.6200145311206684,0.997994660860621
onset,324,0.0049949714977768475,0.9999875199159888,0.00010135090718695746,16870.23975571049,0.6205467010681847,0.9985259049704501
onset,325,0.0049949714977768475,0.9999875199159888,0.00010135090718695746,18928.720334405807,0.621565111552147,0.9995433322119285
onset,326,0.0049949714977768475,0.9999875199159888,0.00010135090718695746,21238.373531524136,0.6218332159488961,0.9998113501008176
onset,327,0.0049949714977768475,0.9999875199159888,0.00010135090718695746,23829.847041728473,0.6215298001981785,0.9995080376066717
onset,328,0.0049949714977768475,0.9999875199159888,0.00010135090718695746,26737.528144012387,0.6208171170718516,0.9987959588670323
onset,329,0.0049949714977768475,0.9999875199159888,0.00010135090718695746,30000.000000000007,0.6215615143722603,0.9995397366812249
onset,330,0.0049949714977768475,0.9999875199159888,0.00010135090718695746,33660.55362905896,0.6214254190256371,0.9994037132305869
onset,331,0.0049949714977768475,0.9999875199159888,0.00010135090718695746,37767.76235382499,0.6220218709012392,0.9999999872565302
onset,332,0.0049949714977768475,0.9999875199159888,0.00010135090718695746,42376.126338682654,0.6219466842065821,0.9999248033892799
onset,333,0.0049949714977768475,0.9999875199159888,0.00010135090718695746,47546.795773833415,0.6219209929614963,0.9998991144060811
onset,334,0.0049949714977768475,0.9999875199159888,0.00010135090718695746,53348.382301167665,0.6213097378853786,0.9992881077562772
onset,335,0.0049949714977768475,0.9999875199159888,0.00010135090718695746,59857.86944906655,0.6217094651447146,0.9996876302975832
onset,336,0.0049949714977768475,0.9999875199159888,0.00010135090718695746,67161.63415705011,0.6216448717800365,0.9996230591953701
onset,337,0.0049949714977768475,0.9999875199159888,0.00010135090718695746,75356.59294528754,0.6215295070538533,0.9995077446066055
onset,338,0.0049949714977768475,0.9999875199159888,0.00010135090718695746,84551.48793793372,0.6214465904306589,0.9994248722353621
onset,339,0.0049949714977768475,0.9999875199159888,0.00010135090718695746,94868.32980505146,0.621689603429451,0.9996677749836987
onset,340,0.0049949714977768475,0.9999875199159888,0.00010135090718695746,106444.01677007286,0.6215388810380643,0.9995171140203365
onset,341,0.0049949714977768475,0.9999875199159888,0.00010135090718695746,119432.15116604917,0.6218023825387335,0.9997805229826298
onset,342,0.0049949714977768475,0.9999875199159888,0.00010135090718695746,134005.0776452891,0.6217605490309113,0.9997386995311179
onset,343,0.0049949714977768475,0.9999875199159888,0.00010135090718695746,150356.1700881818,0.6217179901493068,0.999696152675549
onset,344,0.0049949714977768475,0.9999875199159888,0.00010135090718695746,168702.39755710476,0.6215441270002818,0.9995223574631059
onset,345,0.0049949714977768475,0.9999875199159888,0.00010135090718695746,189287.20334405827,0.6216661522476484,0.9996443318678508
onset,346,0.0049949714977768475,0.9999875199159888,0.00010135090718695746,212383.7353152412,0.621632736933924,0.9996109289969755
onset,347,0.0049949714977768475,0.9999875199159888,0.00010135090718695746,238298.47041728458,0.6215417012067349,0.9995199328311619
onset,348,0.0049949714977768475,0.9999875199159888,0.00010135090718695746,267375.2814401237,0.6215560031117568,0.9995342279725324
onset,349,0.0049949714977768475,0.9999875199159888,0.00010135090718695746,299999.9999999999,0.6215340096806697,0.9995122450271114
onset,350,0.013721207939864425,0.9999058546590509,0.00010134704805507434,64663.250226300304,0.6217075545531379,0.9996857203046421
onset,351,0.013721207939864425,0.9999058546590509,0.00010134704805507434,71848.05580700038,0.6217155021546249,0.9996936654399317
onset,352,0.013721207939864425,0.9999058546590509,0.00010134704805507434,79032.86138770047,0.6217213888225805,0.9996995503219186
onset,353,-0.011165299877743758,-0.9999192469092456,0.006069245347418231,64663.250226300304,0.6217077265202736,0.9996858922177468
onset,354,-0.011165299877743758,-0.9999192469092456,0.006069245347418231,71848.05580700038,0.6217157023350562,0.9996938655590608
onset,355,-0.011165299877743758,-0.9999192469092456,0.006069245347418231,79032.86138770047,0.6217215700526877,0.9996997314975917
onset,356,-0.00499478572233181,-0.9999503278866194,0.008625188405499475,64663.250226300304,0.6217079441151179,0.9996861097442665
onset,357,-0.00499478572233181,-0.9999503278866194,0.008625188405499475,71848.05580700038,0.6217159748295471,0.9996941379701689
onset,358,-0.00499478572233181,-0.9999503278866194,0.008625188405499475,79032.86138770047,0.6217217979047691,0.9996999592812822
onset,359,0.0011757310209466261,-0.9999808907761584,0.006069245347418231,64663.250226300304,0.6217079198877794,0.9996860855245331
onset,360,0.0011757310209466261,-0.9999808907761584,0.006069245347418231,71848.05580700038,0.6217159860214292,0.9996941491586279
onset,361,0.0011757310209466261,-0.9999808907761584,0.006069245347418231,79032.86138770047,0.6217217667917423,0.9996999281775911
onset,362,-0.003731645330729103,0.999993032251676,0.00010134704805507434,64663.250226300304,0.6217078286505561,0.9996859943159546
onset,363,-0.003731645330729103,0.999993032251676,0.00010134704805507434,71848.05580700038,0.6217159036836947,0.9996940668460798
onset,364,-0.003731645330729103,0.999993032251676,0.00010134704805507434,79032.86138770047,0.6217216678056413,0.9996998292211979
onset,365,-0.0011757372686085797,0.9999796400014812,0.006271939443528227,64663.250226300304,0.6217078837552896,0.9996860494033865
onset,366,-0.0011757372686085797,0.9999796400014812,0.006271939443528227,71848.05580700038,0.6217159502353737,0.9996941133835182
onset,367,-0.0011757372686085797,0.9999796400014812,0.006271939443528227,79032.86138770047,0.6217217310438934,0.9996998924404698
onset,368,0.004994776886803612,0.9999485590241075,0.008827882501609291,64663.250226300304,0.6217078930479447,0.9996860586931241
onset,369,0.004994776886803612,0.9999485590241075,0.008827882501609291,71848.05580700038,0.621715924250323,0.9996940874064163
onset,370,0.004994776886803612,0.9999485590241075,0.008827882501609291,79032.86138770047,0.6217217473771467,0.9996999087688214
onset,371,0.011165293630082068,0.9999179961345684,0.006271939443528228,64663.250226300304,0.6217076904464222,0.9996858561552271
onset,372,0.011165293630082068,0.9999179961345684,0.006271939443528228,71848.05580700038,0.6217156666077364,0.999693829842679
onset,373,0.011165293630082068,0.9999179961345684,0.006271939443528228,79032.86138770047,0.6217215343635731,0.999699695819194
onset,374,0.02244639945884345,0.9997480426999877,0.000101335470952968,64663.250226300304,0.621703444015247,0.9996816110670554
onset,375,0.02244639945884345,0.9997480426999877,0.000101335470952968,71848.05580700038,0.6217113024921231,0.9996894670727475
onset,376,0.02244639945884345,0.9997480426999877,0.000101335470952968,79032.86138770047,0.6217172582077913,0.9996954209566997
onset,377,-0.01733477797689696,-0.9997748261805056,0.012239379405491998,64663.250226300304,0.6217040150853551,0.9996821819555041
onset,378,-0.01733477797689696,-0.9997748261805056,0.012239379405491998,71848.05580700038,0.6217119483078387,0.9996901126881246
onset,379,-0.01733477797689696,-0.9997748261805056,0.012239379405491998,79032.86138770047,0.6217178653905626,0.9996960279547201
onset,380,-0.004994219574615817,-0.9998369857683164,0.01735107087669493,64663.250226300304,0.6217046714910324,0.9996828381527791
onset,381,-0.004994219574615817,-0.9998369857683164,0.01735107087669493,71848.05580700038,0.621712733082095,0.999690897219497
onset,382,-0.004994219574615817,-0.9998369857683164,0.01735107087669493,79032.86138770047,0.6217185590080582,0.9996967213616158
onset,383,0.007346344003200995,-0.9998981092199121,0.012239379405491996,64663.250226300304,0.621704394024481,0.9996825607742681
onset,384,0.007346344003200995,-0.9998981092199121,0.012239379405491996,71848.05580700038,0.6217125065933162,0.9996906708007522
onset,385,0.007346344003200995,-0.9998981092199121,0.012239379405491996,79032.86138770047,0.6217182515529726,0.999696413999822
onset,386,-0.012457977979995353,0.9999223912463269,0.000101335470952968,64663.250226300304,0.6217039851561,0.9996821520357615
onset,387,-0.012457977979995353,0.9999223912463269,0.000101335470952968,71848.05580700038,0.6217120948878171,0.9996902592226904
onset,388,-0.012457977979995353,0.9999223912463269,0.000101335470952968,79032.86138770047,0.6217178105051158,0.9996959730859585
onset,389,-0.00734635649804888,0.999895607765809,0.01244205034739787,64663.250226300304,0.6217043217243771,0.9996824884971176
onset,390,-0.00734635649804888,0.999895607765809,0.01244205034739787,71848.05580700038,0.6217124349768831,0.9996905992064747
onset,391,-0.00734635649804888,0.999895607765809,0.01244205034739787,79032.86138770047,0.6217181800025717,0.9996963424711455
onset,392,0.004994201904232379,0.9998334481779981,0.01755374181860081,64663.250226300304,0.621704569333462,0.9996827360276145
onset,393,0.004994201904232379,0.9998334481779981,0.01755374181860081,71848.05580700038,0.6217126318755788,0.9996907960442692
onset,394,0.004994201904232379,0.9998334481779981,0.01755374181860081,79032.86138770047,0.6217184578757126,0.9996966202599467
onset,395,0.01733476548204887,0.9997723247264025,0.01244205034739787,64663.250226300304,0.6217039430197469,0.9996821099128022
onset,396,0.01733476548204887,0.9997723247264025,0.01244205034739787,71848.05580700038,0.6217118769264657,0.9996900413288743
onset,397,0.01733476548204887,0.9997723247264025,0.01244205034739787,79032.86138770047,0.621717794075151,0.999695956660989
onset,398,0.03989099002919191,0.9992040325454035,0.0001012891669527939,64663.250226300304,0.6216873172385741,0.999665489554964
onset,399,0.03989099002919191,0.9992040325454035,0.0001012891669527939,71848.05580700038,0.6216949565410373,0.9996731263311707
onset,400,0.03989099002919191,0.9992040325454035,0.0001012891669527939,79032.86138770047,0.6217010520507276,0.9996792198669708
onset,401,-0.02966930411471943,-0.9992575913479317,0.02457638148463868,64663.250226300304,0.6216893650783825,0.9996675367118447
onset,402,-0.02966930411471943,-0.9992575913479317,0.02457638148463868,71848.05580700038,0.621697220078804,0.9996753891316074
onset,403,-0.02966930411471943,-0.9992575913479317,0.02457638148463868,79032.86138770047,0.6217032405745208,0.9996814076911231
onset,404,-0.004991946363792168,-0.9993818915891406,0.03479820735630428,64663.250226300304,0.621691523479863,0.9996696943980646
onset,405,-0.004991946363792168,-0.9993818915891406,0.03479820735630428,71848.05580700038,0.621699701322541,0.999677869572983
onset,406,-0.004991946363792168,-0.9993818915891406,0.03479820735630428,79032.86138770047,0.6217055296544575,0.9996836960443957
onset,407,0.019685421736629703,-0.9995041198735364,0.02457638148463868,64663.250226300304,0.6216900604487179,0.9996682318512368
onset,408,0.019685421736629703,-0.9995041198735364,0.02457638148463868,71848.05580700038,0.6216982637578603,0.9996764324724186
onset,409,0.019685421736629703,-0.9995041198735364,0.02457638148463868,79032.86138770047,0.6217039541683407,0.999682121057852
onset,410,-0.02990713263699187,0.9995526765298256,0.0001012891669527939,64663.250226300304,0.6216883431696373,0.9996665151433687
onset,411,-0.02990713263699187,0.9995526765298256,0.0001012891669527939,71848.05580700038,0.6216964562991248,0.999674625600151
onset,412,-0.02990713263699187,0.9995526765298256,0.0001012891669527939,79032.86138770047,0.6217021112995643,0.9996802787765824
onset,413,-0.019685446722519265,0.9994991177272974,0.024778959818544197,64663.250226300304,0.6216899158098754,0.9996680872603914
onset,414,-0.019685446722519265,0.9994991177272974,0.024778959818544197,71848.05580700038,0.621698120414352,0.9996762891753018
onset,415,-0.019685446722519265,0.9994991177272974,0.024778959818544197,79032.86138770047,0.6217038108760831,0.9996819778111543
onset,416,0.004991911028407962,0.9993748174860884,0.0350007856902098,64663.250226300304,0.6216913190207703,0.9996694900065268
onset,417,0.004991911028407962,0.9993748174860884,0.0350007856902098,71848.05580700038,0.6216994985759617,0.9996776668917351
onset,418,0.004991911028407962,0.9993748174860884,0.0350007856902098,79032.86138770047,0.621705326834633,0.9996834932887445
onset,419,0.029669279128829582,0.9992525892016927,0.0247789598185442,64663.250226300304,0.621689221376476,0.9996673930577242
onset,420,0.029669279128829582,0.9992525892016927,0.0247789598185442,71848.05580700038,0.6216970776773022,0.9996752467763408
onset,421,0.029669279128829582,0.9992525892016927,0.0247789598185442,79032.86138770047,0.6217030982228268,0.9996812653847914
onset,422,0.07473840753399222,0.9972031689767437,0.00010110402147101907,64663.250226300304,0.6216238689449344,0.9996020644975684
onset,423,0.07473840753399222,0.9972031689767437,0.00010110402147101907,71848.05580700038,0.6216309667536402,0.9996091595069836
onset,424,0.07473840753399222,0.9972031689767437,0.00010110402147101907,79032.86138770047,0.621637262803345,0.9996154531157496
onset,425,-0.05430748925480396,-0.9973102213286491,0.04922417134132661,64663.250226300304,0.6216315387100113,0.9996097312399745
onset,426,-0.05430748925480396,-0.9973102213286491,0.04922417134132661,71848.05580700038,0.621639261899731,0.9996174514453868
onset,427,-0.05430748925480396,-0.9973102213286491,0.04922417134132661,79032.86138770047,0.6216454474071439,0.9996236346056657
onset,428,-0.0049828393121134976,-0.9975586703703702,0.06965536936438489,64663.250226300304,0.6216388004350075,0.9996169901573024
onset,429,-0.0049828393121134976,-0.9975586703703702,0.06965536936438489,71848.05580700038,0.6216473364278097,0.999625522917153
onset,430,-0.0049828393121134976,-0.9975586703703702,0.06965536936438489,79032.86138770047,0.6216530484918874,0.9996312328585014
onset,431,0.04434183131695671,-0.997802978022825,0.04922417134132661,64663.250226300304,0.6216324317033288,0.9996106238851832
onset,432,0.04434183131695671,-0.997802978022825,0.04922417134132661,71848.05580700038,0.6216407668526432,0.9996189558237135
onset,433,0.04434183131695671,-0.997802978022825,0.04922417134132661,79032.86138770047,0.6216464052070997,0.9996245920455973
onset,434,-0.06477279953748291,0.9979000321765974,0.00010110402147101905,64663.250226300304,0.6216254726036281,0.9996036675193948
onset,435,-0.06477279953748291,0.9979000321765974,0.00010110402147101905,71848.05580700038,0.6216332944366456,0.9996114862829443
onset,436,-0.06477279953748291,0.9979000321765974,0.00010110402147101905,79032.86138770047,0.6216390187253604,0.9996172083640718
onset,437,-0.044341881258294684,0.9977929798246917,0.04942637938426846,64663.250226300304,0.621632143297294,0.9996103355914884
onset,438,-0.044341881258294684,0.9977929798246917,0.04942637938426846,71848.05580700038,0.6216404805167678,0.9996186695969856
onset,439,-0.044341881258294684,0.9977929798246917,0.04942637938426846,79032.86138770047,0.6216461183919972,0.9996243053382087
onset,440,0.004982768684395907,0.9975445307829707,0.06985757740732686,64663.250226300304,0.6216383916925046,0.9996165815714354
onset,441,0.004982768684395907,0.9975445307829707,0.06985757740732686,71848.05580700038,0.6216469298892757,0.9996251165309411
onset,442,0.004982768684395907,0.9975445307829707,0.06985757740732686,79032.86138770047,0.621652640380912,0.9996308248981072
onset,443,0.054307439313466016,0.9973002231305158,0.04942637938426846,64663.250226300304,0.6216312540284161,0.9996094466695222
onset,444,0.054307439313466016,0.9973002231305158,0.04942637938426846,71848.05580700038,0.6216389793509417,0.9996171690047261
onset,445,0.054307439313466016,0.9973002231305158,0.04942637938426846,79032.86138770047,0.6216451643528335,0.9996233516579273
onset,446,-0.9999854779922897,-0.005389230372419694,7.245269245171838e-07,299.99999999999994,0.6168116562900651,0.9948033223373605
onset,447,-0.9999854779922897,-0.005389230372419694,7.245269245171838e-07,336.6055362905891,0.6169701297143468,0.9949609847186569
onset,448,-0.9999854779922897,-0.005389230372419694,7.245269245171838e-07,377.67762353825043,0.6171647463225236,0.9951546394943777
onset,449,-0.9999854779922897,-0.005389230372419694,7.245269245171838e-07,423.7612633868264,0.6174020551961212,0.9953908265444645
onset,450,-0.9999854779922897,-0.005389230372419694,7.245269245171838e-07,475.46795773833435,0.6176887215682092,0.9956762125248471
onset,451,-0.9999854779922897,-0.005389230372419694,7.245269245171838e-07,533.4838230116769,0.618030712123816,0.9960167826185313
onset,452,-0.9999854779922897,-0.005389230372419694,7.245269245171838e-07,598.5786944906637,0.6184318709258974,0.9964164236723032
onset,453,-0.9999854779922897,-0.005389230372419694,7.245269245171838e-07,671.6163415705025,0.6188916051917565,0.9968746157605617
onset,454,-0.9999854779922897,-0.005389230372419694,7.245269245171838e-07,753.5659294528743,0.6194013725580138,0.9973829194552372
onset,455,-0.9999854779922897,-0.005389230372419694,7.245269245171838e-07,845.5148793793369,0.6199397625084213,0.9979200449742963
onset,456,-0.9999854779922897,-0.005389230372419694,7.245269245171838e-07,948.6832980505142,0.6204663820882316,0.9984457076090345
onset,457,-0.9999854779922897,-0.005389230372419694,7.245269245171838e-07,1064.4401677007263,0.6209158083666212,0.9988945361977057
onset,458,-0.9999854779922897,-0.005389230372419694,7.245269245171838e-07,1194.3215116604922,0.6211949310054509,0.9991733891918431
onset,459,-0.9999854779922897,-0.005389230372419694,7.245269245171838e-07,1340.050776452889,0.6211900868462248,0.9991685490485747
onset,460,-0.9999854779922897,-0.005389230372419694,7.245269245171838e-07,1503.5617008818185,0.6207931535488831,0.9987720244839083
onset,461,-0.9999854779922897,-0.005389230372419694,7.245269245171838e-07,1687.0239755710484,0.6199544138312888,0.9979346659301791
onset,462,-0.9999854779922897,-0.005389230372419694,7.245269245171838e-07,1892.8720334405803,0.6187582809613946,0.9967417170791523
onset,463,-0.9999854779922897,-0.005389230372419694,7.245269245171838e-07,2123.837353152415,0.6174910683262359,0.9954794333411483
onset,464,-0.9999854779922897,-0.005389230372419694,7.245269245171838e-07,2382.984704172845,0.616639194120367,0.994631771191434
onset,465,-0.9999854779922897,-0.005389230372419694,7.245269245171838e-07,2673.752814401238,0.6167553644835065,0.9947473246372963
onset,466,-0.9999854779922897,-0.005389230372419694,7.245269245171838e-07,3000.0000000000027,0.6181392395906375,0.9961248836627208
onset,467,-0.9999854779922897,-0.005389230372419694,7.245269245171838e-07,3366.055362905892,0.6202839441179346,0.9982635698156165
onset,468,-0.9999854779922897,-0.005389230372419694,7.245269245171838e-07,3776.7762353825015,0.6214874037101119,0.9994656628743591
onset,469,-0.9999854779922897,-0.005389230372419694,7.245269245171838e-07,4237.612633868269,0.620149229365195,0.9981290980435089
onset,470,-0.9999854779922897,-0.005389230372419694,7.245269245171838e-07,4754.679577383345,0.6177360336460597,0.9957233211497226
onset,471,-0.9999854779922897,-0.005389230372419694,7.245269245171838e-07,5334.83823011677,0.6180966751944484,0.9960824851108596
onset,472,-0.9999854779922897,-0.005389230372419694,7.245269245171838e-07,5985.786944906638,0.621255560808735,0.9992339707143809
onset,473,-0.9999854779922897,-0.005389230372419694,7.245269245171838e-07,6716.163415705027,0.6206525785745309,0.998631632000249
onset,474,-0.9999854779922897,-0.005389230372419694,7.245269245171838e-07,7535.659294528746,0.6182662141859195,0.9962513742470497
onset,475,-0.9999854779922897,-0.005389230372419694,7.245269245171838e-07,8455.148793793363,0.6215529097548075,0.9995311360611644
onset,476,-0.9999854779922897,-0.005389230372419694,7.245269245171838e-07,9486.832980505136,0.6198204488215266,0.997800986557295
onset,477,-0.9999854779922897,-0.005389230372419694,7.245269245171838e-07,10644.401677007256,0.6208651876079904,0.9988439726782838
onset,478,-0.9999854779922897,-0.005389230372419694,7.245269245171838e-07,11943.215116604903,0.6201920833244134,0.9981718727436972
onset,479,-0.9999854779922897,-0.005389230372419694,7.245269245171838e-07,13400.507764528918,0.6219671466325575,0.9999452644858914
onset,480,-0.9999854779922897,-0.005389230372419694,7.245269245171838e-07,15035.61700881819,0.6200136975551427,0.9979938289670236
onset,481,-0.9999854779922897,-0.005389230372419694,7.245269245171838e-07,16870.23975571049,0.6205454924309682,0.9985246981156092
onset,482,-0.9999854779922897,-0.005389230372419694,7.245269245171838e-07,18928.720334405807,0.6215634665611374,0.9995416879734856
onset,483,-0.9999854779922897,-0.005389230372419694,7.245269245171838e-07,21238.373531524136,0.6218309109137601,0.9998090455031823
onset,484,-0.9999854779922897,-0.005389230372419694,7.245269245171838e-07,23829.847041728473,0.6215266013713089,0.9995048403586184
onset,485,-0.9999854779922897,-0.005389230372419694,7.245269245171838e-07,26737.528144012387,0.6208127775064075,0.9987916245360081
onset,486,-0.9999854779922897,-0.005389230372419694,7.245269245171838e-07,30000.000000000007,0.6215558865672538,0.9995341114823194
onset,487,-0.9999854779922897,-0.005389230372419694,7.245269245171838e-07,33660.55362905896,0.6214180419243409,0.9993963405553531
onset,488,-0.9999854779922897,-0.005389230372419694,7.245269245171838e-07,37767.76235382499,0.6220124129355371,0.9999905293356751
onset,489,-0.9999854779922897,-0.005389230372419694,7.245269245171838e-07,42376.126338682654,0.6219344949941363,0.9999126151677042
onset,490,-0.9999854779922897,-0.005389230372419694,7.245269245171838e-07,47546.795773833415,0.6219053772695806,0.9998835004114758
onset,491,-0.9999854779922897,-0.005389230372419694,7.245269245171838e-07,53348.382301167665,0.6212897396491528,0.9992681239564618
onset,492,-0.9999854779922897,-0.005389230372419694,7.245269245171838e-07,59857.86944906655,0.6216841126319018,0.9996622860253992
onset,493,-0.9999854779922897,-0.005389230372419694,7.245269245171838e-07,67161.63415705011,0.6216127262604034,0.999590926309162
onset,494,-0.9999854779922897,-0.005389230372419694,7.245269245171838e-07,75356.59294528754,0.6214888171926468,0.9994670756026163
onset,495,-0.9999854779922897,-0.005389230372419694,7.245269245171838e-07,84551.48793793372,0.6213952264192728,0.9993735390831947
onset,496,-0.9999854779922897,-0.005389230372419694,7.245269245171838e-07,94868.32980505146,0.6216249350291938,0.999603130158163
onset,497,-0.9999854779922897,-0.005389230372419694,7.245269245171838e-07,106444.01677007286,0.621457484612564,0.9994357602110284
onset,498,-0.9999854779922897,-0.005389230372419694,7.245269245171838e-07,119432.15116604917,0.6217002488171722,0.9996784168913994
onset,499,-0.9999854779922897,-0.005389230372419694,7.245269245171838e-07,134005.0776452891,0.6216324982308016,0.999610690386754
onset,500,-0.9999854779922897,-0.005389230372419694,7.245269245171838e-07,150356.1700881818,0.621557780827219,0.9995360048615639
onset,501,-0.9999854779922897,-0.005389230372419694,7.245269245171838e-07,168702.39755710476,0.6213440803458259,0.9993224263578826
onset,502,-0.9999854779922897,-0.005389230372419694,7.245269245171838e-07,189287.20334405827,0.6214172108616567,0.9993955099946928
onset,503,-0.9999854779922897,-0.005389230372419694,7.245269245171838e-07,212383.7353152412,0.6213238199416289,0.999302179886703
onset,504,-0.9999854779922897,-0.005389230372419694,7.245269245171838e-07,238298.47041728458,0.6211597911464842,0.999138278996751
onset,505,-0.9999854779922897,-0.005389230372419694,7.245269245171838e-07,267375.2814401237,0.6210861308861813,0.999064684921554
onset,506,-0.9999854779922897,-0.005389230372419694,7.245269245171838e-07,299999.9999999999,0.620959031362193,0.998937712344915
onset,507,-0.9999944309195684,0.0033373836045198727,7.244993368072896e-07,21747.467279582736,0.6207869650451294,0.998765843598611
onset,508,-0.9999944309195684,0.0033373836045198727,7.244993368072896e-07,24163.852532869718,0.6208985024285658,0.9988772495403198
onset,509,-0.9999944309195684,0.0033373836045198727,7.244993368072896e-07,26580.23778615671,0.620989484089751,0.9989681331861129
onset,510,0.9999806608242343,-0.0007814776266415573,0.006169867927826917,21747.467279582736,0.6207871138064517,0.9987659921763496
onset,511,0.9999806608242343,-0.0007814776266415573,0.006169867927826917,24163.852532869718,0.6208986706307622,0.9988774175536812
onset,512,0.9999806608242343,-0.0007814776266415573,0.006169867927826917,26580.23778615671,0.6209896436848271,0.9989682926165209
onset,513,0.9999474079319326,0.005389025201114639,0.008725810999034916,21747.467279582736,0.6207873769706735,0.9987662550158594
onset,514,0.9999474079319326,0.005389025201114639,0.008725810999034916,24163.852532869718,0.6208989836440078,0.9988777302155925
onset,515,0.9999474079319326,0.005389025201114639,0.008725810999034916,26580.23778615671,0.6209899261758648,0.9989685748161503
onset,516,0.9999141513359857,0.011559528008910752,0.006169867927826918,21747.467279582736,0.6207875039283651,0.9987663818169256
onset,517,0.9999141513359857,0.011559528008910752,0.006169867927826918,24163.852532869718,0.6208991641940343,0.9988779105630096
onset,518,0.9999141513359857,0.011559528008910752,0.006169867927826918,26580.23778615671,0.6209900618945399,0.9989687103948509
onset,519,-0.9999003722992607,-0.0141154339386009,7.244993368072895e-07,21747.467279582736,0.6207875163987985,0.9987663942719752
onset,520,-0.9999003722992607,-0.0141154339386009,7.244993368072895e-07,24163.852532869718,0.6208991998488219,0.9988779461777899
onset,521,-0.9999003722992607,-0.0141154339386009,7.244993368072895e-07,26580.23778615671,0.6209900746440264,0.9989687231311891
onset,522,-0.9999141423945949,-0.011559527960722992,0.006171316926500476,21747.467279582736,0.6207875037135273,0.9987663816023528
onset,523,-0.9999141423945949,-0.011559527960722992,0.006171316926500476,24163.852532869718,0.620899163974626,0.9988779103438473
onset,524,-0.9999141423945949,-0.011559527960722992,0.006171316926500476,26580.23778615671,0.6209900616718119,0.9989687101723527
onset,525,-0.9999473952868964,-0.0053890251329666355,0.008727259997708297,21747.467279582736,0.6207873766666043,0.9987662547121653
onset,526,-0.9999473952868964,-0.0053890251329666355,0.008727259997708297,24163.852532869718,0.6208989833334552,0.9988777299053885
onset,527,-0.9999473952868964,-0.0053890251329666355,0.008727259997708297,26580.23778615671,0.6209899258606135,0.9989685745012242
onset,528,-0.9999806518828435,0.0007814776748294329,0.006171316926500476,21747.467279582736,0.6207871135912343,0.9987659919613978
onset,529,-0.9999806518828435,0.0007814776748294329,0.006171316926500476,24163.852532869718,0.6208986704109404,0.9988774173341062
onset,530,-0.9999806518828435,0.0007814776748294329,0.006171316926500476,26580.23778615671,0.6209896434616762,0.9989682923936002
onset,531,-0.9999272303992967,0.012063743426776505,7.244165754539635e-07,21747.467279582736,0.6207835302537181,0.9987624130521612
onset,532,-0.9999272303992967,0.012063743426776505,7.244165754539635e-07,24163.852532869718,0.6208949479607916,0.9988736990696359
onset,533,-0.9999272303992967,0.012063743426776505,7.244165754539635e-07,26580.23778615671,0.6209858992949034,0.9989645520967149
onset,534,0.9998996912572746,-0.006952126113155927,0.012339990523248119,21747.467279582736,0.6207839649865399,0.9987628472470576
onset,535,0.9998996912572746,-0.006952126113155927,0.012339990523248119,24163.852532869718,0.6208954172376436,0.9988741678180509
onset,536,0.9998996912572746,-0.006952126113155927,0.012339990523248119,26580.23778615671,0.620986364589892,0.9989650169100228
onset,537,0.9998331880050079,0.00538840963467606,0.017451682020703303,21747.467279582736,0.6207846322814641,0.9987635137166584
onset,538,0.9998331880050079,0.00538840963467606,0.017451682020703303,24163.852532869718,0.6208961805465943,0.9988749302679348
onset,539,0.9998331880050079,0.00538840963467606,0.017451682020703303,26580.23778615671,0.6209870807837247,0.9989657323628632
onset,540,0.9997666773457324,0.01772894534258939,0.012339990523248119,21747.467279582736,0.6207847533505895,0.9987636346360909
onset,541,0.9997666773457324,0.01772894534258939,0.012339990523248119,24163.852532869718,0.6208964123801096,0.9988751618406482
onset,542,0.9997666773457324,0.01772894534258939,0.012339990523248119,26580.23778615671,0.620987208028455,0.9989658594759965
onset,543,-0.9997391203216095,-0.022840562559838008,7.244165754539635e-07,21747.467279582736,0.6207846422741738,0.9987635236970124
onset,544,-0.9997391203216095,-0.022840562559838008,7.244165754539635e-07,24163.852532869718,0.6208963506392822,0.9988751001692711
onset,545,-0.9997391203216095,-0.022840562559838008,7.244165754539635e-07,26580.23778615671,0.6209870850357169,0.9989657366104577
onset,546,-0.9997666594636316,-0.017728945246217032,0.01234143935639918,21747.467279582736,0.6207847529217948,0.9987636342078263
onset,547,-0.9997666594636316,-0.017728945246217032,0.01234143935639918,24163.852532869718,0.6208964119422427,0.9988751614032737
onset,548,-0.9997666594636316,-0.017728945246217032,0.01234143935639918,26580.23778615671,0.6209872075839837,0.998965859031985
onset,549,-0.9998331627158983,-0.005388409498385243,0.017453130853854512,21747.467279582736,0.6207846316741905,0.9987635131101358
onset,550,-0.9998331627158983,-0.005388409498385243,0.017453130853854512,24163.852532869718,0.6208961799264251,0.9988749296484634
onset,551,-0.9998331627158983,-0.005388409498385243,0.017453130853854512,26580.23778615671,0.6209870801542241,0.9989657317340137
onset,552,-0.9998996733751737,0.006952126209528137,0.01234143935639918,21747.467279582736,0.6207839645562304,0.9987628468172804
onset,553,-0.9998996733751737,0.006952126209528137,0.01234143935639918,24163.852532869718,0.6208954167981301,0.9988741673790322
onset,554,-0.9998996733751737,0.006952126209528137,0.01234143935639918,26580.23778615671,0.6209863641437315,0.9989650164643242
onset,555,-0.9995643952854115,0.029513042492861005,7.24085562237127e-07,21747.467279582736,0.6207703385407445,0.9987492377519819
onset,556,-0.9995643952854115,0.029513042492861005,7.24085562237127e-07,24163.852532869718,0.6208814272774742,0.9988601937059778
onset,557,-0.9995643952854115,0.029513042492861005,7.24085562237127e-07,26580.23778615671,0.6209721589084347,0.9989508260320015
onset,558,0.9995093253900567,-0.019291364913770724,0.024676946692767217,21747.467279582736,0.6207717667536639,0.998750664179565
onset,559,0.9995093253900567,-0.019291364913770724,0.024676946692767217,24163.852532869718,0.6208829058497138,0.9988616705940233
onset,560,0.9995093253900567,-0.019291364913770724,0.024676946692767217,26580.23778615671,0.6209736786627076,0.9989523441929413
onset,561,0.999376339143058,0.005385947535159005,0.034898772616929474,21747.467279582736,0.6207736924640417,0.9987525874859358
onset,562,0.999376339143058,0.005385947535159005,0.034898772616929474,24163.852532869718,0.620885010241112,0.9988637725921425
onset,563,0.999376339143058,0.005385947535159005,0.034898772616929474,26580.23778615671,0.6209757442389526,0.9989544076073045
onset,564,0.9992433380842982,0.030063259904263583,0.024676946692767217,21747.467279582736,0.6207734082741907,0.9987523036506272
onset,565,0.9992433380842982,0.030063259904263583,0.024676946692767217,24163.852532869718,0.6208849600730718,0.998863722481106
onset,566,0.9992433380842982,0.030063259904263583,0.024676946692767217,26580.23778615671,0.620975421477502,0.9989540851833828
onset,567,-0.9991882324301888,-0.04028493729063865,7.24085562237127e-07,21747.467279582736,0.6207726369246986,0.9987515332638421
onset,568,-0.9991882324301888,-0.04028493729063865,7.24085562237127e-07,24163.852532869718,0.6208842952080449,0.998863058371771
onset,569,-0.9991882324301888,-0.04028493729063865,7.24085562237127e-07,26580.23778615671,0.620974567391627,0.9989532319911733
onset,570,-0.9992433023255437,-0.030063259711548804,0.024678394863891714,21747.467279582736,0.6207734074221332,0.9987523027996327
onset,571,-0.9992433023255437,-0.030063259711548804,0.024678394863891714,24163.852532869718,0.6208849592032762,0.9988637216122987
onset,572,-0.9992433023255437,-0.030063259711548804,0.024678394863891714,26580.23778615671,0.6209754205947485,0.9989540843015526
onset,573,-0.9993762885725422,-0.005385947262618889,0.03490022078805415,21747.467279582736,0.6207736912564541,0.9987525862798545
onset,574,-0.9993762885725422,-0.005385947262618889,0.03490022078805415,24163.852532869718,0.6208850090082888,0.9988637713607201
onset,575,-0.9993762885725422,-0.005385947262618889,0.03490022078805415,26580.23778615671,0.6209757429879866,0.9989544063576465
onset,576,-0.9995092896313021,0.019291365106485672,0.024678394863891714,21747.467279582736,0.6207717658955684,0.9987506633225416
onset,577,-0.9995092896313021,0.019291365106485672,0.024678394863891714,24163.852532869718,0.6208829049733575,0.9988616697186646
onset,578,-0.9995092896313021,0.019291365106485672,0.024678394863891714,26580.23778615671,0.6209736777732383,0.9989523433044039
onset,579,-0.9979254973339697,0.06437935826199966,7.227620134110342e-07,21747.467279582736,0.6207188084397949,0.9986977734289294
onset,580,-0.9979254973339697,0.06437935826199966,7.227620134110342e-07,24163.852532869718,0.6208289008694794,0.9988077285458287
onset,581,-0.9979254973339697,0.06437935826199966,7.227620134110342e-07,26580.23778615671,0.6209186073929045,0.9988973321336797
onset,582,0.9978154246374447,-0.04394845664342068,0.049324552854106064,21747.467279582736,0.6207240383991414,0.9987029965913423
onset,583,0.9978154246374447,-0.04394845664342068,0.049324552854106064,24163.852532869718,0.6208341568648831,0.9988129782884554
onset,584,0.9978154246374447,-0.04394845664342068,0.049324552854106064,26580.23778615671,0.6209241178940657,0.9989028365737544
onset,585,0.9975496141667043,0.005376102750468341,0.06975575098209366,21747.467279582736,0.6207305619056674,0.9987095116581087
onset,586,0.9975496141667043,0.005376102750468341,0.06975575098209366,24163.852532869718,0.6208410092694273,0.9988198225824966
onset,587,0.9975496141667043,0.005376102750468341,0.06975575098209366,26580.23778615671,0.6209311267147788,0.9989098377291807
onset,588,0.9972837740904876,0.054700661984804326,0.049324552854106064,21747.467279582736,0.6207278343319838,0.9987067876080421
onset,589,0.9972837740904876,0.054700661984804326,0.049324552854106064,24163.852532869718,0.620838770714662,0.9988175866721256
onset,590,0.9972837740904876,0.054700661984804326,0.049324552854106064,26580.23778615671,0.6209280440706,0.9989067584503305
onset,591,-0.99717362992002,-0.07513156321818834,7.227620134110341e-07,21747.467279582736,0.6207239947948163,0.9987029530435733
onset,592,-0.99717362992002,-0.07513156321818834,7.227620134110341e-07,24163.852532869718,0.6208351331692102,0.9988139534343641
onset,593,-0.99717362992002,-0.07513156321818834,7.227620134110341e-07,26580.23778615671,0.6209237185650273,0.9989024376829249
onset,594,-0.9972837026165451,-0.05470066159960924,0.049325998378132736,21747.467279582736,0.6207278326657635,0.9987067859439767
onset,595,-0.9972837026165451,-0.05470066159960924,0.049325998378132736,24163.852532869718,0.6208387690156506,0.9988175849751232
onset,596,-0.9972837026165451,-0.05470066159960924,0.049325998378132736,26580.23778615671,0.6209280423474473,0.9989067567290615
onset,597,-0.9975495130872855,-0.0053761022057201594,0.06975719650612044,21747.467279582736,0.6207305595462905,0.9987095093017766
onset,598,-0.9975495130872855,-0.0053761022057201594,0.06975719650612044,24163.852532869718,0.6208410068642002,0.9988198201801081
onset,599,-0.9975495130872855,-0.0053761022057201594,0.06975719650612044,26580.23778615671,0.6209311242776224,0.9989098352946812
onset,600,-0.9978153531635021,0.04394845702861568,0.04932599837813274,21747.467279582736,0.6207240367091756,0.9987029949035685
onset,601,-0.9978153531635021,0.04394845702861568,0.04932599837813274,24163.852532869718,0.6208341551401367,0.9988129765657563
onset,602,-0.9978153531635021,0.04394845702861568,0.04932599837813274,26580.23778615671,0.6209241161447037,0.9989028348263118
onset,603,-0.004826789617667796,-0.9999883509830202,4.967638738752442e-07,299.99999999999994,0.6168116243926195,0.9948032906056761
onset,604,-0.004826789617667796,-0.9999883509830202,4.967638738752442e-07,336.6055362905891,0.6169700876795713,0.9949609428956961
onset,605,-0.004826789617667796,-0.9999883509830202,4.967638738752442e-07,377.67762353825043,0.617164691174453,0.9951545846135209
onset,606,-0.004826789617667796,-0.9999883509830202,4.967638738752442e-07,423.7612633868264,0.6174019834283627,0.9953907551074985
onset,607,-0.004826789617667796,-0.9999883509830202,4.967638738752442e-07,475.46795773833435,0.6176886292687893,0.9956761206245145
onset,608,-0.004826789617667796,-0.9999883509830202,4.967638738752442e-07,533.4838230116769,0.6180305951346081,0.9960166660953237
onset,609,-0.004826789617667796,-0.9999883509830202,4.967638738752442e-07,598.5786944906637,0.6184317247924082,0.9964162780625052
onset,610,-0.004826789617667796,-0.9999883509830202,4.967638738752442e-07,671.6163415705025,0.6188914243734723,0.9968744355074205
onset,611,-0.004826789617667796,-0.9999883509830202,4.967638738752442e-07,753.5659294528743,0.6194011482158335,0.9973826957002035
onset,612,-0.004826789617667796,-0.9999883509830202,4.967638738752442e-07,845.5148793793369,0.6199394788328999,0.9979197618888475
onset,613,-0.004826789617667796,-0.9999883509830202,4.967638738752442e-07,948.6832980505142,0.6204660134988664,0.9984453395926328
onset,614,-0.004826789617667796,-0.9999883509830202,4.967638738752442e-07,1064.4401677007263,0.6209153235713313,0.9988940519384568
onset,615,-0.004826789617667796,-0.9999883509830202,4.967638738752442e-07,1194.3215116604922,0.6211943101383048,0.9991727688381051
onset,616,-0.004826789617667796,-0.9999883509830202,4.967638738752442e-07,1340.050776452889,0.621189347242367,0.9991678100599344
onset,617,-0.004826789617667796,-0.9999883509830202,4.967638738752442e-07,1503.5617008818185,0.6207923635791114,0.9987712354845119
onset,618,-0.004826789617667796,-0.9999883509830202,4.967638738752442e-07,1687.0239755710484,0.6199536794274558,0.9979339330434045
onset,619,-0.004826789617667796,-0.9999883509830202,4.967638738752442e-07,1892.8720334405803,0.6187577075887015,0.9967411455748335
onset,620,-0.004826789617667796,-0.9999883509830202,4.967638738752442e-07,2123.837353152415,0.6174906843778756,0.9954790511285255
onset,621,-0.004826789617667796,-0.9999883509830202,4.967638738752442e-07,2382.984704172845,0.6166388899577147,0.9946314686616423
onset,622,-0.004826789617667796,-0.9999883509830202,4.967638738752442e-07,2673.752814401238,0.6167549962174488,0.994746958305688
onset,623,-0.004826789617667796,-0.9999883509830202,4.967638738752442e-07,3000.0000000000027,0.618138802321497,0.9961244480881443
onset,624,-0.004826789617667796,-0.9999883509830202,4.967638738752442e-07,3366.055362905892,0.6202834531050504,0.9982630796554621
onset,625,-0.004826789617667796,-0.9999883509830202,4.967638738752442e-07,3776.7762353825015,0.6214867073625205,0.9994649668990945
onset,626,-0.004826789617667796,-0.9999883509830202,4.967638738752442e-07,4237.612633868269,0.6201486226304501,0.998128492444089
onset,627,-0.004826789617667796,-0.9999883509830202,4.967638738752442e-07,4754.679577383345,0.6177356775320084,0.99572296655872
onset,628,-0.004826789617667796,-0.9999883509830202,4.967638738752442e-07,5334.83823011677,0.6180962937246806,0.9960821051355776
onset,629,-0.004826789617667796,-0.9999883509830202,4.967638738752442e-07,5985.786944906638,0.621255017443564,0.9992334277655911
onset,630,-0.004826789617667796,-0.9999883509830202,4.967638738752442e-07,6716.163415705027,0.6206521226055957,0.9986311766553508
onset,631,-0.004826789617667796,-0.9999883509830202,4.967638738752442e-07,7535.659294528746,0.6182659584040969,0.99625111942409
onset,632,-0.004826789617667796,-0.9999883509830202,4.967638738752442e-07,8455.148793793363,0.6215525154586036,0.9995307419499095
onset,633,-0.004826789617667796,-0.9999883509830202,4.967638738752442e-07,9486.832980505136,0.6198203057845899,0.9978008438349086
onset,634,-0.004826789617667796,-0.9999883509830202,4.967638738752442e-07,10644.401677007256,0.6208651348645216,0.9988439199957894
onset,635,-0.004826789617667796,-0.9999883509830202,4.967638738752442e-07,11943.215116604903,0.6201922610466565,0.9981720501410571
onset,636,-0.004826789617667796,-0.9999883509830202,4.967638738752442e-07,13400.507764528918,0.621967481919965,0.999945599755003
onset,637,-0.004826789617667796,-0.9999883509830202,4.967638738752442e-07,15035.61700881819,0.6200145157942845,0.9979946455649717
onset,638,-0.004826789617667796,-0.9999883509830202,4.967638738752442e-07,16870.23975571049,0.6205466934870462,0.998525897400487
onset,639,-0.004826789617667796,-0.9999883509830202,4.967638738752442e-07,18928.720334405807,0.6215651117861329,0.9995433324458076
onset,640,-0.004826789617667796,-0.9999883509830202,4.967638738752442e-07,21238.373531524136,0.6218332209663153,0.9998113551172902
onset,641,-0.004826789617667796,-0.9999883509830202,4.967638738752442e-07,23829.847041728473,0.6215298035373242,0.9995080409441748
onset,642,-0.004826789617667796,-0.9999883509830202,4.967638738752442e-07,26737.528144012387,0.6208171088627331,0.998795950667798
onset,643,-0.004826789617667796,-0.9999883509830202,4.967638738752442e-07,30000.000000000007,0.6215615135422189,0.9995397358515655
onset,644,-0.004826789617667796,-0.9999883509830202,4.967638738752442e-07,33660.55362905896,0.6214254205186891,0.9994037147227486
onset,645,-0.004826789617667796,-0.9999883509830202,4.967638738752442e-07,37767.76235382499,0.622021875620614,0.999999991975905
onset,646,-0.004826789617667796,-0.9999883509830202,4.967638738752442e-07,42376.126338682654,0.6219466892223753,0.999924808404696
onset,647,-0.004826789617667796,-0.9999883509830202,4.967638738752442e-07,47546.795773833415,0.6219209976996191,0.9998991191437259
onset,648,-0.004826789617667796,-0.9999883509830202,4.967638738752442e-07,53348.382301167665,0.6213097346879226,0.9992881045610975
onset,649,-0.004826789617667796,-0.9999883509830202,4.967638738752442e-07,59857.86944906655,0.621709467863315,0.9996876330153345
onset,650,-0.004826789617667796,-0.9999883509830202,4.967638738752442e-07,67161.63415705011,0.6216448741107109,0.999623061525166
onset,651,-0.004826789617667796,-0.9999883509830202,4.967638738752442e-07,75356.59294528754,0.6215295076109615,0.9995077451634394
onset,652,-0.004826789617667796,-0.9999883509830202,4.967638738752442e-07,84551.48793793372,0.6214465896229291,0.9994248714280969
onset,653,-0.004826789617667796,-0.9999883509830202,4.967638738752442e-07,94868.32980505146,0.6216896060979704,0.9996677776513316
onset,654,-0.004826789617667796,-0.9999883509830202,4.967638738752442e-07,106444.01677007286,0.6215388828422964,0.9995171158236974
onset,655,-0.004826789617667796,-0.9999883509830202,4.967638738752442e-07,119432.15116604917,0.6218023867209088,0.9997805271638872
onset,656,-0.004826789617667796,-0.9999883509830202,4.967638738752442e-07,134005.0776452891,0.6217605530272796,0.9997387035264421
onset,657,-0.004826789617667796,-0.9999883509830202,4.967638738752442e-07,150356.1700881818,0.6217179933706185,0.9996961558958819
onset,658,-0.004826789617667796,-0.9999883509830202,4.967638738752442e-07,168702.39755710476,0.621544128975658,0.9995223594375385
onset,659,-0.004826789617667796,-0.9999883509830202,4.967638738752442e-07,189287.20334405827,0.6216661557330151,0.9996443353519779
onset,660,-0.004826789617667796,-0.9999883509830202,4.967638738752442e-07,212383.7353152412,0.6216327404500981,0.9996109325117815
onset,661,-0.004826789617667796,-0.9999883509830202,4.967638738752442e-07,238298.47041728458,0.6215417037370787,0.999519935360291
onset,662,-0.004826789617667796,-0.9999883509830202,4.967638738752442e-07,267375.2814401237,0.6215560059534926,0.9995342308129446
onset,663,-0.004826789617667796,-0.9999883509830202,4.967638738752442e-07,299999.9999999999,0.6215340125145338,0.9995122478595933
onset,664,-0.013553039671124015,-0.9999081533398086,4.967449585614845e-07,46122.4478937644,0.6212604244759227,0.9992388306676756
onset,665,-0.013553039671124015,-0.9999081533398086,4.967449585614845e-07,51247.16432640491,0.6213898547107436,0.9993681707542494
onset,666,-0.013553039671124015,-0.9999081533398086,4.967449585614845e-07,56371.88075904545,0.6216438230329205,0.9996220108441195
onset,667,0.010997126388935111,0.9999204934045798,0.006170095682205972,46122.4478937644,0.6212607325438275,0.9992391385011361
onset,668,0.010997126388935111,0.9999204934045798,0.006170095682205972,51247.16432640491,0.6213903647887665,0.9993686805101202
onset,669,0.010997126388935111,0.9999204934045798,0.006170095682205972,56371.88075904545,0.6216445107142355,0.9996226982657347
onset,670,0.004826605849233431,0.9999502788257274,0.008726038753414253,46122.4478937644,0.6212610110886391,0.9992394168340524
onset,671,0.004826605849233431,0.9999502788257274,0.008726038753414253,51247.16432640491,0.6213908274220907,0.9993691428514819
onset,672,0.004826605849233431,0.9999502788257274,0.008726038753414253,56371.88075904545,0.6216452431834418,0.9996234304588473
onset,673,-0.001343914702725176,0.9999800617075044,0.006170095682205972,46122.4478937644,0.6212606310539142,0.9992390370884476
onset,674,-0.001343914702725176,0.9999800617075044,0.006170095682205972,51247.16432640491,0.6213902018372877,0.999368517661529
onset,675,-0.001343914702725176,0.9999800617075044,0.006170095682205972,56371.88075904545,0.621644661656349,0.9996228491509089
onset,676,0.0038998280145054864,-0.9999923956416922,4.967449585614845e-07,46122.4478937644,0.6212602808856446,0.9992386871867044
onset,677,0.0038998280145054864,-0.9999923956416922,4.967449585614845e-07,51247.16432640491,0.6213896240708432,0.9993679402601007
onset,678,0.0038998280145054864,-0.9999923956416922,4.967449585614845e-07,56371.88075904545,0.6216440354300553,0.9996222231609929
onset,679,0.0013439147323165389,-0.999980055576921,0.006171089172123136,46122.4478937644,0.621260630966099,0.9992390370006993
onset,680,0.0013439147323165389,-0.999980055576921,0.006171089172123136,51247.16432640491,0.6213902018147721,0.9993685176390277
onset,681,0.0013439147323165389,-0.999980055576921,0.006171089172123136,56371.88075904545,0.6216446616569453,0.999622849151505
onset,682,-0.0048266058073849994,-0.9999502701557733,0.00872703224333139,46122.4478937644,0.6212610109646276,0.9992394167101353
onset,683,-0.0048266058073849994,-0.9999502701557733,0.00872703224333139,51247.16432640491,0.6213908273903361,0.9993691428197473
onset,684,-0.0048266058073849994,-0.9999502701557733,0.00872703224333139,56371.88075904545,0.6216452431842483,0.9996234304596534
onset,685,-0.010997126359343688,-0.9999204872739964,0.006171089172123136,46122.4478937644,0.6212607324561468,0.9992391384135221
onset,686,-0.010997126359343688,-0.9999204872739964,0.006171089172123136,51247.16432640491,0.6213903647662795,0.9993686804876474
onset,687,-0.010997126359343688,-0.9999204872739964,0.006171089172123136,56371.88075904545,0.6216445107147968,0.9996226982662958
onset,688,-0.02227825760813678,-0.9997518088194184,4.966882143965622e-07,46122.4478937644,0.6212568914960791,0.9992353003832642
onset,689,-0.02227825760813678,-0.9997518088194184,4.966882143965622e-07,51247.16432640491,0.621386290027383,0.9993646083295096
onset,690,-0.02227825760813678,-0.9997518088194184,4.966882143965622e-07,56371.88075904545,0.6216397929382997,0.9996179822809484
onset,691,0.017166625686450776,0.9997764880092169,0.012340218251611182,46122.4478937644,0.621258165115035,0.9992365730290945
onset,692,0.017166625686450776,0.9997764880092169,0.012340218251611182,51247.16432640491,0.621388396939925,0.999366713905555
onset,693,0.017166625686450776,0.9997764880092169,0.012340218251611182,56371.88075904545,0.6216424768393198,0.9996206651602711
onset,694,0.0048260545160767835,0.9998360565832373,0.017451909749066956,46122.4478937644,0.6212593810955243,0.9992377880820102
onset,695,0.0048260545160767835,0.9998360565832373,0.017451909749066956,51247.16432640491,0.6213904117235569,0.9993687274152808
onset,696,0.0048260545160767835,0.9998360565832373,0.017451909749066956,56371.88075904545,0.6216452531705771,0.9996234404422217
onset,697,-0.007514516678810358,0.9998956200787092,0.012340218251611182,46122.4478937644,0.6212579568571047,0.9992363649301758
onset,698,-0.007514516678810358,0.9998956200787092,0.012340218251611182,51247.16432640491,0.6213880692658218,0.9993663864390169
onset,699,-0.007514516678810358,0.9998956200787092,0.012340218251611182,56371.88075904545,0.6216427754750818,0.9996209636827947
onset,700,0.012626148659676886,-0.999920287007808,4.96688214396562e-07,46122.4478937644,0.6212565964710488,0.9992350055838829
onset,701,0.012626148659676886,-0.999920287007808,4.96688214396562e-07,51247.16432640491,0.6213858250865367,0.9993641436841908
onset,702,0.012626148659676886,-0.999920287007808,4.96688214396562e-07,56371.88075904545,0.6216402067410116,0.9996183959256659
onset,703,0.007514516737990881,-0.9998956078180093,0.012341211628039772,46122.4478937644,0.621257956681822,0.9992363647550269
onset,704,0.007514516737990881,-0.9998956078180093,0.012341211628039772,51247.16432640491,0.6213880692210562,0.9993663863942797
onset,705,0.007514516737990881,-0.9998956078180093,0.012341211628039772,56371.88075904545,0.6216427754762086,0.9996209636839211
onset,706,-0.004826054432383006,-0.9998360392439891,0.017452903125495713,46122.4478937644,0.6212593808486641,0.9992377878353382
onset,707,-0.004826054432383006,-0.9998360392439891,0.017452903125495713,51247.16432640491,0.6213904116608521,0.9993687273526156
onset,708,-0.004826054432383006,-0.9998360392439891,0.017452903125495713,56371.88075904545,0.6216452531719904,0.9996234404436345
onset,709,-0.01716662562727026,-0.999776475748517,0.01234121162803977,46122.4478937644,0.6212581649402893,0.9992365728544823
onset,710,-0.01716662562727026,-0.999776475748517,0.01234121162803977,51247.16432640491,0.6213883968952619,0.9993667138609202
onset,711,-0.01716662562727026,-0.999776475748517,0.01234121162803977,56371.88075904545,0.6216424768403082,0.999620665161259
onset,712,-0.039722939425523775,-0.9992107325700369,4.964612588311099e-07,46122.4478937644,0.6212426581756405,0.9992210780482561
onset,713,-0.039722939425523775,-0.9992107325700369,4.964612588311099e-07,51247.16432640491,0.6213718317866338,0.9993501593798595
onset,714,-0.039722939425523775,-0.9992107325700369,4.964612588311099e-07,56371.88075904545,0.621623936338688,0.9996021318645059
onset,715,0.029501232634752714,0.9992600834321137,0.024677174317074297,46122.4478937644,0.621247838724156,0.9992262545749372
onset,716,0.029501232634752714,0.9992600834321137,0.024677174317074297,51247.16432640491,0.6213803869997119,0.9993587090699848
onset,717,0.029501232634752714,0.9992600834321137,0.024677174317074297,56371.88075904545,0.6216345018451561,0.9996126932230887
onset,718,0.004823849351529234,0.9993792024349896,0.03489900024123787,46122.4478937644,0.6212529375749054,0.9992313494934633
onset,719,0.004823849351529234,0.9993792024349896,0.03489900024123787,51247.16432640491,0.6213888013318043,0.9993671180414203
onset,720,0.004823849351529234,0.9993792024349896,0.03489900024123787,56371.88075904545,0.6216452791321044,0.9996234663939734
onset,721,-0.019853533980713517,0.9994983112823159,0.024677174317074297,46122.4478937644,0.621247380280037,0.9992257964856422
onset,722,-0.019853533980713517,0.9994983112823159,0.024677174317074297,51247.16432640491,0.6213797176049242,0.9993580401046978
onset,723,-0.019853533980713517,0.9994983112823159,0.024677174317074297,56371.88075904545,0.621635073177027,0.999613264333842
onset,724,0.030075240889827364,-0.9995476376267278,4.964612588311099e-07,46122.4478937644,0.6212420055126016,0.9992204258938036
onset,725,0.030075240889827364,-0.9995476376267278,4.964612588311099e-07,51247.16432640491,0.6213708726086812,0.9993492008256795
onset,726,0.030075240889827364,-0.9995476376267278,4.964612588311099e-07,56371.88075904545,0.6216246762634284,0.9996028714951275
onset,727,0.01985353409905641,-0.9994982867646509,0.02467816723959172,46122.4478937644,0.6212473799327768,0.9992257961386509
onset,728,0.01985353409905641,-0.9994982867646509,0.02467816723959172,51247.16432640491,0.621379717517568,0.9993580400173977
onset,729,0.01985353409905641,-0.9994982867646509,0.02467816723959172,56371.88075904545,0.6216350731786021,0.9996132643354164
onset,730,-0.004823849184167073,-0.9993791677617752,0.034899993163755465,46122.4478937644,0.6212529370904742,0.9992313490094045
onset,731,-0.004823849184167073,-0.9993791677617752,0.034899993163755465,51247.16432640491,0.6213888012127203,0.9993671179224116
onset,732,-0.004823849184167073,-0.9993791677617752,0.034899993163755465,56371.88075904545,0.621645279133176,0.9996234663950445
onset,733,-0.029501232516409827,-0.9992600589144488,0.02467816723959172,46122.4478937644,0.6212478383790024,0.9992262542300507
onset,734,-0.029501232516409827,-0.9992600589144488,0.02467816723959172,51247.16432640491,0.621380386912743,0.9993587089830717
onset,735,-0.029501232516409827,-0.9992600589144488,0.02467816723959172,56371.88075904545,0.6216345018461781,0.9996126932241102
onset,736,-0.07457069295053952,-0.997215729796031,4.955537820707067e-07,46122.4478937644,0.6211859454467642,0.999164411101053
onset,737,-0.07457069295053952,-0.997215729796031,4.955537820707067e-07,51247.16432640491,0.6213139580487468,0.9992923249242425
onset,738,-0.07457069295053952,-0.997215729796031,4.955537820707067e-07,56371.88075904545,0.6215615223950177,0.9995397447002897
onset,739,0.0541397329441889,0.9973143713937613,0.04932478006234428,46122.4478937644,0.621206929353268,0.9991853776936173
onset,740,0.0541397329441889,0.9973143713937613,0.04932478006234428,51247.16432640491,0.6213483662331138,0.9993267093503445
onset,741,0.0541397329441889,0.9973143713937613,0.04932478006234428,56371.88075904545,0.6216029816951483,0.9995811857776108
onset,742,0.004815031968012964,0.9975524642713568,0.06975597819033466,46122.4478937644,0.6212283773174027,0.9992068084155837
onset,743,0.004815031968012964,0.9975524642713568,0.06975597819033466,51247.16432640491,0.6213831569645006,0.9993614772622542
onset,744,0.004815031968012964,0.9975524642713568,0.06975597819033466,56371.88075904545,0.6216451054074399,0.999623292734737
onset,745,-0.04450966910614157,0.9977905368502265,0.04932478006234428,46122.4478937644,0.6212056863823654,0.9991841357360383
onset,746,-0.04450966910614157,0.9977905368502265,0.04932478006234428,51247.16432640491,0.6213469188601398,0.9993252629529199
onset,747,-0.04450966910614157,0.9977905368502265,0.04932478006234428,56371.88075904545,0.6216039181165524,0.9995821218072666
onset,748,0.064940629349034,-0.9978891294424976,4.955537820707067e-07,46122.4478937644,0.621184143761284,0.9991626109226628
onset,749,0.064940629349034,-0.9978891294424976,4.955537820707067e-07,51247.16432640491,0.6213118050980746,0.9992901734994758
onset,750,0.064940629349034,-0.9978891294424976,4.955537820707067e-07,56371.88075904545,0.6215623087878505,0.9995405307314901
onset,751,0.044509669342683376,-0.9977904878447674,0.049325771169908425,46122.4478937644,0.6212056857161776,0.999184135070394
onset,752,0.044509669342683376,-0.9977904878447674,0.049325771169908425,51247.16432640491,0.6213469187025261,0.9993252627954126
onset,753,0.044509669342683376,-0.9977904878447674,0.049325771169908425,56371.88075904545,0.6216039181129199,0.9995821218036357
onset,754,-0.004815031633492447,-0.9975523949671719,0.06975696929789885,46122.4478937644,0.6212283764218488,0.9992068075207402
onset,755,-0.004815031633492447,-0.9975523949671719,0.06975696929789885,51247.16432640491,0.6213831567732853,0.9993614770711609
onset,756,-0.004815031633492447,-0.9975523949671719,0.06975696929789885,56371.88075904545,0.6216451053908902,0.9996232927181936
onset,757,-0.054139732707647076,-0.9973143223883022,0.04932577116990842,46122.4478937644,0.6212069286948447,0.9991853770357303
onset,758,-0.054139732707647076,-0.9973143223883022,0.04932577116990842,51247.16432640491,0.6213483660766991,0.999326709194035
onset,759,-0.054139732707647076,-0.9973143223883022,0.04932577116990842,56371.88075904545,0.6216029816893259,0.9995811857717909
terminal,0,0.61255950989805,-0.09676248733563458,0.7844793610274792,269251.85432552535,0.8414411733013434,3.631222307681412e-06
terminal,1,-0.747194787822762,0.6588921771737238,0.08695428632199775,589.1296568720138,1.2782960198333853,5.620519863385147e-06
terminal,2,-0.9128691526887166,-0.15892330574117908,0.3760495884343982,10159.761750210779,0.8182542705559461,3.547994139718045e-06
terminal,3,0.5143624988458624,0.4239530339773352,0.7454495588317513,4050.887529901386,0.8539921776857803,3.6770850041862275e-06
terminal,4,-0.35505027997204847,-0.7428596437847252,0.5675375303253531,769.2765055126105,0.8498595106635699,3.661920193391529e-06
terminal,5,0.21328734590663512,0.925852852087725,0.31193750072270643,53491.051374212686,1.222528430636658,5.3156567673883275e-06
terminal,6,0.4444407939324417,-0.8668226771221693,0.22603280097246162,3549.7987529707425,1.5844096159372876,7.63343360714584e-06
terminal,7,-0.08741206930673873,0.4195627708882016,0.9035077262669802,44678.50506938529,0.8698798147530477,3.7359717431035498e-06
terminal,8,-0.2514946295857649,-0.1580670686323934,0.9548639971762896,2459.665894663744,0.7276858723454631,3.240779912335986e-06
terminal,9,0.9297777417194109,0.3278089603081614,0.16749518364667898,33742.352927636624,0.7168129353014859,3.2057339877041616e-06
terminal,10,0.7781724425038008,-0.512596994365067,0.3628938840702175,1238.7189402024185,1.1750537520221405,5.069194322358255e-06
terminal,11,-0.8191936848925606,0.26304220147957924,0.5096376230940222,97755.78504022158,1.0172106082019952,4.329009445533255e-06
terminal,12,0.04645752113605545,-0.7323623463573136,0.6793284127488732,16667.639283180866,1.1957025096808354,5.174955043444859e-06
terminal,13,-0.5233068847077887,0.7229687533445657,0.45107215177267795,7266.217201974457,1.3657954605730003,6.134469496272941e-06
terminal,14,-0.09675746003925993,-0.9950763772257406,0.021470850333571403,182539.18542801615,2.493680415696071,1.8950087669411488e-05
terminal,15,0.2934467115254661,0.4193241202866535,0.8591020368039608,454.7424329232785,0.7843944974027205,3.4298709603417664e-06
terminal,16,-0.13309443860272543,-0.534896941420783,0.834368702955544,25015.857631769795,0.7789167621010407,3.4111343989141767e-06
terminal,17,0.44888451519083256,0.8925500735503393,0.04309359844774006,1736.5048769561224,1.0260422465945465,4.367411016344733e-06
terminal,18,0.18140492205784756,-0.8534992510248823,0.48849900998175133,109369.22557690614,1.5625872134777254,7.4686581836488575e-06
terminal,19,-0.35600320688698794,0.6817259974966324,0.6391489505767822,1374.2420983790312,1.3125259351296883,5.816240421393261e-06
terminal,20,0.6250583190483777,-0.5569724950090046,0.5468854885548354,8279.890872178074,1.2120738218354088,5.260373143230852e-06
terminal,21,-0.9337749022179983,0.15503331555146263,0.3225354291498662,18147.425784575404,0.9730208564828847,4.14187671804332e-06
terminal,22,-0.7533814795052524,-0.6418600017687403,0.1429408425465225,329.7569797950379,1.239860270734991,5.408589905283356e-06
terminal,23,0.21081386976684227,0.041006687932747844,0.9766657380387187,131700.45305968824,0.7028444551602796,3.1612660539243528e-06
terminal,24,0.2399968334821022,-0.33520753978716594,0.9110638974234462,541.8881532585631,0.9939969237179382,4.22967461061032e-06
terminal,25,-0.05413660081230583,0.9745700985068381,0.21744505409151318,235839.82831040103,2.2528309915699416,1.4894010224098825e-05
terminal,26,-0.5411925553644132,-0.8008133720649941,0.2565317936241628,5622.9090138760985,1.609102851064048,7.824274318218446e-06
terminal,27,0.060370988804057835,0.7806661370396714,0.6220255028456451,13984.030882446732,1.1548594642789445,4.96785226293636e-06
terminal,28,-0.686733173030976,-0.22872600739200438,0.6899869292974473,75655.21276871905,0.816445947234341,3.5415840167045223e-06
terminal,29,0.7737082679987801,0.4648246291782125,0.43048063851892954,1039.5962678364858,1.186991996054719,5.1300742780533185e-06
terminal,30,0.949069899144531,-0.300538412177127,0.09456737991422424,40213.21664763988,1.0425510999830416,4.44011040514609e-06
terminal,31,-0.5293597246798095,0.3430483208860191,0.7759485365822912,3178.899050324522,1.0541324446831895,4.491831777672827e-06
terminal,32,-0.6546643806802958,-0.062367364614998894,0.7533424589782953,1138.0849442445601,0.874956433486567,3.754986070651692e-06
terminal,33,0.8146058579376491,0.5678188916142535,0.11831738054752342,90491.25239288731,0.8097996403222417,3.5181236112623617e-06
terminal,34,0.9112022884457721,-0.06101405893014513,0.40741584915667767,2100.040580277369,0.928872704034422,3.962998145324183e-06
terminal,35,-0.5654950649781592,0.4122720413733304,0.7143158232793212,30172.54811177883,1.1022318479280409,4.71316657055428e-06
terminal,36,0.4382719853196924,-0.6704549286556034,0.5986717427149415,158894.83463425632,1.2679652933194567,5.5627547015973855e-06
terminal,37,-0.29032025753486135,0.9148735758429697,0.2805717168375849,398.885837893231,1.7792406913697474,9.275428747267392e-06
terminal,38,-0.5235767832920188,-0.8294400952575885,0.1946701835840941,15018.603215795096,1.6258282341006076,7.956238805189061e-06
terminal,39,0.11885648087292983,0.335129324839588,0.9346451051533222,6859.017231516276,0.6962585763699731,3.1405147466716456e-06
terminal,40,0.14704822407264895,-0.07572232052369551,0.9862266220152378,11593.764449393171,0.7256977450924822,3.234343230063244e-06
terminal,41,-0.9694191324550532,0.20404188952061886,0.13635781221091756,4649.658364914739,0.9963491105289348,4.2396353055593125e-06
terminal,42,-0.8524887802012032,-0.40397822320148663,0.33175966423004866,285047.2849188684,0.6277001792821058,2.932420881960553e-06
terminal,43,0.8202302071310528,0.185843291534261,0.541003399528563,654.3146569924428,0.8570319615648575,3.6882795537895873e-06
terminal,44,-0.13312766478138294,-0.7499480413705557,0.6479621594771743,3837.5202142002604,0.9947592132977972,4.232900076705588e-06
terminal,45,0.5596345519654686,0.6740078955694707,0.48220589477568876,48589.53253000387,1.1305952585100538,4.848761932370689e-06
terminal,46,0.15407404081977316,-0.9866578004144183,0.05260774493217458,859.4067911326582,2.458196581037882,1.8289456078320005e-05
terminal,47,-0.3702550556673873,0.4216152855698494,0.8277389351278543,62708.73127679132,1.0508910884378029,4.477295721681766e-06
terminal,48,0.14921998403043163,-0.4781637477561456,0.865501488558948,5165.95711735608,0.9726945277012752,4.140525324971565e-06
terminal,49,-0.5402000487687049,0.8414549300555214,0.011726380325853936,12946.476287508118,1.5064418839169234,7.0608823757246e-06
terminal,50,-0.28326213893233376,-0.8430827045199408,0.4571368657052517,462.62493565067336,1.022230149022988,4.350793712929998e-06
terminal,51,0.38390093561829625,0.6350871309805752,0.6702868100255728,210928.17680815113,0.8182118628534626,3.5478436806284944e-06
terminal,52,-0.7110997483191456,-0.4778514652765875,0.5157471522688866,35005.13711551471,0.8440921796494265,3.640861472168295e-06
terminal,53,0.9326928122497978,0.06957702927901137,0.3538970965892076,2788.058854321017,0.8622101123232528,3.7074275541896287e-06
terminal,54,0.7982361840803449,-0.5765725111759675,0.1743075838312506,68175.66065000149,1.2061634714119094,5.229374192166285e-06
terminal,55,-0.3249465085533133,0.01944490082857529,0.9455324755981565,981.160977187052,0.7977504040516723,3.475987273776766e-06
terminal,56,-0.30997425253801164,-0.3606228821586944,0.8796971635892987,124789.53030987055,0.7270603096136558,3.2387532351737816e-06
terminal,57,0.18882960411402855,0.9500274719481079,0.24857832398265603,1577.4056989483622,1.4257612055380442,6.513580778051488e-06
terminal,58,0.635135410817295,-0.7168325540668928,0.2876701224595308,26478.637832768578,1.3415455702726427,5.98749850139744e-06
terminal,59,-0.1301477194675411,0.79635281971127,0.5906638279557228,1928.7983150915416,1.4061215697943787,6.386904434529731e-06
terminal,60,0.6770312592382126,-0.1458909775119413,0.7213490810245277,356.529947428907,0.863129152721808,3.7108363960784145e-06
terminal,61,-0.81159088374477,0.42643355435079255,0.3993427865207196,143225.12077306808,1.0909583488952461,4.660331071830232e-06
terminal,62,-0.9695007891440893,-0.23673671671048196,0.06343458686023945,9251.704419337566,0.76269298710648,3.356239427853561e-06
terminal,63,0.5282798901657251,0.2629860108120889,0.8073157472535969,21273.048126300717,0.8229683192906961,3.564759041238539e-06
terminal,64,-0.30539460745166835,-0.5187050606643602,0.7985481787472963,7091.71613501377,0.7662970737874324,3.368357429720974e-06
terminal,65,0.3530006950057489,0.9326787624705722,0.07416761666536331,18029.51939851813,0.7397279098954079,3.280041425596206e-06
terminal,66,0.4487774900728211,-0.8018768055354076,0.3944519655779003,417.665361677277,1.4836140871122268,6.901523810261356e-06
terminal,67,-0.2599764044891405,0.6341342610905938,0.7282073935493827,188351.14794037797,1.1608599658999585,4.997751483942515e-06
terminal,68,0.8096060000951312,-0.03777793107987906,0.5857567349448801,31245.54351023172,0.9187277825845133,3.9229970873027614e-06
terminal,69,-0.7539689282560252,0.5871911453000522,0.2945121629163623,2516.011040631234,1.2271577173911754,5.340321512895286e-06
terminal,70,-0.970748251476575,-0.012060931273194358,0.23979650996625435,94901.5020751034,0.8759253542520682,3.7586261178035764e-06
terminal,71,0.35484939090513884,0.2850286819383581,0.8904159478843212,1346.3668785439902,0.8419108325934423,3.632928145529834e-06
terminal,72,0.04206861647115773,-0.3366962864513068,0.94067307934165,58141.348779427884,0.7761253892812076,3.4016259280857394e-06
terminal,73,-0.6606796764436599,0.7284861164539982,0.1811362560838461,746.7983657672595,1.3513547166339033,6.04651975132685e-06
terminal,74,-0.10267312112973531,-0.9329324068525754,0.3451019478961826,45700.65709996353,1.5982205782518948,7.739590044931122e-06
terminal,75,0.5921312065467881,0.6100525023498308,0.5265136072412133,3287.2058132954426,1.0309963558782105,4.389101331539863e-06
terminal,76,-0.6830098708752703,-0.30975446031379944,0.661475389264524,607.873887885773,1.1987468533794725,5.190733390391471e-06
terminal,77,0.8557309561360491,0.22092134449600676,0.4678870486095548,247306.1069331714,0.7261551348693949,3.235822923964335e-06
terminal,78,0.9215209864053614,-0.38826809241647486,0.006852738559246158,4381.981289484552,1.093799791029598,4.6735919640045025e-06
terminal,79,-0.47066499584830596,0.13243642095330652,0.8723159153014421,9915.486947916297,0.9193510087107493,3.9254427636062434e-06
terminal,80,0.46197988417491814,-0.34507854178978004,0.8170039085671306,1014.5558048273208,1.0406151571412698,4.431522920312533e-06
terminal,81,-0.9976900990287374,0.02911657574473094,0.061373376287519876,81834.88068431056,0.8977326341239067,3.841491782941121e-06
terminal,82,-0.6900250345330101,-0.5458130749044755,0.47534570470452314,2919.630042545374,0.9142092547710685,3.905310903699676e-06
terminal,83,0.757459490336935,0.006362401213901567,0.6528511624783278,41490.144356592944,0.8975701708402659,3.840867732266021e-06
terminal,84,-0.2930224905997676,-0.7929764155715685,0.5341593623161317,218406.40205595933,0.8120675583890278,3.5261114818557807e-06
terminal,85,0.4735313873042567,0.813894848338234,0.3366648200899363,554.3192208404581,1.2756769396921874,5.605818531814277e-06
terminal,86,0.35812000458031645,-0.9251839648234315,0.12563715036958462,13576.022828523206,1.7623279563401966,9.119875006056228e-06
terminal,87,-0.04731870049705891,0.08787929528860826,0.9950066180899739,6112.033997279515,0.6799110266065554,3.089592387513889e-06
terminal,88,-0.36044606774660076,-0.09608291028989628,0.9278182508423924,19725.687115458157,0.7898276749249477,3.448556773852435e-06
terminal,89,0.8902983642636725,0.409336072320147,0.199531457386911,8038.597473512082,0.7048528172189085,3.1676214005065567e-06
terminal,90,0.9215861674947999,-0.2790752788071207,0.26980719901621336,134723.8325830417,1.010756095689772,4.301157781053286e-06
terminal,91,-0.7268984967394947,0.32031254323111213,0.6074688881635667,305.3697488307604,1.5131338530366591,7.108292037611102e-06
terminal,92,0.48789362669512276,-0.5166745983964004,0.7035674583166838,1791.708829071347,1.1697581461872457,5.042420820850356e-06
terminal,93,-0.12845972658420474,0.9001396533023487,0.41622914746403694,22975.188319372293,1.7332221770632967,8.858259664898138e-06
terminal,94,-0.6974599152229783,-0.7078957027345553,0.11150489095598469,1486.4381244304618,1.2978276084634464,5.731376625439169e-06
terminal,95,0.07393229680625282,0.6477957487601087,0.7582180975005032,106736.52367392075,0.9210474343824543,3.932107637116113e-06
terminal,96,0.246529130476545,-0.5921812286910068,0.7671667225658894,52816.22318358382,1.149804615909927,4.942803884240901e-06
terminal,97,-0.2653527142276869,0.9583854969051353,0.10528616420924657,3725.55489952596,1.9817569873152423,1.1357577354374768e-05
terminal,98,-0.3759948320219007,-0.8231130199775115,0.42557354550808657,64147.29969835925,0.86539944083258,3.7192706342821582e-06
terminal,99,0.18110944230227172,0.6939947815510941,0.6968289697542787,795.8787140067678,0.8682165231779316,3.7297628977698566e-06
terminal,100,-0.7823666086729314,-0.08394804361219114,0.6171346819028258,4797.302370184716,0.8671700373541373,3.725861795351435e-06
terminal,101,0.6939923937240774,0.6700747789880874,0.26339010614901776,10648.186913731308,1.1469693927804951,4.9288097799224605e-06
terminal,102,0.9699110962057786,-0.1254040368837395,0.2086774855852127,707.7605132513601,0.9561858942442766,4.072732036996399e-06
terminal,103,-0.2860725744772684,0.26163506470638476,0.92179692722857,278181.3631050473,0.8102049488363038,3.51954982572444e-06
terminal,104,-0.003893262205619159,-0.23580704852157106,0.9717920962721109,389.28407752056654,0.9476802983142354,4.038237928389835e-06
terminal,105,0.6225361515170315,0.7681289601196779,0.1497552692890168,171867.31120358262,1.7740176427307024,9.227109029737599e-06
terminal,106,0.041861092616878065,-0.9485910053787009,0.31372400838881725,6299.491161752768,2.017433116110409,1.1770086356972225e-05
terminal,107,-0.5081950270399231,0.6563385349103065,0.5576356714591384,15496.051599158318,1.2955380718616163,5.718269439293194e-06
terminal,108,0.6764704296315829,-0.380843592941715,0.6303538018837571,83798.97762045173,1.0832524982574137,4.624557267485309e-06
terminal,109,-0.8007626261976606,0.33092780479919454,0.4992654649540783,1164.211149919016,1.068709018172185,4.5577868251579655e-06
terminal,110,-0.8631705443324833,-0.5034627664282282,0.03823420219123366,29293.249569444146,0.7292754444956983,3.2459354623034413e-06
terminal,111,0.5065512540843429,0.18918985947591446,0.8411973752081394,2282.6792021665656,0.8257022358099222,3.574518129055611e-06
terminal,112,-0.37779146473726904,-0.370840466761908,0.8483813749626279,155671.79503369943,0.7531482267046676,3.32435732223765e-06
terminal,113,0.9933151878050224,0.1113993894393239,0.030250846408307667,346.1198932863245,3.0913299226105244,3.444824541408767e-05
terminal,114,0.6492838050223765,-0.6173264312905395,0.44422811456024647,21760.358739140807,1.2558791523830037,5.4959271215379724e-06
terminal,115,-0.7215818566256716,0.10556537205717065,0.6842335686087608,8567.113916175653,0.9515334737350468,4.053827983839389e-06
terminal,116,0.24770216950211818,-0.8281657370761548,0.5027774330228566,1627.629916585581,1.5345502005572906,7.262167534391464e-06
terminal,117,-0.3719902768423995,0.8522669663386949,0.3677828870713711,114614.89366047428,1.5571416191186163,7.428097439687115e-06
terminal,118,-0.25615879945613756,-0.953839044394586,0.15676015708595503,2086.396186071035,1.1664171073373302,5.025602008787578e-06
terminal,119,0.1121101113152473,0.24258866823672204,0.9636296285316348,25842.747242684512,0.6748978285175004,3.0741424081220164e-06
terminal,120,0.41247362936664217,-0.160633612922963,0.8966952366754413,2721.0240983631343,0.9123988767048719,3.898247210404899e-06
terminal,121,-0.8558658762653215,0.4627903352650422,0.23090843949466938,37866.242470512436,1.1360433059035597,4.875250306619973e-06
terminal,122,-0.8956376010358428,-0.3272894622667575,0.3011891357600689,901.1902359505608,0.7634483143688963,3.35877544463335e-06
terminal,123,0.7077112656317925,0.4086128813831401,0.5763508286327124,70344.77784351123,0.8115161499100009,3.5241676900475804e-06
terminal,124,-0.4227893067334878,-0.5305535718731836,0.7346850410103799,11988.771183117535,0.853892970723677,3.676720229847944e-06
terminal,125,0.010814884305868357,0.9229171304602707,0.3848467338830232,5284.144715386663,1.7414128372577544,8.931112609293968e-06
terminal,126,0.5948770953387775,-0.7998130006949191,0.0801274320110679,204764.92256536064,1.3858901604204963,6.25898669747204e-06
terminal,127,-0.01682981762460371,0.6137247912903859,0.789340634830296,502.8435815578315,0.994040183492229,4.229857589337079e-06
terminal,128,0.004411166337565115,0.9999902707584265,1.7696377058745981e-07,7724.0128359970095,13.367382415788443,1.0
terminal,129,-0.004594551025745008,-0.9999894398586743,0.0001013509090619021,6836.8536687706555,13.362185806582685,0.9948168698093622
terminal,130,0.004411166337565115,0.9999902707584265,1.7696377058745981e-07,299.99999999999994,9.517639780037362,0.021285213786569394
terminal,131,0.004411166337565115,0.9999902707584265,1.7696377058745981e-07,336.6055362905891,9.819383647619485,0.02878218187590916
terminal,132,0.004411166337565115,0.9999902707584265,1.7696377058745981e-07,377.67762353825043,10.111562860356932,0.038549214495519554
terminal,133,0.004411166337565115,0.9999902707584265,1.7696377058745981e-07,423.7612633868264,10.391868943359784,0.05102122928251625
terminal,134,0.004411166337565115,0.9999902707584265,1.7696377058745981e-07,475.46795773833435,10.658434524899864,0.06660684753443784
terminal,135,0.004411166337565115,0.9999902707584265,1.7696377058745981e-07,533.4838230116769,10.909921987206266,0.0856521948633173
terminal,136,0.004411166337565115,0.9999902707584265,1.7696377058745981e-07,598.5786944906637,11.145561747712572,0.1084115475890627
terminal,137,0.004411166337565115,0.9999902707584265,1.7696377058745981e-07,671.6163415705025,11.365141188890581,0.13503230580699913
terminal,138,0.004411166337565115,0.9999902707584265,1.7696377058745981e-07,753.5659294528743,11.568893843664767,0.1655489144698939
terminal,139,0.004411166337565115,0.9999902707584265,1.7696377058745981e-07,845.5148793793369,11.75743303128366,0.19989773174177203
terminal,140,0.004411166337565115,0.9999902707584265,1.7696377058745981e-07,948.6832980505142,11.931613977109658,0.23793245724428413
terminal,141,0.004411166337565115,0.9999902707584265,1.7696377058745981e-07,1064.4401677007263,12.092435613282534,0.2794458336440863
terminal,142,0.004411166337565115,0.9999902707584265,1.7696377058745981e-07,1194.3215116604922,12.240927943718262,0.32418061264499615
terminal,143,0.004411166337565115,0.9999902707584265,1.7696377058745981e-07,1340.050776452889,12.378071581724933,0.3718328572806829
terminal,144,0.004411166337565115,0.9999902707584265,1.7696377058745981e-07,1503.5617008818185,12.504738693225827,0.42204483666757586
terminal,145,0.004411166337565115,0.9999902707584265,1.7696377058745981e-07,1687.0239755710484,12.62166696429811,0.47439477204985825
terminal,146,0.004411166337565115,0.9999902707584265,1.7696377058745981e-07,1892.8720334405803,12.729462934327922,0.5283906077066034
terminal,147,0.004411166337565115,0.9999902707584265,1.7696377058745981e-07,2123.837353152415,12.828597752537897,0.5834569182874163
terminal,148,0.004411166337565115,0.9999902707584265,1.7696377058745981e-07,2382.984704172845,12.919380846000095,0.6389036810875751
terminal,149,0.004411166337565115,0.9999902707584265,1.7696377058745981e-07,2673.752814401238,13.001947151434328,0.693894557571099
terminal,150,0.004411166337565115,0.9999902707584265,1.7696377058745981e-07,3000.0000000000027,13.076330013486283,0.7474765075019837
terminal,151,0.004411166337565115,0.9999902707584265,1.7696377058745981e-07,3366.055362905892,13.142512423042197,0.7986200384085634
terminal,152,0.004411166337565115,0.9999902707584265,1.7696377058745981e-07,3776.7762353825015,13.200366694030297,0.8461863076961343
terminal,153,0.004411166337565115,0.9999902707584265,1.7696377058745981e-07,4237.612633868269,13.24974738494321,0.8890204584572479
terminal,154,0.004411166337565115,0.9999902707584265,1.7696377058745981e-07,4754.679577383345,13.29054440355782,0.9260398485869188
terminal,155,0.004411166337565115,0.9999902707584265,1.7696377058745981e-07,5334.83823011677,13.32266903134774,0.9562715248566632
terminal,156,0.004411166337565115,0.9999902707584265,1.7696377058745981e-07,5985.786944906638,13.34611317307715,0.9789553524898973
terminal,157,0.004411166337565115,0.9999902707584265,1.7696377058745981e-07,6716.163415705027,13.360922614973184,0.9935610188436218
terminal,158,0.004411166337565115,0.9999902707584265,1.7696377058745981e-07,7535.659294528746,13.367158833607084,0.999776442811274
terminal,159,0.004411166337565115,0.9999902707584265,1.7696377058745981e-07,8455.148793793363,13.36482593142177,0.9974467806565657
terminal,160,0.004411166337565115,0.9999902707584265,1.7696377058745981e-07,9486.832980505136,13.35376440623956,0.9864742960618533
terminal,161,0.004411166337565115,0.9999902707584265,1.7696377058745981e-07,10644.401677007256,13.333518039143836,0.9667026031980057
terminal,162,0.004411166337565115,0.9999902707584265,1.7696377058745981e-07,11943.215116604903,13.303208175364514,0.9378415753799237
terminal,163,0.004411166337565115,0.9999902707584265,1.7696377058745981e-07,13400.507764528918,13.261407341494197,0.8994470671494541
terminal,164,0.004411166337565115,0.9999902707584265,1.7696377058745981e-07,15035.61700881819,13.206017555155764,0.8509815247999988
terminal,165,0.004411166337565115,0.9999902707584265,1.7696377058745981e-07,16870.23975571049,13.134148040390173,0.7919679339705501
terminal,166,0.004411166337565115,0.9999902707584265,1.7696377058745981e-07,18928.720334405807,13.04195151309468,0.7222160817278404
terminal,167,0.004411166337565115,0.9999902707584265,1.7696377058745981e-07,21238.373531524136,12.92441015251797,0.6421250172887227
terminal,168,0.004411166337565115,0.9999902707584265,1.7696377058745981e-07,23829.847041728473,12.775028433419001,0.5530239427032663
terminal,169,0.004411166337565115,0.9999902707584265,1.7696377058745981e-07,26737.528144012387,12.585408814048144,0.4575021925860188
terminal,170,0.004411166337565115,0.9999902707584265,1.7696377058745981e-07,30000.000000000007,12.344641654165324,0.35960798851698556
terminal,171,0.004411166337565115,0.9999902707584265,1.7696377058745981e-07,33660.55362905896,12.038381861519284,0.2647417241056315
terminal,172,0.004411166337565115,0.9999902707584265,1.7696377058745981e-07,37767.76235382499,11.647259594182115,0.1790441560701321
terminal,173,0.004411166337565115,0.9999902707584265,1.7696377058745981e-07,42376.126338682654,11.143950957669915,0.10823705991692746
terminal,174,0.004411166337565115,0.9999902707584265,1.7696377058745981e-07,47546.795773833415,10.486363571129402,0.05607759935613064
terminal,175,0.004411166337565115,0.9999902707584265,1.7696377058745981e-07,53348.382301167665,9.596938592068327,0.023041834504797118
terminal,176,0.004411166337565115,0.9999902707584265,1.7696377058745981e-07,59857.86944906655,8.267976636180059,0.006100370453234738
terminal,177,0.004411166337565115,0.9999902707584265,1.7696377058745981e-07,67161.63415705011,6.601640374145446,0.0011525919056859684
terminal,178,0.004411166337565115,0.9999902707584265,1.7696377058745981e-07,75356.59294528754,7.010200104099246,0.0017342463997175011
terminal,179,0.004411166337565115,0.9999902707584265,1.7696377058745981e-07,84551.48793793372,6.634906914534173,0.0011915795473992628
terminal,180,0.004411166337565115,0.9999902707584265,1.7696377058745981e-07,94868.32980505146,6.049789380944608,0.0006637579322344451
terminal,181,0.004411166337565115,0.9999902707584265,1.7696377058745981e-07,106444.01677007286,5.57080782512103,0.00041114089554584944
terminal,182,0.004411166337565115,0.9999902707584265,1.7696377058745981e-07,119432.15116604917,5.265962965581735,0.0003031085850331724
terminal,183,0.004411166337565115,0.9999902707584265,1.7696377058745981e-07,134005.0776452891,5.032073864496808,0.00023989516290356052
terminal,184,0.004411166337565115,0.9999902707584265,1.7696377058745981e-07,150356.1700881818,4.810784009287413,0.00019227221443998503
terminal,185,0.004411166337565115,0.9999902707584265,1.7696377058745981e-07,168702.39755710476,4.584407302882902,0.00015332125792621136
terminal,186,0.004411166337565115,0.9999902707584265,1.7696377058745981e-07,189287.20334405827,4.350145219991058,0.00012130079405870713
terminal,187,0.004411166337565115,0.9999902707584265,1.7696377058745981e-07,212383.7353152412,4.111953067161631,9.559124241632856e-05
terminal,188,0.004411166337565115,0.9999902707584265,1.7696377058745981e-07,238298.47041728458,3.8741299639814017,7.535860403593399e-05
terminal,189,0.004411166337565115,0.9999902707584265,1.7696377058745981e-07,267375.2814401237,3.638411545232178,5.953353024811987e-05
terminal,190,0.004411166337565115,0.9999902707584265,1.7696377058745981e-07,299999.9999999999,3.4048911533747366,4.7135163591844046e-05
terminal,191,0.013137448969669644,0.9999136999934235,1.7695703242187876e-07,6951.611552397305,12.836770823946619,0.5882450937406541
terminal,192,0.013137448969669644,0.9999136999934235,1.7695703242187876e-07,7724.0128359970095,12.839001071377112,0.5895584899042758
terminal,193,0.013137448969669644,0.9999136999934235,1.7695703242187876e-07,8496.414119596717,12.834666772758336,0.5870086971291777
terminal,194,-0.010581530770665374,-0.9999249757754206,0.006170415470132909,6951.611552397305,12.990814760614153,0.6862126902770991
terminal,195,-0.010581530770665374,-0.9999249757754206,0.006170415470132909,7724.0128359970095,12.993486469190831,0.6880485018919499
terminal,196,-0.010581530770665374,-0.9999249757754206,0.006170415470132909,8496.414119596717,12.989602332053803,0.6853812105696596
terminal,197,-0.0044109983806797275,-0.9999521957373231,0.008726358541341473,6951.611552397305,13.14461038884258,0.8002972747136579
terminal,198,-0.0044109983806797275,-0.9999521957373231,0.008726358541341473,7724.0128359970095,13.147699156391347,0.8027730285108303
terminal,199,-0.0044109983806797275,-0.9999521957373231,0.008726358541341473,8496.414119596717,13.144242196730321,0.800002665809312
terminal,200,0.001759534013296564,-0.9999794147946157,0.006170415470132909,6951.611552397305,12.996537301264286,0.6901508276203658
terminal,201,0.001759534013296564,-0.9999794147946157,0.006170415470132909,7724.0128359970095,12.999185377066276,0.6919808212382462
terminal,202,0.001759534013296564,-0.9999794147946157,0.006170415470132909,8496.414119596717,12.99528670891697,0.6892882697434083
terminal,203,-0.004315452221934545,0.9999906883926915,1.7695703242187873e-07,6951.611552397305,12.848309081084073,0.5950717248683474
terminal,204,-0.004315452221934545,0.9999906883926915,1.7695703242187873e-07,7724.0128359970095,12.850517818434517,0.5963875346173926
terminal,205,-0.004315452221934545,0.9999906883926915,1.7695703242187873e-07,8496.414119596717,12.846173457378379,0.5938022316485388
terminal,206,-0.00175953402293044,0.9999794126106943,0.006170769384197528,6951.611552397305,12.996524803742618,0.6901422024993398
terminal,207,-0.00175953402293044,0.9999794126106943,0.006170769384197528,7724.0128359970095,12.99917284344035,0.6919721482638371
terminal,208,-0.00175953402293044,0.9999794126106943,0.006170769384197528,8496.414119596717,12.995274138628211,0.6892796052452775
terminal,209,0.004410998367055471,0.9999521926487919,0.00872671245540605,6951.611552397305,13.144592604602058,0.8002830421609939
terminal,210,0.004410998367055471,0.9999521926487919,0.00872671245540605,7724.0128359970095,13.147681321939682,0.8027587116217229
terminal,211,0.004410998367055471,0.9999521926487919,0.00872671245540605,8496.414119596717,13.144224311595526,0.7999883577817481
terminal,212,0.010581530761031806,0.9999249735914992,0.006170769384197529,6951.611552397305,12.990802078733896,0.6862039878651117
terminal,213,0.010581530761031806,0.9999249735914992,0.006170769384197529,7724.0128359970095,12.993473750574296,0.688039750922547
terminal,214,0.010581530761031806,0.9999249735914992,0.006170769384197529,8496.414119596717,12.989589576160348,0.6853724679757218
terminal,215,0.021862731134171427,0.9997609819288427,1.7693681814718017e-07,6951.611552397305,11.217383029272353,0.1164842292346755
terminal,216,0.021862731134171427,0.9997609819288427,1.7693681814718017e-07,7724.0128359970095,11.213909349218994,0.11608030225376416
terminal,217,0.021862731134171427,0.9997609819288427,1.7693681814718017e-07,8496.414119596717,11.203570113411013,0.11488630378844161
terminal,218,-0.016751089379229565,-0.9997835326341425,0.012340538003008512,6951.611552397305,11.853925406765535,0.2201476086902938
terminal,219,-0.016751089379229565,-0.9997835326341425,0.012340538003008512,7724.0128359970095,11.85294711943319,0.21993234638482742
terminal,220,-0.016751089379229565,-0.9997835326341425,0.012340538003008512,8496.414119596717,11.845275998371658,0.21825167329547554
terminal,221,-0.004410494509189677,-0.9998379704850419,0.017452229500465016,6951.611552397305,12.485232239707063,0.4138920135231117
terminal,222,-0.004410494509189677,-0.9998379704850419,0.017452229500465016,7724.0128359970095,12.486351121665944,0.41435536900167097
terminal,223,-0.004410494509189677,-0.9998379704850419,0.017452229500465016,8496.414119596717,12.48088083355246,0.4120949140585941
terminal,224,0.007930100368830977,-0.9998924065267906,0.012340538003008512,6951.611552397305,11.899512456982643,0.23041575790694632
terminal,225,0.007930100368830977,-0.9998924065267906,0.012340538003008512,7724.0128359970095,11.898628736489083,0.2302122247261123
terminal,226,0.007930100368830977,-0.9998924065267906,0.012340538003008512,8496.414119596717,11.89107072229539,0.22847883620303944
terminal,227,-0.013041742143039553,0.999914952864414,1.769368181471802e-07,6951.611552397305,11.310050112676455,0.1277944323771148
terminal,228,-0.013041742143039553,0.999914952864414,1.769368181471802e-07,7724.0128359970095,11.30687575758597,0.12738941065165196
terminal,229,-0.013041742143039553,0.999914952864414,1.769368181471802e-07,8496.414119596717,11.29687245643475,0.1261214484904117
terminal,230,-0.007930100388097704,0.9998924021591141,0.012340891876644878,6951.611552397305,11.899487397231491,0.2304099838177405
terminal,231,-0.007930100388097704,0.9998924021591141,0.012340891876644878,7724.0128359970095,11.898603586585859,0.23020643498374527
terminal,232,-0.007930100388097704,0.9998924021591141,0.012340891876644878,8496.414119596717,11.89104547709751,0.22847306828241443
terminal,233,0.004410494481942301,0.9998379643082147,0.017452583374101414,6951.611552397305,12.485196487261552,0.4138772161359739
terminal,234,0.004410494481942301,0.9998379643082147,0.017452583374101414,7724.0128359970095,12.486315255824858,0.4143405080643547
terminal,235,0.004410494481942301,0.9998379643082147,0.017452583374101414,8496.414119596717,12.480844850436753,0.41208008586640327
terminal,236,0.016751089359962848,0.9997835282664661,0.012340891876644878,6951.611552397305,11.853899597373305,0.22014192688763476
terminal,237,0.016751089359962848,0.9997835282664661,0.012340891876644878,7724.0128359970095,11.852921215988395,0.21992664945321952
terminal,238,0.016751089359962848,0.9997835282664661,0.012340891876644878,8496.414119596717,11.845249995565217,0.2182459982132437
terminal,239,0.03930763633108524,0.9992271562192612,1.768559690419917e-07,6951.611552397305,4.791798769906804,0.0001886563134047228
terminal,240,0.03930763633108524,0.9992271562192612,1.768559690419917e-07,7724.0128359970095,4.8169797370998575,0.0001934671787607971
terminal,241,0.03930763633108524,0.9992271562192612,1.768559690419917e-07,8496.414119596717,4.8607845272231085,0.0002021303263674534
terminal,242,-0.02908590987679766,-0.9992722507606976,0.02467749392236659,6951.611552397305,6.944389099555328,0.001623788440700651
terminal,243,-0.02908590987679766,-0.9992722507606976,0.02467749392236659,7724.0128359970095,6.8903051000252855,0.0015383000809752086
terminal,244,-0.02908590987679766,-0.9992722507606976,0.02467749392236659,8496.414119596717,6.820819146140996,0.001435038975305942
terminal,245,-0.004408479201461223,-0.9993811098801998,0.03489931984653134,6951.611552397305,9.796908535528159,0.02814251433790471
terminal,246,-0.004408479201461223,-0.9993811098801998,0.03489931984653134,7724.0128359970095,9.785581386641024,0.027825538493339894
terminal,247,-0.004408479201461223,-0.9993811098801998,0.03489931984653134,8496.414119596717,9.766569504826519,0.02730151971943769
terminal,248,0.020268951489834087,-0.9994899653819513,0.024677493922366588,6951.611552397305,7.3528496739441795,0.002442989604720643
terminal,249,0.020268951489834087,-0.9994899653819513,0.024677493922366588,7724.0128359970095,7.309336396013403,0.002338966720020984
terminal,250,0.020268951489834087,-0.9994899653819513,0.024677493922366588,8496.414119596717,7.252494415778023,0.0022097232445372557
terminal,251,-0.030490677982649254,0.9995350511893653,1.768559690419917e-07,6951.611552397305,5.209463445047959,0.0002864579022244546
terminal,252,-0.030490677982649254,0.9995350511893653,1.768559690419917e-07,7724.0128359970095,5.193621747491401,0.00028195567836496806
terminal,253,-0.030490677982649254,0.9995350511893653,1.768559690419917e-07,8496.414119596717,5.192976139201439,0.00028177370418995274
terminal,254,-0.02026895152836162,0.9994899566479291,0.02467784763430474,6951.611552397305,7.352793450683316,0.002442852255739949
terminal,255,-0.02026895152836162,0.9994899566479291,0.02467784763430474,7724.0128359970095,7.309278891950951,0.002338832223799721
terminal,256,-0.02026895152836162,0.9994899566479291,0.02467784763430474,8496.414119596717,7.252435371401178,0.0022095927766570185
terminal,257,0.004408479146974869,0.9993810975284269,0.03489967355846952,6951.611552397305,9.796834144947688,0.02814042087779503
terminal,258,0.004408479146974869,0.9993810975284269,0.03489967355846952,7724.0128359970095,9.785506473058234,0.027823454060635446
terminal,259,0.004408479146974869,0.9993810975284269,0.03489967355846952,8496.414119596717,9.766494002176492,0.027299458460165352
terminal,260,0.02908590983827001,0.9992722420266752,0.02467784763430474,6951.611552397305,6.944328274718402,0.0016236896770372164
terminal,261,0.02908590983827001,0.9992722420266752,0.02467784763430474,7724.0128359970095,6.890242537101837,0.0015382038434354846
terminal,262,0.02908590983827001,0.9992722420266752,0.02467784763430474,8496.414119596717,6.82075447770827,0.0014349461765851142
terminal,263,0.07415621602461317,0.9972466373093868,1.7653269563394899e-07,6951.611552397305,3.060982625395183,3.3418537719965543e-05
terminal,264,0.07415621602461317,0.9972466373093868,1.7653269563394899e-07,7724.0128359970095,3.0601454048663608,3.339057074304042e-05
terminal,265,0.07415621602461317,0.9972466373093868,1.7653269563394899e-07,8496.414119596717,3.0593062728529556,3.336256339875708e-05
terminal,266,-0.0537252167151864,-0.997336771451507,0.049325099083435894,6951.611552397305,3.412277007639852,4.748458584337079e-05
terminal,267,-0.0537252167151864,-0.997336771451507,0.049325099083435894,7724.0128359970095,3.4120646969471378,4.747450542818491e-05
terminal,268,-0.0537252167151864,-0.997336771451507,0.049325099083435894,8496.414119596717,3.4120394536152836,4.747330702861568e-05
terminal,269,-0.004400421012524413,-0.9975543570624427,0.06975629721142847,6951.611552397305,4.222731100190068,0.00010678946105171345
terminal,270,-0.004400421012524413,-0.9975543570624427,0.06975629721142847,7724.0128359970095,4.230986389649352,0.0001076746878382457
terminal,271,-0.004400421012524413,-0.9975543570624427,0.06975629721142847,8496.414119596717,4.241237883633585,0.00010878419157154635
terminal,272,0.04492437472203568,-0.997771935442285,0.0493250990834359,6951.611552397305,3.747094834069253,6.636852853283279e-05
terminal,273,0.04492437472203568,-0.997771935442285,0.0493250990834359,7724.0128359970095,3.746312969096888,6.631665758578626e-05
terminal,274,0.04492437472203568,-0.997771935442285,0.0493250990834359,8496.414119596717,3.745720208277671,6.62773593178954e-05
terminal,275,-0.06535537410847067,0.9978620521270015,1.7653269563394899e-07,6951.611552397305,3.470729995530586,5.034292725538833e-05
terminal,276,-0.06535537410847067,0.9978620521270015,1.7653269563394899e-07,7724.0128359970095,3.4693992885005294,5.0275980121565806e-05
terminal,277,-0.06535537410847067,0.9978620521270015,1.7653269563394899e-07,8496.414119596717,3.4678977834524174,5.020054712929588e-05
terminal,278,-0.04492437479904399,0.9977719179848814,0.0493254521488274,6951.611552397305,3.7470905499316336,6.636824420153193e-05
terminal,279,-0.04492437479904399,0.9977719179848814,0.0493254521488274,7724.0128359970095,3.746308665526018,6.631637218796456e-05
terminal,280,-0.04492437479904399,0.9977719179848814,0.0493254521488274,8496.414119596717,3.745715879794817,6.627707243810287e-05
terminal,281,0.004400420903618188,0.9975543323739456,0.06975665027682004,6951.611552397305,4.222715923669412,0.00010678784037155002
terminal,282,0.004400420903618188,0.9975543323739456,0.06975665027682004,7724.0128359970095,4.230970782013597,0.00010767300730405275
terminal,283,0.004400420903618188,0.9975543323739456,0.06975665027682004,8496.414119596717,4.241221772117871,0.00010878243890745343
terminal,284,0.05372521663817801,0.9973367539941034,0.0493254521488274,6951.611552397305,3.412273464302977,4.748441758978484e-05
terminal,285,0.05372521663817801,0.9973367539941034,0.0493254521488274,7724.0128359970095,3.412061130931854,4.747433613367481e-05
terminal,286,0.05372521663817801,0.9973367539941034,0.0493254521488274,8496.414119596717,3.4120358595157962,4.747313640513384e-05
terminal,287,-0.004594551025745008,-0.9999894398586743,0.0001013509090619021,299.99999999999994,9.51723211380456,0.021276538292123868
terminal,288,-0.004594551025745008,-0.9999894398586743,0.0001013509090619021,336.6055362905891,9.818975784723513,0.028770445085520208
terminal,289,-0.004594551025745008,-0.9999894398586743,0.0001013509090619021,377.67762353825043,10.111158046244837,0.03853361238767138
terminal,290,-0.004594551025745008,-0.9999894398586743,0.0001013509090619021,423.7612633868264,10.391469628908851,0.051000859835537316
terminal,291,-0.004594551025745008,-0.9999894398586743,0.0001013509090619021,475.46795773833435,10.658043079321462,0.06658077968088509
terminal,292,-0.004594551025745008,-0.9999894398586743,0.0001013509090619021,533.4838230116769,10.909539939586372,0.08561947789624871
terminal,293,-0.004594551025745008,-0.9999894398586743,0.0001013509090619021,598.5786944906637,11.145190602980152,0.10837131868007721
terminal,294,-0.004594551025745008,-0.9999894398586743,0.0001013509090619021,671.6163415705025,11.364781420495136,0.13498373418879625
terminal,295,-0.004594551025745008,-0.9999894398586743,0.0001013509090619021,753.5659294528743,11.568545538386035,0.1654912629498428
terminal,296,-0.004594551025745008,-0.9999894398586743,0.0001013509090619021,845.5148793793369,11.757096012011411,0.19983037370481194
terminal,297,-0.004594551025745008,-0.9999894398586743,0.0001013509090619021,948.6832980505142,11.931287676194534,0.23785483233097665
terminal,298,-0.004594551025745008,-0.9999894398586743,0.0001013509090619021,1064.4401677007263,12.092119076568244,0.27935739277621174
terminal,299,-0.004594551025745008,-0.9999894398586743,0.0001013509090619021,1194.3215116604922,12.240620320417786,0.32408090247235666
terminal,300,-0.004594551025745008,-0.9999894398586743,0.0001013509090619021,1340.050776452889,12.377771946441733,0.37172145972734055
terminal,301,-0.004594551025745008,-0.9999894398586743,0.0001013509090619021,1503.5617008818185,12.504446062237056,0.4219213513384145
terminal,302,-0.004594551025745008,-0.9999894398586743,0.0001013509090619021,1687.0239755710484,12.621380337081064,0.47425881708169254
terminal,303,-0.004594551025745008,-0.9999894398586743,0.0001013509090619021,1892.8720334405803,12.72918155144071,0.5282419485478842
terminal,304,-0.004594551025745008,-0.9999894398586743,0.0001013509090619021,2123.837353152415,12.828320864413639,0.5832953883596177
terminal,305,-0.004594551025745008,-0.9999894398586743,0.0001013509090619021,2382.984704172845,12.91910767786205,0.6387291767942135
terminal,306,-0.004594551025745008,-0.9999894398586743,0.0001013509090619021,2673.752814401238,13.001677004873791,0.6937071296606386
terminal,307,-0.004594551025745008,-0.9999894398586743,0.0001013509090619021,3000.0000000000027,13.076062328339518,0.7472764459213209
terminal,308,-0.004594551025745008,-0.9999894398586743,0.0001013509090619021,3366.055362905892,13.142246688533827,0.7984078456999941
terminal,309,-0.004594551025745008,-0.9999894398586743,0.0001013509090619021,3776.7762353825015,13.200102546323855,0.8459628190420407
terminal,310,-0.004594551025745008,-0.9999894398586743,0.0001013509090619021,4237.612633868269,13.249484488784883,0.8887867691134064
terminal,311,-0.004594551025745008,-0.9999894398586743,0.0001013509090619021,4754.679577383345,13.29028244116997,0.9257972927485779
terminal,312,-0.004594551025745008,-0.9999894398586743,0.0001013509090619021,5334.83823011677,13.322407736369012,0.9560216885508254
terminal,313,-0.004594551025745008,-0.9999894398586743,0.0001013509090619021,5985.786944906638,13.345852351014297,0.9787000526307857
terminal,314,-0.004594551025745008,-0.9999894398586743,0.0001013509090619021,6716.163415705027,13.360662036898114,0.9933021523547979
terminal,315,-0.004594551025745008,-0.9999894398586743,0.0001013509090619021,7535.659294528746,13.366898224982974,0.999515926395982
terminal,316,-0.004594551025745008,-0.9999894398586743,0.0001013509090619021,8455.148793793363,13.364565072226778,0.9971866214262557
terminal,317,-0.004594551025745008,-0.9999894398586743,0.0001013509090619021,9486.832980505136,13.353503077259743,0.9862165354220783
terminal,318,-0.004594551025745008,-0.9999894398586743,0.0001013509090619021,10644.401677007256,13.333255943614487,0.9664492679679633
terminal,319,-0.004594551025745008,-0.9999894398586743,0.0001013509090619021,11943.215116604903,13.302944952489533,0.9375947465111029
terminal,320,-0.004594551025745008,-0.9999894398586743,0.0001013509090619021,13400.507764528918,13.261142617914587,0.8992089938153714
terminal,321,-0.004594551025745008,-0.9999894398586743,0.0001013509090619021,15035.61700881819,13.205750801421697,0.8507545525748265
terminal,322,-0.004594551025745008,-0.9999894398586743,0.0001013509090619021,16870.23975571049,13.133878635677318,0.7917546028142084
terminal,323,-0.004594551025745008,-0.9999894398586743,0.0001013509090619021,18928.720334405807,13.041678641403715,0.7220190362896605
terminal,324,-0.004594551025745008,-0.9999894398586743,0.0001013509090619021,21238.373531524136,12.924132774064118,0.6419469303441301
terminal,325,-0.004594551025745008,-0.9999894398586743,0.0001013509090619021,23829.847041728473,12.774745136976835,0.5528672951777566
terminal,326,-0.004594551025745008,-0.9999894398586743,0.0001013509090619021,26737.528144012387,12.585117720652834,0.4573690361008441
terminal,327,-0.004594551025745008,-0.9999894398586743,0.0001013509090619021,30000.000000000007,12.344340161697954,0.3594995857593701
terminal,328,-0.004594551025745008,-0.9999894398586743,0.0001013509090619021,33660.55362905896,12.038066223074532,0.26465817462598146
terminal,329,-0.004594551025745008,-0.9999894398586743,0.0001013509090619021,37767.76235382499,11.64692431475062,0.17898413630953033
terminal,330,-0.004594551025745008,-0.9999894398586743,0.0001013509090619021,42376.126338682654,11.143586991017758,0.10819767240489538
terminal,331,-0.004594551025745008,-0.9999894398586743,0.0001013509090619021,47546.795773833415,10.485954379609701,0.05605465757214076
terminal,332,-0.004594551025745008,-0.9999894398586743,0.0001013509090619021,53348.382301167665,9.596445840513512,0.02303048340188558
terminal,333,-0.004594551025745008,-0.9999894398586743,0.0001013509090619021,59857.86944906655,8.267252860526632,0.00609595675108156
terminal,334,-0.004594551025745008,-0.9999894398586743,0.0001013509090619021,67161.63415705011,6.601389303874936,0.0011523025604489338
terminal,335,-0.004594551025745008,-0.9999894398586743,0.0001013509090619021,75356.59294528754,7.009970047016189,0.0017338474699395505
terminal,336,-0.004594551025745008,-0.9999894398586743,0.0001013509090619021,84551.48793793372,6.63451621350257,0.001191114086974712
terminal,337,-0.004594551025745008,-0.9999894398586743,0.0001013509090619021,94868.32980505146,6.049291010273647,0.0006634272171645925
terminal,338,-0.004594551025745008,-0.9999894398586743,0.0001013509090619021,106444.01677007286,5.570271916954403,0.0004109206208110788
terminal,339,-0.004594551025745008,-0.9999894398586743,0.0001013509090619021,119432.15116604917,5.2654440693524345,0.00030295134393076644
terminal,340,-0.004594551025745008,-0.9999894398586743,0.0001013509090619021,134005.0776452891,5.031582292495727,0.00023977726613803126
terminal,341,-0.004594551025745008,-0.9999894398586743,0.0001013509090619021,150356.1700881818,4.810317982595966,0.00019218263133171387
terminal,342,-0.004594551025745008,-0.9999894398586743,0.0001013509090619021,168702.39755710476,4.583963633924927,0.00015325324913128258
terminal,343,-0.004594551025745008,-0.9999894398586743,0.0001013509090619021,189287.20334405827,4.349720477729439,0.00012124928342524843
terminal,344,-0.004594551025745008,-0.9999894398586743,0.0001013509090619021,212383.7353152412,4.111544011385579,9.555214826286798e-05
terminal,345,-0.004594551025745008,-0.9999894398586743,0.0001013509090619021,238298.47041728458,3.8737330357373505,7.532869801322507e-05
terminal,346,-0.004594551025745008,-0.9999894398586743,0.0001013509090619021,267375.2814401237,3.638021819102181,5.951033299635228e-05
terminal,347,-0.004594551025745008,-0.9999894398586743,0.0001013509090619021,299999.9999999999,3.404503151530274,4.7116878608964345e-05
terminal,348,-0.013320819469065288,-0.9999112688121121,0.00010134704992979693,6153.168301893587,12.80256096350346,0.5684616352230479
terminal,349,-0.013320819469065288,-0.9999112688121121,0.00010134704992979693,6836.8536687706555,12.813179390903787,0.5745299648680108
terminal,350,-0.013320819469065288,-0.9999112688121121,0.00010134704992979693,7520.539035647727,12.81649958534188,0.5764406862899355
terminal,351,0.010764906249259522,0.999923637611583,0.006069245345543321,6153.168301893587,12.966347281810286,0.6696265339806193
terminal,352,0.010764906249259522,0.999923637611583,0.006069245345543321,6836.8536687706555,12.977388727182364,0.6770611476842913
terminal,353,0.010764906249259522,0.999923637611583,0.006069245345543321,7520.539035647727,12.98112655909273,0.6795966240876691
terminal,354,0.004594380142935664,0.9999522477579138,0.008625188403624603,6153.168301893587,13.13677995530857,0.7940550715703569
terminal,355,0.004594380142935664,0.9999522477579138,0.008625188403624603,6836.8536687706555,13.148236895055113,0.8032048266933731
terminal,356,0.004594380142935664,0.9999522477579138,0.008625188403624603,7520.539035647727,13.152386553760916,0.80654477763051
terminal,357,-0.001576148343798719,0.9999803398154056,0.006069245345543322,6153.168301893587,13.00297593779079,0.694608794160185
terminal,358,-0.001576148343798719,0.9999803398154056,0.006069245345543322,6836.8536687706555,13.01406042826172,0.7023510087006906
terminal,359,-0.001576148343798719,0.9999803398154056,0.006069245345543322,7520.539035647727,13.017854046179712,0.7050205204242402
terminal,360,0.0041320673104244116,-0.9999914578377745,0.00010134704992979693,6153.168301893587,12.857922884642171,0.6008202156895738
terminal,361,0.0041320673104244116,-0.9999914578377745,0.00010134704992979693,6836.8536687706555,12.86861613407309,0.6072794094558741
terminal,362,0.0041320673104244116,-0.9999914578377745,0.00010134704992979693,7520.539035647727,12.87202883471077,0.6093554126576478
terminal,363,0.0015761540906186217,-0.9999790890383038,0.006271939445402913,6153.168301893587,12.995839339404416,0.689669296729775
terminal,364,0.0015761540906186217,-0.9999790890383038,0.006271939445402913,6836.8536687706555,13.006905154201775,0.6973434314059064
terminal,365,0.0015761540906186217,-0.9999790890383038,0.006271939445402913,7520.539035647727,13.01068050767593,0.699981125332825
terminal,366,-0.004594372015705115,-0.999950478891973,0.008827882503484163,6153.168301893587,13.126622857116725,0.7860305979101855
terminal,367,-0.004594372015705115,-0.999950478891973,0.008827882503484163,6836.8536687706555,13.138053555992975,0.7950670249284214
terminal,368,-0.004594372015705115,-0.999950478891973,0.008827882503484163,7520.539035647727,13.142177712979597,0.7983527769755552
terminal,369,-0.010764900502439596,-0.9999223868344812,0.006271939445402913,6153.168301893587,12.959103903491728,0.6647936998161066
terminal,370,-0.010764900502439596,-0.9999223868344812,0.006271939445402913,6836.8536687706555,12.970126259102727,0.6721618248330921
terminal,371,-0.010764900502439596,-0.9999223868344812,0.006271939445402913,7520.539035647727,12.973845407942399,0.6746663491664805
terminal,372,-0.022046073480409233,-0.9997569506511162,0.00010133547282746852,6153.168301893587,11.16517308285963,0.11055862752043404
terminal,373,-0.022046073480409233,-0.9997569506511162,0.00010133547282746852,6836.8536687706555,11.170799779724849,0.11118246081789118
terminal,374,-0.022046073480409233,-0.9997569506511162,0.00010133547282746852,7520.539035647727,11.168997100909873,0.11098221509476676
terminal,375,0.016934441683484992,0.9997816873081258,0.012239379403617414,6153.168301893587,11.82053966648361,0.21291915287237057
terminal,376,0.016934441683484992,0.9997816873081258,0.012239379403617414,6836.8536687706555,11.828339825508786,0.2145864502631422
terminal,377,0.016934441683484992,0.9997816873081258,0.012239379403617414,7520.539035647727,11.82881506829714,0.21468845516273455
terminal,378,0.0045938593802906675,0.999838905422014,0.017351070874820275,6153.168301893587,12.484434211331735,0.4135618477103642
terminal,379,0.0045938593802906675,0.999838905422014,0.017351070874820275,6836.8536687706555,12.494140892463777,0.41759570671365365
terminal,380,0.0045938593802906675,0.999838905422014,0.017351070874820275,7520.539035647727,12.496564675629926,0.4186090957794064
terminal,381,-0.007746727683543649,0.9998950873976786,0.012239379403617414,6153.168301893587,11.928289848738077,0.23714285231379748
terminal,382,-0.007746727683543649,0.9998950873976786,0.012239379403617414,6836.8536687706555,11.93633337098399,0.2390580080953181
terminal,383,-0.007746727683543649,0.9998950873976786,0.012239379403617414,7520.539035647727,11.937085174666247,0.23923780036185305
terminal,384,0.012858370973670076,-0.9999173225957362,0.00010133547282746852,6153.168301893587,11.346551335076636,0.13254526348133247
terminal,385,0.012858370973670076,-0.9999173225957362,0.00010133547282746852,6836.8536687706555,11.35270024864544,0.13336278370522267
terminal,386,0.012858370973670076,-0.9999173225957362,0.00010133547282746852,7520.539035647727,11.351487068283287,0.1332010886974254
terminal,387,0.00774673917674593,-0.9998925859387265,0.012442050349272446,6153.168301893587,11.91399034960447,0.23377595812334312
terminal,388,0.00774673917674593,-0.9998925859387265,0.012442050349272446,6836.8536687706555,11.921990092842572,0.2356536061009583
terminal,389,0.00774673917674593,-0.9998925859387265,0.012442050349272446,7520.539035647727,11.922696947587168,0.23582023785579717
terminal,390,-0.004593843126448391,-0.9998353678248383,0.017553741820475467,6153.168301893587,12.464020289404495,0.40520501649767987
terminal,391,-0.004593843126448391,-0.9998353678248383,0.017553741820475467,6836.8536687706555,12.473669759600867,0.40913395583331325
terminal,392,-0.004593843126448391,-0.9998353678248383,0.017553741820475467,7520.539035647727,12.476036284883874,0.4101033282536906
terminal,393,-0.01693443019028292,-0.9997791858491737,0.012442050349272446,6153.168301893587,11.805803864889658,0.2098046223899387
terminal,394,-0.01693443019028292,-0.9997791858491737,0.012442050349272446,6836.8536687706555,11.813557789989007,0.211437755129474
terminal,395,-0.01693443019028292,-0.9997791858491737,0.012442050349272446,7520.539035647727,11.813985417674756,0.21152819110246474
terminal,396,-0.039490880487526386,-0.9992199257915267,0.00010128916882640625,6153.168301893587,4.76609482166625,0.00018386889267868142
terminal,397,-0.039490880487526386,-0.9992199257915267,0.00010128916882640625,6836.8536687706555,4.776155864156642,0.00018572814273402975
terminal,398,-0.039490880487526386,-0.9992199257915267,0.00010128916882640625,7520.539035647727,4.798485936010011,0.00018992211711166631
terminal,399,0.029269173946240786,0.9992693915705205,0.024576381482764968,6153.168301893587,6.924527067118182,0.0015918548844946346
terminal,400,0.029269173946240786,0.9992693915705205,0.024576381482764968,6836.8536687706555,6.89158733981871,0.0015402738156834316
terminal,401,0.029269173946240786,0.9992693915705205,0.024576381482764968,7520.539035647727,6.845118347294502,0.0014703363887384354
terminal,402,0.004591768400767475,0.9993838103691053,0.03479820735443048,6153.168301893587,9.818376596662986,0.02875321134197123
terminal,403,0.004591768400767475,0.9993838103691053,0.03479820735443048,6836.8536687706555,9.818006919237469,0.02874258389331193
terminal,404,0.004591768400767475,0.9993838103691053,0.03479820735443048,7520.539035647727,9.80969056056607,0.028504541451626897
terminal,405,-0.020085646664535908,0.9994961572068605,0.02457638148276497,6153.168301893587,7.464131221013478,0.002730552812741623
terminal,406,-0.020085646664535908,0.9994961572068605,0.02457638148276497,6836.8536687706555,7.441207594971435,0.002668670633009759
terminal,407,-0.020085646664535908,0.9994961572068605,0.02457638148276497,7520.539035647727,7.406829863758981,0.002578486830199967
terminal,408,0.03030737618872491,-0.9995406208299188,0.00010128916882640625,6153.168301893587,5.270060260810797,0.0003043530581383754
terminal,409,0.03030737618872491,-0.9995406208299188,0.00010128916882640625,6836.8536687706555,5.243392836040536,0.00029634401082184085
terminal,410,0.03030737618872491,-0.9995406208299188,0.00010128916882640625,7520.539035647727,5.221432363848964,0.0002899070939679686
terminal,411,0.020085669647439096,-0.999491155050925,0.0247789598204179,6153.168301893587,7.432630133881522,0.0026458781052457526
terminal,412,0.020085669647439096,-0.999491155050925,0.0247789598204179,6836.8536687706555,7.409193889306137,0.0025845896497079866
terminal,413,0.020085669647439096,-0.999491155050925,0.0247789598204179,7520.539035647727,7.374213155204853,0.0024957418468077434
terminal,414,-0.004591735898033902,-0.9993767362523402,0.035000785692083605,6153.168301893587,9.776034958773051,0.027561167902379925
terminal,415,-0.004591735898033902,-0.9993767362523402,0.035000785692083605,6836.8536687706555,9.775433342720053,0.02754459164810077
terminal,416,-0.004591735898033902,-0.9993767362523402,0.035000785692083605,7520.539035647727,9.766858254574183,0.02730940416462853
terminal,417,-0.02926915096333718,-0.9992643894145851,0.0247789598204179,6153.168301893587,6.890433590791128,0.0015384977510298247
terminal,418,-0.02926915096333718,-0.9992643894145851,0.0247789598204179,6836.8536687706555,6.85675720974232,0.0014875494073868368
terminal,419,-0.02926915096333718,-0.9992643894145851,0.0247789598204179,7520.539035647727,6.809408363550106,0.001418757128521927
terminal,420,-0.07433909639453762,-0.9972330161628326,0.00010110402334130076,6153.168301893587,3.0576598771563135,3.330768060973942e-05
terminal,421,-0.07433909639453762,-0.9972330161628326,0.00010110402334130076,6836.8536687706555,3.0567917531623148,3.3278777960374576e-05
terminal,422,-0.07433909639453762,-0.9972330161628326,0.00010110402334130076,7520.539035647727,3.05600292771554,3.3252537164546255e-05
terminal,423,0.05390813688685354,0.997331887454388,0.04922417133945616,6153.168301893587,3.408645970293128,4.731248018890211e-05
terminal,424,0.05390813688685354,0.997331887454388,0.04922417133945616,6836.8536687706555,3.40812195395704,4.728769417108864e-05
terminal,425,0.05390813688685354,0.997331887454388,0.04922417133945616,7520.539035647727,3.4078397812479273,4.727435275669672e-05
terminal,426,0.004583391413301406,0.9975605856498763,0.0696553693625145,6153.168301893587,4.219694707573482,0.0001064656981051063
terminal,427,0.004583391413301406,0.9975605856498763,0.0696553693625145,6836.8536687706555,4.225148847167814,0.00010704796331904111
terminal,428,0.004583391413301406,0.9975605856498763,0.0696553693625145,7520.539035647727,4.232207831750646,0.00010780628658898123
terminal,429,-0.044741373088312636,0.9977851424480705,0.04922417133945617,6153.168301893587,3.754064401583212,6.683270414594376e-05
terminal,430,-0.044741373088312636,0.9977851424480705,0.04922417133945617,6836.8536687706555,3.7533055949309,6.678201028129906e-05
terminal,431,-0.044741373088312636,0.9977851424480705,0.04922417133945617,7520.539035647727,3.7526422333572755,6.673772435228487e-05
terminal,432,0.06517237853380216,-0.9978740155221115,0.00010110402334130076,6153.168301893587,3.4761602826988884,5.061704740925039e-05
terminal,433,0.06517237853380216,-0.9978740155221115,0.00010110402334130076,6836.8536687706555,3.475059469256398,5.056135814041467e-05
terminal,434,0.06517237853380216,-0.9978740155221115,0.00010110402334130076,7520.539035647727,3.4739094166096622,5.0503243340607715e-05
terminal,435,0.04474141902611826,-0.997775144230556,0.0494263793861389,6153.168301893587,3.751599085538139,6.66681433386235e-05
terminal,436,0.04474141902611826,-0.997775144230556,0.0494263793861389,6836.8536687706555,3.7508327399349666,6.66170720717241e-05
terminal,437,0.04474141902611826,-0.997775144230556,0.0494263793861389,7520.539035647727,3.750159725535705,6.657225290664666e-05
terminal,438,-0.004583326447433735,-0.9975464460350677,0.06985757740919722,6153.168301893587,4.211215135747566,0.00010556673138400571
terminal,439,-0.004583326447433735,-0.9975464460350677,0.06985757740919722,6836.8536687706555,4.216493064665731,0.00010612537804021509
terminal,440,-0.004583326447433735,-0.9975464460350677,0.06985757740919722,7520.539035647727,4.223341485444142,0.00010685466366136128
terminal,441,-0.05390809094904785,-0.9973218892368736,0.0494263793861389,6153.168301893587,3.406643467472615,4.721783161252747e-05
terminal,442,-0.05390809094904785,-0.9973218892368736,0.0494263793861389,6836.8536687706555,3.406111722843944,4.719273045848342e-05
terminal,443,-0.05390809094904785,-0.9973218892368736,0.0494263793861389,7520.539035647727,3.4058190854985706,4.717892212363692e-05
