run_id,evaluation,theta_rad,phi_rad,log_k,n1,n2,n3,k_m_inv,log_gain
rate_5e3_T293__onset__start1,1,1.5707958300310227,-1.5756231351551035,10.844415565253392,-0.004826789617667796,-0.9999883509830202,4.967638738752442e-07,51247.16432640491,3.886664093665861
rate_5e3_T293__onset__start1,2,0.5999908074321633,-1.5756231351551035,10.844415565253392,-0.0027253738075336026,-0.5646283089762406,0.8253408053890466,51247.16432640491,3.7449497678366566
rate_5e3_T293__onset__start1,3,0.9708055193627332,-1.5756231351551035,10.844415565253392,-0.003983746430489918,-0.8253311909800922,0.5646348864175504,51247.16432640491,3.8124705082219585
rate_5e3_T293__onset__start1,4,1.1999816148643265,-1.5756231351551035,10.844415565253392,-0.0044987244265919935,-0.9320215665518119,0.3623748900804803,51247.16432640491,3.8540897834401964
rate_5e3_T293__onset__start1,5,1.3416202312933032,-1.5756231351551035,10.844415565253392,-0.0047005878754000216,-0.9738425517794259,0.22717523812546525,51247.16432640491,3.873500838650026
rate_5e3_T293__onset__start1,6,1.4291577103659199,-1.5756231351551035,10.844415565253392,-0.004778454191222386,-0.9899744769147816,0.1411655107767015,51247.16432640491,3.8815247915006066
rate_5e3_T293__onset__start1,7,1.4832588477222797,-1.5756231351551035,10.844415565253392,-0.004808308037468265,-0.9961594364515808,0.08742572471696057,51247.16432640491,3.8846843001522924
rate_5e3_T293__onset__start1,8,1.5166951894385368,-1.5756231351551035,10.844415565253392,-0.004819727495389783,-0.9985252584161968,0.0540747494838181,51247.16432640491,3.8859054015908514
rate_5e3_T293__onset__start1,9,1.5373599850786395,-1.5756231351551035,10.844415565253392,-0.004824091720312154,-0.999429415097786,0.03343011182110186,51247.16432640491,3.8863739355197433
rate_5e3_T293__onset__start1,10,1.5501315311547936,-1.5756231351551035,10.844415565253392,-0.004825759053237926,-0.9997748441790288,0.02066332491054402,51247.16432640491,3.886553209960501
rate_5e3_T293__onset__start1,11,1.5580247807187424,-1.5756231351551035,10.844415565253392,-0.004826395968425898,-0.9999067968471553,0.012771198879420183,51247.16432640491,3.8866217320976064
rate_5e3_T293__onset__start1,12,1.562903077230948,-1.5756231351551035,10.844415565253392,-0.004826639255774256,-0.9999571998134267,0.007893167601504682,51247.16432640491,3.8866479118538844
rate_5e3_T293__onset__start1,13,1.565918030282691,-1.5756231351551035,10.844415565253392,-0.004826732184351152,-0.9999764522569204,0.0048782771634600566,51247.16432640491,3.8866579125984244
rate_5e3_T293__onset__start1,14,1.5677813737431534,-1.5756231351551035,10.844415565253392,-0.004826767680066405,-0.9999838060685787,0.003014948484120609,51247.16432640491,3.886661732684111
rate_5e3_T293__onset__start1,15,1.568932983334434,-1.5756231351551035,10.844415565253392,-0.004826781238246142,-0.9999866149794431,0.0018633423821927916,51247.16432640491,3.8866631918475862
rate_5e3_T293__onset__start1,16,1.5696447172036159,-1.5756231351551035,10.844415565253392,-0.004826786417013326,-0.999987687888616,0.001151609336735768,51247.16432640491,3.886663749201445
rate_5e3_T293__onset__start1,17,1.5700845929257148,-1.5756231351551035,10.844415565253392,-0.004826788395126859,-0.9999880977035545,0.0007117338090919139,51247.16432640491,3.886663962092124
rate_5e3_T293__onset__start1,18,1.5703564510727976,-1.5756231351551035,10.844415565253392,-0.004826789150699067,-0.9999882542389468,0.00043987570791366947,51247.16432640491,3.8866640434091955
rate_5e3_T293__onset__start1,19,1.5705244686478135,-1.5756231351551035,10.844415565253392,-0.00482678943930198,-0.9999883140301482,0.0002718581437344463,51247.16432640491,3.8866640744695595
rate_5e3_T293__onset__start1,20,1.5706283092198807,-1.5756231351551035,10.844415565253392,-0.004826789549538485,-0.9999883368683553,0.00016801757422537424,51247.16432640491,3.8866640863335533
rate_5e3_T293__onset__start1,21,1.570694975889032,-1.5756231351551035,10.844415565253392,-0.004826789592877985,-0.9999883458472004,0.00010135090569104297,51247.16432640491,3.8866640909978933
rate_5e3_T293__onset__start1,22,1.570694975889032,-0.7416294238611401,10.844415565253392,0.737368874291191,-0.6754902907922036,0.00010135090569104297,51247.16432640491,3.7327938406428554
rate_5e3_T293__onset__start1,23,1.570694975889032,0.7416294238611394,10.844415565253392,0.7373688742911915,0.675490290792203,0.00010135090569104295,51247.16432640491,3.743134910241366
rate_5e3_T293__onset__start1,24,1.570694975889032,1.6583338058675128,10.844415565253392,-0.087425724267941,0.9961710357484903,0.00010135090569104297,51247.16432640491,3.8814523507739622
rate_5e3_T293__onset__start1,25,1.570694975889032,2.224888271583419,10.844415565253392,-0.6084388578539172,0.7936007472157615,0.00010135090569104297,51247.16432640491,3.7418773762719053
rate_5e3_T293__onset__start1,26,1.570694975889032,1.4816760210351505,10.844415565253392,0.08900238019430719,0.9960314081632877,0.00010135090569104295,51247.16432640491,3.8823872261792736
rate_5e3_T293__onset__start1,27,1.570694975889032,1.5574668231291937,10.844415565253392,0.013329108879339907,0.9999111583458186,0.00010135090569104295,51247.16432640491,3.886621565351361
rate_5e3_T293__onset__start1,28,1.570694975889032,1.5656410925238686,10.844415565253392,0.005155211409951771,0.9999867066733,0.00010135090569104295,51247.16432640491,3.8866640937456087
rate_5e3_T293__onset__start1,29,1.570694975889032,1.5658649931709052,10.844415565253392,0.004931313611951113,0.9999878358630442,0.00010135090569104297,51247.16432640491,3.886664106223366
rate_5e3_T293__onset__start1,30,1.570694975889032,1.5657982799084393,10.844415565253392,0.004998026051884444,0.9999875046537224,0.00010135090569104295,51247.16432640491,3.8866641089357863
rate_5e3_T293__onset__start1,31,1.570694975889032,1.5657315666469633,10.844415565253392,0.005064738468583403,0.999987168993802,0.00010135090569104295,51247.16432640491,3.886664106189921
rate_5e3_T293__onset__start1,32,1.570694975889032,1.5657982799084393,8.342310205260866,0.004998026051884444,0.9999875046537224,0.00010135090569104295,4197.776273049276,3.884219573227685
rate_5e3_T293__onset__start1,33,1.570694975889032,1.5657982799084393,9.973010023033673,0.004998026051884444,0.9999875046537224,0.00010135090569104295,21439.92298441949,3.886486728004289
rate_5e3_T293__onset__start1,34,1.570694975889032,1.5657982799084393,10.980837935865528,0.004998026051884444,0.9999875046537224,0.00010135090569104295,58737.752128584805,3.886680847606598
rate_5e3_T293__onset__start1,35,1.570694975889032,1.5657982799084393,10.689088384080193,0.004998026051884444,0.9999875046537224,0.00010135090569104295,43874.4920757552,3.886659108414124
rate_5e3_T293__onset__start1,36,1.570694975889032,1.5657982799084393,11.060864504453317,0.004998026051884444,0.9999875046537224,0.00010135090569104295,63631.53784283426,3.8866613355887454
rate_5e3_T293__onset__start1,37,1.570694975889032,1.5657982799084393,10.878474634026698,0.004998026051884444,0.9999875046537224,0.00010135090569104295,53022.6592415043,3.886664187214779
rate_5e3_T293__onset__start1,38,1.570694975889032,1.5657982799084393,10.96616269598012,0.004998026051884444,0.9999875046537224,0.00010135090569104295,57882.05565828783,3.8866711746573595
rate_5e3_T293__onset__start1,39,1.570694975889032,1.5657982799084393,11.01140536506304,0.004998026051884444,0.9999875046537224,0.00010135090569104295,60560.937291448674,3.8866596559799995
rate_5e3_T293__onset__start1,40,1.570694975889032,1.5657982799084393,10.992513654870272,0.004998026051884444,0.9999875046537224,0.00010135090569104295,59427.576880863366,3.8866587553668035
rate_5e3_T293__onset__start1,41,1.570694975889032,1.5657982799084393,10.97523249302236,0.004998026051884444,0.9999875046537224,0.00010135090569104295,58409.42209361833,3.8866844038124078
rate_5e3_T293__onset__start1,42,1.570694975889032,1.5657982799084393,10.975811085661286,0.004998026051884444,0.9999875046537224,0.00010135090569104295,58443.22713401628,3.886684433995535
rate_5e3_T293__onset__start1,43,1.570694975889032,1.5657982799084393,10.975712757939569,0.004998026051884444,0.9999875046537224,0.00010135090569104295,58437.48082715762,3.886684436447499
rate_5e3_T293__onset__start1,44,1.570694975889032,1.5657982799084393,10.97564608932545,0.004998026051884444,0.9999875046537224,0.00010135090569104295,58433.58501116403,3.8866844363598823
rate_5e3_T293__onset__start1,45,1.5706443856088648,3.141592653589793,11.041573828511932,-0.999999988456938,1.2246467850111793e-16,0.00015194118544722892,62415.806308815656,3.885666266356726
rate_5e3_T293__onset__start1,46,0.5999908074321633,1.5657982799084393,10.975712757939569,0.0028220598866118382,0.5646278340090544,0.8253408053890466,58437.48082715762,3.744805280884126
rate_5e3_T293__onset__start1,47,0.9708055193627332,1.5657982799084393,10.975712757939569,0.004125074868204141,0.8253304967087861,0.5646348864175504,58437.48082715762,3.8123750129814504
rate_5e3_T293__onset__start1,48,1.1999816148643265,1.5657982799084393,10.975712757939569,0.004658322359344674,0.9320207825322118,0.3623748900804803,58437.48082715762,3.85405408045262
rate_5e3_T293__onset__start1,49,1.3416202312933032,1.5657982799084393,10.975712757939569,0.004867347169034834,0.9738417325798758,0.22717523812546525,58437.48082715762,3.8734970180485275
rate_5e3_T293__onset__start1,50,1.4291577103659199,1.5657982799084393,10.975712757939569,0.0049479758907878335,0.989973644145003,0.14116551077670147,58437.48082715762,3.881535403479287
rate_5e3_T293__onset__start1,51,1.4832588477222797,1.5657982799084393,10.975712757939569,0.00497888883994684,0.996158598478994,0.08742572471696056,58437.48082715762,3.8847010235517216
rate_5e3_T293__onset__start1,52,1.5166951894385368,1.5657982799084393,10.975712757939569,0.004990713417565546,0.9985244184534728,0.0540747494838181,58437.48082715762,3.8859243923803852
rate_5e3_T293__onset__start1,53,1.5373599850786395,1.5657982799084393,10.975712757939569,0.00499523246888083,0.9994285743744825,0.03343011182110186,58437.48082715762,3.88639376863741
rate_5e3_T293__onset__start1,54,1.5501315311547936,1.5657982799084393,10.975712757939569,0.004996958952548664,0.9997740031651493,0.020663324910544022,58437.48082715762,3.8865733605139927
rate_5e3_T293__onset__start1,55,1.5580247807187424,1.5657982799084393,10.975712757939569,0.004997618463107613,0.9999059557222767,0.012771198879420183,58437.48082715762,3.8866420032251203
rate_5e3_T293__onset__start1,56,1.562903077230948,1.5657982799084393,10.975712757939569,0.004997870381382023,0.999956358646149,0.007893167601504682,58437.48082715762,3.8866682289353345
rate_5e3_T293__onset__start1,57,1.565918030282691,1.5657982799084393,10.975712757939569,0.0049979666067175915,0.9999756110734475,0.0048782771634600566,58437.48082715762,3.886678247217825
rate_5e3_T293__onset__start1,58,1.5677813737431534,1.5657982799084393,10.975712757939569,0.004998003361688189,0.9999829648789197,0.003014948484120609,58437.48082715762,3.8866820740002015
rate_5e3_T293__onset__start1,59,1.568932983334434,1.5657982799084393,10.975712757939569,0.004998017400861481,0.9999857737874212,0.0018633423821927913,58437.48082715762,3.886683535721286
rate_5e3_T293__onset__start1,60,1.5696447172036159,1.5657982799084393,10.975712757939569,0.004998022763351974,0.9999868466956916,0.001151609336735768,58437.48082715762,3.886684094052016
rate_5e3_T293__onset__start1,61,1.5700845929257148,1.5657982799084393,10.975712757939569,0.004998024811641583,0.9999872565102853,0.0007117338090919139,58437.48082715762,3.8866843073158055
rate_5e3_T293__onset__start1,62,1.5703564510727976,1.5657982799084393,10.975712757939569,0.004998025594018671,0.999987413045546,0.00043987570791366947,58437.48082715762,3.886684388775397
rate_5e3_T293__onset__start1,63,1.5705244686478135,1.5657982799084393,10.975712757939569,0.004998025892860136,0.9999874728366971,0.0002718581437344463,58437.48082715762,3.886684419890206
rate_5e3_T293__onset__start1,64,1.5706283092198807,1.5657982799084393,10.975712757939569,0.004998026007007421,0.999987495674885,0.00016801757422537424,58437.48082715762,3.88668443177499
rate_5e3_T293__onset__start1,65,1.5706949758875361,-0.7416294238611403,10.975712757939569,0.7373688742911907,-0.6754902907922036,0.00010135090718695746,58437.48082715762,3.7326724075506044
rate_5e3_T293__onset__start1,66,1.5706949758875361,0.7416294238611396,10.975712757939569,0.7373688742911911,0.6754902907922031,0.00010135090718695746,58437.48082715762,3.743014365140972
rate_5e3_T293__onset__start1,67,1.5706949758875361,1.658333805867513,10.975712757939569,-0.08742572426794121,0.9961710357484901,0.00010135090718695746,58437.48082715762,3.8814704865666054
rate_5e3_T293__onset__start1,68,1.5706949758875361,2.2248882715834193,10.975712757939569,-0.6084388578539173,0.793600747215761,0.00010135090718695746,58437.48082715762,3.741792163097209
rate_5e3_T293__onset__start1,69,1.5706949758875361,1.4817217836398473,10.975712757939569,0.08895679910953061,0.9960354801010757,0.00010135090718695747,58437.48082715762,3.8824095057624053
rate_5e3_T293__onset__start1,70,1.5706949758875361,1.5574442777811905,10.975712757939569,0.013351652220987607,0.9999108575822965,0.00010135090718695746,58437.48082715762,3.88664159571494
rate_5e3_T293__onset__start1,71,1.5706949758875361,1.5656457777193986,10.975712757939569,0.005150526276647056,0.999986730815498,0.00010135090718695746,58437.48082715762,3.886684421322345
rate_5e3_T293__onset__start1,72,1.5706949758875361,1.5658695132396314,10.975712757939569,0.004926793598157287,0.9999878581427051,0.00010135090718695747,58437.48082715762,3.8866844337346262
rate_5e3_T293__onset__start1,73,1.5706949758875361,1.5658028465719083,10.975712757939569,0.004993459445425456,0.9999875274675982,0.00010135090718695746,58437.48082715762,3.886684436460368
rate_5e3_T293__onset__start1,74,1.5706949758875361,1.5657361799051739,10.975712757939569,0.005060125269511719,0.9999871923481073,0.00010135090718695746,58437.48082715762,3.88668443373265
rate_5e3_T293__onset__start1,75,1.5706949758875361,1.5658028465719083,8.342310205260866,0.004993459445425456,0.9999875274675982,0.00010135090718695746,4197.776273049276,3.8842195721569683
rate_5e3_T293__onset__start1,76,1.5706949758875361,1.5658028465719083,9.973010023033673,0.004993459445425456,0.9999875274675982,0.00010135090718695746,21439.92298441949,3.88648672793668
rate_5e3_T293__onset__start1,77,1.5706949758875361,1.5658028465719083,10.980837935865528,0.004993459445425456,0.9999875274675982,0.00010135090718695746,58737.752128584805,3.886680847615606
rate_5e3_T293__onset__start1,78,1.5706949758875361,1.5658028465719083,10.68908837231691,0.004993459445425456,0.9999875274675982,0.00010135090718695746,43874.49155964711,3.8866591083918913
rate_5e3_T293__onset__start1,79,1.5706949758875361,1.5658028465719083,11.060864864052451,0.004993459445425456,0.9999875274675982,0.00010135090718695746,63631.56072468431,3.8866613349011008
rate_5e3_T293__onset__start1,80,1.5706949758875361,1.5658028465719083,10.878473678053032,0.004993459445425456,0.9999875274675982,0.00010135090718695746,53022.60855326257,3.8866641860638214
rate_5e3_T293__onset__start1,81,1.5706949758875361,1.5658028465719083,10.966163117800976,0.004993459445425456,0.9999875274675982,0.00010135090718695746,57882.080074151214,3.8866711755994543
rate_5e3_T293__onset__start1,82,1.5706949758875361,1.5658028465719083,11.011405502417686,0.004993459445425456,0.9999875274675982,0.00010135090718695746,60560.9456097754,3.8866596559764965
rate_5e3_T293__onset__start1,83,1.5706949758875361,1.5658028465719083,10.992513707335078,0.004993459445425456,0.9999875274675982,0.00010135090718695746,59427.579998719724,3.88665875526003
rate_5e3_T293__onset__start1,84,1.5706949758875361,1.5658028465719083,10.975232654143591,0.004993459445425456,0.9999875274675982,0.00010135090718695746,58409.43150461702,3.886684403849232
rate_5e3_T293__onset__start1,85,1.5706949758875361,1.5658028465719083,10.975811111961798,0.004993459445425456,0.9999875274675982,0.00010135090718695746,58443.22867110309,3.8866844340072526
rate_5e3_T293__onset__start1,86,1.5706949758875361,1.5658028465719083,10.975712738510941,0.004993459445425456,0.9999875274675982,0.00010135090718695746,58437.47969179758,3.8866844364605604
rate_5e3_T293__onset__start1,87,1.5706949758875361,1.5658028465719083,10.975646071844274,0.004993459445425456,0.9999875274675982,0.00010135090718695746,58433.58398967628,3.886684436372587
rate_5e3_T293__onset__start2,1,1.5706949758875361,1.5658013345006918,11.18230883208749,0.0049949714977768475,0.9999875199159888,0.00010135090718695746,71848.05580700038,3.8866517282521227
rate_5e3_T293__onset__start2,2,0.5999908074321633,1.5658013345006918,11.18230883208749,0.0028203351787913816,0.5646278426266624,0.8253408053890466,71848.05580700038,3.744483577926049
rate_5e3_T293__onset__start2,3,0.9708055193627332,1.5658013345006918,11.18230883208749,0.004122553820043925,0.8253305093053576,0.5646348864175504,71848.05580700038,3.812208354414995
rate_5e3_T293__onset__start2,4,1.1999816148643265,1.5658013345006918,11.18230883208749,0.00465547541586148,0.932020796757139,0.36237489008048024,71848.05580700038,3.8539703458624035
rate_5e3_T293__onset__start2,5,1.3416202312933032,1.5658013345006918,11.18230883208749,0.004864372479600658,0.9738417474430935,0.22717523812546522,71848.05580700038,3.8734430434697464
rate_5e3_T293__onset__start2,6,1.4291577103659199,1.5658013345006918,11.18230883208749,0.004944951924941199,0.9899736592544334,0.14116551077670147,71848.05580700038,3.881494525210265
rate_5e3_T293__onset__start2,7,1.4832588477222797,1.5658013345006918,11.18230883208749,0.0049758459815864705,0.996158613682822,0.08742572471696056,71848.05580700038,3.8846652170338016
rate_5e3_T293__onset__start2,8,1.5166951894385368,1.5658013345006918,11.18230883208749,0.004987663332589757,0.998524433693409,0.0540747494838181,71848.05580700038,3.8858905048347108
rate_5e3_T293__onset__start2,9,1.5373599850786395,1.5658013345006918,11.18230883208749,0.004992179622077347,0.9994285896282183,0.03343011182110186,71848.05580700038,3.886360610546618
rate_5e3_T293__onset__start2,10,1.5501315311547936,1.5658013345006918,11.18230883208749,0.004993905050601066,0.9997740184241571,0.02066332491054402,71848.05580700038,3.886540480556773
rate_5e3_T293__onset__start2,11,1.5580247807187424,1.5658013345006918,11.18230883208749,0.004994564158098752,0.9999059709832985,0.012771198879420182,71848.05580700038,3.886609229436611
rate_5e3_T293__onset__start2,12,1.562903077230948,1.5658013345006918,11.18230883208749,0.004994815922412781,0.99995637390794,0.007893167601504682,71848.05580700038,3.8866354956898217
rate_5e3_T293__onset__start2,13,1.565918030282691,1.5658013345006918,11.18230883208749,0.004994912088940034,0.9999756263355324,0.0048782771634600566,71848.05580700038,3.886645529456932
rate_5e3_T293__onset__start2,14,1.5677813737431534,1.5658013345006918,11.18230883208749,0.004994948821447754,0.9999829801411169,0.003014948484120609,71848.05580700038,3.8866493621537166
rate_5e3_T293__onset__start2,15,1.568932983334434,1.5658013345006918,11.18230883208749,0.0049949628520409755,0.9999857890496612,0.0018633423821927913,71848.05580700038,3.8866508261338657
rate_5e3_T293__onset__start2,16,1.5696447172036159,1.5658013345006918,11.18230883208749,0.004994968211254172,0.9999868619579481,0.001151609336735768,71848.05580700038,3.886651385327479
rate_5e3_T293__onset__start2,17,1.5700845929257148,1.5658013345006918,11.18230883208749,0.004994970258291965,0.999987271772548,0.0007117338090919139,71848.05580700038,3.886651598920863
rate_5e3_T293__onset__start2,18,1.5703564510727976,1.5658013345006918,11.18230883208749,0.004994971040190899,0.999987428307811,0.0004398757079136694,71848.05580700038,3.886651680506333
rate_5e3_T293__onset__start2,19,1.5705244686478135,1.5658013345006918,11.18230883208749,0.004994971338849728,0.9999874880989631,0.0002718581437344463,71848.05580700038,3.8866517116692205
rate_5e3_T293__onset__start2,20,1.5706283092198807,1.5658013345006918,11.18230883208749,0.00499497145292725,0.9999875109371512,0.00016801757422537421,71848.05580700038,3.886651723572385
rate_5e3_T293__onset__start2,21,1.5706949758875361,-0.7416294238611398,11.18230883208749,0.7373688742911911,-0.6754902907922034,0.00010135090718695747,71848.05580700038,3.7324098171801605
rate_5e3_T293__onset__start2,22,1.5706949758875361,0.7416294238611396,11.18230883208749,0.7373688742911911,0.6754902907922031,0.00010135090718695746,71848.05580700038,3.7427491551876657
rate_5e3_T293__onset__start2,23,1.5706949758875361,1.658333805867513,11.18230883208749,-0.08742572426794121,0.9961710357484901,0.00010135090718695746,71848.05580700038,3.8814341515449087
rate_5e3_T293__onset__start2,24,1.5706949758875361,2.2248882715834193,11.18230883208749,-0.6084388578539173,0.793600747215761,0.00010135090718695746,71848.05580700038,3.741602077289861
rate_5e3_T293__onset__start2,25,1.5706949758875361,1.4818181492952516,11.18230883208749,0.0888608150847918,0.9960440478565494,0.00010135090718695746,71848.05580700038,3.8823826246223816
rate_5e3_T293__onset__start2,26,1.5706949758875361,1.5573820312594426,11.18230883208749,0.013413893168023529,0.9999100245512446,0.00010135090718695746,71848.05580700038,3.886608168212954
rate_5e3_T293__onset__start2,27,1.5706949758875361,1.5656509945210386,11.18230883208749,0.005145309544159691,0.9999867576711646,0.00010135090718695747,71848.05580700038,3.8866517132957585
rate_5e3_T293__onset__start2,28,1.5706949758875361,1.5658742195092785,11.18230883208749,0.0049220873855984944,0.99998788131845,0.00010135090718695747,71848.05580700038,3.8866517255134005
rate_5e3_T293__onset__start2,29,1.5706949758875361,1.5658072017464004,11.18230883208749,0.0049891043252060134,0.9999875492055018,0.00010135090718695746,71848.05580700038,3.8866517282730864
rate_5e3_T293__onset__start2,30,1.5706949758875361,1.5657405350796467,11.18230883208749,0.005055770150770467,0.9999872143763521,0.00010135090718695747,71848.05580700038,3.886651725546158
rate_5e3_T293__onset__start2,31,1.5706949758875361,1.5658072017464004,8.342310205260866,0.0049891043252060134,0.9999875492055018,0.00010135090718695746,4197.776273049276,3.8842195711129577
rate_5e3_T293__onset__start2,32,1.5706949758875361,1.5658072017464004,9.973010023033673,0.0049891043252060134,0.9999875492055018,0.00010135090718695746,21439.92298441949,3.8864867278485598
rate_5e3_T293__onset__start2,33,1.5706949758875361,1.5658072017464004,10.980837935865528,0.0049891043252060134,0.9999875492055018,0.00010135090718695746,58737.752128584805,3.8866808476003603
rate_5e3_T293__onset__start2,34,1.5706949758875361,1.5658072017464004,10.689088360934926,0.0049891043252060134,0.9999875492055018,0.00010135090718695746,43874.49106026838,3.8866591083467186
rate_5e3_T293__onset__start2,35,1.5706949758875361,1.5658072017464004,11.060865209284072,0.0049891043252060134,0.9999875492055018,0.00010135090718695746,63631.58269231496,3.8866613342170053
rate_5e3_T293__onset__start2,36,1.5706949758875361,1.5658072017464004,10.878472760128492,0.0049891043252060134,0.9999875492055018,0.00010135090718695746,53022.55988253134,3.8866641849350145
rate_5e3_T293__onset__start2,37,1.5706949758875361,1.5658072017464004,10.96616352252065,0.0049891043252060134,0.9999875492055018,0.00010135090718695746,57882.103500172576,3.8866711764794224
rate_5e3_T293__onset__start2,38,1.5706949758875361,1.5658072017464004,11.011405634284431,0.0049891043252060134,0.9999875492055018,0.00010135090718695746,60560.9535957507,3.886659655949222
rate_5e3_T293__onset__start2,39,1.5706949758875361,1.5658072017464004,10.992513757703692,0.0049891043252060134,0.9999875492055018,0.00010135090718695746,59427.58299200465,3.8866587551336713
rate_5e3_T293__onset__start2,40,1.5706949758875361,1.5658072017464004,10.97523280873275,0.0049891043252060134,0.9999875492055018,0.00010135090718695746,58409.440534082634,3.886684403860622
rate_5e3_T293__onset__start2,41,1.5706949758875361,1.5658072017464004,10.975811137214531,0.0049891043252060134,0.9999875492055018,0.00010135090718695746,58443.230146954375,3.8866844339945796
rate_5e3_T293__onset__start2,42,1.5706949758875361,1.5658072017464004,10.975712719978132,0.0049891043252060134,0.9999875492055018,0.00010135090718695746,58437.478608786936,3.8866844364491517
rate_5e3_T293__onset__start2,43,1.5706949758875361,1.5658072017464004,10.97564605024715,0.0049891043252060134,0.9999875492055018,0.00010135090718695746,58433.58272767893,3.8866844363608237
rate_5e3_T293__onset__start2,44,1.5706949758875361,1.565813068992109,10.769116607868774,0.0049832371524634305,0.9999875784605906,0.00010135090718695746,47530.011324533334,3.886664104670199
rate_5e3_T293__onset__start2,45,1.5706949758875361,1.5658356780959095,9.973010023033675,0.0049606283282311115,0.999987690871534,0.00010135090718695746,21439.922984419525,3.8864867267001673
rate_5e3_T293__onset__start2,46,1.5706949758875361,1.5658819893086917,8.342310205260866,0.00491431768019653,0.999987919531897,0.00010135090718695746,4197.776273049276,3.884219549704357
rate_5e3_T293__onset__start2,47,1.5706949758875361,1.56580705619235,10.98083793586553,0.004989249877444065,0.9999875484793069,0.00010135090718695746,58737.75212858491,3.8866808476012356
rate_5e3_T293__onset__start2,48,1.5706949758875361,1.5658153417829264,10.689087618149985,0.004980964389864797,0.9999875897838636,0.00010135090718695746,43874.45847096923,3.8866591075633483
rate_5e3_T293__onset__start2,49,1.5706949758875361,1.5658047831785953,11.06087477560826,0.004991522862883469,0.99998753713609,0.00010135090718695746,63632.1914155752,3.8866613155886114
rate_5e3_T293__onset__start2,50,1.5706949758875361,1.565809964056186,10.878446900460835,0.004986342049794358,0.9999875629831384,0.00010135090718695746,53021.188754482995,3.886664153656771
rate_5e3_T293__onset__start2,51,1.5706949758875361,1.565807472615389,10.966174943186875,0.004988833459589792,0.9999875505568588,0.00010135090718695746,57882.76455613185,3.8866712015453335
rate_5e3_T293__onset__start2,52,1.5706949758875361,1.5658061879783525,11.011409288295123,0.004990118080629184,0.9999875441471934,0.00010135090718695746,60561.17488652697,3.8866596556619357
rate_5e3_T293__onset__start2,53,1.5706949758875361,1.5658067245641125,10.992515153411583,0.0049895815015520515,0.9999875468246757,0.00010135090718695746,59427.66593560903,3.8866587522648377
rate_5e3_T293__onset__start2,54,1.5706949758875361,1.5658072152517972,10.975237171039074,0.0049890908199773645,0.9999875492728816,0.00010135090718695746,58409.69533451022,3.8866844044937783
rate_5e3_T293__onset__start2,55,1.5706949758875361,1.5658071989294606,10.975811909416318,0.0049891071421107325,0.9999875491914478,0.00010135090718695746,58443.275276938555,3.8866844339631883
rate_5e3_T293__onset__start2,56,1.5706949758875361,1.5658072017589457,10.97571227823314,0.004989104312660871,0.9999875492055644,0.00010135090718695746,58437.45279432908,3.886684436453232
rate_5e3_T293__onset__start2,57,1.5706949758875361,1.565807202554997,10.975684247859041,0.004989103516619558,0.999987549209536,0.00010135090718695746,58435.8147936229,3.886684436584965
rate_5e3_T293__onset__start2,58,1.5706949758875361,1.5658072029461467,10.97567047478448,0.004989103125474649,0.9999875492114875,0.00010135090718695746,58435.00995833121,3.8866844365578572
rate_5e3_T293__onset__start2,59,1.5706949758875361,1.5658072021638474,10.975698020933605,0.004989103907764246,0.9999875492075845,0.00010135090718695746,58436.61963999982,3.8866844365515347
rate_5e3_T293__onset__start2,60,0.5999908074321633,1.565807202554997,10.975684247859041,0.0028170219119001178,0.5646278591668212,0.8253408053890466,58435.8147936229,3.7448052513504955
rate_5e3_T293__onset__start2,61,0.9708055193627332,1.565807202554997,10.975684247859041,0.004117710735724685,0.8253305334825175,0.5646348864175504,58435.8147936229,3.8123749746679247
rate_5e3_T293__onset__start2,62,1.1999816148643265,1.565807202554997,10.975684247859041,0.004650006267132471,0.932020824059675,0.36237489008048024,58435.8147936229,3.8540540843839923
rate_5e3_T293__onset__start2,63,1.3416202312933032,1.565807202554997,10.975684247859041,0.004858657923258337,0.9738417759707287,0.22717523812546522,58435.8147936229,3.8734970533653788
rate_5e3_T293__onset__start2,64,1.4291577103659199,1.565807202554997,10.975684247859041,0.004939142705662936,0.9899736882546355,0.1411655107767015,58435.8147936229,3.881535424083864
rate_5e3_T293__onset__start2,65,1.4832588477222797,1.565807202554997,10.975684247859041,0.004970000468659215,0.9961586428642055,0.08742572471696056,58435.8147936229,3.8847010327063507
rate_5e3_T293__onset__start2,66,1.5166951894385368,1.565807202554997,10.975684247859041,0.004981803936901999,0.9985244629440967,0.054074749483818095,58435.8147936229,3.8859243961189067
rate_5e3_T293__onset__start2,67,1.5373599850786395,1.565807202554997,10.975684247859041,0.004986314920753386,0.9994286189053923,0.03343011182110185,58435.8147936229,3.886393770171408
rate_5e3_T293__onset__start2,68,1.5501315311547936,1.565807202554997,10.975684247859041,0.004988038322282142,0.9997740477114501,0.02066332491054402,58435.8147936229,3.8865733611878226
rate_5e3_T293__onset__start2,69,1.5580247807187424,1.565807202554997,10.975684247859041,0.004988696655475034,0.9999060002744568,0.012771198879420182,58435.8147936229,3.886642003567881
rate_5e3_T293__onset__start2,70,1.562903077230948,1.565807202554997,10.975684247859041,0.00498894812402196,0.9999564032005748,0.00789316760150468,58435.8147936229,3.886668229151254
rate_5e3_T293__onset__start2,71,1.565918030282691,1.565807202554997,10.975684247859041,0.0049890441775749216,0.9999756556287313,0.0048782771634600566,58435.8147936229,3.886678247385243
rate_5e3_T293__onset__start2,72,1.5677813737431534,1.565807202554997,10.975684247859041,0.004989080866930109,0.999983009434531,0.0030149484841206086,58435.8147936229,3.886682074149096
rate_5e3_T293__onset__start2,73,1.568932983334434,1.565807202554997,10.975684247859041,0.004989094881040503,0.9999858183431577,0.0018633423821927913,58435.8147936229,3.886683535863102
rate_5e3_T293__onset__start2,74,1.5696447172036159,1.565807202554997,10.975684247859041,0.004989100233957815,0.9999868912514759,0.0011516093367357678,58435.8147936229,3.886684094191119
rate_5e3_T293__onset__start2,75,1.5700845929257148,1.565807202554997,10.975684247859041,0.004989102278590794,0.9999873010660879,0.0007117338090919139,58435.8147936229,3.8866843074538844
rate_5e3_T293__onset__start2,76,1.5703564510727976,1.565807202554997,10.975684247859041,0.004989103059571172,0.9999874576013554,0.0004398757079136694,58435.8147936229,3.886684388913094
rate_5e3_T293__onset__start2,77,1.5705244686478135,1.565807202554997,10.975684247859041,0.004989103357879142,0.9999875173925094,0.0002718581437344463,58435.8147936229,3.88668442002773
rate_5e3_T293__onset__start2,78,1.5706283092198807,1.565807202554997,10.975684247859041,0.0049891034718226495,0.9999875402306982,0.00016801757422537424,58435.8147936229,3.8866844319124665
rate_5e3_T293__onset__start2,79,1.5706949758875361,-0.7416294238611403,10.975684247859041,0.7373688742911907,-0.6754902907922036,0.00010135090718695746,58435.8147936229,3.7326724403288463
rate_5e3_T293__onset__start2,80,1.5706949758875361,0.7416294238611396,10.975684247859041,0.7373688742911911,0.6754902907922031,0.00010135090718695746,58435.8147936229,3.743014406840853
rate_5e3_T293__onset__start2,81,1.5706949758875361,1.658333805867513,10.975684247859041,-0.08742572426794121,0.9961710357484901,0.00010135090718695746,58435.8147936229,3.8814704877385493
rate_5e3_T293__onset__start2,82,1.5706949758875361,2.2248882715834193,10.975684247859041,-0.6084388578539173,0.793600747215761,0.00010135090718695746,58435.8147936229,3.741792186785312
rate_5e3_T293__onset__start2,83,1.5706949758875361,1.4817217606633266,10.975684247859041,0.0889568219949604,0.9960354780571578,0.00010135090718695746,58435.8147936229,3.882409503731107
rate_5e3_T293__onset__start2,84,1.5706949758875361,1.5574443061728847,10.975684247859041,0.0133516238318244,0.9999108579613721,0.00010135090718695746,58435.8147936229,3.886641596100486
rate_5e3_T293__onset__start2,85,1.5706949758875361,1.5656457812052178,10.975684247859041,0.005150522790874121,0.9999867308334518,0.00010135090718695746,58435.8147936229,3.886684421458285
rate_5e3_T293__onset__start2,86,1.5706949758875361,1.565869517737024,10.975684247859041,0.004926789100819214,0.9999878581648628,0.00010135090718695747,58435.8147936229,3.8866844338707804
rate_5e3_T293__onset__start2,87,1.5706949758875361,1.5658028510694333,10.975684247859041,0.004993454947956532,0.9999875274900565,0.00010135090718695746,58435.8147936229,3.8866844365965068
rate_5e3_T293__onset__start2,88,1.5706949758875361,1.565736184402702,10.975684247859041,0.005060120772041194,0.9999871923708653,0.00010135090718695746,58435.8147936229,3.8866844338687825
rate_5e3_T293__onset__start2,89,1.5706949758875361,1.5658313266103459,9.973010023033675,0.004964979760184795,0.9999876692759639,0.00010135090718695746,21439.922984419525,3.8864867269398107
rate_5e3_T293__onset__start2,90,1.5706949758875361,1.565877637823128,8.342310205260866,0.004918669113145665,0.999987898137847,0.00010135090718695746,4197.776273049276,3.8842195511302506
rate_5e3_T293__onset__start2,91,1.5706949758875361,1.5658027047067862,10.98083793586553,0.004993601308778082,0.9999875267591904,0.00010135090718695746,58737.75212858491,3.886680847615716
rate_5e3_T293__onset__start2,92,1.5706949758875361,1.5658109903018158,10.689087461345183,0.004985315816925357,0.9999875680998236,0.00010135090718695746,43874.45159124399,3.8866591075035233
rate_5e3_T293__onset__start2,93,1.5706949758875361,1.5658004316543845,11.060876136434022,0.004995874332814486,0.9999875154058897,0.00010135090718695747,63632.27800795945,3.8866613129354306
rate_5e3_T293__onset__start2,94,1.5706949758875361,1.5658056126781974,10.878443112554182,0.004990693373617575,0.9999875412762121,0.00010135090718695746,53020.987915549726,3.8866641491232263
rate_5e3_T293__onset__start2,95,1.5706949758875361,1.5658031210822805,10.966176617328157,0.0049931849384768955,0.999987528838317,0.00010135090718695746,57882.86146013865,3.8866712052299315
rate_5e3_T293__onset__start2,96,1.5706949758875361,1.565801836478027,11.011409808084313,0.004994469526705683,0.9999875224232253,0.00010135090718695746,60561.20636557916,3.8866596556312314
rate_5e3_T293__onset__start2,97,1.5706949758875361,1.5658023730729103,10.992515351953386,0.004993932938517175,0.9999875251030881,0.00010135090718695746,59427.67773448618,3.8866587518763787
rate_5e3_T293__onset__start2,98,1.5706949758875361,1.565802863748073,10.975237810504142,0.0049934422694749726,0.9999875275533666,0.00010135090718695746,58409.73268548194,3.8866844045973084
rate_5e3_T293__onset__start2,99,1.5706949758875361,1.5658028474406422,10.975812024014653,0.004993458576702318,0.9999875274719363,0.00010135090718695746,58443.28197444094,3.88668443397015
rate_5e3_T293__onset__start2,100,1.5706949758875361,1.5658028502751549,10.975712215811107,0.004993455742225047,0.9999875274860903,0.00010135090718695746,58437.44914654465,3.886684436465358
rate_5e3_T293__onset__start2,101,1.5706949758875361,1.5658028510693838,10.97568424960196,0.004993454948006047,0.9999875274900563,0.00010135090718695746,58435.814895471776,3.886684436596509
rate_5e3_T293__onset__start2,102,1.5706949758875361,1.5658028510912034,10.975683481291926,0.004993454926186662,0.9999875274901652,0.00010135090718695746,58435.76999866608,3.8866844365965916
rate_5e3_T293__onset__start2,103,1.5706949758875361,1.565802851089867,10.975683528350345,0.004993454927523132,0.9999875274901585,0.00010135090718695746,58435.77274856111,3.8866844365965876
rate_5e3_T293__onset__start2,104,1.5706949758875361,1.5658028559256973,10.975513250198786,0.004993450091753044,0.999987527514306,0.00010135090718695746,58425.823260306825,3.886684431953392
rate_5e3_T293__onset__start2,105,1.5706949758875361,1.565802851129064,10.975682148156658,0.004993454888326532,0.9999875274903542,0.00010135090718695746,58435.69209593211,3.8866844365962803
rate_5e3_T293__onset__start2,106,1.5706949758875361,1.565802851105665,10.975682972079564,0.004993454911725299,0.9999875274902374,0.00010135090718695746,58435.740242457236,3.886684436596542
rate_5e3_T293__onset__start2,107,1.5706949758875361,1.565802851094209,10.975683375458397,0.004993454923181104,0.9999875274901802,0.00010135090718695746,58435.76381420267,3.886684436596588
rate_5e3_T293__onset__start2,108,1.5706949758875361,1.5658028510920914,10.975683450030603,0.004993454925298717,0.9999875274901696,0.00010135090718695746,58435.76817188666,3.88668443659658
rate_5e3_T293__onset__start2,109,1.5706949758875361,1.5658028510911495,10.975683483190078,0.0049934549262406185,0.999987527490165,0.00010135090718695746,58435.7701095861,3.886684436596597
rate_5e3_T293__onset__start2,110,1.5706949758875361,1.5658028510906596,10.975683500439764,0.004993454926730443,0.9999875274901625,0.00010135090718695746,58435.771117584794,3.8866844365965902
rate_5e3_T293__onset__start2,111,1.5706949758875361,1.5658028510909374,10.975683490657266,0.0049934549264526685,0.9999875274901638,0.00010135090718695746,58435.77054593696,3.886684436596598
rate_5e3_T293__onset__start2,112,1.5706949758875361,1.5658028510910376,10.975683487130837,0.004993454926352527,0.9999875274901644,0.00010135090718695746,58435.77033986737,3.886684436596595
rate_5e3_T293__onset__start2,113,1.5706949758875361,1.5658028510908315,10.975683494393849,0.004993454926558582,0.9999875274901633,0.00010135090718695746,58435.770764287045,3.8866844365965942
rate_5e3_T293__terminal__start1,1,1.570796149831126,1.5663851461515081,8.952089305379884,0.004411166337565115,0.9999902707584265,1.7696377058745981e-07,7724.0128359970095,13.453215432900532
rate_5e3_T293__terminal__start1,2,0.5999908074321633,1.5663851461515081,8.952089305379884,0.002490698403980038,0.5646293929483482,0.8253408053890466,7724.0128359970095,0.9196403180979517
rate_5e3_T293__terminal__start1,3,0.9708055193627332,1.5663851461515081,8.952089305379884,0.0036407155777510992,0.8253327754489833,0.5646348864175504,7724.0128359970095,1.3424556643514103
rate_5e3_T293__terminal__start1,4,1.1999816148643265,1.5663851461515081,8.952089305379884,0.004111350053444196,0.9320233558446365,0.36237489008048024,7724.0128359970095,1.8147549071966167
rate_5e3_T293__terminal__start1,5,1.3416202312933032,1.5663851461515081,8.952089305379884,0.004295831524711827,0.9738444213600802,0.22717523812546525,7724.0128359970095,2.32750174417018
rate_5e3_T293__terminal__start1,6,1.4291577103659199,1.5663851461515081,8.952089305379884,0.004366992958789775,0.9899763774654681,0.1411655107767015,7724.0128359970095,2.9092015243563383
rate_5e3_T293__terminal__start1,7,1.4832588477222797,1.5663851461515081,8.952089305379884,0.004394276161920199,0.9961613488761382,0.08742572471696057,7724.0128359970095,3.675979781307428
rate_5e3_T293__terminal__start1,8,1.5166951894385368,1.5663851461515081,8.952089305379884,0.0044047123177021405,0.9985271753826536,0.0540747494838181,7724.0128359970095,5.2091043972932525
rate_5e3_T293__terminal__start1,9,1.5373599850786395,1.5663851461515081,8.952089305379884,0.004408700749681162,0.9994313338000408,0.03343011182110186,7724.0128359970095,10.054269646312893
rate_5e3_T293__terminal__start1,10,1.5501315311547936,1.5663851461515081,8.952089305379884,0.0044102245125666965,0.9997767635444375,0.02066332491054402,7724.0128359970095,12.177073727425539
rate_5e3_T293__terminal__start1,11,1.5580247807187424,1.5663851461515081,8.952089305379884,0.004410806584515053,0.9999087164658863,0.012771198879420182,7724.0128359970095,12.967866559777613
rate_5e3_T293__terminal__start1,12,1.562903077230948,1.5663851461515081,8.952089305379884,0.004411028922973208,0.9999591195289212,0.007893167601504682,7724.0128359970095,13.268094399298647
rate_5e3_T293__terminal__start1,13,1.565918030282691,1.5663851461515081,8.952089305379884,0.0044111138496931756,0.9999783720093758,0.0048782771634600566,7724.0128359970095,13.38254235910681
rate_5e3_T293__terminal__start1,14,1.5677813737431534,1.5663851461515081,8.952089305379884,0.0044111462889575015,0.9999857258351519,0.003014948484120609,7724.0128359970095,13.4262259996837
rate_5e3_T293__terminal__start1,15,1.568932983334434,1.5663851461515081,8.952089305379884,0.004411158679674892,0.9999885347514088,0.0018633423821927916,7724.0128359970095,13.442907151504976
rate_5e3_T293__terminal__start1,16,1.5696447172036159,1.5663851461515081,8.952089305379884,0.004411163412510852,0.9999896076626416,0.001151609336735768,7724.0128359970095,13.449278131097024
rate_5e3_T293__terminal__start1,17,1.5700845929257148,1.5663851461515081,8.952089305379884,0.004411165220293772,0.9999900174783668,0.000711733809091914,7724.0128359970095,13.451711533707693
rate_5e3_T293__terminal__start1,18,1.5703564510727976,1.5663851461515081,8.952089305379884,0.004411165910805468,0.9999901740140595,0.00043987570791366947,7724.0128359970095,13.4526409969491
rate_5e3_T293__terminal__start1,19,1.5705244686478135,1.5663851461515081,8.952089305379884,0.004411166174557476,0.9999902338053758,0.0002718581437344463,7724.0128359970095,13.452996018291854
rate_5e3_T293__terminal__start1,20,1.5706283092198807,1.5663851461515081,8.952089305379884,0.00441116627530178,0.9999902566436267,0.00016801757422537424,7724.0128359970095,13.45313162409156
rate_5e3_T293__terminal__start1,21,1.570694975889037,1.5663851461515081,8.952089305379884,0.004411166314909421,0.999990265622489,0.00010135090568615798,7724.0128359970095,13.453184937481643
rate_5e3_T293__terminal__start1,22,1.570694975889037,-0.7416294238611401,8.952089305379884,0.737368874291191,-0.6754902907922036,0.00010135090568615798,7724.0128359970095,1.26898631149326
rate_5e3_T293__terminal__start1,23,1.570694975889037,0.7416294238611396,8.952089305379884,0.7373688742911914,0.6754902907922032,0.00010135090568615798,7724.0128359970095,1.163102591819979
rate_5e3_T293__terminal__start1,24,1.570694975889037,-1.6583338058675134,8.952089305379884,-0.08742572426794165,-0.9961710357484902,0.00010135090568615798,7724.0128359970095,2.7989278312668215
rate_5e3_T293__terminal__start1,25,1.570694975889037,-2.2248882715834197,8.952089305379884,-0.6084388578539178,-0.7936007472157609,0.00010135090568615798,7724.0128359970095,2.0119846566170776
rate_5e3_T293__terminal__start1,26,1.570694975889037,-1.604744927086744,8.952089305379884,-0.033942079490760106,-0.9994237964786694,0.00010135090568615797,7724.0128359970095,6.452860846771402
rate_5e3_T293__terminal__start1,27,1.570694975889037,-1.2750641410715327,8.952089305379884,0.29144032750067933,-0.9565890053906593,0.00010135090568615797,7724.0128359970095,1.921826653361431
rate_5e3_T293__terminal__start1,28,1.570694975889037,-1.4788180722667144,8.952089305379884,0.09184861957573333,-0.9957729765413531,0.00010135090568615797,7724.0128359970095,2.9950427980558687
rate_5e3_T293__terminal__start1,29,1.570694975889037,-1.5675506994665187,8.952089305379884,0.0032456216134193424,-0.9999947278202703,0.00010135090568615797,7724.0128359970095,13.034681991839864
rate_5e3_T293__terminal__start1,30,1.570694975889037,-1.5477411386852493,8.952089305379884,0.023053145579886154,-0.999734235788125,0.00010135090568615797,7724.0128359970095,7.974068010333149
rate_5e3_T293__terminal__start1,31,1.570694975889037,-1.5744840920027312,8.952089305379884,-0.003687756830203804,-0.9999931950656241,0.00010135090568615797,7724.0128359970095,13.448783800171208
rate_5e3_T293__terminal__start1,32,1.570694975889037,-1.5750974569357932,8.952089305379884,-0.004301116857200704,-0.99999074501806,0.00010135090568615797,7724.0128359970095,13.452992011127812
rate_5e3_T293__terminal__start1,33,1.570694975889037,-1.5752804878084614,8.952089305379884,-0.004484145962855252,-0.9999899410308974,0.00010135090568615797,7724.0128359970095,13.453218465692723
rate_5e3_T293__terminal__start1,34,1.570694975889037,-1.575213774543363,8.952089305379884,-0.004417433358894269,-0.9999902379576081,0.00010135090568615798,7724.0128359970095,13.453190772231487
rate_5e3_T293__terminal__start1,35,1.570694975889037,-1.5753472010735599,8.952089305379884,-0.0045508585468588296,-0.9999896396535718,0.00010135090568615797,7724.0128359970095,13.453183223954996
rate_5e3_T293__terminal__start1,36,1.570694975889037,-1.5752804878084614,8.342310205260866,-0.004484145962855252,-0.9999899410308974,0.00010135090568615797,4197.776273049276,13.514859801667946
rate_5e3_T293__terminal__start1,37,1.570694975889037,-1.5752804878084614,9.973010023033673,-0.004484145962855252,-0.9999899410308974,0.00010135090568615797,21439.92298441949,12.501322959296356
rate_5e3_T293__terminal__start1,38,1.570694975889037,-1.5752804878084614,7.334482292429009,-0.004484145962855252,-0.9999899410308974,0.00010135090568615797,1532.2343252594655,13.339085397500757
rate_5e3_T293__terminal__start1,39,1.570694975889037,-1.5752804878084614,8.12747647354639,-0.004484145962855252,-0.9999899410308974,0.00010135090568615797,3386.2434989043054,13.514863524824188
rate_5e3_T293__terminal__start1,40,1.570694975889037,-1.5752804878084614,8.234853944831297,-0.004484145962855252,-0.9999899410308974,0.00010135090568615797,3770.0892158030515,13.51727069032488
rate_5e3_T293__terminal__start1,41,1.570694975889037,-1.5752804878084614,8.23478726752631,-0.004484145962855252,-0.9999899410308974,0.00010135090568615797,3769.8378447950427,13.517271059067296
rate_5e3_T293__terminal__start1,42,1.570694975889037,-1.5752804878084614,8.224203477723503,-0.004484145962855252,-0.9999899410308974,0.00010135090568615797,3730.1490727482756,13.517303899770168
rate_5e3_T293__terminal__start1,43,1.570694975889037,-1.5752804878084614,8.187257049757799,-0.004484145962855252,-0.9999899410308974,0.00010135090568615797,3594.8482208756423,13.516970032291091
rate_5e3_T293__terminal__start1,44,1.570694975889037,-1.5752804878084614,8.222687973031,-0.004484145962855252,-0.9999899410308974,0.00010135090568615797,3724.5002957799475,13.517304098214339
rate_5e3_T293__terminal__start1,45,1.570694975889037,-1.5752804878084614,8.223179183821722,-0.004484145962855252,-0.9999899410308974,0.00010135090568615797,3726.3302599275544,13.517304167304614
rate_5e3_T293__terminal__start1,46,1.570694975889037,-1.5752804878084614,8.223245861299873,-0.004484145962855252,-0.9999899410308974,0.00010135090568615797,3726.5787305156455,13.517304168514077
rate_5e3_T293__terminal__start1,47,1.570694975889037,-1.5752804878084614,8.223312538777035,-0.004484145962855252,-0.9999899410308974,0.00010135090568615797,3726.8272176680007,13.517304167728216
rate_5e3_T293__terminal__start1,48,1.5706445345006723,-3.141592653589793,7.859872897266924,-0.9999999884795497,-1.2246467850388708e-16,0.00015179229364139604,2591.191007022291,0.8642168398925303
rate_5e3_T293__terminal__start1,49,0.5999908074321633,-1.5752804878084614,8.223245861299873,-0.002531905259420365,-0.5646292096726109,0.8253408053890466,3726.5787305156455,0.9205480775992929
rate_5e3_T293__terminal__start1,50,0.9708055193627332,-1.5752804878084614,8.223245861299873,-0.0037009486594730794,-0.8253325075502963,0.5646348864175504,3726.5787305156455,1.3436122878015182
rate_5e3_T293__terminal__start1,51,1.1999816148643265,-1.5752804878084614,8.223245861299873,-0.004179369451957534,-0.9320230533147471,0.36237489008048024,3726.5787305156455,1.8164563457330205
rate_5e3_T293__terminal__start1,52,1.3416202312933032,-1.5752804878084614,8.223245861299873,-0.004366903039573654,-0.9738441052552924,0.22717523812546522,3726.5787305156455,2.3314951046253367
rate_5e3_T293__terminal__start1,53,1.4291577103659199,-1.5752804878084614,8.223245861299873,-0.004439241789589289,-0.989976056124332,0.14116551077670147,3726.5787305156455,2.9180586862395366
rate_5e3_T293__terminal__start1,54,1.4832588477222797,-1.5752804878084614,8.223245861299873,-0.0044669763741497365,-0.9961610255273928,0.08742572471696056,3726.5787305156455,3.684027561979014
rate_5e3_T293__terminal__start1,55,1.5166951894385368,-1.5752804878084614,8.223245861299873,-0.0044775851887979504,-0.9985268512659734,0.054074749483818095,3726.5787305156455,5.081587206295343
rate_5e3_T293__terminal__start1,56,1.5373599850786395,-1.5752804878084614,8.223245861299873,-0.004481639606582291,-0.9994310093898755,0.03343011182110185,3726.5787305156455,10.217040614317368
rate_5e3_T293__terminal__start1,57,1.5501315311547936,-1.5752804878084614,8.223245861299873,-0.004483188579054362,-0.9997764390221476,0.02066332491054402,3726.5787305156455,12.267572101208584
rate_5e3_T293__terminal__start1,58,1.5580247807187424,-1.5752804878084614,8.223245861299873,-0.004483780280974213,-0.9999083919007652,0.012771198879420182,3726.5787305156455,13.041108656184957
rate_5e3_T293__terminal__start1,59,1.562903077230948,-1.5752804878084614,8.223245861299873,-0.00448400629786597,-0.9999587949474396,0.00789316760150468,3726.5787305156455,13.335581647615395
rate_5e3_T293__terminal__start1,60,1.565918030282691,-1.5752804878084614,8.223245861299873,-0.004484092629638861,-0.9999780474216449,0.0048782771634600566,3726.5787305156455,13.447931822983989
rate_5e3_T293__terminal__start1,61,1.5677813737431534,-1.5752804878084614,8.223245861299873,-0.004484125605588027,-0.9999854012450339,0.0030149484841206086,3726.5787305156455,13.49082781615368
rate_5e3_T293__terminal__start1,62,1.568932983334434,-1.5752804878084614,8.223245861299873,-0.004484138201301132,-0.9999882101603791,0.0018633423821927913,3726.5787305156455,13.507210050052208
rate_5e3_T293__terminal__start1,63,1.5696447172036159,-1.5752804878084614,8.223245861299873,-0.004484143012438539,-0.9999892830712636,0.001151609336735768,3726.5787305156455,13.51346713284251
rate_5e3_T293__terminal__start1,64,1.5700845929257148,-1.5752804878084614,8.223245861299873,-0.0044841448501299576,-0.9999896928868558,0.000711733809091914,3726.5787305156455,13.515857071395766
rate_5e3_T293__terminal__start1,65,1.5703564510727976,-1.5752804878084614,8.223245861299873,-0.004484145552065684,-0.9999898494224977,0.0004398757079136694,3726.5787305156455,13.516769938762662
rate_5e3_T293__terminal__start1,66,1.5705244686478135,-1.5752804878084614,8.223245861299873,-0.004484145820181285,-0.9999899092137946,0.0002718581437344463,3726.5787305156455,13.517118621912369
rate_5e3_T293__terminal__start1,67,1.5706283092198807,-1.5752804878084614,8.223245861299873,-0.004484145922592332,-0.999989932052038,0.00016801757422537421,3726.5787305156455,13.517251806856073
rate_5e3_T293__terminal__start1,68,1.5706949758875361,-0.7416294238611401,8.223245861299873,0.7373688742911909,-0.6754902907922036,0.00010135090718695747,3726.5787305156455,1.2692950673950196
rate_5e3_T293__terminal__start1,69,1.5706949758875361,0.7416294238611396,8.223245861299873,0.7373688742911911,0.6754902907922031,0.00010135090718695746,3726.5787305156455,1.1636956133133618
rate_5e3_T293__terminal__start1,70,1.5706949758875361,-1.6583338058675134,8.223245861299873,-0.08742572426794165,-0.9961710357484901,0.00010135090718695747,3726.5787305156455,2.807046934258122
rate_5e3_T293__terminal__start1,71,1.5706949758875361,-2.2248882715834197,8.223245861299873,-0.6084388578539177,-0.7936007472157608,0.00010135090718695747,3726.5787305156455,2.019386236187548
rate_5e3_T293__terminal__start1,72,1.5706949758875361,-1.6055134036375394,8.223245861299873,-0.03471010314471392,-0.999397417681113,0.00010135090718695746,3726.5787305156455,6.668233588458343
rate_5e3_T293__terminal__start1,73,1.5706949758875361,-1.2755390856994817,8.223245861299873,0.2909859678380481,-0.9567273155133328,0.00010135090718695746,3726.5787305156455,1.9243523454282248
rate_5e3_T293__terminal__start1,74,1.5706949758875361,-1.4794744295997655,8.223245861299873,0.09119501694303483,-0.9958330475600583,0.00010135090718695747,3726.5787305156455,3.011402885761729
rate_5e3_T293__terminal__start1,75,1.5706949758875361,-1.5679034890671781,8.223245861299873,0.0028928336780722694,-0.9999958106118769,0.00010135090718695746,3726.5787305156455,13.142906127537556
rate_5e3_T293__terminal__start1,76,1.5706949758875361,-1.5488708021691058,8.223245861299873,0.02192376785084507,-0.9997596401791862,0.00010135090718695746,3726.5787305156455,8.72660375356183
rate_5e3_T293__terminal__start1,77,1.5706949758875361,-1.5746458196515685,8.223245861299873,-0.0038494833295618387,-0.9999925855755577,0.00010135090718695746,3726.5787305156455,13.514528771265223
rate_5e3_T293__terminal__start1,78,1.5706949758875361,-1.5752896428140644,8.223245861299873,-0.004493300876180234,-0.9999898999366093,0.00010135090718695746,3726.5787305156455,13.517303308824346
rate_5e3_T293__terminal__start1,79,1.5706949758875361,-1.5752229761472618,8.223245861299873,-0.004426634872779512,-0.9999901972678016,0.00010135090718695746,3726.5787305156455,13.517282947794767
rate_5e3_T293__terminal__start1,80,1.5706949758875361,-1.5753563094808667,8.223245861299873,-0.004559966859610506,-0.9999895981610174,0.00010135090718695747,3726.5787305156455,13.517261945772889
rate_5e3_T293__terminal__start1,81,1.5706949758875361,-1.5752896428140644,8.342310205260866,-0.004493300876180234,-0.9999898999366093,0.00010135090718695746,4197.776273049276,13.514858941318558
rate_5e3_T293__terminal__start1,82,1.5706949758875361,-1.5752896428140644,9.973010023033673,-0.004493300876180234,-0.9999898999366093,0.00010135090718695746,21439.92298441949,12.501317650932164
rate_5e3_T293__terminal__start1,83,1.5706949758875361,-1.5752896428140644,7.334482292429009,-0.004493300876180234,-0.9999898999366093,0.00010135090718695746,1532.2343252594655,13.339083962026354
rate_5e3_T293__terminal__start1,84,1.5706949758875361,-1.5752896428140644,8.127476221477393,-0.004493300876180234,-0.9999898999366093,0.00010135090718695746,3386.2426453374114,13.514862639772774
rate_5e3_T293__terminal__start1,85,1.5706949758875361,-1.5752896428140644,8.234854080328555,-0.004493300876180234,-0.9999898999366093,0.00010135090718695746,3770.0897266398365,13.517269830626821
rate_5e3_T293__terminal__start1,86,1.5706949758875361,-1.5752896428140644,8.23478741348971,-0.004493300876180234,-0.9999898999366093,0.00010135090718695746,3769.838395053437,13.51727019929876
rate_5e3_T293__terminal__start1,87,1.5706949758875361,-1.5752896428140644,8.22420392900102,-0.004493300876180234,-0.9999898999366093,0.00010135090718695746,3730.1507560810655,13.517303041149743
rate_5e3_T293__terminal__start1,88,1.5706949758875361,-1.5752896428140644,8.187257232380853,-0.004493300876180234,-0.9999898999366093,0.00010135090718695746,3594.8488773778645,13.516969173317161
rate_5e3_T293__terminal__start1,89,1.5706949758875361,-1.5752896428140644,8.222686953741723,-0.004493300876180234,-0.9999898999366093,0.00010135090718695746,3724.4964994386687,13.517303238348966
rate_5e3_T293__terminal__start1,90,1.5706949758875361,-1.5752896428140644,8.223180905229995,-0.004493300876180234,-0.9999898999366093,0.00010135090718695746,3726.336674468812,13.517303307675133
rate_5e3_T293__terminal__start1,91,1.5706949758875361,-1.5752896428140644,8.223247571897625,-0.004493300876180234,-0.9999898999366093,0.00010135090718695746,3726.585105198298,13.51730330882967
rate_5e3_T293__terminal__start1,92,1.5706949758875361,-1.5752896428140644,8.223314238564317,-0.004493300876180234,-0.9999898999366093,0.00010135090718695746,3726.83355248689,13.517303308005893
rate_5e3_T293__terminal__start2,1,1.5706949758856612,-1.5753908940094778,8.830082914842956,-0.004594551025745008,-0.9999894398586743,0.0001013509090619021,6836.8536687706555,13.48053533493128
rate_5e3_T293__terminal__start2,2,0.5999908074321633,-1.5753908940094778,8.830082914842956,-0.002594243809885216,-0.5646289266932882,0.8253408053890466,6836.8536687706555,0.9199251946658884
rate_5e3_T293__terminal__start2,3,0.9708055193627332,-1.5753908940094778,8.830082914842956,-0.003792070463465541,-0.8253320939124081,0.5646348864175504,6836.8536687706555,1.342815087220588
rate_5e3_T293__terminal__start2,4,1.1999816148643265,-1.5753908940094778,8.830082914842956,-0.0042822705508524265,-0.9320225862059831,0.36237489008048024,6836.8536687706555,1.8150288438998918
rate_5e3_T293__terminal__start2,5,1.3416202312933032,-1.5753908940094778,8.830082914842956,-0.00447442144078346,-0.973843617186768,0.22717523812546525,6836.8536687706555,2.3280330340295228
rate_5e3_T293__terminal__start2,6,1.4291577103659199,-1.5753908940094778,8.830082914842956,-0.0045485412577650226,-0.9899755599708406,0.1411655107767015,6836.8536687706555,2.911195889881108
rate_5e3_T293__terminal__start2,7,1.4832588477222797,-1.5753908940094778,8.830082914842956,-0.004576958701130242,-0.9961605262741354,0.08742572471696057,6836.8536687706555,3.6765920931759415
rate_5e3_T293__terminal__start2,8,1.5166951894385368,-1.5753908940094778,8.830082914842956,-0.004587828717545331,-0.9985263508270179,0.0540747494838181,6836.8536687706555,5.113638741143137
rate_5e3_T293__terminal__start2,9,1.5373599850786395,-1.5753908940094778,8.830082914842956,-0.004591982959968336,-0.9994305084977765,0.03343011182110186,6836.8536687706555,10.108261077144528
rate_5e3_T293__terminal__start2,10,1.5501315311547936,-1.5753908940094778,8.830082914842956,-0.004593570070004305,-0.9997759379569271,0.02066332491054402,6836.8536687706555,12.211038685292
rate_5e3_T293__terminal__start2,11,1.5580247807187424,-1.5753908940094778,8.830082914842956,-0.004594176340336562,-0.9999078907694129,0.012771198879420182,6836.8536687706555,12.997444311696265
rate_5e3_T293__terminal__start2,12,1.562903077230948,-1.5753908940094778,8.830082914842956,-0.004594407922035835,-0.9999582937908263,0.007893167601504682,6836.8536687706555,13.296258838221682
rate_5e3_T293__terminal__start2,13,1.565918030282691,-1.5753908940094778,8.830082914842956,-0.004594496379400733,-0.9999775462553828,0.004878277163460057,6836.8536687706555,13.410198589479002
rate_5e3_T293__terminal__start2,14,1.5677813737431534,-1.5753908940094778,8.830082914842956,-0.004594530167257399,-0.9999849000750863,0.003014948484120609,6836.8536687706555,13.45369241829825
rate_5e3_T293__terminal__start2,15,1.568932983334434,-1.5753908940094778,8.830082914842956,-0.004594543073092098,-0.9999877089890237,0.0018633423821927913,6836.8536687706555,13.470301680766045
rate_5e3_T293__terminal__start2,16,1.5696447172036159,-1.5753908940094778,8.830082914842956,-0.00459454800268549,-0.9999887818993705,0.001151609336735768,6836.8536687706555,13.47664528953115
rate_5e3_T293__terminal__start2,17,1.5700845929257148,-1.5753908940094778,8.830082914842956,-0.00459454988562308,-0.9999891917147573,0.000711733809091914,6836.8536687706555,13.479068250276937
rate_5e3_T293__terminal__start2,18,1.5703564510727976,-1.5753908940094778,8.830082914842956,-0.004594550604841308,-0.9999893482503207,0.0004398757079136694,6836.8536687706555,13.47999372695051
rate_5e3_T293__terminal__start2,19,1.5705244686478135,-1.5753908940094778,8.830082914842956,-0.004594550879558236,-0.9999894080415876,0.0002718581437344463,6836.8536687706555,13.48034722583734
rate_5e3_T293__terminal__start2,20,1.5706283092198807,-1.5753908940094778,8.830082914842956,-0.004594550984490767,-0.9999894308798197,0.00016801757422537424,6836.8536687706555,13.480482250141815
rate_5e3_T293__terminal__start2,21,1.5706949758875361,-0.7416294238611401,8.830082914842956,0.7373688742911909,-0.6754902907922036,0.00010135090718695747,6836.8536687706555,1.2690641945222514
rate_5e3_T293__terminal__start2,22,1.5706949758875361,0.7416294238611394,8.830082914842956,0.7373688742911914,0.675490290792203,0.00010135090718695746,6836.8536687706555,1.1632358939950729
rate_5e3_T293__terminal__start2,23,1.5706949758875361,-1.6583338058675134,8.830082914842956,-0.08742572426794165,-0.9961710357484901,0.00010135090718695747,6836.8536687706555,2.8010624361984777
rate_5e3_T293__terminal__start2,24,1.5706949758875361,-2.2248882715834197,8.830082914842956,-0.6084388578539177,-0.7936007472157608,0.00010135090718695747,6836.8536687706555,2.0136768465779196
rate_5e3_T293__terminal__start2,25,1.5706949758875361,-1.6048885803320294,8.830082914842956,-0.034085649611827244,-0.9994189102766334,0.00010135090718695746,6836.8536687706555,6.567716406296882
rate_5e3_T293__terminal__start2,26,1.5706949758875361,-1.2751529236597134,8.830082914842956,0.29135539790445,-0.9566148764471172,0.00010135090718695746,6836.8536687706555,1.9223669723620116
rate_5e3_T293__terminal__start2,27,1.5706949758875361,-1.4789407667859709,8.830082914842956,0.09172644299805248,-0.9957842383683921,0.00010135090718695747,6836.8536687706555,2.9987141309763934
rate_5e3_T293__terminal__start2,28,1.5706949758875361,-1.5676371669815428,8.830082914842956,0.0031591545422421535,-0.9999950047228096,0.00010135090718695746,6836.8536687706555,13.073243507408543
rate_5e3_T293__terminal__start2,29,1.5706949758875361,-1.548106067925506,8.830082914842956,0.02268831179782666,-0.9997425819858621,0.00010135090718695746,6836.8536687706555,8.232496205282468
rate_5e3_T293__terminal__start2,30,1.5706949758875361,-1.574527107911873,8.830082914842956,-0.0037307724432000416,-0.9999930355082333,0.00010135090718695746,6836.8536687706555,13.47667006460899
rate_5e3_T293__terminal__start2,31,1.5706949758875361,-1.5751684285042158,8.830082914842956,-0.004372087757890874,-0.9999904372425924,0.00010135090718695747,6836.8536687706555,13.480543060600864
rate_5e3_T293__terminal__start2,32,1.5706949758875361,-1.575280815638974,8.830082914842956,-0.004484473790069889,-0.9999899395608037,0.00010135090718695746,6836.8536687706555,13.480626236283094
rate_5e3_T293__terminal__start2,33,1.5706949758875361,-1.5753474823072735,8.830082914842956,-0.004551139777658621,-0.9999896383736773,0.00010135090718695746,6836.8536687706555,13.480591559480224
rate_5e3_T293__terminal__start2,34,1.5706949758875361,-1.575280815638974,8.342310205260866,-0.004484473790069889,-0.9999899395608037,0.00010135090718695746,4197.776273049276,13.514859790994116
rate_5e3_T293__terminal__start2,35,1.5706949758875361,-1.575280815638974,9.973010023033673,-0.004484473790069889,-0.9999899395608037,0.00010135090718695746,21439.92298441949,12.501322792870967
rate_5e3_T293__terminal__start2,36,1.5706949758875361,-1.575280815638974,7.334482292429009,-0.004484473790069889,-0.9999899395608037,0.00010135090718695746,1532.2343252594655,13.339085365757532
rate_5e3_T293__terminal__start2,37,1.5706949758875361,-1.575280815638974,8.127476465915327,-0.004484473790069889,-0.9999899395608037,0.00010135090718695746,3386.2434730636714,13.514863513262789
rate_5e3_T293__terminal__start2,38,1.5706949758875361,-1.575280815638974,8.234853950412665,-0.004484473790069889,-0.9999899395608037,0.00010135090718695746,3770.089236845308,13.51727067963192
rate_5e3_T293__terminal__start2,39,1.5706949758875361,-1.575280815638974,8.234787274917325,-0.004484473790069889,-0.9999899395608037,0.00010135090718695746,3769.837872657974,13.517271048365021
rate_5e3_T293__terminal__start2,40,1.5706949758875361,-1.575280815638974,8.224203468751837,-0.004484473790069889,-0.9999899395608037,0.00010135090718695746,3730.1490392826236,13.517303889133531
rate_5e3_T293__terminal__start2,41,1.5706949758875361,-1.575280815638974,8.187257041298198,-0.004484473790069889,-0.9999899395608037,0.00010135090718695746,3594.8481904646605,13.516970021327984
rate_5e3_T293__terminal__start2,42,1.5706949758875361,-1.575280815638974,8.222687985049781,-0.004484473790069889,-0.9999899395608037,0.00010135090718695746,3724.5003405438997,13.517304087529123
rate_5e3_T293__terminal__start2,43,1.5706949758875361,-1.575280815638974,8.22317924984414,-0.004484473790069889,-0.9999899395608037,0.00010135090718695746,3726.3305059488953,13.517304156613028
rate_5e3_T293__terminal__start2,44,1.5706949758875361,-1.575280815638974,8.223245925512643,-0.004484473790069889,-0.9999899395608037,0.00010135090718695746,3726.578969809597,13.517304157821007
rate_5e3_T293__terminal__start2,45,1.5706949758875361,-1.575280815638974,8.223312601180158,-0.004484473790069889,-0.9999899395608037,0.00010135090718695746,3726.827450233664,13.517304157035289
rate_5e3_T293__terminal__start2,46,1.570694975889411,-1.57517073726847,7.61640893618233,-0.004374396500055289,-0.9999904271458073,0.00010135090531201281,2031.2546517796495,13.433893278136859
rate_5e3_T293__terminal__start2,47,0.5999908074321633,-1.575280815638974,8.223245925512643,-0.0025320903621034166,-0.5646292088425447,0.8253408053890466,3726.578969809597,0.9205479042307851
rate_5e3_T293__terminal__start2,48,0.9708055193627332,-1.575280815638974,8.223245925512643,-0.0037012192286518257,-0.8253325063369681,0.5646348864175504,3726.578969809597,1.343612143666273
rate_5e3_T293__terminal__start2,49,1.1999816148643265,-1.575280815638974,8.223245925512643,-0.004179674997552553,-0.9320230519445722,0.36237489008048024,3726.578969809597,1.8164556383258144
rate_5e3_T293__terminal__start2,50,1.3416202312933032,-1.575280815638974,8.223245925512643,-0.004367222295385555,-0.9738441038236361,0.22717523812546522,3726.578969809597,2.3314945595220267
rate_5e3_T293__terminal__start2,51,1.4291577103659199,-1.575280815638974,8.223245925512643,-0.004439566333946906,-0.9899760546689599,0.14116551077670147,3726.578969809597,2.9180579906655577
rate_5e3_T293__terminal__start2,52,1.4832588477222797,-1.575280815638974,8.223245925512643,-0.004467302946129042,-0.9961610240629282,0.08742572471696056,3726.578969809597,3.684026589678818
rate_5e3_T293__terminal__start2,53,1.5166951894385368,-1.575280815638974,8.223245925512643,-0.00447791253636712,-0.9985268497980307,0.054074749483818095,3726.578969809597,5.081585410475468
rate_5e3_T293__terminal__start2,54,1.5373599850786395,-1.575280815638974,8.223245925512643,-0.004481967250562081,-0.9994310079206036,0.03343011182110185,3726.578969809597,10.217039252777672
rate_5e3_T293__terminal__start2,55,1.5501315311547936,-1.575280815638974,8.223245925512643,-0.004483516336276525,-0.9997764375523679,0.02066332491054402,3726.578969809597,12.267571576685185
rate_5e3_T293__terminal__start2,56,1.5580247807187424,-1.575280815638974,8.223245925512643,-0.004484108081454556,-0.9999083904307915,0.012771198879420182,3726.578969809597,13.04110844963718
rate_5e3_T293__terminal__start2,57,1.562903077230948,-1.575280815638974,8.223245925512643,-0.00448433411486997,-0.9999587934773917,0.00789316760150468,3726.578969809597,13.335581562181904
rate_5e3_T293__terminal__start2,58,1.565918030282691,-1.575280815638974,8.223245925512643,-0.00448442045295441,-0.9999780459515688,0.0048782771634600566,3726.578969809597,13.44793178376191
rate_5e3_T293__terminal__start2,59,1.5677813737431534,-1.575280815638974,8.223245925512643,-0.004484453431314383,-0.9999853997749469,0.0030149484841206086,3726.578969809597,13.49082779457177
rate_5e3_T293__terminal__start2,60,1.568932983334434,-1.575280815638974,8.223245925512643,-0.004484466027948337,-0.999988208690288,0.0018633423821927913,3726.578969809597,13.507210035210193
rate_5e3_T293__terminal__start2,61,1.5696447172036159,-1.575280815638974,8.223245925512643,-0.004484470839437475,-0.9999892816011708,0.0011516093367357678,3726.578969809597,13.513467120574946
rate_5e3_T293__terminal__start2,62,1.5700845929257148,-1.575280815638974,8.223245925512643,-0.004484472677263244,-0.9999896914167625,0.0007117338090919139,3726.578969809597,13.515857060110278
rate_5e3_T293__terminal__start2,63,1.5703564510727976,-1.575280815638974,8.223245925512643,-0.004484473379250289,-0.9999898479524042,0.0004398757079136694,3726.578969809597,13.51676992785226
rate_5e3_T293__terminal__start2,64,1.5705244686478135,-1.575280815638974,8.223245925512643,-0.00448447364738549,-0.999989907743701,0.00027185814373444626,3726.578969809597,13.51711861114726
rate_5e3_T293__terminal__start2,65,1.5706283092198807,-1.575280815638974,8.223245925512643,-0.0044844737498040245,-0.9999899305819444,0.00016801757422537421,3726.578969809597,13.517251796143206
rate_5e3_T293__terminal__start2,66,1.5706949758875361,-0.7416294238611401,8.223245925512643,0.7373688742911909,-0.6754902907922036,0.00010135090718695747,3726.578969809597,1.2692950674416168
rate_5e3_T293__terminal__start2,67,1.5706949758875361,0.7416294238611401,8.223245925512643,0.7373688742911909,0.6754902907922036,0.00010135090718695747,3726.578969809597,1.1636956120295807
rate_5e3_T293__terminal__start2,68,1.5706949758875361,-1.6583338058675134,8.223245925512643,-0.08742572426794165,-0.9961710357484901,0.00010135090718695747,3726.578969809597,2.8070469337546045
rate_5e3_T293__terminal__start2,69,1.5706949758875361,-2.2248882715834197,8.223245925512643,-0.6084388578539177,-0.7936007472157608,0.00010135090718695747,3726.578969809597,2.019386236404433
rate_5e3_T293__terminal__start2,70,1.5706949758875361,-1.6055134037398822,8.223245925512643,-0.034710103246995055,-0.9993974176775606,0.00010135090718695746,3726.578969809597,6.668233518391092
rate_5e3_T293__terminal__start2,71,1.5706949758875361,-1.2755390857627331,8.223245925512643,0.29098596777753377,-0.9567273155317381,0.00010135090718695746,3726.578969809597,1.9243523460957839
rate_5e3_T293__terminal__start2,72,1.5706949758875361,-1.4794744296871767,8.223245925512643,0.09119501685598788,-0.9958330475680297,0.00010135090718695746,3726.578969809597,3.0114028932318466
rate_5e3_T293__terminal__start2,73,1.5706949758875361,-1.5679034890542614,8.223245925512643,0.0028928336909889944,-0.9999958106118395,0.00010135090718695746,3726.578969809597,13.142906125810851
rate_5e3_T293__terminal__start2,74,1.5706949758875361,-1.5488708020995139,8.223245925512643,0.02192376792042023,-0.9997596401776605,0.00010135090718695746,3726.578969809597,8.726603718979945
rate_5e3_T293__terminal__start2,75,1.5706949758875361,-1.5746458196386928,8.223245925512643,-0.0038494833166862336,-0.9999925855756073,0.00010135090718695746,3726.578969809597,13.514528771144295
rate_5e3_T293__terminal__start2,76,1.5706949758875361,-1.5752896428092296,8.223245925512643,-0.004493300871345483,-0.999989899936631,0.00010135090718695746,3726.578969809597,13.51730330882579
rate_5e3_T293__terminal__start2,77,1.5706949758875361,-1.575222976142432,8.223245925512643,-0.004426634867949647,-0.999990197267823,0.00010135090718695747,3726.578969809597,13.517282947791832
rate_5e3_T293__terminal__start2,78,1.5706949758875361,-1.5753563094760272,8.223245925512643,-0.004559966854771094,-0.9999895981610394,0.00010135090718695746,3726.578969809597,13.51726194578055
rate_5e3_T293__terminal__start2,79,1.5706949758875361,-1.5752896428092296,8.342310205260866,-0.004493300871345483,-0.999989899936631,0.00010135090718695746,4197.776273049276,13.514858941320561
rate_5e3_T293__terminal__start2,80,1.5706949758875361,-1.5752896428092296,9.973010023033673,-0.004493300871345483,-0.999989899936631,0.00010135090718695746,21439.92298441949,12.5013176509387
rate_5e3_T293__terminal__start2,81,1.5706949758875361,-1.5752896428092296,7.334482292429009,-0.004493300871345483,-0.999989899936631,0.00010135090718695746,1532.2343252594655,13.339083962027576
rate_5e3_T293__terminal__start2,82,1.5706949758875361,-1.5752896428092296,8.127476221479407,-0.004493300871345483,-0.999989899936631,0.00010135090718695746,3386.2426453442326,13.51486263977182
rate_5e3_T293__terminal__start2,83,1.5706949758875361,-1.5752896428092296,8.234854080360853,-0.004493300871345483,-0.999989899936631,0.00010135090718695746,3770.089726761602,13.517269830627361
rate_5e3_T293__terminal__start2,84,1.5706949758875361,-1.5752896428092296,8.23478741352201,-0.004493300871345483,-0.999989899936631,0.00010135090718695746,3769.838395175201,13.517270199299876
rate_5e3_T293__terminal__start2,85,1.5706949758875361,-1.5752896428092296,8.224203915738514,-0.004493300871345483,-0.999989899936631,0.00010135090718695746,3730.1507066099202,13.517303041159689
rate_5e3_T293__terminal__start2,86,1.5706949758875361,-1.5752896428092296,8.187257224184942,-0.004493300871345483,-0.999989899936631,0.00010135090718695746,3594.8488479148014,13.516969173160382
rate_5e3_T293__terminal__start2,87,1.5706949758875361,-1.5752896428092296,8.222686978164646,-0.004493300871345483,-0.999989899936631,0.00010135090718695746,3724.4965904017586,13.517303238355431
rate_5e3_T293__terminal__start2,88,1.5706949758875361,-1.5752896428092296,8.223180909083956,-0.004493300871345483,-0.999989899936631,0.00010135090718695746,3726.336688829967,13.517303307678032
rate_5e3_T293__terminal__start2,89,1.5706949758875361,-1.5752896428092296,8.223247575751587,-0.004493300871345483,-0.999989899936631,0.00010135090718695746,3726.5851195604173,13.517303308830206
rate_5e3_T293__terminal__start2,90,1.5706949758875361,-1.5752896428092296,8.22331424241828,-0.004493300871345483,-0.999989899936631,0.00010135090718695746,3726.8335668499667,13.51730330800385
rate_1p3e4_T293__onset__start1,1,1.5707958300310227,-1.5756231351551035,10.844415565253392,-0.004826789617667796,-0.9999883509830202,4.967638738752442e-07,51247.16432640491,2.9441306478114937
rate_1p3e4_T293__onset__start1,2,0.5999908074321633,-1.5756231351551035,10.844415565253392,-0.0027253738075336026,-0.5646283089762406,0.8253408053890466,51247.16432640491,2.887936176878879
rate_1p3e4_T293__onset__start1,3,0.9708055193627332,-1.5756231351551035,10.844415565253392,-0.003983746430489918,-0.8253311909800922,0.5646348864175504,51247.16432640491,2.914906210488964
rate_1p3e4_T293__onset__start1,4,1.1999816148643265,-1.5756231351551035,10.844415565253392,-0.0044987244265919935,-0.9320215665518119,0.3623748900804803,51247.16432640491,2.9313820196509717
rate_1p3e4_T293__onset__start1,5,1.3416202312933032,-1.5756231351551035,10.844415565253392,-0.0047005878754000216,-0.9738425517794259,0.22717523812546525,51247.16432640491,2.9389969895592523
rate_1p3e4_T293__onset__start1,6,1.4291577103659199,-1.5756231351551035,10.844415565253392,-0.004778454191222386,-0.9899744769147816,0.1411655107767015,51247.16432640491,2.9421283489281223
rate_1p3e4_T293__onset__start1,7,1.4832588477222797,-1.5756231351551035,10.844415565253392,-0.004808308037468265,-0.9961594364515808,0.08742572471696057,51247.16432640491,2.9433595914220128
rate_1p3e4_T293__onset__start1,8,1.5166951894385368,-1.5756231351551035,10.844415565253392,-0.004819727495389783,-0.9985252584161968,0.0540747494838181,51247.16432640491,2.943835206873258
rate_1p3e4_T293__onset__start1,9,1.5373599850786395,-1.5756231351551035,10.844415565253392,-0.004824091720312154,-0.999429415097786,0.03343011182110186,51247.16432640491,2.9440176639591837
rate_1p3e4_T293__onset__start1,10,1.5501315311547936,-1.5756231351551035,10.844415565253392,-0.004825759053237926,-0.9997748441790288,0.02066332491054402,51247.16432640491,2.9440874720178107
rate_1p3e4_T293__onset__start1,11,1.5580247807187424,-1.5756231351551035,10.844415565253392,-0.004826395968425898,-0.9999067968471553,0.012771198879420183,51247.16432640491,2.9441141532344832
rate_1p3e4_T293__onset__start1,12,1.562903077230948,-1.5756231351551035,10.844415565253392,-0.004826639255774256,-0.9999571998134267,0.007893167601504682,51247.16432640491,2.944124347021759
rate_1p3e4_T293__onset__start1,13,1.565918030282691,-1.5756231351551035,10.844415565253392,-0.004826732184351152,-0.9999764522569204,0.0048782771634600566,51247.16432640491,2.944128241062416
rate_1p3e4_T293__onset__start1,14,1.5677813737431534,-1.5756231351551035,10.844415565253392,-0.004826767680066405,-0.9999838060685787,0.003014948484120609,51247.16432640491,2.9441297285061796
rate_1p3e4_T293__onset__start1,15,1.568932983334434,-1.5756231351551035,10.844415565253392,-0.004826781238246142,-0.9999866149794431,0.0018633423821927916,51247.16432640491,2.9441302966668137
rate_1p3e4_T293__onset__start1,16,1.5696447172036159,-1.5756231351551035,10.844415565253392,-0.004826786417013326,-0.999987687888616,0.001151609336735768,51247.16432640491,2.9441305136859874
rate_1p3e4_T293__onset__start1,17,1.5700845929257148,-1.5756231351551035,10.844415565253392,-0.004826788395126859,-0.9999880977035545,0.0007117338090919139,51247.16432640491,2.9441305965800986
rate_1p3e4_T293__onset__start1,18,1.5703564510727976,-1.5756231351551035,10.844415565253392,-0.004826789150699067,-0.9999882542389468,0.00043987570791366947,51247.16432640491,2.944130628242852
rate_1p3e4_T293__onset__start1,19,1.5705244686478135,-1.5756231351551035,10.844415565253392,-0.00482678943930198,-0.9999883140301482,0.0002718581437344463,51247.16432640491,2.9441306403369536
rate_1p3e4_T293__onset__start1,20,1.5706283092198807,-1.5756231351551035,10.844415565253392,-0.004826789549538485,-0.9999883368683553,0.00016801757422537424,51247.16432640491,2.9441306449564917
rate_1p3e4_T293__onset__start1,21,1.570694975889032,-1.5756231351551035,10.844415565253392,-0.004826789592877985,-0.9999883458472004,0.00010135090569104297,51247.16432640491,2.9441306467726607
rate_1p3e4_T293__onset__start1,22,1.570694975889032,-0.7416294238611401,10.844415565253392,0.737368874291191,-0.6754902907922036,0.00010135090569104297,51247.16432640491,2.8830241907060246
rate_1p3e4_T293__onset__start1,23,1.570694975889032,0.7416294238611394,10.844415565253392,0.7373688742911915,0.675490290792203,0.00010135090569104295,51247.16432640491,2.8871996861479916
rate_1p3e4_T293__onset__start1,24,1.570694975889032,1.6583338058675128,10.844415565253392,-0.087425724267941,0.9961710357484903,0.00010135090569104297,51247.16432640491,2.942091593459218
rate_1p3e4_T293__onset__start1,25,1.570694975889032,2.224888271583419,10.844415565253392,-0.6084388578539172,0.7936007472157615,0.00010135090569104297,51247.16432640491,2.886686697196894
rate_1p3e4_T293__onset__start1,26,1.570694975889032,1.48163209126303,10.844415565253392,0.08904613554119899,0.9960274973479258,0.00010135090569104295,51247.16432640491,2.9424572663426365
rate_1p3e4_T293__onset__start1,27,1.570694975889032,1.5576228876684939,10.844415565253392,0.013173058043382209,0.9999132263700584,0.00010135090569104295,51247.16432640491,2.944114718855153
rate_1p3e4_T293__onset__start1,28,1.570694975889032,1.565619275824827,10.844415565253392,0.005177027817748228,0.9999865939656232,0.00010135090569104295,51247.16432640491,2.94413064933898
rate_1p3e4_T293__onset__start1,29,1.570694975889032,1.5658422825640141,10.844415565253392,0.004954023941313585,0.9999877236120366,0.00010135090569104295,51247.16432640491,2.9441306545059356
rate_1p3e4_T293__onset__start1,30,1.570694975889032,1.5657755693018853,10.844415565253392,0.005020736373370689,0.9999873908876367,0.00010135090569104295,51247.16432640491,2.9441306554593765
rate_1p3e4_T293__onset__start1,31,1.570694975889032,1.565708856040746,10.844415565253392,0.005087448782092789,0.9999870537126386,0.00010135090569104295,51247.16432640491,2.9441306542792987
rate_1p3e4_T293__onset__start1,32,1.570694975889032,1.5657755693018853,8.342310205260866,0.005020736373370689,0.9999873908876367,0.00010135090569104295,4197.776273049276,2.9252231935610427
rate_1p3e4_T293__onset__start1,33,1.570694975889032,1.5657755693018853,9.973010023033673,0.005020736373370689,0.9999873908876367,0.00010135090569104295,21439.92298441949,2.943738734849821
rate_1p3e4_T293__onset__start1,34,1.570694975889032,1.5657755693018853,10.980837935865528,0.005020736373370689,0.9999873908876367,0.00010135090569104295,58737.752128584805,2.9442306058033036
rate_1p3e4_T293__onset__start1,35,1.570694975889032,1.5657755693018853,10.536177570281069,0.005020736373370689,0.9999873908876367,0.00010135090569104295,37653.3636902954,2.9440485917348993
rate_1p3e4_T293__onset__start1,36,1.570694975889032,1.5657755693018853,11.603709840806482,0.005020736373370689,0.9999873908876367,0.00010135090569104295,109503.28642548979,2.9441487005639893
rate_1p3e4_T293__onset__start1,37,1.570694975889032,1.5657755693018853,11.16249499757393,0.005020736373370689,0.9999873908876367,0.00010135090569104295,70438.48097522816,2.9442225407479126
rate_1p3e4_T293__onset__start1,38,1.570694975889032,1.5657755693018853,10.959215769465535,0.005020736373370689,0.9999873908876367,0.00010135090569104295,57481.34673036395,2.944213024366388
rate_1p3e4_T293__onset__start1,39,1.570694975889032,1.5657755693018853,11.066404176792537,0.005020736373370689,0.9999873908876367,0.00010135090569104295,63985.013879681464,2.944178280622254
rate_1p3e4_T293__onset__start1,40,1.570694975889032,1.5657755693018853,11.013521331610082,0.005020736373370689,0.9999873908876367,0.00010135090569104295,60689.21787966891,2.944178342642373
rate_1p3e4_T293__onset__start1,41,1.570694975889032,1.5657755693018853,10.993321882172184,0.005020736373370689,0.9999873908876367,0.00010135090569104295,59475.62728619399,2.9442167379874022
rate_1p3e4_T293__onset__start1,42,1.570694975889032,1.5657755693018853,10.972579003211138,0.005020736373370689,0.9999873908876367,0.00010135090569104295,58254.63873606382,2.94423364257449
rate_1p3e4_T293__onset__start1,43,1.570694975889032,1.5657755693018853,10.967474702119928,0.005020736373370689,0.9999873908876367,0.00010135090569104295,57958.047110421336,2.944229900867813
rate_1p3e4_T293__onset__start1,44,1.570694975889032,1.5657755693018853,10.974476527314115,0.005020736373370689,0.9999873908876367,0.00010135090569104295,58365.28325930173,2.9442337962679783
rate_1p3e4_T293__onset__start1,45,1.570694975889032,1.5657755693018853,10.974101938473737,0.005020736373370689,0.9999873908876367,0.00010135090569104295,58343.424369830915,2.944233813727711
rate_1p3e4_T293__onset__start1,46,1.570694975889032,1.5657755693018853,10.974011095835,0.005020736373370689,0.9999873908876367,0.00010135090569104295,58338.12453993708,2.9442338145260782
rate_1p3e4_T293__onset__start1,47,1.570694975889032,1.5657755693018853,10.97394442724612,0.005020736373370689,0.9999873908876367,0.00010135090569104295,58334.23534914104,2.9442338142484643
rate_1p3e4_T293__onset__start1,48,1.570644384514004,3.141592653589793,11.039019988481485,-0.9999999884567717,1.224646785010976e-16,0.00015194228030808492,62256.60969200256,2.943748137466995
rate_1p3e4_T293__onset__start1,49,0.5999908074321633,1.5657755693018853,10.974011095835,0.0028348829264705894,0.5646277697727531,0.8253408053890466,58338.12453993708,2.887880083930681
rate_1p3e4_T293__onset__start1,50,0.9708055193627332,1.5657755693018853,10.974011095835,0.004143818623326511,0.8253304028129929,0.5646348864175504,58338.12453993708,2.9148920183762845
rate_1p3e4_T293__onset__start1,51,1.1999816148643265,1.5657755693018853,10.974011095835,0.004679489115433788,0.9320206764985305,0.36237489008048024,58338.12453993708,2.931419795432026
rate_1p3e4_T293__onset__start1,52,1.3416202312933032,1.5657755693018853,10.974011095835,0.0048894637042122095,0.9738416217883292,0.22717523812546522,58338.12453993708,2.9390661784857164
rate_1p3e4_T293__onset__start1,53,1.4291577103659199,1.5657755693018853,10.974011095835,0.0049704587914409055,0.9899735315181692,0.14116551077670147,58338.12453993708,2.9422180449730093
rate_1p3e4_T293__onset__start1,54,1.4832588477222797,1.5657755693018853,10.974011095835,0.005001512204656362,0.9961584851485134,0.08742572471696056,58338.12453993708,2.9434576356221944
rate_1p3e4_T293__onset__start1,55,1.5166951894385368,1.5657755693018853,10.974011095835,0.005013390511478631,0.9985243048538387,0.054074749483818095,58338.12453993708,2.943936426903707
rate_1p3e4_T293__onset__start1,56,1.5373599850786395,1.5657755693018853,10.974011095835,0.005017930096722132,0.9994284606719848,0.03343011182110185,58338.12453993708,2.9441200894600943
rate_1p3e4_T293__onset__start1,57,1.5501315311547936,1.5657755693018853,10.974011095835,0.005019664425286879,0.999773889423353,0.02066332491054402,58338.12453993708,2.9441903565290968
rate_1p3e4_T293__onset__start1,58,1.5580247807187424,1.5657755693018853,10.974011095835,0.005020326932568265,0.9999058419654685,0.012771198879420182,58338.12453993708,2.944217212843579
rate_1p3e4_T293__onset__start1,59,1.562903077230948,1.5657755693018853,10.974011095835,0.005020579995523584,0.9999562448836065,0.00789316760150468,58338.12453993708,2.9442274734778784
rate_1p3e4_T293__onset__start1,60,1.565918030282691,1.5657755693018853,10.974011095835,0.00502067665809343,0.9999754973087148,0.0048782771634600566,58338.12453993708,2.944231393046743
rate_1p3e4_T293__onset__start1,61,1.5677813737431534,1.5657755693018853,10.974011095835,0.0050207135800734,0.9999828511133504,0.003014948484120609,58338.12453993708,2.944232890240676
rate_1p3e4_T293__onset__start1,62,1.568932983334434,1.5657755693018853,10.974011095835,0.005020727683038705,0.9999856600215323,0.0018633423821927913,58338.12453993708,2.944233462125434
rate_1p3e4_T293__onset__start1,63,1.5696447172036159,1.5657755693018853,10.974011095835,0.005020733069895593,0.9999867329296807,0.0011516093367357678,58338.12453993708,2.9442336805670806
rate_1p3e4_T293__onset__start1,64,1.5700845929257148,1.5657755693018853,10.974011095835,0.0050207351274923415,0.9999871427442278,0.000711733809091914,58338.12453993708,2.9442337640045237
rate_1p3e4_T293__onset__start1,65,1.5703564510727976,1.5657755693018853,10.974011095835,0.005020735913424438,0.9999872992794705,0.0004398757079136694,58338.12453993708,2.944233795874818
rate_1p3e4_T293__onset__start1,66,1.5705244686478135,1.5657755693018853,10.974011095835,0.005020736213623797,0.999987359070615,0.0002718581437344463,58338.12453993708,2.944233808048187
rate_1p3e4_T293__onset__start1,67,1.5706283092198807,1.5657755693018853,10.974011095835,0.005020736328289751,0.9999873819088002,0.00016801757422537424,58338.12453993708,2.944233812698007
rate_1p3e4_T293__onset__start1,68,1.5706949758875361,-0.7416294238611398,10.974011095835,0.7373688742911911,-0.6754902907922034,0.00010135090718695747,58338.12453993708,2.8829779383871053
rate_1p3e4_T293__onset__start1,69,1.5706949758875361,0.7416294238611396,10.974011095835,0.7373688742911911,0.6754902907922031,0.00010135090718695746,58338.12453993708,2.887154122327822
rate_1p3e4_T293__onset__start1,70,1.5706949758875361,1.658333805867513,10.974011095835,-0.08742572426794121,0.9961710357484901,0.00010135090718695746,58338.12453993708,2.9421916678266147
rate_1p3e4_T293__onset__start1,71,1.5706949758875361,2.2248882715834193,10.974011095835,-0.6084388578539173,0.793600747215761,0.00010135090718695746,58338.12453993708,2.8866610937301744
rate_1p3e4_T293__onset__start1,72,1.5706949758875361,1.48169915408914,10.974011095835,0.08897933892215466,0.9960334667936465,0.00010135090718695746,58338.12453993708,2.9425588297114285
rate_1p3e4_T293__onset__start1,73,1.5706949758875361,1.557633850493036,10.974011095835,0.013162096169332756,0.9999133707238957,0.00010135090718695747,58338.12453993708,2.9442178018831315
rate_1p3e4_T293__onset__start1,74,1.5706949758875361,1.565642157731793,10.974011095835,0.005154146216184693,0.9999867121641047,0.00010135090718695747,58338.12453993708,2.9442338085951225
rate_1p3e4_T293__onset__start1,75,1.5706949758875361,1.5658645564129432,10.974011095835,0.004931750364599876,0.9999878337091582,0.00010135090718695746,58338.12453993708,2.9442338137291455
rate_1p3e4_T293__onset__start1,76,1.5706949758875361,1.5657978897449567,10.974011095835,0.004998416210491469,0.999987502703599,0.00010135090718695746,58338.12453993708,2.944233814683556
rate_1p3e4_T293__onset__start1,77,1.5706949758875361,1.565731223077959,10.974011095835,0.005065082033179126,0.9999871672536558,0.00010135090718695747,58338.12453993708,2.944233813503186
rate_1p3e4_T293__onset__start1,78,1.5706949758875361,1.5657978897449567,8.342310205260866,0.004998416210491469,0.999987502703599,0.00010135090718695746,4197.776273049276,2.9252231653821514
rate_1p3e4_T293__onset__start1,79,1.5706949758875361,1.5657978897449567,9.973010023033673,0.004998416210491469,0.999987502703599,0.00010135090718695746,21439.92298441949,2.943738734147546
rate_1p3e4_T293__onset__start1,80,1.5706949758875361,1.5657978897449567,10.980837935865528,0.004998416210491469,0.999987502703599,0.00010135090718695746,58737.752128584805,2.9442306059490035
rate_1p3e4_T293__onset__start1,81,1.5706949758875361,1.5657978897449567,10.5361775851408,0.004998416210491469,0.999987502703599,0.00010135090718695746,37653.36424981427,2.944048591355383
rate_1p3e4_T293__onset__start1,82,1.5706949758875361,1.5657978897449567,11.603709840806482,0.004998416210491469,0.999987502703599,0.00010135090718695746,109503.28642548979,2.9441487008347536
rate_1p3e4_T293__onset__start1,83,1.5706949758875361,1.5657978897449567,11.162495436080645,0.004998416210491469,0.999987502703599,0.00010135090718695746,70438.51186298186,2.9442225405641684
rate_1p3e4_T293__onset__start1,84,1.5706949758875361,1.5657978897449567,10.959209316098931,0.004998416210491469,0.999987502703599,0.00010135090718695746,57480.97578335755,2.9442130067649264
rate_1p3e4_T293__onset__start1,85,1.5706949758875361,1.5657978897449567,11.066407570247746,0.004998416210491469,0.999987502703599,0.00010135090718695746,63985.23101032854,2.944178277883745
rate_1p3e4_T293__onset__start1,86,1.5706949758875361,1.5657978897449567,11.013522627794634,0.004998416210491469,0.999987502703599,0.00010135090718695746,60689.29654414656,2.9441783390154
rate_1p3e4_T293__onset__start1,87,1.5706949758875361,1.5657978897449567,10.993322377270628,0.004998416210491469,0.999987502703599,0.00010135090718695746,59475.65673249181,2.9442167374451125
rate_1p3e4_T293__onset__start1,88,1.5706949758875361,1.5657978897449567,10.972576538244436,0.004998416210491469,0.999987502703599,0.00010135090718695746,58254.49514049608,2.944233642128951
rate_1p3e4_T293__onset__start1,89,1.5706949758875361,1.5657978897449567,10.967470713720024,0.004998416210491469,0.999987502703599,0.00010135090718695746,57957.8159510128,2.9442298960691184
rate_1p3e4_T293__onset__start1,90,1.5706949758875361,1.5657978897449567,10.974476646517312,0.004998416210491469,0.999987502703599,0.00010135090718695746,58365.290216630485,2.9442337964158845
rate_1p3e4_T293__onset__start1,91,1.5706949758875361,1.5657978897449567,10.974102161125424,0.004998416210491469,0.999987502703599,0.00010135090718695746,58343.43736009424,2.9442338138814854
rate_1p3e4_T293__onset__start1,92,1.5706949758875361,1.5657978897449567,10.9740111084272,0.004998416210491469,0.999987502703599,0.00010135090718695746,58338.125274542486,2.944233814683541
rate_1p3e4_T293__onset__start1,93,1.5706949758875361,1.5657978897449567,10.973944441760533,0.004998416210491469,0.999987502703599,0.00010135090718695746,58334.23619582822,2.9442338144061395
rate_1p3e4_T293__onset__start2,1,1.5706949758875361,1.5658013345006918,11.18230883208749,0.0049949714977768475,0.9999875199159888,0.00010135090718695746,71848.05580700038,2.9442016466034104
rate_1p3e4_T293__onset__start2,2,0.5999908074321633,1.5658013345006918,11.18230883208749,0.0028203351787913816,0.5646278426266624,0.8253408053890466,71848.05580700038,2.8877529038968426
rate_1p3e4_T293__onset__start2,3,0.9708055193627332,1.5658013345006918,11.18230883208749,0.004122553820043925,0.8253305093053576,0.5646348864175504,71848.05580700038,2.9148542543615075
rate_1p3e4_T293__onset__start2,4,1.1999816148643265,1.5658013345006918,11.18230883208749,0.00465547541586148,0.932020796757139,0.36237489008048024,71848.05580700038,2.9313422148420045
rate_1p3e4_T293__onset__start2,5,1.3416202312933032,1.5658013345006918,11.18230883208749,0.004864372479600658,0.9738417474430935,0.22717523812546522,71848.05580700038,2.939013380847593
rate_1p3e4_T293__onset__start2,6,1.4291577103659199,1.5658013345006918,11.18230883208749,0.004944951924941199,0.9899736592544334,0.14116551077670147,71848.05580700038,2.9421777540073846
rate_1p3e4_T293__onset__start2,7,1.4832588477222797,1.5658013345006918,11.18230883208749,0.0049758459815864705,0.996158613682822,0.08742572471696056,71848.05580700038,2.943422293365322
rate_1p3e4_T293__onset__start2,8,1.5166951894385368,1.5658013345006918,11.18230883208749,0.004987663332589757,0.998524433693409,0.0540747494838181,71848.05580700038,2.9439030328540894
rate_1p3e4_T293__onset__start2,9,1.5373599850786395,1.5658013345006918,11.18230883208749,0.004992179622077347,0.9994285896282183,0.03343011182110186,71848.05580700038,2.9440874510115727
rate_1p3e4_T293__onset__start2,10,1.5501315311547936,1.5658013345006918,11.18230883208749,0.004993905050601066,0.9997740184241571,0.02066332491054402,71848.05580700038,2.9441580085532313
rate_1p3e4_T293__onset__start2,11,1.5580247807187424,1.5658013345006918,11.18230883208749,0.004994564158098752,0.9999059709832985,0.012771198879420182,71848.05580700038,2.9441849761004493
rate_1p3e4_T293__onset__start2,12,1.562903077230948,1.5658013345006918,11.18230883208749,0.004994815922412781,0.99995637390794,0.007893167601504682,71848.05580700038,2.9441952792636346
rate_1p3e4_T293__onset__start2,13,1.565918030282691,1.5658013345006918,11.18230883208749,0.004994912088940034,0.9999756263355324,0.0048782771634600566,71848.05580700038,2.944199215083225
rate_1p3e4_T293__onset__start2,14,1.5677813737431534,1.5658013345006918,11.18230883208749,0.004994948821447754,0.9999829801411169,0.003014948484120609,71848.05580700038,2.944200718485272
rate_1p3e4_T293__onset__start2,15,1.568932983334434,1.5658013345006918,11.18230883208749,0.0049949628520409755,0.9999857890496612,0.0018633423821927913,71848.05580700038,2.9442012927414525
rate_1p3e4_T293__onset__start2,16,1.5696447172036159,1.5658013345006918,11.18230883208749,0.004994968211254172,0.9999868619579481,0.001151609336735768,71848.05580700038,2.9442015120889216
rate_1p3e4_T293__onset__start2,17,1.5700845929257148,1.5658013345006918,11.18230883208749,0.004994970258291965,0.999987271772548,0.0007117338090919139,71848.05580700038,2.9442015958723564
rate_1p3e4_T293__onset__start2,18,1.5703564510727976,1.5658013345006918,11.18230883208749,0.004994971040190899,0.999987428307811,0.0004398757079136694,71848.05580700038,2.9442016278748073
rate_1p3e4_T293__onset__start2,19,1.5705244686478135,1.5658013345006918,11.18230883208749,0.004994971338849728,0.9999874880989631,0.0002718581437344463,71848.05580700038,2.9442016400986617
rate_1p3e4_T293__onset__start2,20,1.5706283092198807,1.5658013345006918,11.18230883208749,0.00499497145292725,0.9999875109371512,0.00016801757422537421,71848.05580700038,2.944201644767758
rate_1p3e4_T293__onset__start2,21,1.5706949758875361,-0.7416294238611398,11.18230883208749,0.7373688742911911,-0.6754902907922034,0.00010135090718695747,71848.05580700038,2.8828745479054287
rate_1p3e4_T293__onset__start2,22,1.5706949758875361,0.7416294238611396,11.18230883208749,0.7373688742911911,0.6754902907922031,0.00010135090718695746,71848.05580700038,2.8870441956569985
rate_1p3e4_T293__onset__start2,23,1.5706949758875361,1.658333805867513,11.18230883208749,-0.08742572426794121,0.9961710357484901,0.00010135090718695746,71848.05580700038,2.9421581669652395
rate_1p3e4_T293__onset__start2,24,1.5706949758875361,2.2248882715834193,11.18230883208749,-0.6084388578539173,0.793600747215761,0.00010135090718695746,71848.05580700038,2.8865853058368147
rate_1p3e4_T293__onset__start2,25,1.5706949758875361,1.4818086017931043,11.18230883208749,0.08887032481342735,0.9960431994123295,0.00010135090718695747,71848.05580700038,2.9425301034953217
rate_1p3e4_T293__onset__start2,26,1.5706949758875361,1.5575404491665077,11.18230883208749,0.013255489347024214,0.9999121370051294,0.00010135090718695746,71848.05580700038,2.9441852702325444
rate_1p3e4_T293__onset__start2,27,1.5706949758875361,1.5656399168575905,11.18230883208749,0.0051563870605977995,0.9999867006118006,0.00010135090718695746,71848.05580700038,2.944201640615654
rate_1p3e4_T293__onset__start2,28,1.5706949758875361,1.5658614661711068,11.18230883208749,0.004934840568815967,0.9999878184640821,0.00010135090718695747,71848.05580700038,2.9442016456326305
rate_1p3e4_T293__onset__start2,29,1.5706949758875361,1.5657947995035482,11.18230883208749,0.005001506413256478,0.9999874872525115,0.00010135090718695746,71848.05580700038,2.944201646604223
rate_1p3e4_T293__onset__start2,30,1.5706949758875361,1.5657281328367847,11.18230883208749,0.005068172234672941,0.9999871515965559,0.00010135090718695746,71848.05580700038,2.9442016454397746
rate_1p3e4_T293__onset__start2,31,1.5706949758875361,1.5657947995035482,8.342310205260866,0.005001506413256478,0.9999874872525115,0.00010135090718695746,4197.776273049276,2.9252231692931074
rate_1p3e4_T293__onset__start2,32,1.5706949758875361,1.5657947995035482,9.973010023033673,0.005001506413256478,0.9999874872525115,0.00010135090718695746,21439.92298441949,2.9437387342588726
rate_1p3e4_T293__onset__start2,33,1.5706949758875361,1.5657947995035482,10.980837935865528,0.005001506413256478,0.9999874872525115,0.00010135090718695746,58737.752128584805,2.944230605943105
rate_1p3e4_T293__onset__start2,34,1.5706949758875361,1.5657947995035482,10.536177583090709,0.005001506413256478,0.9999874872525115,0.00010135090718695746,37653.36417262143,2.9440485914221135
rate_1p3e4_T293__onset__start2,35,1.5706949758875361,1.5657947995035482,11.603709840806482,0.005001506413256478,0.9999874872525115,0.00010135090718695746,109503.28642548979,2.944148700811596
rate_1p3e4_T293__onset__start2,36,1.5706949758875361,1.5657947995035482,11.162495375486273,0.005001506413256478,0.9999874872525115,0.00010135090718695746,70438.50759480459,2.9442225406038047
rate_1p3e4_T293__onset__start2,37,1.5706949758875361,1.5657947995035482,10.959210208046278,0.005001506413256478,0.9999874872525115,0.00010135090718695746,57481.02705338422,2.9442130092122736
rate_1p3e4_T293__onset__start2,38,1.5706949758875361,1.5657947995035482,11.066407101518333,0.005001506413256478,0.9999874872525115,0.00010135090718695746,63985.201018575826,2.9441782782763886
rate_1p3e4_T293__onset__start2,39,1.5706949758875361,1.5657947995035482,11.01352244875593,0.005001506413256478,0.9999874872525115,0.00010135090718695746,60689.28567841454,2.9441783395306467
rate_1p3e4_T293__onset__start2,40,1.5706949758875361,1.5657947995035482,10.993322308883927,0.005001506413256478,0.9999874872525115,0.00010135090718695746,59475.65266514801,2.9442167375342647
rate_1p3e4_T293__onset__start2,41,1.5706949758875361,1.5657947995035482,10.972576878938007,0.005001506413256478,0.9999874872525115,0.00010135090718695746,58254.514987431445,2.9442336422048285
rate_1p3e4_T293__onset__start2,42,1.5706949758875361,1.5657947995035482,10.9674712649738,0.005001506413256478,0.9999874872525115,0.00010135090718695746,57957.847900486544,2.9442298967467937
rate_1p3e4_T293__onset__start2,43,1.5706949758875361,1.5657947995035482,10.974476630060595,0.005001506413256478,0.9999874872525115,0.00010135090718695746,58365.289256129436,2.944233796409673
rate_1p3e4_T293__onset__start2,44,1.5706949758875361,1.5657947995035482,10.97410213035225,0.005001506413256478,0.9999874872525115,0.00010135090718695746,58343.43556468151,2.944233813874466
rate_1p3e4_T293__onset__start2,45,1.5706949758875361,1.5657947995035482,10.974011106670686,0.005001506413256478,0.9999874872525115,0.00010135090718695746,58338.12517207069,2.9442338146760103
rate_1p3e4_T293__onset__start2,46,1.5706949758875361,1.5657947995035482,10.973944436914465,0.005001506413256478,0.9999874872525115,0.00010135090718695746,58334.235913136516,2.944233814398554
rate_1p3e4_T293__onset__start2,47,1.5706949758875361,1.5657882645064045,10.765713381253882,0.0050080413285225125,0.9999874545463285,0.00010135090718695746,47368.530858152895,2.944225337657664
rate_1p3e4_T293__onset__start2,48,1.5706949758875361,1.5657633947476428,9.973010023033675,0.005032910773730496,0.9999873296883003,0.00010135090718695746,21439.922984419525,2.9437387351330835
rate_1p3e4_T293__onset__start2,49,1.5706949758875361,1.5657122342338639,8.342310205260866,0.005084070632680915,0.999987070893317,0.00010135090718695746,4197.776273049276,2.925223272641287
rate_1p3e4_T293__onset__start2,50,1.5706949758875361,1.56579501368404,10.98083793586553,0.005001292235444562,0.9999874883237136,0.00010135090718695746,58737.75212858491,2.9442306059436683
rate_1p3e4_T293__onset__start2,51,1.5706949758875361,1.5657810632071023,10.536177815787335,0.005015242537351234,0.999987418455995,0.00010135090718695746,37653.37293443326,2.944048590787155
rate_1p3e4_T293__onset__start2,52,1.5706949758875361,1.5658145552614218,11.603709840806482,0.004981750901606946,0.9999875858659186,0.00010135090718695746,109503.28642548979,2.94414870088034
rate_1p3e4_T293__onset__start2,53,1.5706949758875361,1.5658007129020368,11.16249587990213,0.004995593088673272,0.999987516810928,0.00010135090718695746,70438.54312511369,2.9442225402222126
rate_1p3e4_T293__onset__start2,54,1.5706949758875361,1.5657943349197059,10.959202874087474,0.005001970991285003,0.9999874849287845,0.00010135090718695746,57480.60549144567,2.9442129890304884
rate_1p3e4_T293__onset__start2,55,1.5706949758875361,1.5657976983961441,11.066410953325887,0.004998607556912608,0.9999875017471397,0.00010135090718695746,63985.4474777311,2.9441782750837158
rate_1p3e4_T293__onset__start2,56,1.5706949758875361,1.5657960391528138,11.013523920015498,0.005000266779498371,0.9999874934518569,0.00010135090718695746,60689.37496817242,2.944178335397626
rate_1p3e4_T293__onset__start2,57,1.5706949758875361,1.5657954053782572,10.993322870855078,0.005000900546127648,0.9999874902826142,0.00010135090718695747,59475.68608875835,2.9442167368286674
rate_1p3e4_T293__onset__start2,58,1.5706949758875361,1.5657947544191346,10.972574077615016,0.005001551497105878,0.9999874870270206,0.00010135090718695746,58254.351797947886,2.9442336415168664
rate_1p3e4_T293__onset__start2,59,1.5706949758875361,1.5657945941846112,10.967466732337988,0.0050017117296242315,0.9999874862255864,0.00010135090718695746,57957.58519926485,2.944229891104895
rate_1p3e4_T293__onset__start2,60,1.5706949758875361,1.5657948141131102,10.974476774591567,0.005001491803877278,0.9999874873255813,0.00010135090718695746,58365.29769172204,2.944233796398627
rate_1p3e4_T293__onset__start2,61,1.5706949758875361,1.5657948023674533,10.974102391322024,0.0050015035493872,0.9999874872668354,0.00010135090718695746,58343.45079055668,2.9442338138702264
rate_1p3e4_T293__onset__start2,62,1.5706949758875361,1.5657947995042119,10.974011127826918,0.005001506412592794,0.9999874872525149,0.00010135090718695746,58338.126406285635,2.9442338146759846
rate_1p3e4_T293__onset__start2,63,1.5706949758875361,1.5657947990685455,10.97399724131189,0.005001506848253736,0.9999874872503358,0.00010135090718695746,58337.31629864141,2.9442338146786526
rate_1p3e4_T293__onset__start2,64,1.5706949758875361,1.5657947986328788,10.973983354796657,0.005001507283914898,0.9999874872481569,0.00010135090718695746,58336.506202234654,2.9442338146495595
rate_1p3e4_T293__onset__start2,65,0.5999908074321633,1.5657947990685455,10.97399724131189,0.0028240252656845503,0.5646278241824951,0.8253408053890466,58337.31629864141,2.8878800532979545
rate_1p3e4_T293__onset__start2,66,0.9708055193627332,1.5657947990685455,10.97399724131189,0.004127947711497723,0.825330482345061,0.5646348864175504,58337.31629864141,2.9148919989605653
rate_1p3e4_T293__onset__start2,67,1.1999816148643265,1.5657947990685455,10.97399724131189,0.004661566574438206,0.9320207663116911,0.36237489008048024,58337.31629864141,2.931419786023702
rate_1p3e4_T293__onset__start2,68,1.3416202312933032,1.5657947990685455,10.97399724131189,0.004870736956158426,0.9738417156315199,0.22717523812546525,58337.31629864141,2.9390661803849945
rate_1p3e4_T293__onset__start2,69,1.4291577103659199,1.5657947990685455,10.97399724131189,0.004951421830512279,0.9899736269158939,0.1411655107767015,58337.31629864141,2.9422180472415684
rate_1p3e4_T293__onset__start2,70,1.4832588477222797,1.5657947990685455,10.97399724131189,0.004982356308506886,0.9961585811422443,0.08742572471696057,58337.31629864141,2.9434576368009755
rate_1p3e4_T293__onset__start2,71,1.5166951894385368,1.5657947990685455,10.97399724131189,0.004994189121166069,0.9985244010755493,0.0540747494838181,58337.31629864141,2.943936427479292
rate_1p3e4_T293__onset__start2,72,1.5373599850786395,1.5657947990685455,10.97399724131189,0.004998711319703324,0.9994285569808234,0.03343011182110186,58337.31629864141,2.944120089778708
rate_1p3e4_T293__onset__start2,73,1.5501315311547936,1.5657947990685455,10.97399724131189,0.005000439005753463,0.9997739857654785,0.020663324910544022,58337.31629864141,2.9441903567457355
rate_1p3e4_T293__onset__start2,74,1.5580247807187424,1.5657947990685455,10.97399724131189,0.005001098975618133,0.9999059383203094,0.012771198879420183,58337.31629864141,2.9442172130207154
rate_1p3e4_T293__onset__start2,75,1.562903077230948,1.5657947990685455,10.97399724131189,0.00500135106933705,0.9999563412433045,0.007893167601504682,58337.31629864141,2.944227473639848
rate_1p3e4_T293__onset__start2,76,1.565918030282691,1.5657947990685455,10.97399724131189,0.005001447361687235,0.9999755936702679,0.0048782771634600566,58337.31629864141,2.9442313932029163
rate_1p3e4_T293__onset__start2,77,1.5677813737431534,1.5657947990685455,10.97399724131189,0.005001484142255251,0.9999829474756121,0.0030149484841206086,58337.31629864141,2.9442328903946207
rate_1p3e4_T293__onset__start2,78,1.568932983334434,1.5657947990685455,10.97399724131189,0.005001498191205904,0.9999857563840647,0.0018633423821927913,58337.31629864141,2.9442334622785302
rate_1p3e4_T293__onset__start2,79,1.5696447172036159,1.5657947990685455,10.97399724131189,0.00500150355743102,0.9999868292923165,0.001151609336735768,58337.31629864141,2.944233680719851
rate_1p3e4_T293__onset__start2,80,1.5700845929257148,1.5657947990685455,10.97399724131189,0.005001505607147128,0.9999872391069031,0.000711733809091914,58337.31629864141,2.9442337641571736
rate_1p3e4_T293__onset__start2,81,1.5703564510727976,1.5657947990685455,10.97399724131189,0.005001506390069089,0.999987395642161,0.00043987570791366947,58337.31629864141,2.9442337960274156
rate_1p3e4_T293__onset__start2,82,1.5705244686478135,1.5657947990685455,10.97399724131189,0.005001506689118678,0.9999874554333111,0.0002718581437344463,58337.31629864141,2.94423380820077
rate_1p3e4_T293__onset__start2,83,1.5706283092198807,1.5657947990685455,10.97399724131189,0.005001506803345458,0.9999874782714986,0.00016801757422537424,58337.31629864141,2.94423381285058
rate_1p3e4_T293__onset__start2,84,1.5706949758875361,-0.7416294238611396,10.97399724131189,0.7373688742911911,-0.6754902907922031,0.00010135090718695746,58337.31629864141,2.882977942948771
rate_1p3e4_T293__onset__start2,85,1.5706949758875361,0.7416294238611398,10.97399724131189,0.7373688742911911,0.6754902907922034,0.00010135090718695747,58337.31629864141,2.8871541281814537
rate_1p3e4_T293__onset__start2,86,1.5706949758875361,1.6583338058675132,10.97399724131189,-0.08742572426794142,0.9961710357484901,0.00010135090718695746,58337.31629864141,2.942191668099894
rate_1p3e4_T293__onset__start2,87,1.5706949758875361,2.2248882715834197,10.97399724131189,-0.6084388578539177,0.7936007472157608,0.00010135090718695747,58337.31629864141,2.8866610968615634
rate_1p3e4_T293__onset__start2,88,1.5706949758875361,1.4816991453674835,10.97399724131189,0.08897934760921643,0.9960334660175992,0.00010135090718695746,58337.31629864141,2.942558829520884
rate_1p3e4_T293__onset__start2,89,1.5706949758875361,1.557633860774727,10.97399724131189,0.013162085888532394,0.9999133708592243,0.00010135090718695746,58337.31629864141,2.944217801923412
rate_1p3e4_T293__onset__start2,90,1.5706949758875361,1.565642158616821,10.97399724131189,0.005154145331168401,0.9999867121686662,0.00010135090718695746,58337.31629864141,2.9442338085977404
rate_1p3e4_T293__onset__start2,91,1.5706949758875361,1.5658645575093881,10.97399724131189,0.004931749268168281,0.9999878337145656,0.00010135090718695746,58337.31629864141,2.9442338137317767
rate_1p3e4_T293__onset__start2,92,1.5706949758875361,1.5657978908416867,10.97399724131189,0.004998415113775135,0.9999875027090809,0.00010135090718695746,58337.31629864141,2.9442338146861884
rate_1p3e4_T293__onset__start2,93,1.5706949758875361,1.5657312241749743,10.97399724131189,0.005065080936177836,0.9999871672592122,0.00010135090718695747,58337.31629864141,2.9442338135058126
rate_1p3e4_T293__onset__start2,94,1.5706949758875361,1.565766486520784,9.973010023033675,0.005029819039738892,0.9999873452441391,0.00010135090718695746,21439.922984419525,2.9437387350678135
rate_1p3e4_T293__onset__start2,95,1.5706949758875361,1.5657153260070054,8.342310205260866,0.00508097889948898,0.9999870866073305,0.00010135090718695746,4197.776273049276,2.925223268811057
rate_1p3e4_T293__onset__start2,96,1.5706949758875361,1.5657981054571815,10.98083793586553,0.004998200500962423,0.9999875037817952,0.00010135090718695746,58737.75212858491,2.94423060594925
rate_1p3e4_T293__onset__start2,97,1.5706949758875361,1.5657841549801286,10.536177812116017,0.005012150803200282,0.9999874339572071,0.00010135090718695746,37653.37279619578,2.944048590761442
rate_1p3e4_T293__onset__start2,98,1.5706949758875361,1.565817647034563,11.603709840806482,0.0049786591668235436,0.9999876012635828,0.00010135090718695746,109503.28642548979,2.944148700874077
rate_1p3e4_T293__onset__start2,99,1.5706949758875361,1.565803804675223,11.162495881328363,0.0049925013540584534,0.9999875322513894,0.00010135090718695746,70438.54322557549,2.9442225402197475
rate_1p3e4_T293__onset__start2,100,1.5706949758875361,1.5657974266883783,10.959202731651384,0.004998879261282393,0.9999875003889422,0.00010135090718695746,57480.59730413358,2.9442129886457415
rate_1p3e4_T293__onset__start2,101,1.5706949758875361,1.5658007901714714,11.066411023002722,0.004995515820203198,0.9999875171969317,0.00010135090718695746,63985.45193603472,2.9441782750168937
rate_1p3e4_T293__onset__start2,102,1.5706949758875361,1.56579913092679,11.01352394662968,0.004997175044165725,0.9999875089067721,0.00010135090718695746,60689.37658337057,2.944178335308227
rate_1p3e4_T293__onset__start2,103,1.5706949758875361,1.5657984971517174,10.99332288102079,0.0049978088113208224,0.9999875057394864,0.00010135090718695746,59475.68669337104,2.9442167368116916
rate_1p3e4_T293__onset__start2,104,1.5706949758875361,1.565797846190569,10.97257402320927,0.004998459764334804,0.9999875024858951,0.00010135090718695746,58254.348628576525,2.9442336415112575
rate_1p3e4_T293__onset__start2,105,1.5706949758875361,1.5657976859549907,10.967466644307642,0.0049986199979105556,0.9999875016849512,0.00010135090718695747,57957.58009723882,2.9442298910037796
rate_1p3e4_T293__onset__start2,106,1.5706949758875361,1.5657979058862965,10.97447677602979,0.004998400069353371,0.99998750278428,0.00010135090718695746,58365.297775664396,2.944233796405971
rate_1p3e4_T293__onset__start2,107,1.5706949758875361,1.5657978941407162,10.974102395194134,0.00499841181478687,0.9999875027255708,0.00010135090718695746,58343.45101646892,2.944233813877681
rate_1p3e4_T293__onset__start2,108,1.5706949758875361,1.5657978912773336,10.974011127199812,0.004998414678133728,0.9999875027112585,0.00010135090718695746,58338.12636970148,2.944233814683514
rate_1p3e4_T293__onset__start2,109,1.5706949758875361,1.5657978910046046,10.974002434185374,0.004998414950859269,0.9999875027098952,0.00010135090718695746,58337.61923773091,2.9442338146889053
rate_1p3e4_T293__onset__start2,110,1.5706949758875361,1.5657978910225059,10.974003004777654,0.004998414932958257,0.9999875027099847,0.00010135090718695746,58337.65252473553,2.9442338146889346
rate_1p3e4_T293__onset__start2,111,1.5706949758875361,1.5657978910233012,10.974003030127975,0.004998414932162903,0.9999875027099887,0.00010135090718695746,58337.65400361377,2.944233814688931
rate_1p3e4_T293__onset__start2,112,1.5706949758875361,1.5657978910160626,10.974002799403497,0.004998414939401467,0.9999875027099525,0.00010135090718695746,58337.64054369057,2.9442338146889298
rate_1p3e4_T293__onset__start2,113,1.5706949758875361,1.565797891020045,10.974002926331707,0.004998414935419146,0.9999875027099724,0.00010135090718695746,58337.64794838334,2.9442338146889306
rate_1p3e4_T293__onset__start2,114,1.5706949758875361,1.5657978910217096,10.974002979391804,0.004998414933754499,0.9999875027099807,0.00010135090718695746,58337.65104378467,2.9442338146889315
rate_1p3e4_T293__onset__start2,115,1.5706949758875361,1.565797891022477,10.97400300385321,0.004998414932987122,0.9999875027099846,0.00010135090718695746,58337.65247080571,2.9442338146889337
rate_1p3e4_T293__onset__start2,116,1.5706949758875361,1.5657978910228099,10.974003014460616,0.0049984149326542816,0.9999875027099863,0.00010135090718695746,58337.65308961681,2.944233814688931
rate_1p3e4_T293__onset__start2,117,1.5706949758875361,1.565797891022622,10.974003008476217,0.0049984149328421296,0.9999875027099853,0.00010135090718695746,58337.652740501035,2.9442338146889346
rate_1p3e4_T293__onset__start2,118,1.5706949758875361,1.565797891022564,10.974003006626935,0.004998414932900082,0.999987502709985,0.00010135090718695746,58337.65263261828,2.9442338146889324
rate_1p3e4_T293__onset__start2,119,1.5706949758875361,1.5657978910226937,10.974003010762052,0.00499841493277041,0.9999875027099856,0.00010135090718695746,58337.65287385131,2.944233814688934
rate_1p3e4_T293__onset__start2,120,1.5706949758875361,1.565797891022651,10.97400300940066,0.004998414932813042,0.9999875027099855,0.00010135090718695746,58337.652794430855,2.94423381468893
rate_1p3e4_T293__onset__start2,121,1.5706949758875361,1.565797891022593,10.974003007551774,0.0049984149328712165,0.9999875027099852,0.00010135090718695746,58337.652686571215,2.944233814688933
rate_1p3e4_T293__terminal__start1,1,1.570796149831126,1.5663851461515081,8.952089305379884,0.004411166337565115,0.9999902707584265,1.7696377058745981e-07,7724.0128359970095,13.278660136131515
rate_1p3e4_T293__terminal__start1,2,0.5999908074321633,1.5663851461515081,8.952089305379884,0.002490698403980038,0.5646293929483482,0.8253408053890466,7724.0128359970095,0.9204382646556963
rate_1p3e4_T293__terminal__start1,3,0.9708055193627332,1.5663851461515081,8.952089305379884,0.0036407155777510992,0.8253327754489833,0.5646348864175504,7724.0128359970095,1.3443423911286037
rate_1p3e4_T293__terminal__start1,4,1.1999816148643265,1.5663851461515081,8.952089305379884,0.004111350053444196,0.9320233558446365,0.36237489008048024,7724.0128359970095,1.8159321248769158
rate_1p3e4_T293__terminal__start1,5,1.3416202312933032,1.5663851461515081,8.952089305379884,0.004295831524711827,0.9738444213600802,0.22717523812546525,7724.0128359970095,2.329189927562005
rate_1p3e4_T293__terminal__start1,6,1.4291577103659199,1.5663851461515081,8.952089305379884,0.004366992958789775,0.9899763774654681,0.1411655107767015,7724.0128359970095,2.9120462431336893
rate_1p3e4_T293__terminal__start1,7,1.4832588477222797,1.5663851461515081,8.952089305379884,0.004394276161920199,0.9961613488761382,0.08742572471696057,7724.0128359970095,3.67061448286902
rate_1p3e4_T293__terminal__start1,8,1.5166951894385368,1.5663851461515081,8.952089305379884,0.0044047123177021405,0.9985271753826536,0.0540747494838181,7724.0128359970095,5.010670237873972
rate_1p3e4_T293__terminal__start1,9,1.5373599850786395,1.5663851461515081,8.952089305379884,0.004408700749681162,0.9994313338000408,0.03343011182110186,7724.0128359970095,10.058503344131926
rate_1p3e4_T293__terminal__start1,10,1.5501315311547936,1.5663851461515081,8.952089305379884,0.0044102245125666965,0.9997767635444375,0.02066332491054402,7724.0128359970095,12.061553057701548
rate_1p3e4_T293__terminal__start1,11,1.5580247807187424,1.5663851461515081,8.952089305379884,0.004410806584515053,0.9999087164658863,0.012771198879420182,7724.0128359970095,12.815107135647866
rate_1p3e4_T293__terminal__start1,12,1.562903077230948,1.5663851461515081,8.952089305379884,0.004411028922973208,0.9999591195289212,0.007893167601504682,7724.0128359970095,13.101773803945626
rate_1p3e4_T293__terminal__start1,13,1.565918030282691,1.5663851461515081,8.952089305379884,0.0044111138496931756,0.9999783720093758,0.0048782771634600566,7724.0128359970095,13.211120126453075
rate_1p3e4_T293__terminal__start1,14,1.5677813737431534,1.5663851461515081,8.952089305379884,0.0044111462889575015,0.9999857258351519,0.003014948484120609,7724.0128359970095,13.252865677887852
rate_1p3e4_T293__terminal__start1,15,1.568932983334434,1.5663851461515081,8.952089305379884,0.004411158679674892,0.9999885347514088,0.0018633423821927916,7724.0128359970095,13.268808041947214
rate_1p3e4_T293__terminal__start1,16,1.5696447172036159,1.5663851461515081,8.952089305379884,0.004411163412510852,0.9999896076626416,0.001151609336735768,7724.0128359970095,13.274897045619833
rate_1p3e4_T293__terminal__start1,17,1.5700845929257148,1.5663851461515081,8.952089305379884,0.004411165220293772,0.9999900174783668,0.000711733809091914,7724.0128359970095,13.27722277438194
rate_1p3e4_T293__terminal__start1,18,1.5703564510727976,1.5663851461515081,8.952089305379884,0.004411165910805468,0.9999901740140595,0.00043987570791366947,7724.0128359970095,13.27811111443666
rate_1p3e4_T293__terminal__start1,19,1.5705244686478135,1.5663851461515081,8.952089305379884,0.004411166174557476,0.9999902338053758,0.0002718581437344463,7724.0128359970095,13.278450428790471
rate_1p3e4_T293__terminal__start1,20,1.5706283092198807,1.5663851461515081,8.952089305379884,0.00441116627530178,0.9999902566436267,0.00016801757422537424,7724.0128359970095,13.278580035143897
rate_1p3e4_T293__terminal__start1,21,1.570694975889037,1.5663851461515081,8.952089305379884,0.004411166314909421,0.999990265622489,0.00010135090568615798,7724.0128359970095,13.278630989872829
rate_1p3e4_T293__terminal__start1,22,1.570694975889037,-0.7416294238611401,8.952089305379884,0.737368874291191,-0.6754902907922036,0.00010135090568615798,7724.0128359970095,1.2698985896950474
rate_1p3e4_T293__terminal__start1,23,1.570694975889037,0.7416294238611396,8.952089305379884,0.7373688742911914,0.6754902907922032,0.00010135090568615798,7724.0128359970095,1.165592250197374
rate_1p3e4_T293__terminal__start1,24,1.570694975889037,-1.6583338058675134,8.952089305379884,-0.08742572426794165,-0.9961710357484902,0.00010135090568615798,7724.0128359970095,2.8007065057259903
rate_1p3e4_T293__terminal__start1,25,1.570694975889037,-2.2248882715834197,8.952089305379884,-0.6084388578539178,-0.7936007472157609,0.00010135090568615798,7724.0128359970095,2.0105946134609254
rate_1p3e4_T293__terminal__start1,26,1.570694975889037,-1.60411009268859,8.952089305379884,-0.03330760408946007,-0.9994451426855872,0.00010135090568615797,7724.0128359970095,7.272723192083329
rate_1p3e4_T293__terminal__start1,27,1.570694975889037,-1.274671791836246,8.952089305379884,0.29181562202393974,-0.9564745853763053,0.00010135090568615797,7724.0128359970095,1.9225674341267462
rate_1p3e4_T293__terminal__start1,28,1.570694975889037,-1.478275858959008,8.952089305379884,0.0923885274070832,-0.9957230286236954,0.00010135090568615797,7724.0128359970095,2.990061095002153
rate_1p3e4_T293__terminal__start1,29,1.570694975889037,-1.567492204834259,8.952089305379884,0.0033041159316988342,-0.9999945362580257,0.00010135090568615797,7724.0128359970095,12.854540694083955
rate_1p3e4_T293__terminal__start1,30,1.570694975889037,-1.5493348493469834,8.952089305379884,0.021459829867384945,-0.9997697061974107,0.00010135090568615798,7724.0128359970095,8.700706206178547
rate_1p3e4_T293__terminal__start1,31,1.570694975889037,-1.5748494748582962,8.952089305379884,-0.0040531369450661275,-0.9999917808706722,0.00010135090568615797,7724.0128359970095,13.276581090486808
rate_1p3e4_T293__terminal__start1,32,1.570694975889037,-1.57544030149844,8.952089305379884,-0.004643957987329057,-0.9999892116329085,0.00010135090568615797,7724.0128359970095,13.279035062956309
rate_1p3e4_T293__terminal__start1,33,1.570694975889037,-1.575507014765909,8.952089305379884,-0.004710670524687001,-0.9999888995939914,0.00010135090568615798,7724.0128359970095,13.279015816863506
rate_1p3e4_T293__terminal__start1,34,1.570694975889037,-1.575373588230971,8.952089305379884,-0.004577245429302435,-0.9999895192212136,0.00010135090568615797,7724.0128359970095,13.278994135586098
rate_1p3e4_T293__terminal__start1,35,1.570694975889037,-1.57544030149844,8.342310205260866,-0.004643957987329057,-0.9999892116329085,0.00010135090568615797,4197.776273049276,13.130832291415844
rate_1p3e4_T293__terminal__start1,36,1.570694975889037,-1.57544030149844,9.973010023033673,-0.004643957987329057,-0.9999892116329085,0.00010135090568615797,21439.92298441949,12.959630370995828
rate_1p3e4_T293__terminal__start1,37,1.570694975889037,-1.57544030149844,7.334482292429009,-0.004643957987329057,-0.9999892116329085,0.00010135090568615797,1532.2343252594655,12.29548420589961
rate_1p3e4_T293__terminal__start1,38,1.570694975889037,-1.57544030149844,9.009343185085728,-0.004643957987329057,-0.9999892116329085,0.00010135090568615797,8179.147324343637,13.281055495340464
rate_1p3e4_T293__terminal__start1,39,1.570694975889037,-1.57544030149844,9.004460630012957,-0.004643957987329057,-0.9999892116329085,0.00010135090568615797,8139.309521359977,13.280960046341436
rate_1p3e4_T293__terminal__start1,40,1.570694975889037,-1.57544030149844,9.03837190326344,-0.004643957987329057,-0.9999892116329085,0.00010135090568615797,8420.057222742358,13.281318261825724
rate_1p3e4_T293__terminal__start1,41,1.570694975889037,-1.57544030149844,9.038478962841305,-0.004643957987329057,-0.9999892116329085,0.00010135090568615797,8420.95871877025,13.281318263005783
rate_1p3e4_T293__terminal__start1,42,1.570694975889037,-1.57544030149844,9.038545630789338,-0.004643957987329057,-0.9999892116329085,0.00010135090568615797,8421.520145522878,13.28131826120497
rate_1p3e4_T293__terminal__start1,43,1.5706445422128148,-3.141592653589793,9.081542897322699,-0.9999999884807204,-1.2246467850403043e-16,0.0001517845814990047,8791.519980799756,0.8641984114910086
rate_1p3e4_T293__terminal__start1,44,0.5999908074321633,-1.57544030149844,9.038478962841305,-0.0026221407041707397,-0.5646287978290582,0.8253408053890466,8420.95871877025,0.9198336338050956
rate_1p3e4_T293__terminal__start1,45,0.9708055193627332,-1.57544030149844,9.038478962841305,-0.0038328480451405786,-0.8253319055483697,0.5646348864175504,8420.95871877025,1.3430009592314514
rate_1p3e4_T293__terminal__start1,46,1.1999816148643265,-1.57544030149844,9.038478962841305,-0.004328319441247361,-0.9320223734921681,0.36237489008048024,8420.95871877025,1.8154803345530595
rate_1p3e4_T293__terminal__start1,47,1.3416202312933032,-1.57544030149844,9.038478962841305,-0.00452253660306959,-0.9738433949282154,0.22717523812546522,8420.95871877025,2.3286467002217375
rate_1p3e4_T293__terminal__start1,48,1.4291577103659199,-1.57544030149844,9.038478962841305,-0.004597453458745402,-0.9899753340305241,0.14116551077670147,8420.95871877025,2.910686999177361
rate_1p3e4_T293__terminal__start1,49,1.4832588477222797,-1.57544030149844,9.038478962841305,-0.004626176485730174,-0.9961602989222353,0.08742572471696057,8420.95871877025,3.6688104594678728
rate_1p3e4_T293__terminal__start1,50,1.5166951894385368,-1.57544030149844,9.038478962841305,-0.00463716339158243,-0.99852612293517,0.054074749483818095,8420.95871877025,5.000893155925171
rate_1p3e4_T293__terminal__start1,51,1.5373599850786395,-1.57544030149844,9.038478962841305,-0.004641362306160485,-0.9994302803995743,0.03343011182110185,8420.95871877025,10.049725808660567
rate_1p3e4_T293__terminal__start1,52,1.5501315311547936,-1.57544030149844,9.038478962841305,-0.004642966482996701,-0.9997757097798882,0.02066332491054402,8420.95871877025,12.060730440531547
rate_1p3e4_T293__terminal__start1,53,1.5580247807187424,-1.57544030149844,9.038478962841305,-0.004643579272785341,-0.9999076625622586,0.012771198879420182,8420.95871877025,12.81652280892186
rate_1p3e4_T293__terminal__start1,54,1.562903077230948,-1.57544030149844,9.038478962841305,-0.004643813344771053,-0.9999580655721687,0.00789316760150468,8420.95871877025,13.103983544888775
rate_1p3e4_T293__terminal__start1,55,1.565918030282691,-1.57544030149844,9.038478962841305,-0.004643902753351773,-0.9999773180323313,0.0048782771634600566,8420.95871877025,13.21362614098683
rate_1p3e4_T293__terminal__start1,56,1.5677813737431534,-1.57544030149844,9.038478962841305,-0.004643936904542164,-0.9999846718503563,0.0030149484841206086,8420.95871877025,13.255483919447068
rate_1p3e4_T293__terminal__start1,57,1.568932983334434,-1.57544030149844,9.038478962841305,-0.0046439499491582326,-0.9999874807636526,0.0018633423821927913,8420.95871877025,13.271469017897216
rate_1p3e4_T293__terminal__start1,58,1.5696447172036159,-1.57544030149844,9.038478962841305,-0.004643954931761424,-0.9999885536737545,0.0011516093367357678,8420.95871877025,13.27757432556868
rate_1p3e4_T293__terminal__start1,59,1.5700845929257148,-1.57544030149844,9.038478962841305,-0.004643956834946961,-0.9999889634890479,0.0007117338090919139,8420.95871877025,13.279906279131172
rate_1p3e4_T293__terminal__start1,60,1.5703564510727976,-1.57544030149844,9.038478962841305,-0.004643957561899218,-0.9999891200245756,0.0004398757079136694,8420.95871877025,13.280796996443959
rate_1p3e4_T293__terminal__start1,61,1.5705244686478135,-1.57544030149844,9.038478962841305,-0.004643957839570281,-0.9999891798158288,0.00027185814373444626,8420.95871877025,13.281137218772024
rate_1p3e4_T293__terminal__start1,62,1.5706283092198807,-1.57544030149844,9.038478962841305,-0.004643957945631191,-0.9999892026540557,0.00016801757422537421,8420.95871877025,13.281267171931015
rate_1p3e4_T293__terminal__start1,63,1.5706949758875361,-0.7416294238611401,9.038478962841305,0.7373688742911909,-0.6754902907922036,0.00010135090718695747,8420.95871877025,1.2698583636043284
rate_1p3e4_T293__terminal__start1,64,1.5706949758875361,0.7416294238611396,9.038478962841305,0.7373688742911911,0.6754902907922031,0.00010135090718695746,8420.95871877025,1.1655818744104411
rate_1p3e4_T293__terminal__start1,65,1.5706949758875361,-1.6583338058675134,9.038478962841305,-0.08742572426794165,-0.9961710357484901,0.00010135090718695747,8420.95871877025,2.7998559906762934
rate_1p3e4_T293__terminal__start1,66,1.5706949758875361,-2.2248882715834197,9.038478962841305,-0.6084388578539177,-0.7936007472157608,0.00010135090718695747,8420.95871877025,2.0093987128869113
rate_1p3e4_T293__terminal__start1,67,1.5706949758875361,-1.6039323349609045,9.038478962841305,-0.03312994446666182,-0.9994510475794348,0.00010135090718695746,8420.95871877025,7.3204406588319895
rate_1p3e4_T293__terminal__start1,68,1.5706949758875361,-1.2745619315187735,9.038478962841305,0.29192069886432864,-0.9564425206475063,0.00010135090718695746,8420.95871877025,1.9221471286926117
rate_1p3e4_T293__terminal__start1,69,1.5706949758875361,-1.4781240357342758,9.038478962841305,0.0925397002228569,-0.995708990423737,0.00010135090718695746,8420.95871877025,2.9873888402925104
rate_1p3e4_T293__terminal__start1,70,1.5706949758875361,-1.5674311696378571,9.038478962841305,0.003365150788427852,-0.9999943327280234,0.00010135090718695746,8420.95871877025,12.849269433680991
rate_1p3e4_T293__terminal__start1,71,1.5706949758875361,-1.54930063625591,9.038478962841305,0.021494035066828995,-0.999768971405164,0.00010135090718695746,8420.95871877025,8.671466132810528
rate_1p3e4_T293__terminal__start1,72,1.5706949758875361,-1.5748476603075128,9.038478962841305,-0.004051322409190075,-0.9999917882236486,0.00010135090718695746,8420.95871877025,13.278843860651142
rate_1p3e4_T293__terminal__start1,73,1.5706949758875361,-1.5754282762118925,9.038478962841305,-0.004631932830179352,-0.9999892674055308,0.00010135090718695746,8420.95871877025,13.281315327959613
rate_1p3e4_T293__terminal__start1,74,1.5706949758875361,-1.5754949428787377,9.038478962841305,-0.004698598771175669,-0.9999889563878099,0.00010135090718695746,8420.95871877025,13.281306914992586
rate_1p3e4_T293__terminal__start1,75,1.5706949758875361,-1.5753616095450476,9.038478962841305,-0.00456526686859689,-0.9999895739788551,0.00010135090718695746,8420.95871877025,13.281263513190932
rate_1p3e4_T293__terminal__start1,76,1.5706949758875361,-1.5754282762118925,8.342310205260866,-0.004631932830179352,-0.9999892674055308,0.00010135090718695746,4197.776273049276,13.13082986216958
rate_1p3e4_T293__terminal__start1,77,1.5706949758875361,-1.5754282762118925,9.973010023033673,-0.004631932830179352,-0.9999892674055308,0.00010135090718695746,21439.92298441949,12.959628743439636
rate_1p3e4_T293__terminal__start1,78,1.5706949758875361,-1.5754282762118925,7.334482292429009,-0.004631932830179352,-0.9999892674055308,0.00010135090718695746,1532.2343252594655,12.295486003657082
rate_1p3e4_T293__terminal__start1,79,1.5706949758875361,-1.5754282762118925,9.009343135396485,-0.004631932830179352,-0.9999892674055308,0.00010135090718695746,8179.146917928008,13.281052557474741
rate_1p3e4_T293__terminal__start1,80,1.5706949758875361,-1.5754282762118925,9.004460765416399,-0.004631932830179352,-0.9999892674055308,0.00010135090718695746,8139.310623450571,13.2809571128823
rate_1p3e4_T293__terminal__start1,81,1.5706949758875361,-1.5754282762118925,9.038371782075233,-0.004631932830179352,-0.9999892674055308,0.00010135090718695746,8420.056202330774,13.281315326458968
rate_1p3e4_T293__terminal__start1,82,1.5706949758875361,-1.5754282762118925,9.038479317683095,-0.004631932830179352,-0.9999892674055308,0.00010135090718695746,8420.961706878841,13.281315327956218
rate_1p3e4_T293__terminal__start1,83,1.5706949758875361,-1.5754282762118925,9.038545984349765,-0.004631932830179352,-0.9999892674055308,0.00010135090718695746,8421.523123039666,13.281315326319639
rate_1p3e4_T293__terminal__start2,1,1.5706949758856612,-1.5753908940094778,8.830082914842956,-0.004594551025745008,-0.9999894398586743,0.0001013509090619021,6836.8536687706555,13.268261170807328
rate_1p3e4_T293__terminal__start2,2,0.5999908074321633,-1.5753908940094778,8.830082914842956,-0.002594243809885216,-0.5646289266932882,0.8253408053890466,6836.8536687706555,0.9204988066671961
rate_1p3e4_T293__terminal__start2,3,0.9708055193627332,-1.5753908940094778,8.830082914842956,-0.003792070463465541,-0.8253320939124081,0.5646348864175504,6836.8536687706555,1.3431687676339021
rate_1p3e4_T293__terminal__start2,4,1.1999816148643265,-1.5753908940094778,8.830082914842956,-0.0042822705508524265,-0.9320225862059831,0.36237489008048024,6836.8536687706555,1.8165287404552635
rate_1p3e4_T293__terminal__start2,5,1.3416202312933032,-1.5753908940094778,8.830082914842956,-0.00447442144078346,-0.973843617186768,0.22717523812546525,6836.8536687706555,2.3295018999285286
rate_1p3e4_T293__terminal__start2,6,1.4291577103659199,-1.5753908940094778,8.830082914842956,-0.0045485412577650226,-0.9899755599708406,0.1411655107767015,6836.8536687706555,2.9127316849245593
rate_1p3e4_T293__terminal__start2,7,1.4832588477222797,-1.5753908940094778,8.830082914842956,-0.004576958701130242,-0.9961605262741354,0.08742572471696057,6836.8536687706555,3.671670021942716
rate_1p3e4_T293__terminal__start2,8,1.5166951894385368,-1.5753908940094778,8.830082914842956,-0.004587828717545331,-0.9985263508270179,0.0540747494838181,6836.8536687706555,5.02885508735404
rate_1p3e4_T293__terminal__start2,9,1.5373599850786395,-1.5753908940094778,8.830082914842956,-0.004591982959968336,-0.9994305084977765,0.03343011182110186,6836.8536687706555,10.060576370980439
rate_1p3e4_T293__terminal__start2,10,1.5501315311547936,-1.5753908940094778,8.830082914842956,-0.004593570070004305,-0.9997759379569271,0.02066332491054402,6836.8536687706555,12.05508799668737
rate_1p3e4_T293__terminal__start2,11,1.5580247807187424,-1.5753908940094778,8.830082914842956,-0.004594176340336562,-0.9999078907694129,0.012771198879420182,6836.8536687706555,12.806167356745602
rate_1p3e4_T293__terminal__start2,12,1.562903077230948,-1.5753908940094778,8.830082914842956,-0.004594407922035835,-0.9999582937908263,0.007893167601504682,6836.8536687706555,13.091943304895612
rate_1p3e4_T293__terminal__start2,13,1.565918030282691,-1.5753908940094778,8.830082914842956,-0.004594496379400733,-0.9999775462553828,0.004878277163460057,6836.8536687706555,13.200955354358817
rate_1p3e4_T293__terminal__start2,14,1.5677813737431534,-1.5753908940094778,8.830082914842956,-0.004594530167257399,-0.9999849000750863,0.003014948484120609,6836.8536687706555,13.242573999065689
rate_1p3e4_T293__terminal__start2,15,1.568932983334434,-1.5753908940094778,8.830082914842956,-0.004594543073092098,-0.9999877089890237,0.0018633423821927913,6836.8536687706555,13.258467997096064
rate_1p3e4_T293__terminal__start2,16,1.5696447172036159,-1.5753908940094778,8.830082914842956,-0.00459454800268549,-0.9999887818993705,0.001151609336735768,6836.8536687706555,13.264538542083729
rate_1p3e4_T293__terminal__start2,17,1.5700845929257148,-1.5753908940094778,8.830082914842956,-0.00459454988562308,-0.9999891917147573,0.000711733809091914,6836.8536687706555,13.266857222500512
rate_1p3e4_T293__terminal__start2,18,1.5703564510727976,-1.5753908940094778,8.830082914842956,-0.004594550604841308,-0.9999893482503207,0.0004398757079136694,6836.8536687706555,13.267742870654017
rate_1p3e4_T293__terminal__start2,19,1.5705244686478135,-1.5753908940094778,8.830082914842956,-0.004594550879558236,-0.9999894080415876,0.0002718581437344463,6836.8536687706555,13.268081156840763
rate_1p3e4_T293__terminal__start2,20,1.5706283092198807,-1.5753908940094778,8.830082914842956,-0.004594550984490767,-0.9999894308798197,0.00016801757422537424,6836.8536687706555,13.268210370474245
rate_1p3e4_T293__terminal__start2,21,1.5706949758875361,-0.7416294238611401,8.830082914842956,0.7373688742911909,-0.6754902907922036,0.00010135090718695747,6836.8536687706555,1.2699492006329671
rate_1p3e4_T293__terminal__start2,22,1.5706949758875361,0.7416294238611394,8.830082914842956,0.7373688742911914,0.675490290792203,0.00010135090718695746,6836.8536687706555,1.1655923328180677
rate_1p3e4_T293__terminal__start2,23,1.5706949758875361,-1.6583338058675134,8.830082914842956,-0.08742572426794165,-0.9961710357484901,0.00010135090718695747,6836.8536687706555,2.801693150557493
rate_1p3e4_T293__terminal__start2,24,1.5706949758875361,-2.2248882715834197,8.830082914842956,-0.6084388578539177,-0.7936007472157608,0.00010135090718695747,6836.8536687706555,2.0120128217635087
rate_1p3e4_T293__terminal__start2,25,1.5706949758875361,-1.6043229827225027,8.830082914842956,-0.033520375243386656,-0.999438029180167,0.00010135090718695747,6836.8536687706555,7.208122218305823
rate_1p3e4_T293__terminal__start2,26,1.5706949758875361,-1.2748033651130704,8.830082914842956,0.2916897730030186,-0.9565129722347947,0.00010135090718695746,6836.8536687706555,1.9230577101294632
rate_1p3e4_T293__terminal__start2,27,1.5706949758875361,-1.478457688755568,8.830082914842956,0.09220747376507776,-0.995739811150411,0.00010135090718695746,6836.8536687706555,2.9932983651209706
rate_1p3e4_T293__terminal__start2,28,1.5706949758875361,-1.5675631949547917,8.830082914842956,0.003233126190771767,-0.9999947682978287,0.00010135090718695746,6836.8536687706555,12.85268361526125
rate_1p3e4_T293__terminal__start2,29,1.5706949758875361,-1.5493668820775024,8.830082914842956,0.02142780450280082,-0.9997703931014278,0.00010135090718695746,6836.8536687706555,8.724306047285928
rate_1p3e4_T293__terminal__start2,30,1.5706949758875361,-1.5748522217330179,8.830082914842956,-0.004055883797195596,-0.9999917697334401,0.00010135090718695746,6836.8536687706555,13.265862802206987
rate_1p3e4_T293__terminal__start2,31,1.5706949758875361,-1.5754517832137656,8.830082914842956,-0.00465543957847935,-0.9999891582463906,0.00010135090718695746,6836.8536687706555,13.268286490898001
rate_1p3e4_T293__terminal__start2,32,1.5706949758875361,-1.5755184498813355,8.830082914842956,-0.004722105512870899,-0.9999888456615499,0.00010135090718695746,6836.8536687706555,13.268256912104292
rate_1p3e4_T293__terminal__start2,33,1.5706949758875361,-1.5753851165461958,8.830082914842956,-0.00458877362339718,-0.999989466386835,0.00010135090718695746,6836.8536687706555,13.268256173389517
rate_1p3e4_T293__terminal__start2,34,1.5706949758875361,-1.5754517832137656,8.342310205260866,-0.00465543957847935,-0.9999891582463906,0.00010135090718695746,4197.776273049276,13.130832819657115
rate_1p3e4_T293__terminal__start2,35,1.5706949758875361,-1.5754517832137656,9.973010023033673,-0.00465543957847935,-0.9999891582463906,0.00010135090718695746,21439.92298441949,12.959629990104022
rate_1p3e4_T293__terminal__start2,36,1.5706949758875361,-1.5754517832137656,7.334482292429009,-0.00465543957847935,-0.9999891582463906,0.00010135090718695746,1532.2343252594655,12.295480865802464
rate_1p3e4_T293__terminal__start2,37,1.5706949758875361,-1.5754517832137656,9.009343095636748,-0.00465543957847935,-0.9999891582463906,0.00010135090718695746,8179.146592727286,13.28105647054139
rate_1p3e4_T293__terminal__start2,38,1.5706949758875361,-1.5754517832137656,9.004460385823297,-0.00465543957847935,-0.9999891582463906,0.00010135090718695746,8139.307533824991,13.280961017654732
rate_1p3e4_T293__terminal__start2,39,1.5706949758875361,-1.5754517832137656,9.038371929113183,-0.00465543957847935,-0.9999891582463906,0.00010135090718695746,8420.057440398667,13.281319235684968
rate_1p3e4_T293__terminal__start2,40,1.5706949758875361,-1.5754517832137656,9.038478554213834,-0.00465543957847935,-0.9999891582463906,0.00010135090718695746,8420.955277735884,13.281319236559368
rate_1p3e4_T293__terminal__start2,41,1.5706949758875361,-1.5754517832137656,9.038545223971507,-0.00465543957847935,-0.9999891582463906,0.00010135090718695746,8421.516719499017,13.281319234598312
rate_1p3e4_T293__terminal__start2,42,1.570694975889411,-1.5755126724180533,9.246874193584711,-0.004716328113953673,-0.999988872926652,0.00010135090531201283,10372.093835142548,13.266984595536641
rate_1p3e4_T293__terminal__start2,43,0.5999908074321633,-1.5754517832137656,9.038478554213834,-0.002628623611119075,-0.5646287676851676,0.8253408053890466,8420.955277735884,0.9198249018441619
rate_1p3e4_T293__terminal__start2,44,0.9708055193627332,-1.5754517832137656,9.038478554213834,-0.00384232427087638,-0.8253318614862978,0.5646348864175504,8420.955277735884,1.3429746831649236
rate_1p3e4_T293__terminal__start2,45,1.1999816148643265,-1.5754517832137656,9.038478554213834,-0.004339020656531364,-0.9320223237342022,0.36237489008048024,8420.955277735884,1.8154520289231726
rate_1p3e4_T293__terminal__start2,46,1.3416202312933032,-1.5754517832137656,9.038478554213834,-0.004533717995403536,-0.9738433429375468,0.22717523812546525,8420.955277735884,2.3286219589266834
rate_1p3e4_T293__terminal__start2,47,1.4291577103659199,-1.5754517832137656,9.038478554213834,-0.004608820073406828,-0.9899752811786181,0.14116551077670147,8420.955277735884,2.910663342363648
rate_1p3e4_T293__terminal__start2,48,1.4832588477222797,-1.5754517832137656,9.038478554213834,-0.004637614114395891,-0.9961602457401321,0.08742572471696057,8420.955277735884,3.668775707547852
rate_1p3e4_T293__terminal__start2,49,1.5166951894385368,-1.5754517832137656,9.038478554213834,-0.0046486281839652486,-0.9985260696267622,0.054074749483818095,8420.955277735884,5.000835423428539
rate_1p3e4_T293__terminal__start2,50,1.5373599850786395,-1.5754517832137656,9.038478554213834,-0.004652837479821643,-0.9994302270428962,0.03343011182110185,8420.955277735884,10.049679725287605
rate_1p3e4_T293__terminal__start2,51,1.5501315311547936,-1.5754517832137656,9.038478554213834,-0.004654445622779562,-0.9997756564047686,0.02066332491054402,8420.955277735884,12.060713757569106
rate_1p3e4_T293__terminal__start2,52,1.5580247807187424,-1.5754517832137656,9.038478554213834,-0.0046550599276124465,-0.9999076091800945,0.012771198879420182,8420.955277735884,12.816517073052829
rate_1p3e4_T293__terminal__start2,53,1.562903077230948,-1.5754517832137656,9.038478554213834,-0.004655294578311154,-0.9999580121873137,0.00789316760150468,8420.955277735884,13.103981960562525
rate_1p3e4_T293__terminal__start2,54,1.565918030282691,-1.5754517832137656,9.038478554213834,-0.004655384207943135,-0.9999772646464483,0.0048782771634600566,8420.955277735884,13.213626138433314
rate_1p3e4_T293__terminal__start2,55,1.5677813737431534,-1.5754517832137656,9.038478554213834,-0.004655418443567969,-0.9999846184640809,0.003014948484120609,8420.955277735884,13.255484520515605
rate_1p3e4_T293__terminal__start2,56,1.568932983334434,-1.5754517832137656,9.038478554213834,-0.004655431520435179,-0.9999874273772272,0.0018633423821927913,8420.955277735884,13.271469849447572
rate_1p3e4_T293__terminal__start2,57,1.5696447172036159,-1.5754517832137656,9.038478554213834,-0.0046554365153572185,-0.9999885002872718,0.0011516093367357678,8420.955277735884,13.277575245142938
rate_1p3e4_T293__terminal__start2,58,1.5700845929257148,-1.5754517832137656,9.038478554213834,-0.0046554384232481375,-0.9999889101025432,0.0007117338090919139,8420.955277735884,13.279907232326192
rate_1p3e4_T293__terminal__start2,59,1.5703564510727976,-1.5754517832137656,9.038478554213834,-0.004655439151997691,-0.9999890666380626,0.0004398757079136694,8420.955277735884,13.28079796248325
rate_1p3e4_T293__terminal__start2,60,1.5705244686478135,-1.5754517832137656,9.038478554213834,-0.004655439430355261,-0.9999891264293127,0.00027185814373444626,8420.955277735884,13.2811381897146
rate_1p3e4_T293__terminal__start2,61,1.5706283092198807,-1.5754517832137656,9.038478554213834,-0.0046554395366783935,-0.9999891492675383,0.00016801757422537421,8420.955277735884,13.281268144747813
rate_1p3e4_T293__terminal__start2,62,1.5706949758875361,-0.7416294238611401,9.038478554213834,0.7373688742911909,-0.6754902907922036,0.00010135090718695747,8420.955277735884,1.269858363809078
rate_1p3e4_T293__terminal__start2,63,1.5706949758875361,0.7416294238611392,9.038478554213834,0.7373688742911915,0.6754902907922028,0.00010135090718695746,8420.955277735884,1.1655818635617081
rate_1p3e4_T293__terminal__start2,64,1.5706949758875361,-1.6583338058675134,9.038478554213834,-0.08742572426794165,-0.9961710357484901,0.00010135090718695747,8420.955277735884,2.799855994027805
rate_1p3e4_T293__terminal__start2,65,1.5706949758875361,-2.2248882715834197,9.038478554213834,-0.6084388578539177,-0.7936007472157608,0.00010135090718695747,8420.955277735884,2.009398727275
rate_1p3e4_T293__terminal__start2,66,1.5706949758875361,-1.6039323379072246,9.038478554213834,-0.03312994741136451,-0.9994510474818233,0.00010135090718695746,8420.955277735884,7.3204394791796545
rate_1p3e4_T293__terminal__start2,67,1.5706949758875361,-1.2745619333396996,9.038478554213834,0.2919206971227175,-0.9564425211790724,0.00010135090718695746,8420.955277735884,1.9221471447024165
rate_1p3e4_T293__terminal__start2,68,1.5706949758875361,-1.4781240382507337,9.038478554213834,0.09253969771719713,-0.9957089906566092,0.00010135090718695746,8420.955277735884,2.9873890230088582
rate_1p3e4_T293__terminal__start2,69,1.5706949758875361,-1.5674311699417376,9.038478554213834,0.003365150484549098,-0.999994332729046,0.00010135090718695746,8420.955277735884,12.849269471435983
rate_1p3e4_T293__terminal__start2,70,1.5706949758875361,-1.5493006356440506,9.038478554213834,0.02149403567854709,-0.9997689713920127,0.00010135090718695747,8420.955277735884,8.671466006868187
rate_1p3e4_T293__terminal__start2,71,1.5706949758875361,-1.5748476601867794,9.038478554213834,-0.004051322288457644,-0.9999917882241378,0.00010135090718695746,8420.955277735884,13.278843859683327
rate_1p3e4_T293__terminal__start2,72,1.5706949758875361,-1.5754282762623784,9.038478554213834,-0.004631932880664649,-0.999989267405297,0.00010135090718695746,8420.955277735884,13.281315327978739
rate_1p3e4_T293__terminal__start2,73,1.5706949758875361,-1.5754949429293938,9.038478554213834,-0.004698598821831257,-0.9999889563875719,0.00010135090718695746,8420.955277735884,13.281306914976387
rate_1p3e4_T293__terminal__start2,74,1.5706949758875361,-1.575361609595363,9.038478554213834,-0.004565266918911894,-0.9999895739786254,0.00010135090718695746,8420.955277735884,13.28126351325273
rate_1p3e4_T293__terminal__start2,75,1.5706949758875361,-1.5754282762623784,8.342310205260866,-0.004631932880664649,-0.999989267405297,0.00010135090718695746,4197.776273049276,13.130829862183695
rate_1p3e4_T293__terminal__start2,76,1.5706949758875361,-1.5754282762623784,9.973010023033673,-0.004631932880664649,-0.999989267405297,0.00010135090718695746,21439.92298441949,12.959628743455669
rate_1p3e4_T293__terminal__start2,77,1.5706949758875361,-1.5754282762623784,7.334482292429009,-0.004631932880664649,-0.999989267405297,0.00010135090718695746,1532.2343252594655,12.29548600365328
rate_1p3e4_T293__terminal__start2,78,1.5706949758875361,-1.5754282762623784,9.009343135400783,-0.004631932880664649,-0.999989267405297,0.00010135090718695746,8179.1469179631695,13.281052557492375
rate_1p3e4_T293__terminal__start2,79,1.5706949758875361,-1.5754282762623784,9.004460765420028,-0.004631932880664649,-0.999989267405297,0.00010135090718695746,8139.310623480109,13.280957112898205
rate_1p3e4_T293__terminal__start2,80,1.5706949758875361,-1.5754282762623784,9.038371782698107,-0.004631932880664649,-0.999989267405297,0.00010135090718695746,8420.05620757541,13.281315326475367
rate_1p3e4_T293__terminal__start2,81,1.5706949758875361,-1.5754282762623784,9.038479317066082,-0.004631932880664649,-0.999989267405297,0.00010135090718695746,8420.961701683005,13.281315327972168
rate_1p3e4_T293__terminal__start2,82,1.5706949758875361,-1.5754282762623784,9.038545983732762,-0.004631932880664649,-0.999989267405297,0.00010135090718695746,8421.523117843557,13.281315326335603
rate_1e4_T373__onset__start1,1,1.5707963267948966,1.5707963267948966,10.884598933892804,6.123233995736766e-17,1.0,6.123233995736766e-17,53348.382301167665,4.973836331280016
rate_1e4_T373__onset__start1,2,0.5999908074321633,1.5707963267948966,10.884598933892804,3.457391531690911e-17,0.5646348864175502,0.8253408053890466,53348.382301167665,4.65757463190657
rate_1e4_T373__onset__start1,3,0.9708055193627332,1.5707963267948966,10.884598933892804,5.053754877626972e-17,0.8253408053890465,0.5646348864175504,53348.382301167665,4.805759835123625
rate_1e4_T373__onset__start1,4,1.1999816148643265,1.5707963267948966,10.884598933892804,5.707052622622092e-17,0.9320324238132276,0.36237489008048024,53348.382301167665,4.899535235059946
rate_1e4_T373__onset__start1,5,1.3416202312933032,1.5707963267948966,10.884598933892804,5.963135284214265e-17,0.9738538962198786,0.22717523812546522,53348.382301167665,4.943712105067061
rate_1e4_T373__onset__start1,6,1.4291577103659199,1.5707963267948966,10.884598933892804,6.061915987317831e-17,0.9899860092784912,0.14116551077670147,53348.382301167665,4.962056328401411
rate_1e4_T373__onset__start1,7,1.4832588477222797,1.5707963267948966,10.884598933892804,6.099788382991993e-17,0.9961710408648278,0.08742572471696057,53348.382301167665,4.969295662170586
rate_1e4_T373__onset__start1,8,1.5166951894385368,1.5707963267948966,10.884598933892804,6.114275033228822e-17,0.9985368903892646,0.054074749483818095,53348.382301167665,4.972095882817066
rate_1e4_T373__onset__start1,9,1.5373599850786395,1.5707963267948966,10.884598933892804,6.119811460652939e-17,0.9994410576035131,0.03343011182110186,53348.382301167665,4.973170649988743
rate_1e4_T373__onset__start1,10,1.5501315311547936,1.5707963267948966,10.884598933892804,6.121926628385946e-17,0.999786490708712,0.02066332491054402,53348.382301167665,4.973581933708545
rate_1e4_T373__onset__start1,11,1.5580247807187424,1.5707963267948966,10.884598933892804,6.122734614861494e-17,0.9999184449139752,0.012771198879420183,53348.382301167665,4.9737391410829614
rate_1e4_T373__onset__start1,12,1.562903077230948,1.5707963267948966,10.884598933892804,6.12304324761332e-17,0.9999688484673983,0.00789316760150468,53348.382301167665,4.973799205159679
rate_1e4_T373__onset__start1,13,1.565918030282691,1.5707963267948966,10.884598933892804,6.123161136203108e-17,0.9999881011351668,0.0048782771634600566,53348.382301167665,4.973822149959341
rate_1e4_T373__onset__start1,14,1.5677813737431534,1.5707963267948966,10.884598933892804,6.123206165837205e-17,0.9999954550324908,0.003014948484120609,53348.382301167665,4.973830914438506
rate_1e4_T373__onset__start1,15,1.568932983334434,1.5707963267948966,10.884598933892804,6.12322336565606e-17,0.9999982639760765,0.0018633423821927913,53348.382301167665,4.973834262221732
rate_1e4_T373__onset__start1,16,1.5696447172036159,1.5707963267948966,10.884598933892804,6.123229935406514e-17,0.9999993368977479,0.0011516093367357678,53348.382301167665,4.973835540968802
rate_1e4_T373__onset__start1,17,1.5700845929257148,1.5707963267948966,10.884598933892804,6.123232444828509e-17,0.9999997467174604,0.0007117338090919139,53348.382301167665,4.973836029407365
rate_1e4_T373__onset__start1,18,1.5703564510727976,1.5707963267948966,10.884598933892804,6.12323340334251e-17,0.9999999032546761,0.0004398757079136694,53348.382301167665,4.973836215974759
rate_1e4_T373__onset__start1,19,1.5705244686478135,1.5707963267948966,10.884598933892804,6.123233769462294e-17,0.9999999630465742,0.0002718581437344463,53348.382301167665,4.973836287237357
rate_1e4_T373__onset__start1,20,1.5706283092198807,1.5707963267948966,10.884598933892804,6.123233909307607e-17,0.9999999858850472,0.00016801757422537421,53348.382301167665,4.973836314456794
rate_1e4_T373__onset__start1,21,1.5706949758890394,1.5707963267948966,10.884598933892804,6.123233964287818e-17,0.9999999948639969,0.00010135090568371548,53348.382301167665,4.973836325158312
rate_1e4_T373__onset__start1,22,1.5706949758890394,-0.7416294238611401,10.884598933892804,0.737368874291191,-0.6754902907922036,0.0001013509056837155,53348.382301167665,4.631529237836512
rate_1e4_T373__onset__start1,23,1.5706949758890394,0.7416294238611396,10.884598933892804,0.7373688742911914,0.6754902907922032,0.0001013509056837155,53348.382301167665,4.653747923521572
rate_1e4_T373__onset__start1,24,1.5706949758890394,1.658333805867513,10.884598933892804,-0.08742572426794121,0.9961710357484902,0.00010135090568371548,53348.382301167665,4.961935919322367
rate_1e4_T373__onset__start1,25,1.5706949758890394,2.2248882715834193,10.884598933892804,-0.6084388578539174,0.7936007472157611,0.00010135090568371548,53348.382301167665,4.651152802888823
rate_1e4_T373__onset__start1,26,1.5706949758890394,1.4817922481040353,10.884598933892804,0.08888661378232517,0.9960417459214778,0.00010135090568371548,53348.382301167665,4.964087909720207
rate_1e4_T373__onset__start1,27,1.5706949758890394,1.5571140269914774,10.884598933892804,0.01368187283724143,0.9999063936607564,0.0001013509056837155,53348.382301167665,4.973764285209979
rate_1e4_T373__onset__start1,28,1.5706949758890394,1.5656770353913163,10.884598933892804,0.005119269016982128,0.9999868913204442,0.0001013509056837155,53348.382301167665,4.973871011929813
rate_1e4_T373__onset__start1,29,1.5706949758890394,1.565901923702354,10.884598933892804,0.00489438352637602,0.9999880172971528,0.0001013509056837155,53348.382301167665,4.973871036680627
rate_1e4_T373__onset__start1,30,1.5706949758890394,1.5658286251292355,10.884598933892804,0.004967681207965825,0.9999876558595161,0.00010135090568371548,53348.382301167665,4.9738710442422684
rate_1e4_T373__onset__start1,31,1.5706949758890394,1.565761958388886,10.884598933892804,0.005034347114283015,0.9999873224582033,0.00010135090568371548,53348.382301167665,4.973871037994962
rate_1e4_T373__onset__start1,32,1.5706949758890394,1.5658286251292355,8.342310205260866,0.004967681207965825,0.9999876558595161,0.00010135090568371548,4197.776273049276,4.911701880342738
rate_1e4_T373__onset__start1,33,1.5706949758890394,1.5658286251292355,9.973010023033673,0.004967681207965825,0.9999876558595161,0.00010135090568371548,21439.92298441949,4.971553460639436
rate_1e4_T373__onset__start1,34,1.5706949758890394,1.5658286251292355,10.980837935865528,0.004967681207965825,0.9999876558595161,0.00010135090568371548,58737.752128584805,4.973777411698236
rate_1e4_T373__onset__start1,35,1.5706949758890394,1.5658286251292355,10.561315278485788,0.004967681207965825,0.9999876558595161,0.00010135090568371548,38611.87993683996,4.973313154983664
rate_1e4_T373__onset__start1,36,1.5706949758890394,1.5658286251292355,11.0669898825559,0.004967681207965825,0.9999876558595161,0.00010135090568371548,64022.501248291934,4.973868742650759
rate_1e4_T373__onset__start1,37,1.5706949758890394,1.5658286251292355,11.6569546720581,0.004967681207965825,0.9999876558595161,0.00010135090568371548,115491.78398191475,4.973638785912068
rate_1e4_T373__onset__start1,38,1.5706949758890394,1.5658286251292355,11.27109085459963,0.004967681207965825,0.9999876558595161,0.00010135090568371548,78518.60284397929,4.9737900102604655
rate_1e4_T373__onset__start1,39,1.5706949758890394,1.5658286251292355,11.130321145446691,0.004967681207965825,0.9999876558595161,0.00010135090568371548,68208.2732719229,4.973803144360606
rate_1e4_T373__onset__start1,40,1.5706949758890394,1.5658286251292355,11.034082767117146,0.004967681207965825,0.9999876558595161,0.00010135090568371548,61949.992569708644,4.973864357014025
rate_1e4_T373__onset__start1,41,1.5706949758890394,1.5658286251292355,11.056021882639813,0.004967681207965825,0.9999876558595161,0.00010135090568371548,63324.13927788085,4.973917356054326
rate_1e4_T373__onset__start1,42,1.5706949758890394,1.5658286251292355,11.050856536532974,0.004967681207965825,0.9999876558595161,0.00010135090568371548,62997.891498320925,4.9739243740899335
rate_1e4_T373__onset__start1,43,1.5706949758890394,1.5658286251292355,11.049873378524484,0.004967681207965825,0.9999876558595161,0.00010135090568371548,62935.98505367137,4.973924254530326
rate_1e4_T373__onset__start1,44,1.5706949758890394,1.5658286251292355,11.050617512226385,0.004967681207965825,0.9999876558595161,0.00010135090568371548,62982.83527046284,4.9739243889320095
rate_1e4_T373__onset__start1,45,1.5706949758890394,1.5658286251292355,11.050550843097264,0.004967681207965825,0.9999876558595161,0.00010135090568371548,62978.63639965491,4.973924388046979
rate_1e4_T373__onset__start1,46,1.5706949758890394,1.5658286251292355,11.050684181355505,0.004967681207965825,0.9999876558595161,0.00010135090568371548,62987.03442121517,4.973924387625081
rate_1e4_T373__onset__start1,47,1.5705936249831822,1.5608609234635744,11.216636090559966,0.009935239670367323,0.9999506237433269,0.00020270181032629262,74357.22261103003,4.9737571006570755
rate_1e4_T373__onset__start1,48,0.5999908074321633,1.5658286251292355,11.050617512226385,0.0028049261290244913,0.5646279193851209,0.8253408053890466,62982.83527046284,4.657196370372604
rate_1e4_T373__onset__start1,49,0.9708055193627332,1.5658286251292355,11.050617512226385,0.0041000300301563125,0.8253306215050983,0.5646348864175504,62982.83527046284,4.805640493293875
rate_1e4_T373__onset__start1,50,1.1999816148643265,1.5658286251292355,11.050617512226385,0.004630039980771709,0.9320209234609148,0.36237489008048024,62982.83527046284,4.89943879865373
rate_1e4_T373__onset__start1,51,1.3416202312933032,1.5658286251292355,11.050617512226385,0.004837795724402726,0.9738418798322278,0.22717523812546525,62982.83527046284,4.943717587185606
rate_1e4_T373__onset__start1,52,1.4291577103659199,1.5658286251292355,11.050617512226385,0.00491793491970037,0.989973793836624,0.14116551077670147,62982.83527046284,4.962112396628985
rate_1e4_T373__onset__start1,53,1.4832588477222797,1.5658286251292355,11.050617512226385,0.004948660185040294,0.9961587491058277,0.08742572471696057,62982.83527046284,4.969371530218434
rate_1e4_T373__onset__start1,54,1.5166951894385368,1.5658286251292355,11.050617512226385,0.004960412971324077,0.9985245694380366,0.054074749483818095,62982.83527046284,4.972179297141325
rate_1e4_T373__onset__start1,55,1.5373599850786395,1.5658286251292355,11.050617512226385,0.004964904585826226,0.9994287254957616,0.03343011182110185,62982.83527046284,4.9732569394259425
rate_1e4_T373__onset__start1,56,1.5501315311547936,1.5658286251292355,11.050617512226385,0.0049666205873803455,0.9997741543386598,0.02066332491054402,62982.83527046284,4.973669320003125
rate_1e4_T373__onset__start1,57,1.5580247807187424,1.5658286251292355,11.050617512226385,0.00496727609380951,0.9999061069157394,0.012771198879420182,62982.83527046284,4.973826946129802
rate_1e4_T373__onset__start1,58,1.562903077230948,1.5658286251292355,11.050617512226385,0.004967526482595951,0.9999565098472329,0.00789316760150468,62982.83527046284,4.973887170124272
rate_1e4_T373__onset__start1,59,1.565918030282691,1.5658286251292355,11.050617512226385,0.004967622123712319,0.9999757622774427,0.0048782771634600566,62982.83527046284,4.973910176002191
rate_1e4_T373__onset__start1,60,1.5677813737431534,1.5658286251292355,11.050617512226385,0.004967658655530048,0.9999831160840268,0.0030149484841206086,62982.83527046284,4.973918963810639
rate_1e4_T373__onset__start1,61,1.568932983334434,1.5658286251292355,11.050617512226385,0.004967672609466385,0.999985924992953,0.0018633423821927913,62982.83527046284,4.973922320504348
rate_1e4_T373__onset__start1,62,1.5696447172036159,1.5658286251292355,11.050617512226385,0.004967677939399237,0.9999869979013857,0.0011516093367357678,62982.83527046284,4.97392360265476
rate_1e4_T373__onset__start1,63,1.5700845929257148,1.5658286251292355,11.050617512226385,0.004967679975252932,0.9999874077160414,0.0007117338090919139,62982.83527046284,4.97392409239376
rate_1e4_T373__onset__start1,64,1.5703564510727976,1.5658286251292355,11.050617512226385,0.004967680752879921,0.9999875642513256,0.0004398757079136694,62982.83527046284,4.97392427945745
rate_1e4_T373__onset__start1,65,1.5705244686478135,1.5658286251292355,11.050617512226385,0.004967681049907011,0.9999876240424859,0.00027185814373444626,62982.83527046284,4.9739243509097495
rate_1e4_T373__onset__start1,66,1.5706283092198807,1.5658286251292355,11.050617512226385,0.0049676811633612645,0.9999876468806772,0.00016801757422537421,62982.83527046284,4.973924378202184
rate_1e4_T373__onset__start1,67,1.5706949758875361,-0.7416294238611398,11.050617512226385,0.7373688742911911,-0.6754902907922034,0.00010135090718695747,62982.83527046284,4.631185972406186
rate_1e4_T373__onset__start1,68,1.5706949758875361,0.7416294238611396,11.050617512226385,0.7373688742911911,0.6754902907922031,0.00010135090718695746,62982.83527046284,4.653379246120808
rate_1e4_T373__onset__start1,69,1.5706949758875361,1.658333805867513,11.050617512226385,-0.08742572426794121,0.9961710357484901,0.00010135090718695746,62982.83527046284,4.961977998624243
rate_1e4_T373__onset__start1,70,1.5706949758875361,2.2248882715834193,11.050617512226385,-0.6084388578539173,0.793600747215761,0.00010135090718695746,62982.83527046284,4.650908922022851
rate_1e4_T373__onset__start1,71,1.5706949758875361,1.4818642771610888,11.050617512226385,0.08881486960406244,0.9960481457566231,0.00010135090718695746,62982.83527046284,4.964147618547235
rate_1e4_T373__onset__start1,72,1.5706949758875361,1.5570580600335862,11.050617512226385,0.013737834534813526,0.9999056263619521,0.00010135090718695746,62982.83527046284,4.973816101752491
rate_1e4_T373__onset__start1,73,1.5706949758875361,1.5656797362325012,11.050617512226385,0.0051165682111829975,0.9999869051431294,0.00010135090718695746,62982.83527046284,4.973924356964454
rate_1e4_T373__onset__start1,74,1.5706949758875361,1.565904142755551,11.050617512226385,0.004892164499757252,0.999988028155588,0.00010135090718695746,62982.83527046284,4.973924381285537
rate_1e4_T373__onset__start1,75,1.5706949758875361,1.5658304497358357,11.050617512226385,0.004965856623880502,0.9999876649219153,0.00010135090718695746,62982.83527046284,4.973924388936581
rate_1e4_T373__onset__start1,76,1.5706949758875361,1.565763783069142,11.050617512226385,0.005032522457151093,0.9999873316426123,0.00010135090718695746,62982.83527046284,4.973924382683108
rate_1e4_T373__onset__start1,77,1.5706949758875361,1.5658304497358357,8.342310205260866,0.004965856623880502,0.9999876649219153,0.00010135090718695746,4197.776273049276,4.911701871965053
rate_1e4_T373__onset__start1,78,1.5706949758875361,1.5658304497358357,9.973010023033673,0.004965856623880502,0.9999876649219153,0.00010135090718695746,21439.92298441949,4.97155346029684
rate_1e4_T373__onset__start1,79,1.5706949758875361,1.5658304497358357,10.980837935865528,0.004965856623880502,0.9999876649219153,0.00010135090718695746,58737.752128584805,4.973777411684233
rate_1e4_T373__onset__start1,80,1.5706949758875361,1.5658304497358357,10.561315279698103,0.004965856623880502,0.9999876649219153,0.00010135090718695746,38611.87998364974,4.973313154883305
rate_1e4_T373__onset__start1,81,1.5706949758875361,1.5658304497358357,11.066989908196328,0.004965856623880502,0.9999876649219153,0.00010135090718695746,64022.50288985632,4.973868742506819
rate_1e4_T373__onset__start1,82,1.5706949758875361,1.5658304497358357,11.656954687904756,0.004965856623880502,0.9999876649219153,0.00010135090718695746,115491.78581207329,4.973638786078542
rate_1e4_T373__onset__start1,83,1.5706949758875361,1.5658304497358357,11.271090847494243,0.004965856623880502,0.9999876649219153,0.00010135090718695746,78518.60228607427,4.973790010296016
rate_1e4_T373__onset__start1,84,1.5706949758875361,1.5658304497358357,11.130321166989003,0.004965856623880502,0.9999876649219153,0.00010135090718695746,68208.27474128675,4.973803144335717
rate_1e4_T373__onset__start1,85,1.5706949758875361,1.5658304497358357,11.034082782963804,0.004965856623880502,0.9999876649219153,0.00010135090718695746,61949.99355140895,4.973864357125291
rate_1e4_T373__onset__start1,86,1.5706949758875361,1.5658304497358357,11.05602162794383,0.004965856623880502,0.9999876649219153,0.00010135090718695746,63324.123149478975,4.973917356707175
rate_1e4_T373__onset__start1,87,1.5706949758875361,1.5658304497358357,11.05085653799604,0.004965856623880502,0.9999876649219153,0.00010135090718695746,62997.891590491,4.973924374094542
rate_1e4_T373__onset__start1,88,1.5706949758875361,1.5658304497358357,11.049873419384808,0.004965856623880502,0.9999876649219153,0.00010135090718695746,62935.98762525611,4.9739242545489075
rate_1e4_T373__onset__start1,89,1.5706949758875361,1.5658304497358357,11.050617513361368,0.004965856623880502,0.9999876649219153,0.00010135090718695746,62982.835341947335,4.9739243889364175
rate_1e4_T373__onset__start1,90,1.5706949758875361,1.5658304497358357,11.050550846694701,0.004965856623880502,0.9999876649219153,0.00010135090718695746,62978.63662621659,4.973924388051459
rate_1e4_T373__onset__start1,91,1.5706949758875361,1.5658304497358357,11.050684180028036,0.004965856623880502,0.9999876649219153,0.00010135090718695746,62987.03433760179,4.973924387629372
rate_1e4_T373__onset__start2,1,1.5706949758875361,1.5658013345006918,11.18230883208749,0.0049949714977768475,0.9999875199159888,0.00010135090718695746,71848.05580700038,4.973913849093042
rate_1e4_T373__onset__start2,2,0.5999908074321633,1.5658013345006918,11.18230883208749,0.0028203351787913816,0.5646278426266624,0.8253408053890466,71848.05580700038,4.656751755318215
rate_1e4_T373__onset__start2,3,0.9708055193627332,1.5658013345006918,11.18230883208749,0.004122553820043925,0.8253305093053576,0.5646348864175504,71848.05580700038,4.805423136079193
rate_1e4_T373__onset__start2,4,1.1999816148643265,1.5658013345006918,11.18230883208749,0.00465547541586148,0.932020796757139,0.36237489008048024,71848.05580700038,4.899335089954549
rate_1e4_T373__onset__start2,5,1.3416202312933032,1.5658013345006918,11.18230883208749,0.004864372479600658,0.9738417474430935,0.22717523812546522,71848.05580700038,4.943669680453653
rate_1e4_T373__onset__start2,6,1.4291577103659199,1.5658013345006918,11.18230883208749,0.004944951924941199,0.9899736592544334,0.14116551077670147,71848.05580700038,4.962087322317635
rate_1e4_T373__onset__start2,7,1.4832588477222797,1.5658013345006918,11.18230883208749,0.0049758459815864705,0.996158613682822,0.08742572471696056,71848.05580700038,4.969355388174048
rate_1e4_T373__onset__start2,8,1.5166951894385368,1.5658013345006918,11.18230883208749,0.004987663332589757,0.998524433693409,0.0540747494838181,71848.05580700038,4.972166608977359
rate_1e4_T373__onset__start2,9,1.5373599850786395,1.5658013345006918,11.18230883208749,0.004992179622077347,0.9994285896282183,0.03343011182110186,71848.05580700038,4.973245577695766
rate_1e4_T373__onset__start2,10,1.5501315311547936,1.5658013345006918,11.18230883208749,0.004993905050601066,0.9997740184241571,0.02066332491054402,71848.05580700038,4.973658466039123
rate_1e4_T373__onset__start2,11,1.5580247807187424,1.5658013345006918,11.18230883208749,0.004994564158098752,0.9999059709832985,0.012771198879420182,71848.05580700038,4.973816286282228
rate_1e4_T373__onset__start2,12,1.562903077230948,1.5658013345006918,11.18230883208749,0.004994815922412781,0.99995637390794,0.007893167601504682,71848.05580700038,4.973876584445578
rate_1e4_T373__onset__start2,13,1.565918030282691,1.5658013345006918,11.18230883208749,0.004994912088940034,0.9999756263355324,0.0048782771634600566,71848.05580700038,4.973899618658437
rate_1e4_T373__onset__start2,14,1.5677813737431534,1.5658013345006918,11.18230883208749,0.004994948821447754,0.9999829801411169,0.003014948484120609,71848.05580700038,4.973908417289771
rate_1e4_T373__onset__start2,15,1.568932983334434,1.5658013345006918,11.18230883208749,0.0049949628520409755,0.9999857890496612,0.0018633423821927913,71848.05580700038,4.973911778118049
rate_1e4_T373__onset__start2,16,1.5696447172036159,1.5658013345006918,11.18230883208749,0.004994968211254172,0.9999868619579481,0.001151609336735768,71848.05580700038,4.97391306184805
rate_1e4_T373__onset__start2,17,1.5700845929257148,1.5658013345006918,11.18230883208749,0.004994970258291965,0.999987271772548,0.0007117338090919139,71848.05580700038,4.973913552190019
rate_1e4_T373__onset__start2,18,1.5703564510727976,1.5658013345006918,11.18230883208749,0.004994971040190899,0.999987428307811,0.0004398757079136694,71848.05580700038,4.97391373948383
rate_1e4_T373__onset__start2,19,1.5705244686478135,1.5658013345006918,11.18230883208749,0.004994971338849728,0.9999874880989631,0.0002718581437344463,71848.05580700038,4.973913811023777
rate_1e4_T373__onset__start2,20,1.5706283092198807,1.5658013345006918,11.18230883208749,0.00499497145292725,0.9999875109371512,0.00016801757422537421,71848.05580700038,4.973913838350128
rate_1e4_T373__onset__start2,21,1.5706949758875361,-0.7416294238611398,11.18230883208749,0.7373688742911911,-0.6754902907922034,0.00010135090718695747,71848.05580700038,4.63080725843399
rate_1e4_T373__onset__start2,22,1.5706949758875361,0.7416294238611396,11.18230883208749,0.7373688742911911,0.6754902907922031,0.00010135090718695746,71848.05580700038,4.652988806516645
rate_1e4_T373__onset__start2,23,1.5706949758875361,1.658333805867513,11.18230883208749,-0.08742572426794121,0.9961710357484901,0.00010135090718695746,71848.05580700038,4.9619588824857255
rate_1e4_T373__onset__start2,24,1.5706949758875361,2.2248882715834193,11.18230883208749,-0.6084388578539173,0.793600747215761,0.00010135090718695746,71848.05580700038,4.650633504468162
rate_1e4_T373__onset__start2,25,1.5706949758875361,1.4819304964803066,11.18230883208749,0.08874891177926397,0.9960540248329858,0.00010135090718695746,71848.05580700038,4.964143183762104
rate_1e4_T373__onset__start2,26,1.5706949758875361,1.557015349513262,11.18230883208749,0.013780541011847385,0.999905038699883,0.00010135090718695746,71848.05580700038,4.97380430275207
rate_1e4_T373__onset__start2,27,1.5706949758875361,1.5656849597344111,11.18230883208749,0.005111344777604328,0.9999869318558908,0.00010135090718695746,71848.05580700038,4.973913818963926
rate_1e4_T373__onset__start2,28,1.5706949758875361,1.5659090512758282,11.18230883208749,0.004887256038185031,0.99998805215683,0.00010135090718695746,71848.05580700038,4.973913842967111
rate_1e4_T373__onset__start2,29,1.5706949758875361,1.5658350345476768,11.18230883208749,0.00496127186854127,0.9999876876789234,0.00010135090718695746,71848.05580700038,4.973913850691232
rate_1e4_T373__onset__start2,30,1.5706949758875361,1.56576836788051,11.18230883208749,0.0050279377038121315,0.9999873547052684,0.00010135090718695746,71848.05580700038,4.973913844432584
rate_1e4_T373__onset__start2,31,1.5706949758875361,1.5658350345476768,8.342310205260866,0.00496127186854127,0.9999876876789234,0.00010135090718695746,4197.776273049276,4.911701850883923
rate_1e4_T373__onset__start2,32,1.5706949758875361,1.5658350345476768,9.973010023033673,0.00496127186854127,0.9999876876789234,0.00010135090718695746,21439.92298441949,4.971553459395592
rate_1e4_T373__onset__start2,33,1.5706949758875361,1.5658350345476768,10.980837935865528,0.00496127186854127,0.9999876876789234,0.00010135090718695746,58737.752128584805,4.973777411605408
rate_1e4_T373__onset__start2,34,1.5706949758875361,1.5658350345476768,10.561315282628591,0.00496127186854127,0.9999876876789234,0.00010135090718695746,38611.88009680139,4.973313154589692
rate_1e4_T373__onset__start2,35,1.5706949758875361,1.5658350345476768,11.066989970395753,0.00496127186854127,0.9999876876789234,0.00010135090718695746,64022.50687201926,4.973868742115968
rate_1e4_T373__onset__start2,36,1.5706949758875361,1.5658350345476768,11.656954726346115,0.00496127186854127,0.9999876876789234,0.00010135090718695746,115491.7902517345,4.973638786451979
rate_1e4_T373__onset__start2,37,1.5706949758875361,1.5658350345476768,11.271090835829279,0.00496127186854127,0.9999876876789234,0.00010135090718695746,78518.60137015759,4.973790010350921
rate_1e4_T373__onset__start2,38,1.5706949758875361,1.5658350345476768,11.130321226782685,0.00496127186854127,0.9999876876789234,0.00010135090718695746,68208.27881971082,4.973803144222226
rate_1e4_T373__onset__start2,39,1.5706949758875361,1.5658350345476768,11.034082821405162,0.00496127186854127,0.9999876876789234,0.00010135090718695746,61949.995932850914,4.973864357354964
rate_1e4_T373__onset__start2,40,1.5706949758875361,1.5658350345476768,11.056021008642633,0.00496127186854127,0.9999876876789234,0.00010135090718695746,63324.083932785856,4.973917358254662
rate_1e4_T373__onset__start2,41,1.5706949758875361,1.5658350345476768,11.050856541427999,0.00496127186854127,0.9999876876789234,0.00010135090718695746,62997.89180669717,4.973924374063959
rate_1e4_T373__onset__start2,42,1.5706949758875361,1.5658350345476768,11.049873520423287,0.00496127186854127,0.9999876876789234,0.00010135090718695746,62935.99398421289,4.973924254556226
rate_1e4_T373__onset__start2,43,1.5706949758875361,1.5658350345476768,11.050617509709394,0.00496127186854127,0.9999876876789234,0.00010135090718695746,62982.83511193561,4.973924388906935
rate_1e4_T373__onset__start2,44,1.5706949758875361,1.5658350345476768,11.05055084108943,0.00496127186854127,0.9999876876789234,0.00010135090718695746,62978.63627320427,4.973924388021354
rate_1e4_T373__onset__start2,45,1.5706949758875361,1.5658350345476768,11.050684178329359,0.00496127186854127,0.9999876876789234,0.00010135090718695746,62987.03423060718,4.973924387599644
rate_1e4_T373__onset__start2,46,1.5706949758875361,1.5658687345946618,10.918926187331298,0.00492757223367121,0.9999878543061789,0.00010135090718695746,55211.48031330262,4.973814134076064
rate_1e4_T373__onset__start2,47,0.5999908074321633,1.5658350345476768,11.050617509709394,0.00280130719236791,0.5646279373514685,0.8253408053890466,62982.83511193561,4.657196290700645
rate_1e4_T373__onset__start2,48,0.9708055193627332,1.5658350345476768,11.050617509709394,0.00409474014076647,0.8253306477669539,0.5646348864175504,62982.83511193561,4.8056404062995
rate_1e4_T373__onset__start2,49,1.1999816148643265,1.5658350345476768,11.050617509709394,0.00462406626858212,0.9320209531176344,0.36237489008048024,62982.83511193561,4.8994387494771425
rate_1e4_T373__onset__start2,50,1.3416202312933032,1.5658350345476768,11.050617509709394,0.00483155396419987,0.9738419108196819,0.22717523812546522,62982.83511193561,4.943717565310543
rate_1e4_T373__onset__start2,51,1.4291577103659199,1.5658350345476768,11.050617509709394,0.004911589763308756,0.9899738253373924,0.14116551077670147,62982.83511193561,4.962112387754561
rate_1e4_T373__onset__start2,52,1.4832588477222797,1.5658350345476768,11.050617509709394,0.004942275386681688,0.9961587808034,0.08742572471696056,62982.83511193561,4.969371526736168
rate_1e4_T373__onset__start2,53,1.5166951894385368,1.5658350345476768,11.050617509709394,0.004954013009432763,0.9985246012108889,0.054074749483818095,62982.83511193561,4.972179295784822
rate_1e4_T373__onset__start2,54,1.5373599850786395,1.5658350345476768,11.050617509709394,0.00495849882882031,0.999428757297384,0.03343011182110185,62982.83511193561,4.973256938890693
rate_1e4_T373__onset__start2,55,1.5501315311547936,1.5658350345476768,11.050617509709394,0.004960212616376398,0.9997741861512738,0.02066332491054402,62982.83511193561,4.973669319782949
rate_1e4_T373__onset__start2,56,1.5580247807187424,1.5658350345476768,11.050617509709394,0.004960867277066268,0.9999061387325521,0.012771198879420182,62982.83511193561,4.973826946029976
rate_1e4_T373__onset__start2,57,1.562903077230948,1.5658350345476768,11.050617509709394,0.004961117342799226,0.9999565416656494,0.00789316760150468,62982.83511193561,4.973887170069975
rate_1e4_T373__onset__start2,58,1.565918030282691,1.5658350345476768,11.050617509709394,0.0049612128605187105,0.9999757940964717,0.0048782771634600566,62982.83511193561,4.973910175965809
rate_1e4_T373__onset__start2,59,1.5677813737431534,1.5658350345476768,11.050617509709394,0.004961249345202815,0.9999831479032899,0.0030149484841206086,62982.83511193561,4.973918963780762
rate_1e4_T373__onset__start2,60,1.568932983334434,1.5658350345476768,11.050617509709394,0.0049612632811356795,0.9999859568123055,0.0018633423821927913,62982.83511193561,4.973922320477395
rate_1e4_T373__onset__start2,61,1.5696447172036159,1.5658350345476768,11.050617509709394,0.0049612686041918125,0.9999870297207722,0.0011516093367357678,62982.83511193561,4.973923602629208
rate_1e4_T373__onset__start2,62,1.5700845929257148,1.5658350345476768,11.050617509709394,0.004961270637418833,0.999987439535441,0.0007117338090919139,62982.83511193561,4.973924092368438
rate_1e4_T373__onset__start2,63,1.5703564510727976,1.5658350345476768,11.050617509709394,0.004961271414042522,0.9999875960707303,0.0004398757079136694,62982.83511193561,4.973924279432475
rate_1e4_T373__onset__start2,64,1.5705244686478135,1.5658350345476768,11.050617509709394,0.004961271710686385,0.9999876558618923,0.00027185814373444626,62982.83511193561,4.97392435088461
rate_1e4_T373__onset__start2,65,1.5706283092198807,1.5658350345476768,11.050617509709394,0.00496127182399426,0.9999876787000844,0.00016801757422537421,62982.83511193561,4.97392437817674
rate_1e4_T373__onset__start2,66,1.5706949758875361,-0.7416294238611398,11.050617509709394,0.7373688742911911,-0.6754902907922034,0.00010135090718695747,62982.83511193561,4.631185972409638
rate_1e4_T373__onset__start2,67,1.5706949758875361,0.7416294238611396,11.050617509709394,0.7373688742911911,0.6754902907922031,0.00010135090718695746,62982.83511193561,4.653379246131334
rate_1e4_T373__onset__start2,68,1.5706949758875361,1.658333805867513,11.050617509709394,-0.08742572426794121,0.9961710357484901,0.00010135090718695746,62982.83511193561,4.9619779986248265
rate_1e4_T373__onset__start2,69,1.5706949758875361,2.2248882715834193,11.050617509709394,-0.6084388578539173,0.793600747215761,0.00010135090718695746,62982.83511193561,4.650908922025127
rate_1e4_T373__onset__start2,70,1.5706949758875361,1.4818642771564097,11.050617509709394,0.0888148696087231,0.9960481457562076,0.00010135090718695746,62982.83511193561,4.964147618545591
rate_1e4_T373__onset__start2,71,1.5706949758875361,1.5570580600441746,11.050617509709394,0.013737834524226106,0.9999056263620976,0.00010135090718695746,62982.83511193561,4.9738161017527185
rate_1e4_T373__onset__start2,72,1.5706949758875361,1.5656797362348336,11.050617509709394,0.005116568208850671,0.9999869051431414,0.00010135090718695746,62982.83511193561,4.973924356964345
rate_1e4_T373__onset__start2,73,1.5706949758875361,1.565904142751664,11.050617509709394,0.004892164503644097,0.999988028155569,0.00010135090718695746,62982.83511193561,4.973924381286007
rate_1e4_T373__onset__start2,74,1.5706949758875361,1.565830450659661,11.050617509709394,0.004965855700066661,0.9999876649265029,0.00010135090718695747,62982.83511193561,4.973924388936784
rate_1e4_T373__onset__start2,75,1.5706949758875361,1.5657637839929264,11.050617509709394,0.005032521533378413,0.9999873316472613,0.00010135090718695746,62982.83511193561,4.973924382683609
rate_1e4_T373__onset__start2,76,1.5706949758875361,1.565830450659661,8.342310205260866,0.004965855700066661,0.9999876649265029,0.00010135090718695747,4197.776273049276,4.911701871960805
rate_1e4_T373__onset__start2,77,1.5706949758875361,1.565830450659661,9.973010023033673,0.004965855700066661,0.9999876649265029,0.00010135090718695747,21439.92298441949,4.971553460296673
rate_1e4_T373__onset__start2,78,1.5706949758875361,1.565830450659661,10.980837935865528,0.004965855700066661,0.9999876649265029,0.00010135090718695747,58737.752128584805,4.973777411683602
rate_1e4_T373__onset__start2,79,1.5706949758875361,1.565830450659661,10.561315279673263,0.004965855700066661,0.9999876649265029,0.00010135090718695747,38611.8799826906,4.973313154883221
rate_1e4_T373__onset__start2,80,1.5706949758875361,1.565830450659661,11.066989907561604,0.004965855700066661,0.9999876649265029,0.00010135090718695747,64022.50284921968,4.973868742510603
rate_1e4_T373__onset__start2,81,1.5706949758875361,1.565830450659661,11.656954687512476,0.004965855700066661,0.9999876649265029,0.00010135090718695747,115491.78576676817,4.973638786077664
rate_1e4_T373__onset__start2,82,1.5706949758875361,1.565830450659661,11.27109084941484,0.004965855700066661,0.9999876649265029,0.00010135090718695747,78518.60243687686,4.973790010298322
rate_1e4_T373__onset__start2,83,1.5706949758875361,1.565830450659661,11.130321168779846,0.004965855700066661,0.9999876649265029,0.00010135090718695747,68208.27486343707,4.973803144332788
rate_1e4_T373__onset__start2,84,1.5706949758875361,1.565830450659661,11.034082782571522,0.004965855700066661,0.9999876649265029,0.00010135090718695747,61949.9935271071,4.973864357123213
rate_1e4_T373__onset__start2,85,1.5706949758875361,1.565830450659661,11.056021633775758,0.004965855700066661,0.9999876649265029,0.00010135090718695747,63324.12351878075,4.973917356692855
rate_1e4_T373__onset__start2,86,1.5706949758875361,1.565830450659661,11.05085653792367,0.004965855700066661,0.9999876649265029,0.00010135090718695747,62997.89158593181,4.973924374094017
rate_1e4_T373__onset__start2,87,1.5706949758875361,1.565830450659661,11.04987341927523,0.004965855700066661,0.9999876649265029,0.00010135090718695747,62935.9876183597,4.973924254549045
rate_1e4_T373__onset__start2,88,1.5706949758875361,1.565830450659661,11.050617512030273,0.004965855700066661,0.9999876649265029,0.00010135090718695747,62982.83525811118,4.973924388936343
rate_1e4_T373__onset__start2,89,1.5706949758875361,1.565830450659661,11.050550845363606,0.004965855700066661,0.9999876649265029,0.00010135090718695747,62978.636542386026,4.973924388051828
rate_1e4_T373__onset__start2,90,1.5706949758875361,1.565830450659661,11.05068417869694,0.004965855700066661,0.9999876649265029,0.00010135090718695747,62987.03425376005,4.973924387629125
rate_1e4_T373__terminal__start1,1,1.570796149831126,1.5663851461515081,8.952089305379884,0.004411166337565115,0.9999902707584265,1.7696377058745981e-07,7724.0128359970095,12.597336648132456
rate_1e4_T373__terminal__start1,2,0.5999908074321633,1.5663851461515081,8.952089305379884,0.002490698403980038,0.5646293929483482,0.8253408053890466,7724.0128359970095,0.9214705385492344
rate_1e4_T373__terminal__start1,3,0.9708055193627332,1.5663851461515081,8.952089305379884,0.0036407155777510992,0.8253327754489833,0.5646348864175504,7724.0128359970095,1.3447966149348725
rate_1e4_T373__terminal__start1,4,1.1999816148643265,1.5663851461515081,8.952089305379884,0.004111350053444196,0.9320233558446365,0.36237489008048024,7724.0128359970095,1.8178322229058483
rate_1e4_T373__terminal__start1,5,1.3416202312933032,1.5663851461515081,8.952089305379884,0.004295831524711827,0.9738444213600802,0.22717523812546525,7724.0128359970095,2.331675473785288
rate_1e4_T373__terminal__start1,6,1.4291577103659199,1.5663851461515081,8.952089305379884,0.004366992958789775,0.9899763774654681,0.1411655107767015,7724.0128359970095,2.9115720482892193
rate_1e4_T373__terminal__start1,7,1.4832588477222797,1.5663851461515081,8.952089305379884,0.004394276161920199,0.9961613488761382,0.08742572471696057,7724.0128359970095,3.6641267837687614
rate_1e4_T373__terminal__start1,8,1.5166951894385368,1.5663851461515081,8.952089305379884,0.0044047123177021405,0.9985271753826536,0.0540747494838181,7724.0128359970095,4.823965522210647
rate_1e4_T373__terminal__start1,9,1.5373599850786395,1.5663851461515081,8.952089305379884,0.004408700749681162,0.9994313338000408,0.03343011182110186,7724.0128359970095,9.618719903063777
rate_1e4_T373__terminal__start1,10,1.5501315311547936,1.5663851461515081,8.952089305379884,0.0044102245125666965,0.9997767635444375,0.02066332491054402,7724.0128359970095,11.473561460980527
rate_1e4_T373__terminal__start1,11,1.5580247807187424,1.5663851461515081,8.952089305379884,0.004410806584515053,0.9999087164658863,0.012771198879420182,7724.0128359970095,12.169499868678725
rate_1e4_T373__terminal__start1,12,1.562903077230948,1.5663851461515081,8.952089305379884,0.004411028922973208,0.9999591195289212,0.007893167601504682,7724.0128359970095,12.434099612532169
rate_1e4_T373__terminal__start1,13,1.565918030282691,1.5663851461515081,8.952089305379884,0.0044111138496931756,0.9999783720093758,0.0048782771634600566,7724.0128359970095,12.535011085461106
rate_1e4_T373__terminal__start1,14,1.5677813737431534,1.5663851461515081,8.952089305379884,0.0044111462889575015,0.9999857258351519,0.003014948484120609,7724.0128359970095,12.573534053035603
rate_1e4_T373__terminal__start1,15,1.568932983334434,1.5663851461515081,8.952089305379884,0.004411158679674892,0.9999885347514088,0.0018633423821927916,7724.0128359970095,12.588245395345579
rate_1e4_T373__terminal__start1,16,1.5696447172036159,1.5663851461515081,8.952089305379884,0.004411163412510852,0.9999896076626416,0.001151609336735768,7724.0128359970095,12.593864175687363
rate_1e4_T373__terminal__start1,17,1.5700845929257148,1.5663851461515081,8.952089305379884,0.004411165220293772,0.9999900174783668,0.000711733809091914,7724.0128359970095,12.59601029296614
rate_1e4_T373__terminal__start1,18,1.5703564510727976,1.5663851461515081,8.952089305379884,0.004411165910805468,0.9999901740140595,0.00043987570791366947,7724.0128359970095,12.596830027230753
rate_1e4_T373__terminal__start1,19,1.5705244686478135,1.5663851461515081,8.952089305379884,0.004411166174557476,0.9999902338053758,0.0002718581437344463,7724.0128359970095,12.597143136457298
rate_1e4_T373__terminal__start1,20,1.5706283092198807,1.5663851461515081,8.952089305379884,0.00441116627530178,0.9999902566436267,0.00016801757422537424,7724.0128359970095,12.597262733337077
rate_1e4_T373__terminal__start1,21,1.570694975889037,1.5663851461515081,8.952089305379884,0.004411166314909421,0.999990265622489,0.00010135090568615798,7724.0128359970095,12.597309752838385
rate_1e4_T373__terminal__start1,22,1.570694975889037,-0.7416294238611401,8.952089305379884,0.737368874291191,-0.6754902907922036,0.00010135090568615798,7724.0128359970095,1.2737890521257733
rate_1e4_T373__terminal__start1,23,1.570694975889037,0.7416294238611396,8.952089305379884,0.7373688742911914,0.6754902907922032,0.00010135090568615798,7724.0128359970095,1.1676156690882895
rate_1e4_T373__terminal__start1,24,1.570694975889037,-1.6583338058675134,8.952089305379884,-0.08742572426794165,-0.9961710357484902,0.00010135090568615798,7724.0128359970095,2.7961939670141707
rate_1e4_T373__terminal__start1,25,1.570694975889037,-2.2248882715834197,8.952089305379884,-0.6084388578539178,-0.7936007472157609,0.00010135090568615798,7724.0128359970095,2.0287589886412962
rate_1e4_T373__terminal__start1,26,1.570694975889037,-1.6084486084204865,8.952089305379884,-0.037643385491949684,-0.9992912314519218,0.00010135090568615797,7724.0128359970095,4.824043401722642
rate_1e4_T373__terminal__start1,27,1.570694975889037,-1.277353142019284,8.952089305379884,0.2892499327686805,-0.9572536059588952,0.00010135090568615797,7724.0128359970095,1.9358412184474518
rate_1e4_T373__terminal__start1,28,1.570694975889037,-1.481981393776226,8.952089305379884,0.08869821520787861,-0.996058540622453,0.00010135090568615797,7724.0128359970095,3.047686281896993
rate_1e4_T373__terminal__start1,29,1.570694975889037,-1.5678586120018942,8.952089305379884,0.0029377105524206375,-0.99999567978302,0.00010135090568615797,7724.0128359970095,12.279722958286321
rate_1e4_T373__terminal__start1,30,1.570694975889037,-1.548265217444008,8.952089305379884,0.022529202960618274,-0.9997461801587207,0.00010135090568615797,7724.0128359970095,8.144700960779153
rate_1e4_T373__terminal__start1,31,1.570694975889037,-1.5741506132499765,8.952089305379884,-0.003354280147876849,-0.9999943692504891,0.00010135090568615798,7724.0128359970095,12.5926889885441
rate_1e4_T373__terminal__start1,32,1.570694975889037,-1.5749957369597163,8.952089305379884,-0.004199397800464046,-0.9999911773541341,0.00010135090568615797,7724.0128359970095,12.597498145716129
rate_1e4_T373__terminal__start1,33,1.570694975889037,-1.5750624502205914,8.952089305379884,-0.004266110463357191,-0.9999908949733034,0.00010135090568615797,7724.0128359970095,12.597499120521066
rate_1e4_T373__terminal__start1,34,1.570694975889037,-1.575129163482456,8.952089305379884,-0.004332823108252755,-0.9999906081418498,0.00010135090568615798,7724.0128359970095,12.597444614416082
rate_1e4_T373__terminal__start1,35,1.570694975889037,-1.5750624502205914,8.342310205260866,-0.004266110463357191,-0.9999908949733034,0.00010135090568615797,4197.776273049276,12.579751334780825
rate_1e4_T373__terminal__start1,36,1.570694975889037,-1.5750624502205914,9.973010023033673,-0.004266110463357191,-0.9999908949733034,0.00010135090568615797,21439.92298441949,12.178423726427278
rate_1e4_T373__terminal__start1,37,1.570694975889037,-1.5750624502205914,7.334482292429009,-0.004266110463357191,-0.9999908949733034,0.00010135090568615797,1532.2343252594655,12.146118481994451
rate_1e4_T373__terminal__start1,38,1.570694975889037,-1.5750624502205914,8.677627414416627,-0.004266110463357191,-0.9999908949733034,0.00010135090568615797,5870.102735258636,12.60831759680008
rate_1e4_T373__terminal__start1,39,1.570694975889037,-1.5750624502205914,8.676518970035263,-0.004266110463357191,-0.9999908949733034,0.00010135090568615797,5863.599657679445,12.608286354093558
rate_1e4_T373__terminal__start1,40,1.570694975889037,-1.5750624502205914,8.759696867612481,-0.004266110463357191,-0.9999908949733034,0.00010135090568615797,6372.179671157003,12.60929057972786
rate_1e4_T373__terminal__start1,41,1.570694975889037,-1.5750624502205914,9.223141253985993,-0.004266110463357191,-0.9999908949733034,0.00010135090568615797,10128.831640191773,12.562216388111066
rate_1e4_T373__terminal__start1,42,1.570694975889037,-1.5750624502205914,8.748854890822649,-0.004266110463357191,-0.9999908949733034,0.00010135090568615797,6303.465817166061,12.609327104022103
rate_1e4_T373__terminal__start1,43,1.570694975889037,-1.5750624502205914,8.746395428844892,-0.004266110463357191,-0.9999908949733034,0.00010135090568615797,6287.981731725557,12.60932769344312
rate_1e4_T373__terminal__start1,44,1.570694975889037,-1.5750624502205914,8.747115793336917,-0.004266110463357191,-0.9999908949733034,0.00010135090568615797,6292.513002378888,12.609327764076255
rate_1e4_T373__terminal__start1,45,1.570694975889037,-1.5750624502205914,8.747008081703926,-0.004266110463357191,-0.9999908949733034,0.00010135090568615797,6291.835262028702,12.609327776356752
rate_1e4_T373__terminal__start1,46,1.570694975889037,-1.5750624502205914,8.74689724666547,-0.004266110463357191,-0.9999908949733034,0.00010135090568615797,6291.137944869781,12.609327782064799
rate_1e4_T373__terminal__start1,47,1.570694975889037,-1.5750624502205914,8.746830576955315,-0.004266110463357191,-0.9999908949733034,0.00010135090568615797,6290.718530507716,12.60932778141938
rate_1e4_T373__terminal__start1,48,1.5706445239775488,-3.141592653589793,8.644575133179048,-0.9999999884779524,-1.2246467850369144e-16,0.0001518028167647585,5679.253818931835,0.8659209525348902
rate_1e4_T373__terminal__start1,49,0.5999908074321633,-1.5750624502205914,8.74689724666547,-0.0024087948092939874,-0.5646297483017757,0.8253408053890466,6291.137944869781,0.9216354506258337
rate_1e4_T373__terminal__start1,50,0.9708055193627332,-1.5750624502205914,8.74689724666547,-0.003520995063789704,-0.825333294877894,0.5646348864175504,6291.137944869781,1.3461331008169342
rate_1e4_T373__terminal__start1,51,1.1999816148643265,-1.5750624502205914,8.74689724666547,-0.003976153295839309,-0.9320239424200045,0.36237489008048024,6291.137944869781,1.8189819430299818
rate_1e4_T373__terminal__start1,52,1.3416202312933032,-1.5750624502205914,8.74689724666547,-0.004154568317782667,-0.973845034255826,0.22717523812546522,6291.137944869781,2.332881219230136
rate_1e4_T373__terminal__start1,53,1.4291577103659199,-1.5750624502205914,8.74689724666547,-0.004223389694451543,-0.9899770005139724,0.14116551077670147,6291.137944869781,2.913328226196092
rate_1e4_T373__terminal__start1,54,1.4832588477222797,-1.5750624502205914,8.74689724666547,-0.004249775722553727,-0.9961619758171972,0.08742572471696057,6291.137944869781,3.6604083551345936
rate_1e4_T373__terminal__start1,55,1.5166951894385368,-1.5750624502205914,8.74689724666547,-0.0042598686980164936,-0.998527803812662,0.0540747494838181,6291.137944869781,4.8448056582558605
rate_1e4_T373__terminal__start1,56,1.5373599850786395,-1.5750624502205914,8.74689724666547,-0.004263725975249634,-0.9994319627990875,0.03343011182110186,6291.137944869781,9.653012923029483
rate_1e4_T373__terminal__start1,57,1.5501315311547936,-1.5750624502205914,8.74689724666547,-0.0042651996310416815,-0.999777392760883,0.02066332491054402,6291.137944869781,11.491888363278964
rate_1e4_T373__terminal__start1,58,1.5580247807187424,-1.5750624502205914,8.74689724666547,-0.0042657625622603305,-0.9999093457653773,0.012771198879420183,6291.137944869781,12.18374431437075
rate_1e4_T373__terminal__start1,59,1.562903077230948,-1.5750624502205914,8.74689724666547,-0.004265977589388083,-0.9999597488601336,0.00789316760150468,6291.137944869781,12.446945887012362
rate_1e4_T373__terminal__start1,60,1.565918030282691,-1.5750624502205914,8.74689724666547,-0.0042660597233959196,-0.9999790013527049,0.0048782771634600566,6291.137944869781,12.547342390325067
rate_1e4_T373__terminal__start1,61,1.5677813737431534,-1.5750624502205914,8.74689724666547,-0.0042660910959344015,-0.9999863551831092,0.003014948484120609,6291.137944869781,12.585671233204195
rate_1e4_T373__terminal__start1,62,1.568932983334434,-1.5750624502205914,8.74689724666547,-0.004266103079198085,-0.9999891641011338,0.0018633423821927913,6291.137944869781,12.600308791447064
rate_1e4_T373__terminal__start1,63,1.5696447172036159,-1.5750624502205914,8.74689724666547,-0.004266107656400478,-0.9999902370130419,0.001151609336735768,6291.137944869781,12.60589944143518
rate_1e4_T373__terminal__start1,64,1.5700845929257148,-1.5750624502205914,8.74689724666547,-0.00426610940473665,-0.999990646829025,0.000711733809091914,6291.137944869781,12.608034821528246
rate_1e4_T373__terminal__start1,65,1.5703564510727976,-1.5750624502205914,8.74689724666547,-0.004266110072541707,-0.9999908033648163,0.0004398757079136694,6291.137944869781,12.608850455664491
rate_1e4_T373__terminal__start1,66,1.5705244686478135,-1.5750624502205914,8.74689724666547,-0.0042661103276205505,-0.9999908631561703,0.0002718581437344463,6291.137944869781,12.60916199894273
rate_1e4_T373__terminal__start1,67,1.5706283092198807,-1.5750624502205914,8.74689724666547,-0.004266110425052,-0.9999908859944354,0.00016801757422537421,6291.137944869781,12.609280997705426
rate_1e4_T373__terminal__start1,68,1.5706949758875361,-0.7416294238611401,8.74689724666547,0.7373688742911909,-0.6754902907922036,0.00010135090718695747,6291.137944869781,1.273927194557871
rate_1e4_T373__terminal__start1,69,1.5706949758875361,0.7416294238611396,8.74689724666547,0.7373688742911911,0.6754902907922031,0.00010135090718695746,6291.137944869781,1.1677818703233538
rate_1e4_T373__terminal__start1,70,1.5706949758875361,-1.6583338058675134,8.74689724666547,-0.08742572426794165,-0.9961710357484901,0.00010135090718695747,6291.137944869781,2.796972265970668
rate_1e4_T373__terminal__start1,71,1.5706949758875361,-2.2248882715834197,8.74689724666547,-0.6084388578539177,-0.7936007472157608,0.00010135090718695747,6291.137944869781,2.0325060959153545
rate_1e4_T373__terminal__start1,72,1.5706949758875361,-1.6092368038605802,8.74689724666547,-0.03843101050933755,-0.9992612507043516,0.00010135090718695746,6291.137944869781,4.745789269146273
rate_1e4_T373__terminal__start1,73,1.5706949758875361,-1.27784027359104,8.74689724666547,0.2887835900143887,-0.9573943951509196,0.00010135090718695746,6291.137944869781,1.937529149059755
rate_1e4_T373__terminal__start1,74,1.5706949758875361,-1.482654593051399,8.74689724666547,0.08802764927205652,-0.9961180264866355,0.00010135090718695746,6291.137944869781,3.0579350352019645
rate_1e4_T373__terminal__start1,75,1.5706949758875361,-1.5680335518348558,8.74689724666547,0.0027627714311766385,-0.9999961784037041,0.00010135090718695746,6291.137944869781,12.308276355203802
rate_1e4_T373__terminal__start1,76,1.5706949758875361,-1.54883699323423,8.74689724666547,0.02195756864687489,-0.9997588983885622,0.00010135090718695747,6291.137944869781,8.393884185707396
rate_1e4_T373__terminal__start1,77,1.5706949758875361,-1.5743290981513465,8.74689724666547,-0.003532763989866962,-0.9999937546337905,0.00010135090718695746,6291.137944869781,12.606285530368684
rate_1e4_T373__terminal__start1,78,1.5706949758875361,-1.5750347819243165,8.74689724666547,-0.004238442417373384,-0.9999910126265478,0.00010135090718695746,6291.137944869781,12.60933398668053
rate_1e4_T373__terminal__start1,79,1.5706949758875361,-1.5749681152572392,8.74689724666547,-0.0041717763400850195,-0.9999912929671748,0.00010135090718695746,6291.137944869781,12.609309933212561
rate_1e4_T373__terminal__start1,80,1.5706949758875361,-1.5751014485913934,8.74689724666547,-0.0043051084758240045,-0.9999907278415161,0.00010135090718695746,6291.137944869781,12.609302909483187
rate_1e4_T373__terminal__start1,81,1.5706949758875361,-1.5750347819243165,8.342310205260866,-0.004238442417373384,-0.9999910126265478,0.00010135090718695746,4197.776273049276,12.579757762367562
rate_1e4_T373__terminal__start1,82,1.5706949758875361,-1.5750347819243165,9.973010023033673,-0.004238442417373384,-0.9999910126265478,0.00010135090718695746,21439.92298441949,12.178435488543693
rate_1e4_T373__terminal__start1,83,1.5706949758875361,-1.5750347819243165,7.334482292429009,-0.004238442417373384,-0.9999910126265478,0.00010135090718695746,1532.2343252594655,12.146128825501398
rate_1e4_T373__terminal__start1,84,1.5706949758875361,-1.5750347819243165,8.677628715811968,-0.004238442417373384,-0.9999910126265478,0.00010135090718695746,5870.110374587962,12.608323834144866
rate_1e4_T373__terminal__start1,85,1.5706949758875361,-1.5750347819243165,8.676519793835274,-0.004238442417373384,-0.9999910126265478,0.00010135090718695746,5863.604488114898,12.608292579089786
rate_1e4_T373__terminal__start1,86,1.5706949758875361,-1.5750347819243165,8.759695038593119,-0.004238442417373384,-0.9999910126265478,0.00010135090718695746,6372.1680163276615,12.609296798681148
rate_1e4_T373__terminal__start1,87,1.5706949758875361,-1.5750347819243165,9.223140123589861,-0.004238442417373384,-0.9999910126265478,0.00010135090718695746,10128.820190606135,12.562223306892323
rate_1e4_T373__terminal__start1,88,1.5706949758875361,-1.5750347819243165,8.748856522562486,-0.004238442417373384,-0.9999910126265478,0.00010135090718695746,6303.476102790736,12.609333303823007
rate_1e4_T373__terminal__start1,89,1.5706949758875361,-1.5750347819243165,8.746396671279518,-0.004238442417373384,-0.9999910126265478,0.00010135090718695746,6287.989544136643,12.609333901651622
rate_1e4_T373__terminal__start1,90,1.5706949758875361,-1.5750347819243165,8.74710949295852,-0.004238442417373384,-0.9999910126265478,0.00010135090718695746,6292.473357290796,12.609333969397621
rate_1e4_T373__terminal__start1,91,1.5706949758875361,-1.5750347819243165,8.746998644422124,-0.004238442417373384,-0.9999910126265478,0.00010135090718695746,6291.775884486463,12.609333981483708
rate_1e4_T373__terminal__start1,92,1.5706949758875361,-1.5750347819243165,8.746893256039025,-0.004238442417373384,-0.9999910126265478,0.00010135090718695746,6291.112839338414,12.609333986749327
rate_1e4_T373__terminal__start1,93,1.5706949758875361,-1.5750347819243165,8.746826589372299,-0.004238442417373384,-0.9999910126265478,0.00010135090718695746,6290.69344579536,12.609333986258997
rate_1e4_T373__terminal__start1,94,1.5706949758860353,-1.5750071136280415,8.746889265412578,-0.004210774368144903,-0.9999911295142642,0.00010135090868775693,6291.087733907235,12.609330695462567
rate_1e4_T373__terminal__start1,95,1.5706949306814881,-0.7416294238611407,8.626690355606607,0.7373688742878114,-0.6754902907891084,0.00010139611323474123,5578.584534849561,1.273978392191457
rate_1e4_T373__terminal__start1,96,1.570694850225717,0.7416294238611387,8.41275842696793,0.737368874281795,0.6754902907835941,0.00010147656900548378,4504.167809322437,1.1680345614275507
rate_1e4_T373__terminal__start1,97,1.5706949804058892,-1.6583338058675137,8.758907558784127,-0.08742572426798188,-0.9961710357489462,0.0001013463888339556,6367.15203792537,2.7969150056061114
rate_1e4_T373__terminal__start1,98,1.5706950111372593,-2.2248882715834197,8.840622284245285,-0.6084388578560911,-0.7936007472185955,0.00010131565746399805,6909.290845703231,2.030889842476449
rate_1e4_T373__terminal__start1,99,1.5706949777217625,-1.608850038820519,8.751770464852797,-0.038044528326926126,-0.9992760397371425,0.0001013490729606405,6321.8708559913475,4.833097761375309
rate_1e4_T373__terminal__start1,100,1.5706949597539765,-1.277601239650622,8.703994114437302,0.2890124315163974,-0.9573253387191331,0.00010136704074647399,6026.936481506025,1.9370552987694736
rate_1e4_T373__terminal__start1,101,1.570694970858679,-1.4823242562702061,8.733521522852504,0.08835669888569112,-0.9960888933669513,0.00010135593604404015,6207.549694155069,3.053705153602363
rate_1e4_T373__terminal__start1,102,1.5706949755061435,-1.5680035379550632,8.745879132586884,0.002792785195019318,-0.999996095031761,0.0001013512885796507,6284.736108210781,12.305704026217564
rate_1e4_T373__terminal__start1,103,1.5706949744561018,-1.5486452830282365,8.74308707183637,0.02214923222655057,-0.9997546705264636,0.00010135233862125452,6267.213217067468,8.330692170206575
rate_1e4_T373__terminal__start1,104,1.5706949758446278,-1.5742437364555757,8.74677916274841,-0.00344740281444393,-0.9999940525532239,0.00010135095009530077,6290.395106517976,12.605498830933783
rate_1e4_T373__terminal__start1,105,1.5706949758874313,-1.5750328506255877,8.74689297748585,-0.004236511135994066,-0.9999910208103813,0.00010135090729176252,6291.1110869292015,12.609334065284948
rate_1e4_T373__terminal__start1,106,1.5706949758874866,-1.5750338685221237,8.746893124298099,-0.004237529023387933,-0.9999910164975332,0.00010135090723647342,6291.112010541439,12.609334029661978
rate_1e4_T373__terminal__start1,107,1.5706949758873059,-1.5750305351615652,8.746892643524124,-0.004234195692751182,-0.9999910306171897,0.00010135090741721771,6291.108985939237,12.60933409845727
rate_1e4_T373__terminal__start1,108,1.5706949758873059,-1.575030537726208,8.746892643894025,-0.0042341982573708995,-0.9999910306063305,0.00010135090741721771,6291.108988266326,12.60933409845204
rate_1e4_T373__terminal__start1,109,1.5706949758872955,-1.5750303445279732,8.746892616028848,-0.004234005060868949,-0.9999910314243514,0.00010135090742765381,6291.1088129634645,12.609334098222199
rate_1e4_T373__terminal__start1,110,1.570694975887302,-1.5750304623460125,8.746892633021863,-0.004234122877851584,-0.9999910309255023,0.00010135090742121451,6291.108919868372,12.609334098417936
rate_1e4_T373__terminal__start1,111,1.5706949758873043,-1.5750305066472663,8.746892639411477,-0.004234167178708015,-0.9999910307379244,0.00010135090741877202,6291.108960066131,12.609334098447988
rate_1e4_T373__terminal__start1,112,1.5706949758873052,-1.5750305230435089,8.746892641776324,-0.004234183574803538,-0.9999910306684998,0.00010135090741788384,6291.108974943635,12.60933409845439
rate_1e4_T373__terminal__start1,113,1.5706949758873054,-1.5750305298687413,8.746892642760734,-0.0042341903999747,-0.9999910306396005,0.0001013509074176618,6291.108981136671,12.609334098453559
rate_1e4_T373__terminal__start1,114,1.5706949758873057,-1.5750305331398864,8.746892643232535,-0.004234193671090491,-0.9999910306257499,0.00010135090741743976,6291.108984104819,12.60933409845412
rate_1e4_T373__terminal__start1,115,0.5999908074321633,-1.5750305351615652,8.746892643524124,-0.0023907746163252704,-0.5646298248910465,0.8253408053890466,6291.108985939237,0.9216534430938659
rate_1e4_T373__terminal__start1,116,0.9708055193627332,-1.5750305351615652,8.746892643524124,-0.0034946545011786496,-0.8253334068303291,0.5646348864175504,6291.108985939237,1.346177112857094
rate_1e4_T373__terminal__start1,117,1.1999816148643265,-1.5750305351615652,8.746892643524124,-0.003946407694683175,-0.9320240688445054,0.36237489008048024,6291.108985939237,1.8190042575676444
rate_1e4_T373__terminal__start1,118,1.3416202312933032,-1.5750305351615652,8.746892643524124,-0.004123487993921415,-0.973845166353154,0.22717523812546522,6291.108985939237,2.3329349249770632
rate_1e4_T373__terminal__start1,119,1.4291577103659199,-1.5750305351615652,8.746892643524124,-0.00419179451789999,-0.9899771347995229,0.14116551077670147,6291.108985939237,2.9133970104829707
rate_1e4_T373__terminal__start1,120,1.4832588477222797,-1.5750305351615652,8.746892643524124,-0.0042179831521368906,-0.9961621109417094,0.08742572471696056,6291.108985939237,3.660505507421755
rate_1e4_T373__terminal__start1,121,1.5166951894385368,-1.5750305351615652,8.746892643524124,-0.004228000622054409,-0.9985279392580872,0.054074749483818095,6291.108985939237,4.844976868575906
rate_1e4_T373__terminal__start1,122,1.5373599850786395,-1.5750305351615652,8.746892643524124,-0.00423182904299817,-0.9994320983671575,0.03343011182110186,6291.108985939237,9.653146829815505
rate_1e4_T373__terminal__start1,123,1.5501315311547936,-1.5750305351615652,8.746892643524124,-0.004233291674371848,-0.9997775283758088,0.02066332491054402,6291.108985939237,11.491942156463901
rate_1e4_T373__terminal__start1,124,1.5580247807187424,-1.5750305351615652,8.746892643524124,-0.0042338503943022835,-0.9999094813982019,0.012771198879420182,6291.108985939237,12.183768631432464
rate_1e4_T373__terminal__start1,125,1.562903077230948,-1.5750305351615652,8.746892643524124,-0.004234063812812184,-0.9999598844997952,0.00789316760150468,6291.108985939237,12.446959060714528
rate_1e4_T373__terminal__start1,126,1.565918030282691,-1.5750305351615652,8.746892643524124,-0.004234145332375541,-0.999979136994978,0.0048782771634600566,6291.108985939237,12.547351322791677
rate_1e4_T373__terminal__start1,127,1.5677813737431534,-1.5750305351615652,8.746892643524124,-0.0042341764702160745,-0.9999864908263797,0.0030149484841206086,6291.108985939237,12.585678547790499
rate_1e4_T373__terminal__start1,128,1.568932983334434,-1.5750305351615652,8.746892643524124,-0.004234188363832968,-0.9999892997447855,0.0018633423821927913,6291.108985939237,12.600315488363108
rate_1e4_T373__terminal__start1,129,1.5696447172036159,-1.5750305351615652,8.746892643524124,-0.004234192906793311,-0.999990372656839,0.0011516093367357678,6291.108985939237,12.60590590246834
rate_1e4_T373__terminal__start1,130,1.5700845929257148,-1.5750305351615652,8.746892643524124,-0.004234194642050181,-0.9999907824728778,0.0007117338090919139,6291.108985939237,12.608041192468857
rate_1e4_T373__terminal__start1,131,1.5703564510727976,-1.5750305351615652,8.746892643524124,-0.00423419530485939,-0.9999909390086902,0.0004398757079136694,6291.108985939237,12.6088567921921
rate_1e4_T373__terminal__start1,132,1.5705244686478135,-1.5750305351615652,8.746892643524124,-0.004234195558029988,-0.9999909988000523,0.00027185814373444626,6291.108985939237,12.609168322330286
rate_1e4_T373__terminal__start1,133,1.5706283092198807,-1.5750305351615652,8.746892643524124,-0.004234195654732553,-0.9999910216383207,0.00016801757422537421,6291.108985939237,12.609287316073742
rate_1e4_T373__terminal__start1,134,1.5706949758875361,-1.5750305351615652,8.342310205260866,-0.004234195692751182,-0.9999910306171897,0.00010135090718695746,4197.776273049276,12.579757915462412
rate_1e4_T373__terminal__start1,135,1.5706949758875361,-1.5750305351615652,9.973010023033673,-0.004234195692751182,-0.9999910306171897,0.00010135090718695746,21439.92298441949,12.178436384390013
rate_1e4_T373__terminal__start1,136,1.5706949758875361,-1.5750305351615652,7.334482292429009,-0.004234195692751182,-0.9999910306171897,0.00010135090718695746,1532.2343252594655,12.146129620986583
rate_1e4_T373__terminal__start1,137,1.5706949758875361,-1.5750305351615652,8.67762882859347,-0.004234195692751182,-0.9999910306171897,0.00010135090718695746,5870.111036627862,12.608323949649508
rate_1e4_T373__terminal__start1,138,1.5706949758875361,-1.5750305351615652,8.676519860286396,-0.004234195692751182,-0.9999910306171897,0.00010135090718695746,5863.604877758008,12.608292693462419
rate_1e4_T373__terminal__start1,139,1.5706949758875361,-1.5750305351615652,8.75969466202549,-0.004234195692751182,-0.9999910306171897,0.00010135090718695746,6372.165616775914,12.609296912922353
rate_1e4_T373__terminal__start1,140,1.5706949758875361,-1.5750305351615652,9.223139890858267,-0.004234195692751182,-0.9999910306171897,0.00010135090718695746,10128.81783330994,12.562223525321308
rate_1e4_T373__terminal__start1,141,1.5706949758875361,-1.5750305351615652,8.748856762763022,-0.004234195692751182,-0.9999910306171897,0.00010135090718695746,6303.477616889261,12.609333414710052
rate_1e4_T373__terminal__start1,142,1.5706949758875361,-1.5750305351615652,8.74639683225,-0.004234195692751182,-0.9999910306171897,0.00010135090718695746,6287.990556317429,12.609334013887697
rate_1e4_T373__terminal__start1,143,1.5706949758875361,-1.5750305351615652,8.747108455110997,-0.004234195692751182,-0.9999910306171897,0.00010135090718695746,6292.466826666295,12.609334081211351
rate_1e4_T373__terminal__start1,144,1.5706949758875361,-1.5750305351615652,8.746997187483021,-0.004234195692751182,-0.9999910306171897,0.00010135090718695746,6291.766717758829,12.609334093256052
rate_1e4_T373__terminal__start1,145,1.5706949758875361,-1.5750305351615652,8.746892637553037,-0.004234195692751182,-0.9999910306171897,0.00010135090718695746,6291.108948374479,12.60933409845313
rate_1e4_T373__terminal__start1,146,1.5706949758875361,-1.5750305351615652,8.74682597088637,-0.004234195692751182,-0.9999910306171897,0.00010135090718695746,6290.689555091183,12.609334097983691
rate_1e4_T373__terminal__start1,147,1.5706949306817184,-0.7416294238611405,8.62669034963552,0.7373688742878115,-0.6754902907891083,0.00010139611300448097,5578.584501539349,1.2739783921922303
rate_1e4_T373__terminal__start1,148,1.5706948502259472,0.7416294238611387,8.412758420996843,0.737368874281795,0.6754902907835941,0.00010147656877522351,4504.167782427661,1.168034560997136
rate_1e4_T373__terminal__start1,149,1.5706949804061197,-1.6583338058675137,8.75890755281304,-0.0874257242679819,-0.9961710357489463,0.0001013463886034733,6367.151999906552,2.796915005584202
rate_1e4_T373__terminal__start1,150,1.5706950111374895,-2.2248882715834197,8.840622278274198,-0.6084388578560911,-0.7936007472185955,0.0001013156572337378,6909.290804447256,2.030889842611633
rate_1e4_T373__terminal__start1,151,1.570694977721993,-1.6088500388554086,8.751770458886742,-0.038044528361790515,-0.9992760397358151,0.0001013490727301582,6321.870818274723,4.833097755026891
rate_1e4_T373__terminal__start1,152,1.5706949597542068,-1.277601239672185,8.703994108469326,0.28901243149575456,-0.9573253387253651,0.00010136704051621372,6026.936445537412,1.9370552989707572
rate_1e4_T373__terminal__start1,153,1.5706949708589093,-1.4823242563000056,8.733521516885714,0.08835669885600816,-0.9960888933695843,0.0001013559358137799,6207.549657115926,3.0537051534896156
rate_1e4_T373__terminal__start1,154,1.5706949755063737,-1.568003537964523,8.74587912661716,0.0027927851855595884,-0.9999960950317874,0.00010135128834939044,6284.73607069264,12.305704027071434
rate_1e4_T373__terminal__start1,155,1.5706949744563323,-1.54864528304882,8.743087065868252,0.02214923220597209,-0.9997546705269196,0.00010135233839077223,6267.213179663997,8.330692178084812
rate_1e4_T373__terminal__start1,156,1.570694975844858,-1.5742437364628759,8.746779156778377,-0.003447402821744047,-0.9999940525531987,0.00010135094986504053,6290.395068964108,12.605498831004637
rate_1e4_T373__terminal__start1,157,1.5706949758876618,-1.575032850626462,8.746892971514889,-0.004236511136868247,-0.9999910208103775,0.00010135090706128021,6291.111049365225,12.609334065283393
rate_1e4_T373__terminal__start1,158,1.570694975887717,-1.575033868522,8.746893118326994,-0.0042375290232642545,-0.9999910164975336,0.00010135090700621315,6291.111972976552,12.609334029660365
rate_1e4_T373__terminal__start1,159,1.5706949758875364,-1.5750305378849243,8.74689263794583,-0.00423419841608585,-0.9999910306056584,0.00010135090718673541,6291.108950845585,12.609334098454887
rate_1e4_T373__terminal__start1,160,1.5706949758875388,-1.5750305862271485,8.746892644918278,-0.004234246757876468,-0.9999910304009667,0.00010135090718429292,6291.108994710012,12.609334098440549
rate_1e4_T373__terminal__start1,161,1.5706949758875373,-1.5750305563500109,8.746892640609069,-0.0042342168810067995,-0.9999910305274734,0.00010135090718584723,6291.1089676003085,12.609334098453191
rate_1e4_T373__terminal__start1,162,1.5706949758875368,-1.5750305457933604,8.746892639086472,-0.004234206324451045,-0.9999910305721725,0.00010135090718629132,6291.108958021484,12.609334098455578
rate_1e4_T373__terminal__start1,163,1.5706949758875366,-1.5750305444121018,8.746892638887251,-0.0042342049432047705,-0.9999910305780211,0.00010135090718651337,6291.108956768168,12.609334098455015
rate_1e4_T373__terminal__start1,164,1.570694975887537,-1.575030549825642,8.74689263966805,-0.0042342103566964965,-0.999991030555099,0.00010135090718606928,6291.108961680262,12.609334098454617
rate_1e4_T373__terminal__start1,165,1.5706949758875368,-1.575030547333555,8.746892639308616,-0.004234207864631867,-0.9999910305656511,0.00010135090718629132,6291.108959419016,12.609334098455182
rate_1e4_T373__terminal__start1,166,1.5706949758875368,-1.5750305460764782,8.746892639127307,-0.004234206607566257,-0.9999910305709737,0.00010135090718629132,6291.108958278381,12.609334098455278
rate_1e4_T373__terminal__start1,167,1.5706949758875366,-1.5750305452657667,8.746892639010376,-0.00423420579686203,-0.9999910305744065,0.00010135090718651337,6291.108957542759,12.60933409845375
rate_1e4_T373__terminal__start2,1,1.5706949758856612,-1.5753908940094778,8.830082914842956,-0.004594551025745008,-0.9999894398586743,0.0001013509090619021,6836.8536687706555,12.606773768215186
rate_1e4_T373__terminal__start2,2,0.5999908074321633,-1.5753908940094778,8.830082914842956,-0.002594243809885216,-0.5646289266932882,0.8253408053890466,6836.8536687706555,0.9210023827797316
rate_1e4_T373__terminal__start2,3,0.9708055193627332,-1.5753908940094778,8.830082914842956,-0.003792070463465541,-0.8253320939124081,0.5646348864175504,6836.8536687706555,1.3444685762032045
rate_1e4_T373__terminal__start2,4,1.1999816148643265,-1.5753908940094778,8.830082914842956,-0.0042822705508524265,-0.9320225862059831,0.36237489008048024,6836.8536687706555,1.8186674943680254
rate_1e4_T373__terminal__start2,5,1.3416202312933032,-1.5753908940094778,8.830082914842956,-0.00447442144078346,-0.973843617186768,0.22717523812546525,6836.8536687706555,2.3321231000681113
rate_1e4_T373__terminal__start2,6,1.4291577103659199,-1.5753908940094778,8.830082914842956,-0.0045485412577650226,-0.9899755599708406,0.1411655107767015,6836.8536687706555,2.9120631035950515
rate_1e4_T373__terminal__start2,7,1.4832588477222797,-1.5753908940094778,8.830082914842956,-0.004576958701130242,-0.9961605262741354,0.08742572471696057,6836.8536687706555,3.660671656126716
rate_1e4_T373__terminal__start2,8,1.5166951894385368,-1.5753908940094778,8.830082914842956,-0.004587828717545331,-0.9985263508270179,0.0540747494838181,6836.8536687706555,4.828785898021619
rate_1e4_T373__terminal__start2,9,1.5373599850786395,-1.5753908940094778,8.830082914842956,-0.004591982959968336,-0.9994305084977765,0.03343011182110186,6836.8536687706555,9.641178459017882
rate_1e4_T373__terminal__start2,10,1.5501315311547936,-1.5753908940094778,8.830082914842956,-0.004593570070004305,-0.9997759379569271,0.02066332491054402,6836.8536687706555,11.486545674304287
rate_1e4_T373__terminal__start2,11,1.5580247807187424,-1.5753908940094778,8.830082914842956,-0.004594176340336562,-0.9999078907694129,0.012771198879420182,6836.8536687706555,12.180187405466427
rate_1e4_T373__terminal__start2,12,1.562903077230948,-1.5753908940094778,8.830082914842956,-0.004594407922035835,-0.9999582937908263,0.007893167601504682,6836.8536687706555,12.44401628519368
rate_1e4_T373__terminal__start2,13,1.565918030282691,-1.5753908940094778,8.830082914842956,-0.004594496379400733,-0.9999775462553828,0.004878277163460057,6836.8536687706555,12.544645961483898
rate_1e4_T373__terminal__start2,14,1.5677813737431534,-1.5753908940094778,8.830082914842956,-0.004594530167257399,-0.9999849000750863,0.003014948484120609,6836.8536687706555,12.583063002667302
rate_1e4_T373__terminal__start2,15,1.568932983334434,-1.5753908940094778,8.830082914842956,-0.004594543073092098,-0.9999877089890237,0.0018633423821927913,6836.8536687706555,12.597734127179063
rate_1e4_T373__terminal__start2,16,1.5696447172036159,-1.5753908940094778,8.830082914842956,-0.00459454800268549,-0.9999887818993705,0.001151609336735768,6836.8536687706555,12.603337580682929
rate_1e4_T373__terminal__start2,17,1.5700845929257148,-1.5753908940094778,8.830082914842956,-0.00459454988562308,-0.9999891917147573,0.000711733809091914,6836.8536687706555,12.605477848714033
rate_1e4_T373__terminal__start2,18,1.5703564510727976,-1.5753908940094778,8.830082914842956,-0.004594550604841308,-0.9999893482503207,0.0004398757079136694,6836.8536687706555,12.606295349504137
rate_1e4_T373__terminal__start2,19,1.5705244686478135,-1.5753908940094778,8.830082914842956,-0.004594550879558236,-0.9999894080415876,0.0002718581437344463,6836.8536687706555,12.60660760572761
rate_1e4_T373__terminal__start2,20,1.5706283092198807,-1.5753908940094778,8.830082914842956,-0.004594550984490767,-0.9999894308798197,0.00016801757422537424,6836.8536687706555,12.606726876802233
rate_1e4_T373__terminal__start2,21,1.5706949758875361,-0.7416294238611401,8.830082914842956,0.7373688742911909,-0.6754902907922036,0.00010135090718695747,6836.8536687706555,1.273875355005315
rate_1e4_T373__terminal__start2,22,1.5706949758875361,0.7416294238611394,8.830082914842956,0.7373688742911914,0.675490290792203,0.00010135090718695746,6836.8536687706555,1.16769872033129
rate_1e4_T373__terminal__start2,23,1.5706949758875361,-1.6583338058675134,8.830082914842956,-0.08742572426794165,-0.9961710357484901,0.00010135090718695747,6836.8536687706555,2.7966564022317955
rate_1e4_T373__terminal__start2,24,1.5706949758875361,-2.2248882715834197,8.830082914842956,-0.6084388578539177,-0.7936007472157608,0.00010135090718695747,6836.8536687706555,2.0310987210429134
rate_1e4_T373__terminal__start2,25,1.5706949758875361,-1.6089432868087081,8.830082914842956,-0.03813770864173302,-0.9992724878167876,0.00010135090718695746,6836.8536687706555,4.774859575424174
rate_1e4_T373__terminal__start2,26,1.5706949758875361,-1.2776588700767053,8.830082914842956,0.2889572599697861,-0.9573419930404949,0.00010135090718695746,6836.8536687706555,1.9369306130112087
rate_1e4_T373__terminal__start2,27,1.5706949758875361,-1.4824038995602675,8.830082914842956,0.08827736680893299,-0.9960959272265272,0.00010135090718695747,6836.8536687706555,3.0541300699758955
rate_1e4_T373__terminal__start2,28,1.5706949758875361,-1.5679693138699782,8.830082914842956,0.002827009144818225,-0.9999959988656398,0.00010135090718695746,6836.8536687706555,12.300418490741144
rate_1e4_T373__terminal__start2,29,1.5706949758875361,-1.548622796442031,8.830082914842956,0.022171713290535217,-0.9997541722132276,0.00010135090718695746,6836.8536687706555,8.305540905303346
rate_1e4_T373__terminal__start2,30,1.5706949758875361,-1.5742583554915506,8.830082914842956,-0.0034620217631039867,-0.9999940020486651,0.00010135090718695747,6836.8536687706555,12.60388065986944
rate_1e4_T373__terminal__start2,31,1.5706949758875361,-1.5750224362199141,8.830082914842956,-0.0042260968236038105,-0.9999910648768974,0.00010135090718695746,6836.8536687706555,12.607580748914208
rate_1e4_T373__terminal__start2,32,1.5706949758875361,-1.575089102892046,8.830082914842956,-0.004292762890620022,-0.9999907809148835,0.00010135090718695746,6836.8536687706555,12.60755981843572
rate_1e4_T373__terminal__start2,33,1.5706949758875361,-1.5749557695477825,8.830082914842956,-0.004159430737805166,-0.9999913443945058,0.00010135090718695746,6836.8536687706555,12.607546452747163
rate_1e4_T373__terminal__start2,34,1.5706949758875361,-1.5750224362199141,8.342310205260866,-0.0042260968236038105,-0.9999910648768974,0.00010135090718695746,4197.776273049276,12.579757592597755
rate_1e4_T373__terminal__start2,35,1.5706949758875361,-1.5750224362199141,9.973010023033673,-0.0042260968236038105,-0.9999910648768974,0.00010135090718695746,21439.92298441949,12.178437421931472
rate_1e4_T373__terminal__start2,36,1.5706949758875361,-1.5750224362199141,7.334482292429009,-0.0042260968236038105,-0.9999910648768974,0.00010135090718695746,1532.2343252594655,12.14613055371302
rate_1e4_T373__terminal__start2,37,1.5706949758875361,-1.5750224362199141,8.677628979526705,-0.0042260968236038105,-0.9999910648768974,0.00010135090718695746,5870.111922622781,12.608323548912798
rate_1e4_T373__terminal__start2,38,1.5706949758875361,-1.5750224362199141,8.676519942782095,-0.0042260968236038105,-0.9999910648768974,0.00010135090718695746,5863.605361480212,12.608292291122899
rate_1e4_T373__terminal__start2,39,1.5706949758875361,-1.5750224362199141,8.759693903211117,-0.0042260968236038105,-0.9999910648768974,0.00010135090718695746,6372.16078148689,12.609296510737282
rate_1e4_T373__terminal__start2,40,1.5706949758875361,-1.5750224362199141,9.223139421885193,-0.0042260968236038105,-0.9999910648768974,0.00010135090718695746,10128.813083168221,12.562223316998798
rate_1e4_T373__terminal__start2,41,1.5706949758875361,-1.5750224362199141,8.748857197320872,-0.0042260968236038105,-0.9999910648768974,0.00010135090718695746,6303.480356115532,12.609333006031111
rate_1e4_T373__terminal__start2,42,1.5706949758875361,-1.5750224362199141,8.746397113661928,-0.0042260968236038105,-0.9999910648768974,0.00010135090718695746,6287.9923258332265,12.609333607798897
rate_1e4_T373__terminal__start2,43,1.5706949758875361,-1.5750224362199141,8.747106434514155,-0.0042260968236038105,-0.9999910648768974,0.00010135090718695746,6292.454112140543,12.609333674337694
rate_1e4_T373__terminal__start2,44,1.5706949758875361,-1.5750224362199141,8.746994420960812,-0.0042260968236038105,-0.9999910648768974,0.00010135090718695746,6291.749311470545,12.6093336862879
rate_1e4_T373__terminal__start2,45,1.5706949758875361,-1.5750224362199141,8.74689150858544,-0.0042260968236038105,-0.9999910648768974,0.00010135090718695746,6291.101845920338,12.609333691355486
rate_1e4_T373__terminal__start2,46,1.5706949758875361,-1.5750224362199141,8.746824840684846,-0.0042260968236038105,-0.9999910648768974,0.00010135090718695746,6290.682445348281,12.60933369092326
rate_1e4_T373__terminal__start2,47,1.570694975889411,-1.5746539784303504,8.663700102327924,-0.0038576420477228865,-0.9999925541351924,0.00010135090531201283,5788.914660632024,12.607021105794523
rate_1e4_T373__terminal__start2,48,0.5999908074321633,-1.5750224362199141,8.74689150858544,-0.002386201712240647,-0.5646298442352727,0.8253408053890466,6291.101845920338,0.9216579984874635
rate_1e4_T373__terminal__start2,49,0.9708055193627332,-1.5750224362199141,8.74689150858544,-0.003487970173959486,-0.8253334351062639,0.5646348864175504,6291.101845920338,1.3461881848047574
rate_1e4_T373__terminal__start2,50,1.1999816148643265,-1.5750224362199141,8.74689150858544,-0.003938859286002835,-0.9320241007756639,0.36237489008048024,6291.101845920338,1.8190098659303338
rate_1e4_T373__terminal__start2,51,1.3416202312933032,-1.5750224362199141,8.74689150858544,-0.004115600878606764,-0.973845199717104,0.22717523812546525,6291.101845920338,2.3329486342363257
rate_1e4_T373__terminal__start2,52,1.4291577103659199,-1.5750224362199141,8.74689150858544,-0.0041837767507119355,-0.9899771687161544,0.14116551077670147,6291.101845920338,2.9134144144227316
rate_1e4_T373__terminal__start2,53,1.4832588477222797,-1.5750224362199141,8.74689150858544,-0.004209915293187088,-0.9961621450702383,0.08742572471696056,6291.101845920338,3.660530056725029
rate_1e4_T373__terminal__start2,54,1.5166951894385368,-1.5750224362199141,8.74689150858544,-0.0042199136023987885,-0.9985279734676694,0.0540747494838181,6291.101845920338,4.8450196333773095
rate_1e4_T373__terminal__start2,55,1.5373599850786395,-1.5750224362199141,8.74689150858544,-0.004223734700610555,-0.9994321326077161,0.03343011182110185,6291.101845920338,9.653178723244102
rate_1e4_T373__terminal__start2,56,1.5501315311547936,-1.5750224362199141,8.74689150858544,-0.004225194534366701,-0.9997775626282018,0.02066332491054402,6291.101845920338,11.491953777428163
rate_1e4_T373__terminal__start2,57,1.5580247807187424,-1.5750224362199141,8.74689150858544,-0.00422575218561729,-0.9999095156551158,0.012771198879420183,6291.101845920338,12.183772785547223
rate_1e4_T373__terminal__start2,58,1.562903077230948,-1.5750224362199141,8.74689150858544,-0.004225965195915403,-0.9999599187584358,0.00789316760150468,6291.101845920338,12.44696039130059
rate_1e4_T373__terminal__start2,59,1.565918030282691,-1.5750224362199141,8.74689150858544,-0.004226046559553923,-0.9999791712542782,0.0048782771634600566,6291.101845920338,12.547351578634965
rate_1e4_T373__terminal__start2,60,1.5677813737431534,-1.5750224362199141,8.74689150858544,-0.004226077637836204,-0.9999865250859319,0.0030149484841206086,6291.101845920338,12.58567839364951
rate_1e4_T373__terminal__start2,61,1.568932983334434,-1.5750224362199141,8.74689150858544,-0.004226089508703831,-0.9999893340044339,0.0018633423821927913,6291.101845920338,12.600315177698107
rate_1e4_T373__terminal__start2,62,1.5696447172036159,-1.5750224362199141,8.74689150858544,-0.0042260940429747216,-0.9999904069165241,0.0011516093367357678,6291.101845920338,12.605905532026158
rate_1e4_T373__terminal__start2,63,1.5700845929257148,-1.5750224362199141,8.74689150858544,-0.004226095774912516,-0.999990816732577,0.0007117338090919139,6291.101845920338,12.608040799194034
rate_1e4_T373__terminal__start2,64,1.5703564510727976,-1.5750224362199141,8.74689150858544,-0.00422609643645395,-0.9999909732683948,0.0004398757079136694,6291.101845920338,12.608856390197744
rate_1e4_T373__terminal__start2,65,1.5705244686478135,-1.5750224362199141,8.74689150858544,-0.004226096689140302,-0.9999910330597589,0.0002718581437344463,6291.101845920338,12.609167917004786
rate_1e4_T373__terminal__start2,66,1.5706283092198807,-1.5750224362199141,8.74689150858544,-0.0042260967856579,-0.999991055898028,0.00016801757422537421,6291.101845920338,12.609286909473111
rate_1e4_T373__terminal__start2,67,1.5706949758875361,-0.7416294238611401,8.74689150858544,0.7373688742911909,-0.6754902907922036,0.00010135090718695747,6291.101845920338,1.2739271896813682
rate_1e4_T373__terminal__start2,68,1.5706949758875361,0.7416294238611396,8.74689150858544,0.7373688742911911,0.6754902907922031,0.00010135090718695746,6291.101845920338,1.1677820093228815
rate_1e4_T373__terminal__start2,69,1.5706949758875361,-1.6583338058675134,8.74689150858544,-0.08742572426794165,-0.9961710357484901,0.00010135090718695747,6291.101845920338,2.796972272180736
rate_1e4_T373__terminal__start2,70,1.5706949758875361,-2.2248882715834197,8.74689150858544,-0.6084388578539177,-0.7936007472157608,0.00010135090718695747,6291.101845920338,2.0325061825619297
rate_1e4_T373__terminal__start2,71,1.5706949758875361,-1.6092368244944626,8.74689150858544,-0.038431031127976654,-0.9992612499113703,0.00010135090718695746,6291.101845920338,4.7457871157743465
rate_1e4_T373__terminal__start2,72,1.5706949758875361,-1.2778402863434806,8.74689150858544,0.2887835778052735,-0.9573943988336151,0.00010135090718695746,6291.101845920338,1.937529195216378
rate_1e4_T373__terminal__start2,73,1.5706949758875361,-1.4826546106748386,8.74689150858544,0.08802763171703064,-0.9961180280379853,0.00010135090718695746,6291.101845920338,3.0579345515407077
rate_1e4_T373__terminal__start2,74,1.5706949758875361,-1.5680335633718074,8.74689150858544,0.002762759894269112,-0.999996178435578,0.00010135090718695746,6291.101845920338,12.308277381905082
rate_1e4_T373__terminal__start2,75,1.5706949758875361,-1.5488370088878243,8.74689150858544,0.021957552997054798,-0.999758898732277,0.00010135090718695747,6291.101845920338,8.393890321394986
rate_1e4_T373__terminal__start2,76,1.5706949758875361,-1.5743291033411504,8.74689150858544,-0.0035327691796384697,-0.9999937546154561,0.00010135090718695746,6291.101845920338,12.606285575214754
rate_1e4_T373__terminal__start2,77,1.5706949758875361,-1.5750347827049522,8.74689150858544,-0.0042384431980021465,-0.9999910126232391,0.00010135090718695746,6291.101845920338,12.609333986737518
rate_1e4_T373__terminal__start2,78,1.5706949758875361,-1.5749681160381024,8.74689150858544,-0.004171777120941372,-0.9999912929639172,0.00010135090718695746,6291.101845920338,12.609309933957938
rate_1e4_T373__terminal__start2,79,1.5706949758875361,-1.575101449371802,8.74689150858544,-0.004305109256225395,-0.9999907278381563,0.00010135090718695746,6291.101845920338,12.609302908830303
rate_1e4_T373__terminal__start2,80,1.5706949758875361,-1.5750347827049522,8.342310205260866,-0.0042384431980021465,-0.9999910126232391,0.00010135090718695746,4197.776273049276,12.57975776231876
rate_1e4_T373__terminal__start2,81,1.5706949758875361,-1.5750347827049522,9.973010023033673,-0.0042384431980021465,-0.9999910126232391,0.00010135090718695746,21439.92298441949,12.178435488356218
rate_1e4_T373__terminal__start2,82,1.5706949758875361,-1.5750347827049522,7.334482292429009,-0.0042384431980021465,-0.9999910126232391,0.00010135090718695746,1532.2343252594655,12.146128825335985
rate_1e4_T373__terminal__start2,83,1.5706949758875361,-1.5750347827049522,8.677628715788572,-0.0042384431980021465,-0.9999910126232391,0.00010135090718695746,5870.110374450623,12.608323834102354
rate_1e4_T373__terminal__start2,84,1.5706949758875361,-1.5750347827049522,8.676519793819708,-0.0042384431980021465,-0.9999910126232391,0.00010135090718695746,5863.604488023624,12.60829257904824
rate_1e4_T373__terminal__start2,85,1.5706949758875361,-1.5750347827049522,8.759695035595607,-0.0042384431980021465,-0.9999910126232391,0.00010135090718695746,6372.167997227014,12.609296798660322
rate_1e4_T373__terminal__start2,86,1.5706949758875361,-1.5750347827049522,9.223140121737297,-0.0042384431980021465,-0.9999910126232391,0.00010135090718695746,10128.820171841844,12.562223307098696
rate_1e4_T373__terminal__start2,87,1.5706949758875361,-1.5750347827049522,8.74885652426018,-0.0042384431980021465,-0.9999910126232391,0.00010135090718695746,6303.476113492112,12.60933330378097
rate_1e4_T373__terminal__start2,88,1.5706949758875361,-1.5750347827049522,8.746396671705607,-0.0042384431980021465,-0.9999910126232391,0.00010135090718695746,6287.989546815889,12.609333901612748
rate_1e4_T373__terminal__start2,89,1.5706949758875361,-1.5750347827049522,8.747109491409923,-0.0042384431980021465,-0.9999910126232391,0.00010135090718695746,6292.473347546286,12.609333969355358
rate_1e4_T373__terminal__start2,90,1.5706949758875361,-1.5750347827049522,8.746998635131458,-0.0042384431980021465,-0.9999910126232391,0.00010135090718695746,6291.775826031675,12.609333981443282
rate_1e4_T373__terminal__start2,91,1.5706949758875361,-1.5750347827049522,8.746893243525708,-0.0042384431980021465,-0.9999910126232391,0.00010135090718695746,6291.112760615728,12.6093339867107
rate_1e4_T373__terminal__start2,92,1.5706949758875361,-1.5750347827049522,8.746826576859014,-0.0042384431980021465,-0.9999910126232391,0.00010135090718695746,6290.693367078124,12.609333986215757
