run_id,evaluation,theta_rad,phi_rad,log_k,n1,n2,n3,k_m_inv,log_gain
sensitivity_rho_mobile_0_minus20pct__onset__start1,1,1.5706949758875361,1.5658013345006918,11.18230883208749,0.0049949714977768475,0.9999875199159888,0.00010135090718695746,71848.05580700038,3.3728482287754047
sensitivity_rho_mobile_0_minus20pct__onset__start1,2,0.5999908074321633,1.5658013345006918,11.18230883208749,0.0028203351787913816,0.5646278426266624,0.8253408053890466,71848.05580700038,3.3040998157381054
sensitivity_rho_mobile_0_minus20pct__onset__start1,3,0.9708055193627332,1.5658013345006918,11.18230883208749,0.004122553820043925,0.8253305093053576,0.5646348864175504,71848.05580700038,3.3370546170007387
sensitivity_rho_mobile_0_minus20pct__onset__start1,4,1.1999816148643265,1.5658013345006918,11.18230883208749,0.00465547541586148,0.932020796757139,0.36237489008048024,71848.05580700038,3.3571908087763855
sensitivity_rho_mobile_0_minus20pct__onset__start1,5,1.3416202312933032,1.5658013345006918,11.18230883208749,0.004864372479600658,0.9738417474430935,0.22717523812546522,71848.05580700038,3.366532354283541
sensitivity_rho_mobile_0_minus20pct__onset__start1,6,1.4291577103659199,1.5658013345006918,11.18230883208749,0.004944951924941199,0.9899736592544334,0.14116551077670147,71848.05580700038,3.37038413711663
sensitivity_rho_mobile_0_minus20pct__onset__start1,7,1.4832588477222797,1.5658013345006918,11.18230883208749,0.0049758459815864705,0.996158613682822,0.08742572471696056,71848.05580700038,3.3718993603194254
sensitivity_rho_mobile_0_minus20pct__onset__start1,8,1.5166951894385368,1.5658013345006918,11.18230883208749,0.004987663332589757,0.998524433693409,0.0540747494838181,71848.05580700038,3.372484667302287
sensitivity_rho_mobile_0_minus20pct__onset__start1,9,1.5373599850786395,1.5658013345006918,11.18230883208749,0.004992179622077347,0.9994285896282183,0.03343011182110186,71848.05580700038,3.3727091966026954
sensitivity_rho_mobile_0_minus20pct__onset__start1,10,1.5501315311547936,1.5658013345006918,11.18230883208749,0.004993905050601066,0.9997740184241571,0.02066332491054402,71848.05580700038,3.372795099926481
sensitivity_rho_mobile_0_minus20pct__onset__start1,11,1.5580247807187424,1.5658013345006918,11.18230883208749,0.004994564158098752,0.9999059709832985,0.012771198879420182,71848.05580700038,3.3728279326371275
sensitivity_rho_mobile_0_minus20pct__onset__start1,12,1.562903077230948,1.5658013345006918,11.18230883208749,0.004994815922412781,0.99995637390794,0.007893167601504682,71848.05580700038,3.372840476617753
sensitivity_rho_mobile_0_minus20pct__onset__start1,13,1.565918030282691,1.5658013345006918,11.18230883208749,0.004994912088940034,0.9999756263355324,0.0048782771634600566,71848.05580700038,3.3728452684299293
sensitivity_rho_mobile_0_minus20pct__onset__start1,14,1.5677813737431534,1.5658013345006918,11.18230883208749,0.004994948821447754,0.9999829801411169,0.003014948484120609,71848.05580700038,3.3728470988032067
sensitivity_rho_mobile_0_minus20pct__onset__start1,15,1.568932983334434,1.5658013345006918,11.18230883208749,0.0049949628520409755,0.9999857890496612,0.0018633423821927913,71848.05580700038,3.3728477979529092
sensitivity_rho_mobile_0_minus20pct__onset__start1,16,1.5696447172036159,1.5658013345006918,11.18230883208749,0.004994968211254172,0.9999868619579481,0.001151609336735768,71848.05580700038,3.372848065005699
sensitivity_rho_mobile_0_minus20pct__onset__start1,17,1.5700845929257148,1.5658013345006918,11.18230883208749,0.004994970258291965,0.999987271772548,0.0007117338090919139,71848.05580700038,3.372848167010982
sensitivity_rho_mobile_0_minus20pct__onset__start1,18,1.5703564510727976,1.5658013345006918,11.18230883208749,0.004994971040190899,0.999987428307811,0.0004398757079136694,71848.05580700038,3.3728482059735616
sensitivity_rho_mobile_0_minus20pct__onset__start1,19,1.5705244686478135,1.5658013345006918,11.18230883208749,0.004994971338849728,0.9999874880989631,0.0002718581437344463,71848.05580700038,3.372848220855954
sensitivity_rho_mobile_0_minus20pct__onset__start1,20,1.5706283092198807,1.5658013345006918,11.18230883208749,0.00499497145292725,0.9999875109371512,0.00016801757422537421,71848.05580700038,3.372848226540519
sensitivity_rho_mobile_0_minus20pct__onset__start1,21,1.5706949758875361,-0.7416294238611398,11.18230883208749,0.7373688742911911,-0.6754902907922034,0.00010135090718695747,71848.05580700038,3.298179618970159
sensitivity_rho_mobile_0_minus20pct__onset__start1,22,1.5706949758875361,0.7416294238611396,11.18230883208749,0.7373688742911911,0.6754902907922031,0.00010135090718695746,71848.05580700038,3.3032499139210634
sensitivity_rho_mobile_0_minus20pct__onset__start1,23,1.5706949758875361,1.658333805867513,11.18230883208749,-0.08742572426794121,0.9961710357484901,0.00010135090718695746,71848.05580700038,3.3703551171985113
sensitivity_rho_mobile_0_minus20pct__onset__start1,24,1.5706949758875361,2.2248882715834193,11.18230883208749,-0.6084388578539173,0.793600747215761,0.00010135090718695746,71848.05580700038,3.3026882068057173
sensitivity_rho_mobile_0_minus20pct__onset__start1,25,1.5706949758875361,1.4818009172132711,11.18230883208749,0.08887797898428638,0.9960425164518142,0.00010135090718695746,71848.05580700038,3.3708081445543767
sensitivity_rho_mobile_0_minus20pct__onset__start1,26,1.5706949758875361,1.5575327725116028,11.18230883208749,0.013263165327044532,0.9999120352178491,0.00010135090718695746,71848.05580700038,3.3728281889029046
sensitivity_rho_mobile_0_minus20pct__onset__start1,27,1.5706949758875361,1.5656439428585498,11.18230883208749,0.005152361113140092,0.9999867213633157,0.00010135090718695746,71848.05580700038,3.3728482214569975
sensitivity_rho_mobile_0_minus20pct__onset__start1,28,1.5706949758875361,1.565866000654977,11.18230883208749,0.0049303061401320585,0.9999878408307564,0.00010135090718695746,71848.05580700038,3.3728482275716805
sensitivity_rho_mobile_0_minus20pct__onset__start1,29,1.5706949758875361,1.565799333987351,11.18230883208749,0.004996971986141037,0.9999875099214807,0.00010135090718695746,71848.05580700038,3.372848228773535
sensitivity_rho_mobile_0_minus20pct__onset__start1,30,1.5706949758875361,1.5657326673206546,11.18230883208749,0.005063637809011785,0.9999871745678205,0.00010135090718695746,71848.05580700038,3.3728482273689546
sensitivity_rho_mobile_0_minus20pct__onset__start1,31,1.5706949758875361,1.565799333987351,8.342310205260866,0.004996971986141037,0.9999875099214807,0.00010135090718695746,4197.776273049276,3.361444796967398
sensitivity_rho_mobile_0_minus20pct__onset__start1,32,1.5706949758875361,1.565799333987351,9.973010023033673,0.004996971986141037,0.9999875099214807,0.00010135090718695746,21439.92298441949,3.3723942450770714
sensitivity_rho_mobile_0_minus20pct__onset__start1,33,1.5706949758875361,1.565799333987351,10.980837935865528,0.004996971986141037,0.9999875099214807,0.00010135090718695746,58737.752128584805,3.37280844325
sensitivity_rho_mobile_0_minus20pct__onset__start1,34,1.5706949758875361,1.565799333987351,10.562937272800273,0.004996971986141037,0.9999875099214807,0.00010135090718695746,38674.55900537381,3.3727095663748083
sensitivity_rho_mobile_0_minus20pct__onset__start1,35,1.5706949758875361,1.565799333987351,11.172108956101223,0.004996971986141037,0.9999875099214807,0.00010135090718695746,71118.93931807319,3.372837382800522
sensitivity_rho_mobile_0_minus20pct__onset__start1,36,1.5706949758875361,1.565799333987351,11.72192183237501,0.004996971986141037,0.9999875099214807,0.00010135090718695746,123244.05215645775,3.3727459692591943
sensitivity_rho_mobile_0_minus20pct__onset__start1,37,1.5706949758875361,1.565799333987351,11.253015563422139,0.004996971986141037,0.9999875099214807,0.00010135090718695746,77112.10594874788,3.3728067950189895
sensitivity_rho_mobile_0_minus20pct__onset__start1,38,1.5706949758875361,1.565799333987351,11.115369946915271,0.004996971986141037,0.9999875099214807,0.00010135090718695746,67196.06356644929,3.372818558849261
sensitivity_rho_mobile_0_minus20pct__onset__start1,39,1.5706949758875361,1.565799333987351,11.203012530183372,0.004996971986141037,0.9999875099214807,0.00010135090718695746,73351.0816719836,3.372827158425662
sensitivity_rho_mobile_0_minus20pct__onset__start1,40,1.5706949758875361,1.565799333987351,11.16568039290361,0.004996971986141037,0.9999875099214807,0.00010135090718695746,70663.2131238999,3.3728239186719633
sensitivity_rho_mobile_0_minus20pct__onset__start1,41,1.5706949758875361,1.565799333987351,11.18501437754013,0.004996971986141037,0.9999875099214807,0.00010135090718695746,72042.70718801247,3.3728477155532293
sensitivity_rho_mobile_0_minus20pct__onset__start1,42,1.5706949758875361,1.565799333987351,11.184929436094317,0.004996971986141037,0.9999875099214807,0.00010135090718695746,72036.58803619212,3.372847749671985
sensitivity_rho_mobile_0_minus20pct__onset__start1,43,1.5706949758875361,1.565799333987351,11.182830369655303,0.004996971986141037,0.9999875099214807,0.00010135090718695746,71885.53704036414,3.3728482282102843
sensitivity_rho_mobile_0_minus20pct__onset__start1,44,1.5706949758875361,1.565799333987351,11.178735154085087,0.004996971986141037,0.9999875099214807,0.00010135090718695746,71591.7522364383,3.3728467830436224
sensitivity_rho_mobile_0_minus20pct__onset__start1,45,1.5706949758875361,1.565799333987351,11.182446652208208,0.004996971986141037,0.9999875099214807,0.00010135090718695746,71857.95859711127,3.372848233521472
sensitivity_rho_mobile_0_minus20pct__onset__start1,46,1.5706949758875361,1.565799333987351,11.18255826912675,0.004996971986141037,0.9999875099214807,0.00010135090718695746,71865.97960865454,3.3728482347719617
sensitivity_rho_mobile_0_minus20pct__onset__start1,47,1.5706949758875361,1.565799333987351,11.182624935797117,0.004996971986141037,0.9999875099214807,0.00010135090718695746,71870.77083393346,3.3728482344193957
sensitivity_rho_mobile_0_minus20pct__onset__start2,1,1.5707963267948966,1.5358013345006918,11.23230883208749,0.03498784996500899,0.9993877377448784,6.123233995736766e-17,75531.7844007111,3.3725483892287365
sensitivity_rho_mobile_0_minus20pct__onset__start2,2,0.5999908074321633,1.5358013345006918,11.23230883208749,0.01975536069098714,0.5642891817886719,0.8253408053890466,75531.7844007111,3.304106290789638
sensitivity_rho_mobile_0_minus20pct__onset__start2,3,0.9708055193627332,1.5358013345006918,11.23230883208749,0.028876900268951643,0.8248354803662952,0.5646348864175504,75531.7844007111,3.3370019098042643
sensitivity_rho_mobile_0_minus20pct__onset__start2,4,1.1999816148643265,1.5358013345006918,11.23230883208749,0.03260981060690088,0.9314617755395773,0.36237489008048024,75531.7844007111,3.3570173009498934
sensitivity_rho_mobile_0_minus20pct__onset__start2,5,1.3416202312933032,1.5358013345006918,11.23230883208749,0.03407305400878056,0.9732576422372202,0.22717523812546525,75531.7844007111,3.3662892424827127
sensitivity_rho_mobile_0_minus20pct__onset__start2,6,1.4291577103659199,1.5358013345006918,11.23230883208749,0.034637481960093856,0.9893798782119116,0.1411655107767015,75531.7844007111,3.3701075128728646
sensitivity_rho_mobile_0_minus20pct__onset__start2,7,1.4832588477222797,1.5358013345006918,11.23230883208749,0.03485388291726544,0.995561122936861,0.08742572471696057,75531.7844007111,3.37160852150935
sensitivity_rho_mobile_0_minus20pct__onset__start2,8,1.5166951894385368,1.5358013345006918,11.23230883208749,0.034936658905466225,0.9979255239409329,0.0540747494838181,75531.7844007111,3.3721882767019893
sensitivity_rho_mobile_0_minus20pct__onset__start2,9,1.5373599850786395,1.5358013345006918,11.23230883208749,0.03496829377230163,0.9988291375677237,0.03343011182110186,75531.7844007111,3.3724106748832594
sensitivity_rho_mobile_0_minus20pct__onset__start2,10,1.5501315311547936,1.5358013345006918,11.23230883208749,0.03498037973395927,0.9991743591772706,0.02066332491054402,75531.7844007111,3.3724957631079566
sensitivity_rho_mobile_0_minus20pct__onset__start2,11,1.5580247807187424,1.5358013345006918,11.23230883208749,0.034984996527895273,0.9993062325919545,0.012771198879420183,75531.7844007111,3.372528284346229
sensitivity_rho_mobile_0_minus20pct__onset__start2,12,1.562903077230948,1.5358013345006918,11.23230883208749,0.03498676003986015,0.9993566052851844,0.007893167601504682,75531.7844007111,3.3725407093371587
sensitivity_rho_mobile_0_minus20pct__onset__start2,13,1.565918030282691,1.5358013345006918,11.23230883208749,0.03498743364931145,0.9993758461652711,0.0048782771634600566,75531.7844007111,3.3725454556967946
sensitivity_rho_mobile_0_minus20pct__onset__start2,14,1.5677813737431534,1.5358013345006918,11.23230883208749,0.03498769094636769,0.9993831955600813,0.003014948484120609,75531.7844007111,3.3725472687083897
sensitivity_rho_mobile_0_minus20pct__onset__start2,15,1.568932983334434,1.5358013345006918,11.23230883208749,0.034987789225264423,0.9993860027838569,0.0018633423821927916,75531.7844007111,3.372547961226461
sensitivity_rho_mobile_0_minus20pct__onset__start2,16,1.5696447172036159,1.5358013345006918,11.23230883208749,0.03498782676448689,0.9993870750486189,0.001151609336735768,75531.7844007111,3.372548225746183
sensitivity_rho_mobile_0_minus20pct__onset__start2,17,1.5700845929257148,1.5358013345006918,11.23230883208749,0.034987841103197505,0.9993874846174142,0.000711733809091914,75531.7844007111,3.372548326783923
sensitivity_rho_mobile_0_minus20pct__onset__start2,18,1.5703564510727976,1.5358013345006918,11.23230883208749,0.03498784658009812,0.9993876410587882,0.00043987570791366947,75531.7844007111,3.3725483653769355
sensitivity_rho_mobile_0_minus20pct__onset__start2,19,1.5705244686478135,1.5358013345006918,11.23230883208749,0.034987848672088075,0.9993877008140779,0.0002718581437344463,75531.7844007111,3.3725483801181535
sensitivity_rho_mobile_0_minus20pct__onset__start2,20,1.5706283092198807,1.5358013345006918,11.23230883208749,0.03498784947115715,0.9993877236385679,0.00016801757422537424,75531.7844007111,3.3725483857487992
sensitivity_rho_mobile_0_minus20pct__onset__start2,21,1.5706949758890394,1.5358013345006918,11.23230883208749,0.03498784978531128,0.99938773261202,0.00010135090568371548,75531.7844007111,3.3725483879624947
sensitivity_rho_mobile_0_minus20pct__onset__start2,22,1.5706949758890394,-0.7416294238611396,11.23230883208749,0.7373688742911914,-0.6754902907922032,0.0001013509056837155,75531.7844007111,3.2981381359263926
sensitivity_rho_mobile_0_minus20pct__onset__start2,23,1.5706949758890394,0.7416294238611398,11.23230883208749,0.7373688742911912,0.6754902907922034,0.0001013509056837155,75531.7844007111,3.303211037450356
sensitivity_rho_mobile_0_minus20pct__onset__start2,24,1.5706949758890394,1.6583338058675132,11.23230883208749,-0.08742572426794142,0.9961710357484902,0.00010135090568371548,75531.7844007111,3.3703183596661805
sensitivity_rho_mobile_0_minus20pct__onset__start2,25,1.5706949758890394,2.2248882715834197,11.23230883208749,-0.6084388578539178,0.7936007472157609,0.0001013509056837155,75531.7844007111,3.302655757110602
sensitivity_rho_mobile_0_minus20pct__onset__start2,26,1.5706949758890394,1.4818175585400286,11.23230883208749,0.08886140350299987,0.9960439953613851,0.00010135090568371548,75531.7844007111,3.3707726782769454
sensitivity_rho_mobile_0_minus20pct__onset__start2,27,1.5706949758890394,1.557505535569847,11.23230883208749,0.013290399867985641,0.9999116735988949,0.00010135090568371548,75531.7844007111,3.372791290438287
sensitivity_rho_mobile_0_minus20pct__onset__start2,28,1.5706949758890394,1.5656386604749766,11.23230883208749,0.005157643426498556,0.9999866941326164,0.00010135090568371548,75531.7844007111,3.372811426600059
sensitivity_rho_mobile_0_minus20pct__onset__start2,29,1.5706949758890394,1.565860825545333,11.23230883208749,0.00493548118678491,0.9999878153024909,0.00010135090568371548,75531.7844007111,3.3728114327025507
sensitivity_rho_mobile_0_minus20pct__onset__start2,30,1.5706949758890394,1.565794158432812,11.23230883208749,0.005002147475969946,0.9999874840459867,0.00010135090568371548,75531.7844007111,3.3728114339106563
sensitivity_rho_mobile_0_minus20pct__onset__start2,31,1.5706949758890394,1.56572749132128,11.23230883208749,0.005068813741934166,0.9999871483450392,0.00010135090568371548,75531.7844007111,3.37281143251262
sensitivity_rho_mobile_0_minus20pct__onset__start2,32,1.5706949758890394,1.565794158432812,8.342310205260866,0.005002147475969946,0.9999874840459867,0.00010135090568371548,4197.776273049276,3.3614448018787577
sensitivity_rho_mobile_0_minus20pct__onset__start2,33,1.5706949758890394,1.565794158432812,9.973010023033673,0.005002147475969946,0.9999874840459867,0.00010135090568371548,21439.92298441949,3.3723942452987927
sensitivity_rho_mobile_0_minus20pct__onset__start2,34,1.5706949758890394,1.565794158432812,10.980837935865528,0.005002147475969946,0.9999874840459867,0.00010135090568371548,58737.752128584805,3.3728084432682603
sensitivity_rho_mobile_0_minus20pct__onset__start2,35,1.5706949758890394,1.565794158432812,10.562937267035739,0.005002147475969946,0.9999874840459867,0.00010135090568371548,38674.558782433014,3.3727095664522864
sensitivity_rho_mobile_0_minus20pct__onset__start2,36,1.5706949758890394,1.565794158432812,11.172108834721119,0.005002147475969946,0.9999874840459867,0.00010135090568371548,71118.93068564944,3.372837382551787
sensitivity_rho_mobile_0_minus20pct__onset__start2,37,1.5706949758890394,1.565794158432812,11.72192175735798,0.005002147475969946,0.9999874840459867,0.00010135090568371548,123244.04291105547,3.3727459691979678
sensitivity_rho_mobile_0_minus20pct__onset__start2,38,1.5706949758890394,1.565794158432812,11.253014888145907,0.005002147475969946,0.9999874840459867,0.00010135090568371548,77112.05387679317,3.3728067953206233
sensitivity_rho_mobile_0_minus20pct__onset__start2,39,1.5706949758890394,1.565794158432812,11.115369860717646,0.005002147475969946,0.9999874840459867,0.00010135090568371548,67196.05777430844,3.372818558881409
sensitivity_rho_mobile_0_minus20pct__onset__start2,40,1.5706949758890394,1.565794158432812,11.203012197233774,0.005002147475969946,0.9999874840459867,0.00010135090568371548,73351.05724977447,3.3728271590045087
sensitivity_rho_mobile_0_minus20pct__onset__start2,41,1.5706949758890394,1.565794158432812,11.165680882440084,0.005002147475969946,0.9999874840459867,0.00010135090568371548,70663.24771612854,3.3728239196541137
sensitivity_rho_mobile_0_minus20pct__onset__start2,42,1.5706949758890394,1.565794158432812,11.185014377354596,0.005002147475969946,0.9999874840459867,0.00010135090568371548,72042.70717464614,3.372847715537367
sensitivity_rho_mobile_0_minus20pct__onset__start2,43,1.5706949758890394,1.565794158432812,11.184929420016875,0.005002147475969946,0.9999874840459867,0.00010135090568371548,72036.58687802809,3.3728477496624074
sensitivity_rho_mobile_0_minus20pct__onset__start2,44,1.5706949758890394,1.565794158432812,11.182830366802738,0.005002147475969946,0.9999874840459867,0.00010135090568371548,71885.53683530602,3.3728482281946457
sensitivity_rho_mobile_0_minus20pct__onset__start2,45,1.5706949758890394,1.565794158432812,11.178735105959033,0.005002147475969946,0.9999874840459867,0.00010135090568371548,71591.74879100984,3.3728467829912034
sensitivity_rho_mobile_0_minus20pct__onset__start2,46,1.5706949758890394,1.565794158432812,11.182446652511942,0.005002147475969946,0.9999874840459867,0.00010135090568371548,71857.95861893697,3.3728482335057395
sensitivity_rho_mobile_0_minus20pct__onset__start2,47,1.5706949758890394,1.565794158432812,11.182558268642477,0.005002147475969946,0.9999874840459867,0.00010135090568371548,71865.97957385184,3.372848234756207
sensitivity_rho_mobile_0_minus20pct__onset__start2,48,1.5706949758890394,1.565794158432812,11.182624936047064,0.005002147475969946,0.9999874840459867,0.00010135090568371548,71870.7708518974,3.3728482344036292
sensitivity_rho_mobile_0_minus20pct__onset__start2,49,1.5705936249831822,1.5957869823649324,11.132807705197465,-0.024988053890284308,0.9996877292808752,0.00020270181032629265,68378.08825896964,3.3725437158909912
sensitivity_rho_mobile_0_minus20pct__onset__start2,50,0.5999908074321633,1.565794158432812,11.182558268642477,0.0028243869864441862,0.5646278223732077,0.8253408053890466,71865.97957385184,3.304099716445137
sensitivity_rho_mobile_0_minus20pct__onset__start2,51,0.9708055193627332,1.565794158432812,11.182558268642477,0.004128476447695689,0.8253304797003809,0.5646348864175504,71865.97957385184,3.3370547648786384
sensitivity_rho_mobile_0_minus20pct__onset__start2,52,1.1999816148643265,1.565794158432812,11.182558268642477,0.004662163660244374,0.9320207633251337,0.36237489008048024,71865.97957385184,3.3571903978887607
sensitivity_rho_mobile_0_minus20pct__onset__start2,53,1.3416202312933032,1.565794158432812,11.182558268642477,0.004871360833959088,0.973841712510952,0.22717523812546525,71865.97957385184,3.366532108954996
sensitivity_rho_mobile_0_minus20pct__onset__start2,54,1.4291577103659199,1.565794158432812,11.182558268642477,0.004952056042991739,0.9899736237436328,0.14116551077670147,71865.97957385184,3.370384009408449
sensitivity_rho_mobile_0_minus20pct__onset__start2,55,1.4832588477222797,1.565794158432812,11.182558268642477,0.004982994483289027,0.9961585779501645,0.08742572471696057,71865.97957385184,3.3718993094086094
sensitivity_rho_mobile_0_minus20pct__onset__start2,56,1.5166951894385368,1.565794158432812,11.182558268642477,0.004994828811576995,0.9985243978758883,0.054074749483818095,71865.97957385184,3.372484650747482
sensitivity_rho_mobile_0_minus20pct__onset__start2,57,1.5373599850786395,1.565794158432812,11.182558268642477,0.004999351589348832,0.9994285537782652,0.03343011182110186,71865.97957385184,3.372709193862352
sensitivity_rho_mobile_0_minus20pct__onset__start2,58,1.5501315311547936,1.565794158432812,11.182558268642477,0.005001079496692993,0.9997739825618134,0.02066332491054402,71865.97957385184,3.3727951025598735
sensitivity_rho_mobile_0_minus20pct__onset__start2,59,1.5580247807187424,1.565794158432812,11.182558268642477,0.005001739551091185,0.9999059351162215,0.012771198879420183,71865.97957385184,3.372827937337036
sensitivity_rho_mobile_0_minus20pct__onset__start2,60,1.562903077230948,1.565794158432812,11.182558268642477,0.005001991677100015,0.999956338039055,0.007893167601504682,71865.97957385184,3.372840482109004
sensitivity_rho_mobile_0_minus20pct__onset__start2,61,1.565918030282691,1.565794158432812,11.182558268642477,0.005002087981783992,0.9999755904659569,0.0048782771634600566,71865.97957385184,3.3728452742237462
sensitivity_rho_mobile_0_minus20pct__onset__start2,62,1.5677813737431534,1.565794158432812,11.182558268642477,0.00500212476706312,0.9999829442712775,0.003014948484120609,71865.97957385184,3.3728471047126343
sensitivity_rho_mobile_0_minus20pct__onset__start2,63,1.568932983334434,1.565794158432812,11.182558268642477,0.0050021388178132595,0.9999857531797212,0.0018633423821927916,71865.97957385184,3.3728478039065015
sensitivity_rho_mobile_0_minus20pct__onset__start2,64,1.5696447172036159,1.565794158432812,11.182558268642477,0.005002144184725718,0.9999868260879694,0.001151609336735768,71865.97957385184,3.372848070976156
sensitivity_rho_mobile_0_minus20pct__onset__start2,65,1.5700845929257148,1.565794158432812,11.182558268642477,0.005002146234704368,0.9999872359025547,0.0007117338090919139,71865.97957385184,3.3728481729878843
sensitivity_rho_mobile_0_minus20pct__onset__start2,66,1.5703564510727976,1.565794158432812,11.182558268642477,0.00500214701772661,0.999987392437812,0.0004398757079136694,71865.97957385184,3.372848211952928
sensitivity_rho_mobile_0_minus20pct__onset__start2,67,1.5705244686478135,1.565794158432812,11.182558268642477,0.0050021473168145045,0.999987452228962,0.0002718581437344463,71865.97957385184,3.3728482268362563
sensitivity_rho_mobile_0_minus20pct__onset__start2,68,1.5706283092198807,1.565794158432812,11.182558268642477,0.005002147431055915,0.9999874750671494,0.00016801757422537421,71865.97957385184,3.3728482325211795
sensitivity_rho_mobile_0_minus20pct__onset__start2,69,1.5706949758875361,-0.7416294238611401,11.182558268642477,0.7373688742911909,-0.6754902907922036,0.00010135090718695747,71865.97957385184,3.298179434912651
sensitivity_rho_mobile_0_minus20pct__onset__start2,70,1.5706949758875361,0.7416294238611396,11.182558268642477,0.7373688742911911,0.6754902907922031,0.00010135090718695746,71865.97957385184,3.3032496952672834
sensitivity_rho_mobile_0_minus20pct__onset__start2,71,1.5706949758875361,1.658333805867513,11.182558268642477,-0.08742572426794121,0.9961710357484901,0.00010135090718695746,71865.97957385184,3.3703551173713815
sensitivity_rho_mobile_0_minus20pct__onset__start2,72,1.5706949758875361,2.2248882715834193,11.182558268642477,-0.6084388578539173,0.793600747215761,0.00010135090718695746,71865.97957385184,3.3026880706646398
sensitivity_rho_mobile_0_minus20pct__onset__start2,73,1.5706949758875361,1.481801135004878,11.182558268642477,0.088877762054584,0.9960425358086684,0.00010135090718695746,71865.97957385184,3.370808154926754
sensitivity_rho_mobile_0_minus20pct__onset__start2,74,1.5706949758875361,1.5575326296226304,11.182558268642477,0.013263308203447632,0.9999120333226789,0.00010135090718695746,71865.97957385184,3.3728281941078038
sensitivity_rho_mobile_0_minus20pct__onset__start2,75,1.5706949758875361,1.5656439585526214,11.182558268642477,0.00515234541927689,0.999986721444177,0.00010135090718695746,71865.97957385184,3.372848227455966
sensitivity_rho_mobile_0_minus20pct__onset__start2,76,1.5706949758875361,1.5658660110484286,11.182558268642477,0.00493029574680678,0.9999878408819993,0.00010135090718695747,71865.97957385184,3.3728482335700933
sensitivity_rho_mobile_0_minus20pct__onset__start2,77,1.5706949758875361,1.5657993443806961,11.182558268642477,0.004996961592925777,0.9999875099734159,0.00010135090718695746,71865.97957385184,3.3728482347719773
sensitivity_rho_mobile_0_minus20pct__onset__start2,78,1.5706949758875361,1.5657326777139526,11.182558268642477,0.005063627415847083,0.9999871746204484,0.00010135090718695746,71865.97957385184,3.3728482333674203
sensitivity_rho_mobile_0_minus20pct__onset__start2,79,1.5706949758875361,1.5657993443806961,8.342310205260866,0.004996961592925777,0.9999875099734159,0.00010135090718695746,4197.776273049276,3.3614447969575236
sensitivity_rho_mobile_0_minus20pct__onset__start2,80,1.5706949758875361,1.5657993443806961,9.973010023033673,0.004996961592925777,0.9999875099734159,0.00010135090718695746,21439.92298441949,3.3723942450766073
sensitivity_rho_mobile_0_minus20pct__onset__start2,81,1.5706949758875361,1.5657993443806961,10.980837935865528,0.004996961592925777,0.9999875099734159,0.00010135090718695746,58737.752128584805,3.3728084432499488
sensitivity_rho_mobile_0_minus20pct__onset__start2,82,1.5706949758875361,1.5657993443806961,10.562937272812887,0.004996961592925777,0.9999875099734159,0.00010135090718695746,38674.55900586165,3.3727095663746796
sensitivity_rho_mobile_0_minus20pct__onset__start2,83,1.5706949758875361,1.5657993443806961,11.172108955945411,0.004996961592925777,0.9999875099734159,0.00010135090718695746,71118.93930699205,3.3728373828002245
sensitivity_rho_mobile_0_minus20pct__onset__start2,84,1.5706949758875361,1.5657993443806961,11.721921832278712,0.004996961592925777,0.9999875099734159,0.00010135090718695746,123244.05214458959,3.3727459692593404
sensitivity_rho_mobile_0_minus20pct__onset__start2,85,1.5706949758875361,1.5657993443806961,11.253015563067972,0.004996961592925777,0.9999875099734159,0.00010135090718695746,77112.10592143737,3.372806795019163
sensitivity_rho_mobile_0_minus20pct__onset__start2,86,1.5706949758875361,1.5657993443806961,11.115369946932605,0.004996961592925777,0.9999875099734159,0.00010135090718695746,67196.06356761404,3.372818558849222
sensitivity_rho_mobile_0_minus20pct__onset__start2,87,1.5706949758875361,1.5657993443806961,11.203012529951796,0.004996961592925777,0.9999875099734159,0.00010135090718695746,73351.08165499721,3.3728271584260603
sensitivity_rho_mobile_0_minus20pct__onset__start2,88,1.5706949758875361,1.5657993443806961,11.165680393373846,0.004996961592925777,0.9999875099734159,0.00010135090718695746,70663.21315712825,3.3728239186729287
sensitivity_rho_mobile_0_minus20pct__onset__start2,89,1.5706949758875361,1.5657993443806961,11.185014377546457,0.004996961592925777,0.9999875099734159,0.00010135090718695746,72042.70718846831,3.3728477155532404
sensitivity_rho_mobile_0_minus20pct__onset__start2,90,1.5706949758875361,1.5657993443806961,11.184929436089787,0.004996961592925777,0.9999875099734159,0.00010135090718695746,72036.5880358658,3.3728477496720037
sensitivity_rho_mobile_0_minus20pct__onset__start2,91,1.5706949758875361,1.5657993443806961,11.18283036952231,0.004996961592925777,0.9999875099734159,0.00010135090718695746,71885.53703080391,3.3728482282103074
sensitivity_rho_mobile_0_minus20pct__onset__start2,92,1.5706949758875361,1.5657993443806961,11.178735153943379,0.004996961592925777,0.9999875099734159,0.00010135090718695746,71591.75222629312,3.3728467830435247
sensitivity_rho_mobile_0_minus20pct__onset__start2,93,1.5706949758875361,1.5657993443806961,11.18244665252991,0.004996961592925777,0.9999875099734159,0.00010135090718695746,71857.9586202281,3.372848233521496
sensitivity_rho_mobile_0_minus20pct__onset__start2,94,1.5706949758875361,1.5657993443806961,11.182558269104554,0.004996961592925777,0.9999875099734159,0.00010135090718695746,71865.97960705943,3.3728482347719813
sensitivity_rho_mobile_0_minus20pct__onset__start2,95,1.5706949758875361,1.5657993443806961,11.18262493577122,0.004996961592925777,0.9999875099734159,0.00010135090718695746,71870.7708320722,3.372848234419411
sensitivity_rho_mobile_0_minus20pct__terminal__start1,1,1.5706949758856612,-1.5753908940094778,8.830082914842956,-0.004594551025745008,-0.9999894398586743,0.0001013509090619021,6836.8536687706555,13.513955740719895
sensitivity_rho_mobile_0_minus20pct__terminal__start1,2,0.5999908074321633,-1.5753908940094778,8.830082914842956,-0.002594243809885216,-0.5646289266932882,0.8253408053890466,6836.8536687706555,0.9202825361458598
sensitivity_rho_mobile_0_minus20pct__terminal__start1,3,0.9708055193627332,-1.5753908940094778,8.830082914842956,-0.003792070463465541,-0.8253320939124081,0.5646348864175504,6836.8536687706555,1.3432838895378723
sensitivity_rho_mobile_0_minus20pct__terminal__start1,4,1.1999816148643265,-1.5753908940094778,8.830082914842956,-0.0042822705508524265,-0.9320225862059831,0.36237489008048024,6836.8536687706555,1.8172570282612948
sensitivity_rho_mobile_0_minus20pct__terminal__start1,5,1.3416202312933032,-1.5753908940094778,8.830082914842956,-0.00447442144078346,-0.973843617186768,0.22717523812546525,6836.8536687706555,2.3314917800978576
sensitivity_rho_mobile_0_minus20pct__terminal__start1,6,1.4291577103659199,-1.5753908940094778,8.830082914842956,-0.0045485412577650226,-0.9899755599708406,0.1411655107767015,6836.8536687706555,2.9166643708854765
sensitivity_rho_mobile_0_minus20pct__terminal__start1,7,1.4832588477222797,-1.5753908940094778,8.830082914842956,-0.004576958701130242,-0.9961605262741354,0.08742572471696057,6836.8536687706555,3.6812085671326633
sensitivity_rho_mobile_0_minus20pct__terminal__start1,8,1.5166951894385368,-1.5753908940094778,8.830082914842956,-0.004587828717545331,-0.9985263508270179,0.0540747494838181,6836.8536687706555,5.032209132447797
sensitivity_rho_mobile_0_minus20pct__terminal__start1,9,1.5373599850786395,-1.5753908940094778,8.830082914842956,-0.004591982959968336,-0.9994305084977765,0.03343011182110186,6836.8536687706555,10.267768725280751
sensitivity_rho_mobile_0_minus20pct__terminal__start1,10,1.5501315311547936,-1.5753908940094778,8.830082914842956,-0.004593570070004305,-0.9997759379569271,0.02066332491054402,6836.8536687706555,12.286474578661247
sensitivity_rho_mobile_0_minus20pct__terminal__start1,11,1.5580247807187424,-1.5753908940094778,8.830082914842956,-0.004594176340336562,-0.9999078907694129,0.012771198879420182,6836.8536687706555,13.04640075940445
sensitivity_rho_mobile_0_minus20pct__terminal__start1,12,1.562903077230948,-1.5753908940094778,8.830082914842956,-0.004594407922035835,-0.9999582937908263,0.007893167601504682,6836.8536687706555,13.33555098367573
sensitivity_rho_mobile_0_minus20pct__terminal__start1,13,1.565918030282691,-1.5753908940094778,8.830082914842956,-0.004594496379400733,-0.9999775462553828,0.004878277163460057,6836.8536687706555,13.445852774400285
sensitivity_rho_mobile_0_minus20pct__terminal__start1,14,1.5677813737431534,-1.5753908940094778,8.830082914842956,-0.004594530167257399,-0.9999849000750863,0.003014948484120609,6836.8536687706555,13.487964258404519
sensitivity_rho_mobile_0_minus20pct__terminal__start1,15,1.568932983334434,-1.5753908940094778,8.830082914842956,-0.004594543073092098,-0.9999877089890237,0.0018633423821927913,6836.8536687706555,13.504046537563083
sensitivity_rho_mobile_0_minus20pct__terminal__start1,16,1.5696447172036159,-1.5753908940094778,8.830082914842956,-0.00459454800268549,-0.9999887818993705,0.001151609336735768,6836.8536687706555,13.510189004605577
sensitivity_rho_mobile_0_minus20pct__terminal__start1,17,1.5700845929257148,-1.5753908940094778,8.830082914842956,-0.00459454988562308,-0.9999891917147573,0.000711733809091914,6836.8536687706555,13.512535157550449
sensitivity_rho_mobile_0_minus20pct__terminal__start1,18,1.5703564510727976,-1.5753908940094778,8.830082914842956,-0.004594550604841308,-0.9999893482503207,0.0004398757079136694,6836.8536687706555,13.513431299385614
sensitivity_rho_mobile_0_minus20pct__terminal__start1,19,1.5705244686478135,-1.5753908940094778,8.830082914842956,-0.004594550879558236,-0.9999894080415876,0.0002718581437344463,6836.8536687706555,13.513773593817316
sensitivity_rho_mobile_0_minus20pct__terminal__start1,20,1.5706283092198807,-1.5753908940094778,8.830082914842956,-0.004594550984490767,-0.9999894308798197,0.00016801757422537424,6836.8536687706555,13.51390433846755
sensitivity_rho_mobile_0_minus20pct__terminal__start1,21,1.5706949758875361,-0.7416294238611401,8.830082914842956,0.7373688742911909,-0.6754902907922036,0.00010135090718695747,6836.8536687706555,1.2702156144526788
sensitivity_rho_mobile_0_minus20pct__terminal__start1,22,1.5706949758875361,0.7416294238611394,8.830082914842956,0.7373688742911914,0.675490290792203,0.00010135090718695746,6836.8536687706555,1.1655087620851001
sensitivity_rho_mobile_0_minus20pct__terminal__start1,23,1.5706949758875361,-1.6583338058675134,8.830082914842956,-0.08742572426794165,-0.9961710357484901,0.00010135090718695747,6836.8536687706555,2.80590092381785
sensitivity_rho_mobile_0_minus20pct__terminal__start1,24,1.5706949758875361,-2.2248882715834197,8.830082914842956,-0.6084388578539177,-0.7936007472157608,0.00010135090718695747,6836.8536687706555,2.0293987449735047
sensitivity_rho_mobile_0_minus20pct__terminal__start1,25,1.5706949758875361,-1.6078869842403853,8.830082914842956,-0.037082153466136455,-0.9993122152872482,0.00010135090718695746,6836.8536687706555,5.543946799630174
sensitivity_rho_mobile_0_minus20pct__terminal__start1,26,1.5706949758875361,-1.277006039187078,8.830082914842956,0.28958218077530623,-0.957153148824895,0.00010135090718695746,6836.8536687706555,1.9296443322053565
sensitivity_rho_mobile_0_minus20pct__terminal__start1,27,1.5706949758875361,-1.4815017094597083,8.830082914842956,0.0891759986452273,-0.9960158788862856,0.00010135090718695746,6836.8536687706555,3.037896807255493
sensitivity_rho_mobile_0_minus20pct__terminal__start1,28,1.5706949758875361,-1.568352429245638,8.830082914842956,0.002443895103956167,-0.9999970085478829,0.00010135090718695746,6836.8536687706555,13.17878891290437
sensitivity_rho_mobile_0_minus20pct__terminal__start1,29,1.5706949758875361,-1.5487379213481702,8.830082914842956,0.02205661653862194,-0.9997567181043906,0.00010135090718695747,6836.8536687706555,8.70355545393213
sensitivity_rho_mobile_0_minus20pct__terminal__start1,30,1.5706949758875361,-1.5745624207567337,8.830082914842956,-0.003766085039791245,-0.9999929031405507,0.00010135090718695746,6836.8536687706555,13.50925553441764
sensitivity_rho_mobile_0_minus20pct__terminal__start1,31,1.5706949758875361,-1.5753851343902998,8.830082914842956,-0.004588791467313188,-0.9999894663049522,0.00010135090718695746,6836.8536687706555,13.513955331786443
sensitivity_rho_mobile_0_minus20pct__terminal__start1,32,1.5706949758875361,-1.575451801057052,8.830082914842956,-0.004655457421572302,-0.9999891581633221,0.00010135090718695747,6836.8536687706555,13.513932382224814
sensitivity_rho_mobile_0_minus20pct__terminal__start1,33,1.5706949758875361,-1.5753184677235477,8.830082914842956,-0.004522125492659447,-0.9999897700021847,0.00010135090718695746,6836.8536687706555,13.513917685829602
sensitivity_rho_mobile_0_minus20pct__terminal__start1,34,1.5706949758875361,-1.5753851343902998,8.342310205260866,-0.004588791467313188,-0.9999894663049522,0.00010135090718695746,4197.776273049276,13.44126352159547
sensitivity_rho_mobile_0_minus20pct__terminal__start1,35,1.5706949758875361,-1.5753851343902998,9.973010023033673,-0.004588791467313188,-0.9999894663049522,0.00010135090718695746,21439.92298441949,13.06269504691063
sensitivity_rho_mobile_0_minus20pct__terminal__start1,36,1.5706949758875361,-1.5753851343902998,7.334482292429009,-0.004588791467313188,-0.9999894663049522,0.00010135090718695746,1532.2343252594655,12.799804051421031
sensitivity_rho_mobile_0_minus20pct__terminal__start1,37,1.5706949758875361,-1.5753851343902998,8.805071559604768,-0.004588791467313188,-0.9999894663049522,0.00010135090718695746,6667.975433360121,13.513484197654499
sensitivity_rho_mobile_0_minus20pct__terminal__start1,38,1.5706949758875361,-1.5753851343902998,8.80844947919236,-0.004588791467313188,-0.9999894663049522,0.00010135090718695746,6690.5374029923205,13.513570588597783
sensitivity_rho_mobile_0_minus20pct__terminal__start1,39,1.5706949758875361,-1.5753851343902998,8.85244085379987,-0.004588791467313188,-0.9999894663049522,0.00010135090718695746,6991.433226732404,13.514045962078592
sensitivity_rho_mobile_0_minus20pct__terminal__start1,40,1.5706949758875361,-1.5753851343902998,9.28046018970195,-0.004588791467313188,-0.9999894663049522,0.00010135090718695746,10726.366944442863,13.473604739941354
sensitivity_rho_mobile_0_minus20pct__terminal__start1,41,1.5706949758875361,-1.5753851343902998,8.847774401227607,-0.004588791467313188,-0.9999894663049522,0.00010135090718695746,6958.884038853774,13.514053030858033
sensitivity_rho_mobile_0_minus20pct__terminal__start1,42,1.5706949758875361,-1.5753851343902998,8.847690196393179,-0.004588791467313188,-0.9999894663049522,0.00010135090718695746,6958.298091845611,13.514053030051013
sensitivity_rho_mobile_0_minus20pct__terminal__start1,43,1.5706949758875361,-1.5753851343902998,8.847841068156681,-0.004588791467313188,-0.9999894663049522,0.00010135090718695746,6959.347981747079,13.514053026799441
sensitivity_rho_mobile_0_minus20pct__terminal__start1,44,1.570694975889411,-1.5753793747711218,8.865465887612258,-0.004583031908729144,-0.9999894927180573,0.00010135090531201281,7083.092517748939,13.513950356622297
sensitivity_rho_mobile_0_minus20pct__terminal__start1,45,0.5999908074321633,-1.5753851343902998,8.847774401227607,-0.0025909917622475476,-0.5646289416257794,0.8253408053890466,6958.884038853774,0.920304683339289
sensitivity_rho_mobile_0_minus20pct__terminal__start1,46,0.9708055193627332,-1.5753851343902998,8.847774401227607,-0.003787316864846323,-0.8253321157396004,0.5646348864175504,6958.884038853774,1.3433874687000245
sensitivity_rho_mobile_0_minus20pct__terminal__start1,47,1.1999816148643265,-1.5753851343902998,8.847774401227607,-0.0042769024556195525,-0.9320226108547716,0.36237489008048024,6958.884038853774,1.8170889037954505
sensitivity_rho_mobile_0_minus20pct__terminal__start1,48,1.3416202312933032,-1.5753851343902998,8.847774401227607,-0.004468812472335318,-0.9738436429415789,0.22717523812546525,6958.884038853774,2.3313299603539357
sensitivity_rho_mobile_0_minus20pct__terminal__start1,49,1.4291577103659199,-1.5753851343902998,8.847774401227607,-0.004542839375468613,-0.9899755861522856,0.14116551077670147,6958.884038853774,2.916404254547787
sensitivity_rho_mobile_0_minus20pct__terminal__start1,50,1.4832588477222797,-1.5753851343902998,8.847774401227607,-0.004571221195782826,-0.9961605526191516,0.08742572471696057,6958.884038853774,3.6810928238994203
sensitivity_rho_mobile_0_minus20pct__terminal__start1,51,1.5166951894385368,-1.5753851343902998,8.847774401227607,-0.004582077585949268,-0.998526377234602,0.0540747494838181,6958.884038853774,5.029232715147568
sensitivity_rho_mobile_0_minus20pct__terminal__start1,52,1.5373599850786395,-1.5753851343902998,8.847774401227607,-0.004586226620768344,-0.9994305349292725,0.03343011182110186,6958.884038853774,10.265887012531651
sensitivity_rho_mobile_0_minus20pct__terminal__start1,53,1.5501315311547936,-1.5753851343902998,8.847774401227607,-0.0045878117412621496,-0.9997759643975584,0.02066332491054402,6958.884038853774,12.285989088761799
sensitivity_rho_mobile_0_minus20pct__terminal__start1,54,1.5580247807187424,-1.5753851343902998,8.847774401227607,-0.004588417251596447,-0.999907917213534,0.012771198879420182,6958.884038853774,13.046289459757244
sensitivity_rho_mobile_0_minus20pct__terminal__start1,55,1.562903077230948,-1.5753851343902998,8.847774401227607,-0.004588648542993505,-0.9999583202362804,0.00789316760150468,6958.884038853774,13.335570271559273
sensitivity_rho_mobile_0_minus20pct__terminal__start1,56,1.565918030282691,-1.5753851343902998,8.847774401227607,-0.0045887368894715385,-0.999977572701346,0.0048782771634600566,6958.884038853774,13.445920503072726
sensitivity_rho_mobile_0_minus20pct__terminal__start1,57,1.5677813737431534,-1.5753851343902998,8.847774401227607,-0.004588770634973003,-0.9999849265212439,0.0030149484841206086,6958.884038853774,13.488050296795397
sensitivity_rho_mobile_0_minus20pct__terminal__start1,58,1.568932983334434,-1.5753851343902998,8.847774401227607,-0.0045887835246294275,-0.9999877354352557,0.0018633423821927913,6958.884038853774,13.504139542370215
sensitivity_rho_mobile_0_minus20pct__terminal__start1,59,1.5696447172036159,-1.5753851343902998,8.847774401227607,-0.004588788448043264,-0.9999888083456308,0.0011516093367357678,6958.884038853774,13.510284666412689
sensitivity_rho_mobile_0_minus20pct__terminal__start1,60,1.5700845929257148,-1.5753851343902998,8.847774401227607,-0.004588790328620474,-0.9999892181610285,0.000711733809091914,6958.884038853774,13.512631833670415
sensitivity_rho_mobile_0_minus20pct__terminal__start1,61,1.5703564510727976,-1.5753851343902998,8.847774401227607,-0.004588791046937117,-0.9999893746965961,0.0004398757079136694,6958.884038853774,13.513528362859125
sensitivity_rho_mobile_0_minus20pct__terminal__start1,62,1.5705244686478135,-1.5753851343902998,8.847774401227607,-0.004588791321309671,-0.9999894344878646,0.0002718581437344463,6958.884038853774,13.513870805231086
sensitivity_rho_mobile_0_minus20pct__terminal__start1,63,1.5706283092198807,-1.5753851343902998,8.847774401227607,-0.004588791426110661,-0.9999894573260972,0.00016801757422537421,6958.884038853774,13.514001606389934
sensitivity_rho_mobile_0_minus20pct__terminal__start1,64,1.5706949758875361,-0.7416294238611401,8.847774401227607,0.7373688742911909,-0.6754902907922036,0.00010135090718695747,6958.884038853774,1.2702070123691709
sensitivity_rho_mobile_0_minus20pct__terminal__start1,65,1.5706949758875361,0.7416294238611394,8.847774401227607,0.7373688742911914,0.675490290792203,0.00010135090718695746,6958.884038853774,1.165503709660657
sensitivity_rho_mobile_0_minus20pct__terminal__start1,66,1.5706949758875361,-1.6583338058675134,8.847774401227607,-0.08742572426794165,-0.9961710357484901,0.00010135090718695747,6958.884038853774,2.8057676092036505
sensitivity_rho_mobile_0_minus20pct__terminal__start1,67,1.5706949758875361,-2.2248882715834197,8.847774401227607,-0.6084388578539177,-0.7936007472157608,0.00010135090718695747,6958.884038853774,2.029240262915731
sensitivity_rho_mobile_0_minus20pct__terminal__start1,68,1.5706949758875361,-1.607866128211746,8.847774401227607,-0.03706131177389131,-0.9993129884563655,0.00010135090718695746,6958.884038853774,5.538565009035539
sensitivity_rho_mobile_0_minus20pct__terminal__start1,69,1.5706949758875361,-1.2769931494525084,8.847774401227607,0.2895945182012803,-0.9571494161079356,0.00010135090718695746,6958.884038853774,1.9295576283095521
sensitivity_rho_mobile_0_minus20pct__terminal__start1,70,1.5706949758875361,-1.4814838962846393,8.847774401227607,0.08919374083630027,-0.9960142902205875,0.00010135090718695746,6958.884038853774,3.0373991069056054
sensitivity_rho_mobile_0_minus20pct__terminal__start1,71,1.5706949758875361,-1.5683425022129371,8.847774401227607,0.0024538221068400954,-0.9999969842379834,0.00010135090718695747,6958.884038853774,13.177795023346158
sensitivity_rho_mobile_0_minus20pct__terminal__start1,72,1.5706949758875361,-1.548708778216567,8.847774401227607,0.02208575257085822,-0.9997560748809544,0.00010135090718695746,6958.884038853774,8.68873129534211
sensitivity_rho_mobile_0_minus20pct__terminal__start1,73,1.5706949758875361,-1.5745543482785322,8.847774401227607,-0.003758012618756419,-0.9999929335096078,0.00010135090718695746,6958.884038853774,13.50925975130368
sensitivity_rho_mobile_0_minus20pct__terminal__start1,74,1.5706949758875361,-1.5753824717929814,8.847774401227607,-0.00458612889802551,-0.9999894785195114,0.00010135090718695746,6958.884038853774,13.514052690207143
sensitivity_rho_mobile_0_minus20pct__terminal__start1,75,1.5706949758875361,-1.5754491384596876,8.847774401227607,-0.004652794853058881,-0.999989170555386,0.00010135090718695746,6958.884038853774,13.514032116613926
sensitivity_rho_mobile_0_minus20pct__terminal__start1,76,1.5706949758875361,-1.5753158051262752,8.847774401227607,-0.004519462922609345,-0.999989782039239,0.00010135090718695746,6958.884038853774,13.514012642168868
sensitivity_rho_mobile_0_minus20pct__terminal__start1,77,1.5706949758875361,-1.5753824717929814,8.342310205260866,-0.00458612889802551,-0.9999894785195114,0.00010135090718695746,4197.776273049276,13.4412632292476
sensitivity_rho_mobile_0_minus20pct__terminal__start1,78,1.5706949758875361,-1.5753824717929814,9.973010023033673,-0.00458612889802551,-0.9999894785195114,0.00010135090718695746,21439.92298441949,13.062695164785556
sensitivity_rho_mobile_0_minus20pct__terminal__start1,79,1.5706949758875361,-1.5753824717929814,7.334482292429009,-0.00458612889802551,-0.9999894785195114,0.00010135090718695746,1532.2343252594655,12.799804373775773
sensitivity_rho_mobile_0_minus20pct__terminal__start1,80,1.5706949758875361,-1.5753824717929814,8.805071591984017,-0.00458612889802551,-0.9999894785195114,0.00010135090718695746,6667.9756492641645,13.513483857375995
sensitivity_rho_mobile_0_minus20pct__terminal__start1,81,1.5706949758875361,-1.5753824717929814,8.808449538005062,-0.00458612889802551,-0.9999894785195114,0.00010135090718695746,6690.537796480917,13.513570248827701
sensitivity_rho_mobile_0_minus20pct__terminal__start1,82,1.5706949758875361,-1.5753824717929814,8.852440839239545,-0.00458612889802551,-0.9999894785195114,0.00010135090718695746,6991.433124934868,13.514045620877043
sensitivity_rho_mobile_0_minus20pct__terminal__start1,83,1.5706949758875361,-1.5753824717929814,9.280460180703175,-0.00458612889802551,-0.9999894785195114,0.00010135090718695746,10726.3668479187,13.473604445163506
sensitivity_rho_mobile_0_minus20pct__terminal__start1,84,1.5706949758875361,-1.5753824717929814,8.847774424092892,-0.00458612889802551,-0.9999894785195114,0.00010135090718695746,6958.884197970641,13.514052690208196
sensitivity_rho_mobile_0_minus20pct__terminal__start1,85,1.5706949758875361,-1.5753824717929814,8.847690017422392,-0.00458612889802551,-0.9999894785195114,0.00010135090718695746,6958.29684651364,13.514052689414637
sensitivity_rho_mobile_0_minus20pct__terminal__start1,86,1.5706949758875361,-1.5753824717929814,8.847841090759559,-0.00458612889802551,-0.9999894785195114,0.00010135090718695746,6959.348139048373,13.514052686124462
sensitivity_rho_mobile_0_minus20pct__terminal__start2,1,1.5707963267948966,-1.6053908940094779,8.880082914842957,-0.03458766725626166,-0.9994016676360763,6.123233995736767e-17,7187.386652130975,6.7867633662330915
sensitivity_rho_mobile_0_minus20pct__terminal__start2,2,0.5999908074321633,-1.6053908940094779,8.880082914842957,-0.01952940357268732,-0.5642970470912062,0.8253408053890466,7187.386652130975,0.9041458410443518
sensitivity_rho_mobile_0_minus20pct__terminal__start2,3,0.9708055193627332,-1.6053908940094779,8.880082914842957,-0.028546613149811346,-0.8248469772739153,0.5646348864175504,7187.386652130975,1.3089127408941066
sensitivity_rho_mobile_0_minus20pct__terminal__start2,4,1.1999816148643265,-1.6053908940094779,8.880082914842957,-0.03223682734689896,-0.9314747586498338,0.36237489008048024,7187.386652130975,1.765259789345235
sensitivity_rho_mobile_0_minus20pct__terminal__start2,5,1.3416202312933032,-1.6053908940094779,8.880082914842957,-0.03368333451866713,-0.9732712079160369,0.22717523812546522,7187.386652130975,2.2569549032546568
sensitivity_rho_mobile_0_minus20pct__terminal__start2,6,1.4291577103659199,-1.6053908940094779,8.880082914842957,-0.03424130667727882,-0.9893936686093082,0.1411655107767015,7187.386652130975,2.7828409924938446
sensitivity_rho_mobile_0_minus20pct__terminal__start2,7,1.4832588477222797,-1.6053908940094779,8.880082914842957,-0.0344552324917565,-0.9955749994910746,0.08742572471696057,7187.386652130975,3.3633072288065815
sensitivity_rho_mobile_0_minus20pct__terminal__start2,8,1.5166951894385368,-1.6053908940094779,8.880082914842957,-0.034537061707886105,-0.997939433451173,0.0540747494838181,7187.386652130975,4.029288503060869
sensitivity_rho_mobile_0_minus20pct__terminal__start2,9,1.5373599850786395,-1.6053908940094779,8.880082914842957,-0.03456833474263655,-0.9988430596729146,0.03343011182110186,7187.386652130975,4.692310087943297
sensitivity_rho_mobile_0_minus20pct__terminal__start2,10,1.5501315311547936,-1.6053908940094779,8.880082914842957,-0.03458028246793846,-0.9991882860943071,0.02066332491054402,7187.386652130975,5.371096569364383
sensitivity_rho_mobile_0_minus20pct__terminal__start2,11,1.5580247807187424,-1.6053908940094779,8.880082914842957,-0.034584846456083174,-0.9993201613470988,0.012771198879420183,7187.386652130975,6.218787106633928
sensitivity_rho_mobile_0_minus20pct__terminal__start2,12,1.562903077230948,-1.6053908940094779,8.880082914842957,-0.0345865897974175,-0.9993705347424446,0.00789316760150468,7187.386652130975,6.570110755542119
sensitivity_rho_mobile_0_minus20pct__terminal__start2,13,1.565918030282691,-1.6053908940094779,8.880082914842957,-0.034587255702284075,-0.9993897758907189,0.0048782771634600566,7187.386652130975,6.704149888561089
sensitivity_rho_mobile_0_minus20pct__terminal__start2,14,1.5677813737431534,-1.6053908940094779,8.880082914842957,-0.03458751005643776,-0.9993971253879681,0.003014948484120609,7187.386652130975,6.755231951263629
sensitivity_rho_mobile_0_minus20pct__terminal__start2,15,1.568932983334434,-1.6053908940094779,8.880082914842957,-0.03458760721124384,-0.999399932650872,0.0018633423821927913,7187.386652130975,6.7747231298379385
sensitivity_rho_mobile_0_minus20pct__terminal__start2,16,1.5696447172036159,-1.6053908940094779,8.880082914842957,-0.034587644321101604,-0.9994010049305797,0.001151609336735768,7187.386652130975,6.782164952899076
sensitivity_rho_mobile_0_minus20pct__terminal__start2,17,1.5700845929257148,-1.6053908940094779,8.880082914842957,-0.034587658495809456,-0.9994014145050838,0.000711733809091914,7187.386652130975,6.785007009047566
sensitivity_rho_mobile_0_minus20pct__terminal__start2,18,1.5703564510727976,-1.6053908940094779,8.880082914842957,-0.03458766391006658,-0.9994015709486381,0.0004398757079136694,7187.386652130975,6.7860925092587125
sensitivity_rho_mobile_0_minus20pct__terminal__start2,19,1.5705244686478135,-1.6053908940094779,8.880082914842957,-0.03458766597812886,-0.9994016307047608,0.0002718581437344463,7187.386652130975,6.786507123357927
sensitivity_rho_mobile_0_minus20pct__terminal__start2,20,1.5706283092198807,-1.6053908940094779,8.880082914842957,-0.03458766676805836,-0.9994016535295689,0.00016801757422537421,7187.386652130975,6.786665490438896
sensitivity_rho_mobile_0_minus20pct__terminal__start2,21,1.5706949758890394,-1.6053908940094779,8.880082914842957,-0.034587667078619294,-0.9994016625031462,0.0001013509056837155,7187.386652130975,6.786727752239866
sensitivity_rho_mobile_0_minus20pct__terminal__start2,22,1.5706949758890394,-0.7416294238611401,8.880082914842957,0.737368874291191,-0.6754902907922036,0.0001013509056837155,7187.386652130975,1.2701934120516096
sensitivity_rho_mobile_0_minus20pct__terminal__start2,23,1.5706949758890394,0.7416294238611396,8.880082914842957,0.7373688742911914,0.6754902907922032,0.0001013509056837155,7187.386652130975,1.1655943019918082
sensitivity_rho_mobile_0_minus20pct__terminal__start2,24,1.5706949758890394,-1.6583338058675134,8.880082914842957,-0.08742572426794165,-0.9961710357484902,0.0001013509056837155,7187.386652130975,2.80550136832196
sensitivity_rho_mobile_0_minus20pct__terminal__start2,25,1.5706949758890394,-2.2248882715834197,8.880082914842957,-0.6084388578539178,-0.7936007472157609,0.0001013509056837155,7187.386652130975,2.0287949837063874
sensitivity_rho_mobile_0_minus20pct__terminal__start2,26,1.5706949758890394,-1.6077936087548728,8.880082914842957,-0.03698884204133166,-0.9993156734948349,0.0001013509056837155,7187.386652130975,5.543463288807664
sensitivity_rho_mobile_0_minus20pct__terminal__start2,27,1.5706949758890394,-1.276948329963315,8.880082914842957,0.2896374168583108,-0.9571364356682066,0.00010135090568371548,7187.386652130975,1.9293903014096805
sensitivity_rho_mobile_0_minus20pct__terminal__start2,28,1.5706949758890394,-1.4814219572739324,8.880082914842957,0.08925543280495372,-0.9960087637379474,0.0001013509056837155,7187.386652130975,3.0363303794012615
sensitivity_rho_mobile_0_minus20pct__terminal__start2,29,1.5706949758890394,-1.5683185065246494,8.880082914842957,0.002477817722053764,-0.9999969250689374,0.00010135090568371548,7187.386652130975,13.174893799472667
sensitivity_rho_mobile_0_minus20pct__terminal__start2,30,1.5706949758890394,-1.548651590441012,8.880082914842957,0.02214292636073187,-0.9997548102110723,0.0001013509056837155,7187.386652130975,8.65915580802788
sensitivity_rho_mobile_0_minus20pct__terminal__start2,31,1.5706949758890394,-1.5745391689545316,8.880082914842957,-0.0037428334015879687,-0.999992990438494,0.00010135090568371548,7187.386652130975,13.50874328672294
sensitivity_rho_mobile_0_minus20pct__terminal__start2,32,1.5706949758890394,-1.575377076420853,8.880082914842957,-0.004580733582597687,-0.9999895032488287,0.0001013509056837155,7187.386652130975,13.513714111308579
sensitivity_rho_mobile_0_minus20pct__terminal__start2,33,1.5706949758890394,-1.5754437435326965,8.880082914842957,-0.004647399984424118,-0.9999891956423224,0.00010135090568371548,7187.386652130975,13.513698417690573
sensitivity_rho_mobile_0_minus20pct__terminal__start2,34,1.5706949758890394,-1.5753104093090093,8.880082914842957,-0.004514067160411943,-0.999989806410878,0.00010135090568371548,7187.386652130975,13.513669134225715
sensitivity_rho_mobile_0_minus20pct__terminal__start2,35,1.5706949758890394,-1.575377076420853,8.342310205260866,-0.004580733582597687,-0.9999895032488287,0.0001013509056837155,4197.776273049276,13.44126234402273
sensitivity_rho_mobile_0_minus20pct__terminal__start2,36,1.5706949758890394,-1.575377076420853,9.973010023033673,-0.004580733582597687,-0.9999895032488287,0.0001013509056837155,21439.92298441949,13.062695083728626
sensitivity_rho_mobile_0_minus20pct__terminal__start2,37,1.5706949758890394,-1.575377076420853,7.334482292429009,-0.004580733582597687,-0.9999895032488287,0.0001013509056837155,1532.2343252594655,12.799804752536646
sensitivity_rho_mobile_0_minus20pct__terminal__start2,38,1.5706949758890394,-1.575377076420853,8.805071631706204,-0.004580733582597687,-0.9999895032488287,0.0001013509056837155,6667.975914130742,13.513482870962234
sensitivity_rho_mobile_0_minus20pct__terminal__start2,39,1.5706949758890394,-1.575377076420853,8.808449639347808,-0.004580733582597687,-0.9999895032488287,0.0001013509056837155,6690.538474518422,13.513569263686414
sensitivity_rho_mobile_0_minus20pct__terminal__start2,40,1.5706949758890394,-1.575377076420853,8.852440809024237,-0.004580733582597687,-0.9999895032488287,0.0001013509056837155,6991.432913686569,13.514044632944847
sensitivity_rho_mobile_0_minus20pct__terminal__start2,41,1.5706949758890394,-1.575377076420853,9.280460162029087,-0.004580733582597687,-0.9999895032488287,0.0001013509056837155,10726.366647613584,13.473603547314227
sensitivity_rho_mobile_0_minus20pct__terminal__start2,42,1.5706949758890394,-1.575377076420853,8.847774453046572,-0.004580733582597687,-0.9999895032488287,0.0001013509056837155,6958.884399455953,13.514051703425004
sensitivity_rho_mobile_0_minus20pct__terminal__start2,43,1.5706949758890394,-1.575377076420853,8.847689643622932,-0.004580733582597687,-0.9999895032488287,0.0001013509056837155,6958.294245506517,13.514051702664007
sensitivity_rho_mobile_0_minus20pct__terminal__start2,44,1.5706949758890394,-1.575377076420853,8.847841120192452,-0.004580733582597687,-0.9999895032488287,0.0001013509056837155,6959.348343882129,13.514051699297275
sensitivity_rho_mobile_0_minus20pct__terminal__start2,45,1.5705936249831822,-1.5453632588322281,8.815465991250187,0.025430325670613412,-0.9996765764227262,0.00020270181032629262,6737.646717619356,7.329849800532687
sensitivity_rho_mobile_0_minus20pct__terminal__start2,46,1.566990424392112,-0.4783199565452527,7.666844105172869,0.8877630500887921,-0.46028500092212726,0.003805893214776363,2136.3287665769617,1.1112457328355487
sensitivity_rho_mobile_0_minus20pct__terminal__start2,47,1.564638247349326,0.21824819053984568,6.917021284326289,0.9762597372935716,0.21651559730510012,0.006158040524588581,1009.309067674165,0.7452406523443184
sensitivity_rho_mobile_0_minus20pct__terminal__start2,48,1.5684441497521109,-0.9088227469243795,8.130260093996377,0.6146730692611179,-0.7887784766323687,0.0023521748737902392,3395.682646964308,1.3997534899764132
sensitivity_rho_mobile_0_minus20pct__terminal__start2,49,1.5693426014348977,-1.1748881036303511,8.416666926019447,0.385645909348858,-0.9226457171019431,0.0014537248479684745,4521.806793454467,1.7196248182910838
sensitivity_rho_mobile_0_minus20pct__terminal__start2,50,1.5698978751121095,-1.3393255373035062,8.593676082819886,0.2294092421464799,-0.9733296422089326,0.0008984515619130725,5397.418608639587,2.1143524124207573
sensitivity_rho_mobile_0_minus20pct__terminal__start2,51,1.5702410531176847,-1.4409534603363225,8.703073758042517,0.12947831342708585,-0.9915820984786143,0.0005552736486774436,6021.392103767431,2.632024174203389
sensitivity_rho_mobile_0_minus20pct__terminal__start2,52,1.5704531487893214,-1.5037629709766616,8.770685239620326,0.06698316108068415,-0.9977540470278736,0.00034317799883913457,6442.585667096402,3.410804885356031
sensitivity_rho_mobile_0_minus20pct__terminal__start2,53,1.5705842311232598,-1.542581383369139,8.812471433265149,0.028211199367275938,-0.9996019624058802,0.00021209567004660298,6717.5006232194655,6.022789911261982
sensitivity_rho_mobile_0_minus20pct__terminal__start2,54,1.5706652444609583,-1.5665724816170004,8.838296721198134,0.0042238325821085275,-0.9999910709880065,0.00013108233356288752,6893.241523319199,12.98874331747127
sensitivity_rho_mobile_0_minus20pct__terminal__start2,55,1.570715313457198,-1.5813997957616166,8.854257626909972,-0.010603270235424504,-0.999943780468259,8.101333760994291e-05,7004.146619798248,13.265763641711567
sensitivity_rho_mobile_0_minus20pct__terminal__start2,56,1.5706947862688199,-1.5753209227374194,8.847714006249673,-0.004524580481315746,-0.9999897588780546,0.00010154052590226596,6958.463769896995,13.51401775465988
sensitivity_rho_mobile_0_minus20pct__terminal__start2,57,1.570694915339756,-1.5753591454992815,8.84775515125356,-0.004562802848479125,-0.9999895852187075,0.00010141145496676928,6958.750081805971,13.514045536858092
sensitivity_rho_mobile_0_minus20pct__terminal__start2,58,1.5706950291528696,-1.5753928498455974,8.847791432395809,-0.004596506841226627,-0.99998943087597,0.00010129764185375362,6959.002557787593,13.514053502162197
sensitivity_rho_mobile_0_minus20pct__terminal__start2,59,1.5706950359095975,-1.575394850767004,8.847793586293513,-0.004598507741479148,-0.9999894216774037,0.00010129088512594438,6959.017546783364,13.514053487766262
sensitivity_rho_mobile_0_minus20pct__terminal__start2,60,1.5706950223961418,-1.5753908489241908,8.847789278498103,-0.0045945059409557044,-0.9999894400705327,0.00010130439858156285,6958.987568824093,13.514053461943472
sensitivity_rho_mobile_0_minus20pct__terminal__start2,61,0.5999908074321633,-1.5753928498455974,8.847791432395809,-0.0025953481315291976,-0.5646289216182926,0.8253408053890466,6959.002557787593,0.9202785044812914
sensitivity_rho_mobile_0_minus20pct__terminal__start2,62,0.9708055193627332,-1.5753928498455974,8.847791432395809,-0.0037936846777781477,-0.8253320864941612,0.5646348864175504,6959.002557787593,1.3433717926350492
sensitivity_rho_mobile_0_minus20pct__terminal__start2,63,1.1999816148643265,-1.5753928498455974,8.847791432395809,-0.004284093434282531,-0.9320225778287811,0.36237489008048024,6959.002557787593,1.817100240582415
sensitivity_rho_mobile_0_minus20pct__terminal__start2,64,1.3416202312933032,-1.5753928498455974,8.847791432395809,-0.004476326119296143,-0.9738436084336703,0.22717523812546522,6959.002557787593,2.3313187006768032
sensitivity_rho_mobile_0_minus20pct__terminal__start2,65,1.4291577103659199,-1.5753928498455974,8.847791432395809,-0.0045504774877139385,-0.9899755510727458,0.14116551077670147,6959.002557787593,2.916390958591234
sensitivity_rho_mobile_0_minus20pct__terminal__start2,66,1.4832588477222797,-1.5753928498455974,8.847791432395809,-0.004578907027859598,-0.996160517320449,0.08742572471696057,6959.002557787593,3.6810698456848256
sensitivity_rho_mobile_0_minus20pct__terminal__start2,67,1.5166951894385368,-1.5753928498455974,8.847791432395809,-0.004589781671439779,-0.998526341852067,0.0540747494838181,6959.002557787593,5.029188942341628
sensitivity_rho_mobile_0_minus20pct__terminal__start2,68,1.5373599850786395,-1.5753928498455974,8.847791432395809,-0.0045939376822470065,-0.9994304995146988,0.03343011182110185,6959.002557787593,10.26585366075338
sensitivity_rho_mobile_0_minus20pct__terminal__start2,69,1.5501315311547936,-1.5753928498455974,8.847791432395809,-0.004595525467886386,-0.9997759289707446,0.02066332491054402,6959.002557787593,12.285976977276615
sensitivity_rho_mobile_0_minus20pct__terminal__start2,70,1.5580247807187424,-1.5753928498455974,8.847791432395809,-0.004596131996296719,-0.9999078817820445,0.012771198879420183,6959.002557787593,13.046285140822048
sensitivity_rho_mobile_0_minus20pct__terminal__start2,71,1.562903077230948,-1.5753928498455974,8.847791432395809,-0.004596363676576039,-0.9999582848030047,0.00789316760150468,6959.002557787593,13.33556889874224
sensitivity_rho_mobile_0_minus20pct__terminal__start2,72,1.565918030282691,-1.5753928498455974,8.847791432395809,-0.004596452171595603,-0.9999775372673883,0.0048782771634600566,6959.002557787593,13.445920251700212
sensitivity_rho_mobile_0_minus20pct__terminal__start2,73,1.5677813737431534,-1.5753928498455974,8.847791432395809,-0.004596485973835136,-0.9999848910870256,0.0030149484841206086,6959.002557787593,13.48805047323146
sensitivity_rho_mobile_0_minus20pct__terminal__start2,74,1.568932983334434,-1.5753928498455974,8.847791432395809,-0.004596498885163611,-0.9999877000009377,0.0018633423821927913,6959.002557787593,13.50413988213805
sensitivity_rho_mobile_0_minus20pct__terminal__start2,75,1.5696447172036159,-1.5753928498455974,8.847791432395809,-0.004596503816855438,-0.9999887729112749,0.0011516093367357678,6959.002557787593,13.510285068557396
sensitivity_rho_mobile_0_minus20pct__terminal__start2,76,1.5700845929257148,-1.5753928498455974,8.847791432395809,-0.004596505700594561,-0.999989182726658,0.000711733809091914,6959.002557787593,13.512632259636746
sensitivity_rho_mobile_0_minus20pct__terminal__start2,77,1.5703564510727976,-1.5753928498455974,8.847791432395809,-0.004596506420118947,-0.9999893392622201,0.0004398757079136694,6959.002557787593,13.513528797926323
sensitivity_rho_mobile_0_minus20pct__terminal__start2,78,1.5705244686478135,-1.5753928498455974,8.847791432395809,-0.004596506694952818,-0.9999893990534865,0.0002718581437344463,6959.002557787593,13.513871243777299
sensitivity_rho_mobile_0_minus20pct__terminal__start2,79,1.5706283092198807,-1.5753928498455974,8.847791432395809,-0.004596506799930015,-0.9999894218917182,0.00016801757422537421,6959.002557787593,13.51400204626164
sensitivity_rho_mobile_0_minus20pct__terminal__start2,80,1.570694975887537,-1.5753928498455974,8.847791432395809,-0.0045965068412018185,-0.999989430870573,0.00010135090718606928,6959.002557787593,13.514053471252248
sensitivity_rho_mobile_0_minus20pct__terminal__start2,81,1.570694975887537,-1.5753928498455974,8.342310205260866,-0.0045965068412018185,-0.999989430870573,0.00010135090718606928,4197.776273049276,13.44126382940776
sensitivity_rho_mobile_0_minus20pct__terminal__start2,82,1.570694975887537,-1.5753928498455974,9.973010023033673,-0.0045965068412018185,-0.999989430870573,0.00010135090718606928,21439.92298441949,13.062694116122566
sensitivity_rho_mobile_0_minus20pct__terminal__start2,83,1.570694975887537,-1.5753928498455974,7.334482292429009,-0.0045965068412018185,-0.999989430870573,0.00010135090718606928,1532.2343252594655,12.799802611863209
sensitivity_rho_mobile_0_minus20pct__terminal__start2,84,1.570694975887537,-1.5753928498455974,8.805071418092096,-0.0045965068412018185,-0.999989430870573,0.00010135090718606928,6667.974489757169,13.513484636897072
sensitivity_rho_mobile_0_minus20pct__terminal__start2,85,1.570694975887537,-1.5753928498455974,8.80844927597839,-0.0045965068412018185,-0.999989430870573,0.00010135090718606928,6690.536043381791,13.513571026778811
sensitivity_rho_mobile_0_minus20pct__terminal__start2,86,1.570694975887537,-1.5753928498455974,8.852440872015388,-0.0045965068412018185,-0.999989430870573,0.00010135090718606928,6991.433354084983,13.514046404703967
sensitivity_rho_mobile_0_minus20pct__terminal__start2,87,1.570694975887537,-1.5753928498455974,9.280460200959759,-0.0045965068412018185,-0.999989430870573,0.00010135090718606928,10726.367065198254,13.473605043289059
sensitivity_rho_mobile_0_minus20pct__terminal__start2,88,1.570694975887537,-1.5753928498455974,8.847774317264104,-0.0045965068412018185,-0.999989430870573,0.00010135090718606928,6958.883454561519,13.514053471881146
sensitivity_rho_mobile_0_minus20pct__terminal__start2,89,1.570694975887537,-1.5753928498455974,8.847690692352218,-0.0045965068412018185,-0.999989430870573,0.00010135090718606928,6958.301542877303,13.514053471028486
sensitivity_rho_mobile_0_minus20pct__terminal__start2,90,1.570694975887537,-1.5753928498455974,8.847840983931025,-0.0045965068412018185,-0.999989430870573,0.00010135090718606928,6959.347395591456,13.514053467882784
sensitivity_rho_mobile_0_minus20pct__terminal__start2,91,1.5646382476116472,0.2182323389871048,6.917021232644932,0.9762631692809052,0.2165001220455339,0.006158040262272501,1009.3090155117042,0.7452511914425153
sensitivity_rho_mobile_0_minus20pct__terminal__start2,92,1.5669904245542352,-0.4783357784256923,7.666844021550675,0.8877557674039698,-0.46029904694563584,0.003805893052654333,2136.3285879324712,1.111254361274782
sensitivity_rho_mobile_0_minus20pct__terminal__start2,93,1.5684441498523085,-0.9088385504663284,8.130259990633663,0.6146606036907615,-0.7887881905456897,0.0023521747735928884,3395.682295977352,1.399767380486844
sensitivity_rho_mobile_0_minus20pct__terminal__start2,94,1.5693426014968233,-1.1749038958384894,8.41666681045642,0.3856313386876022,-0.922651807187443,0.0014537247860429642,4521.8062709008145,1.7196517888476004
sensitivity_rho_mobile_0_minus20pct__terminal__start2,95,1.5698978751503818,-1.3393413225069646,8.59367595971665,0.22939387791147287,-0.9733332633592648,0.0008984515236408136,5397.41794419993,2.114407437871767
sensitivity_rho_mobile_0_minus20pct__terminal__start2,96,1.5702410531413382,-1.4409692412106505,8.703073630279176,0.12946266537848386,-0.9915841416361498,0.0005552736250239237,6021.391334454306,2.632146243383197
sensitivity_rho_mobile_0_minus20pct__terminal__start2,97,1.5704531488039402,-1.5037787491754397,8.770685108976881,0.06696741831066162,-0.9977551037773127,0.00034317798422038484,6442.584825414874,3.4111380838737877
sensitivity_rho_mobile_0_minus20pct__terminal__start2,98,1.5705842311322946,-1.5425971599143367,8.812471300841702,0.028195429098226286,-0.9996024073567438,0.00021209566101183021,6717.49973366494,6.030237929799859
sensitivity_rho_mobile_0_minus20pct__terminal__start2,99,1.570665244466542,-1.5665882571402288,8.838296587674586,0.004208057199215033,-0.9999911374967437,0.00013108232797913187,6893.240602909196,12.99061295318142
sensitivity_rho_mobile_0_minus20pct__terminal__start2,100,1.570715313460649,-1.5814155706532336,8.854257492706523,-0.010619044238864507,-0.999943613078404,8.101333415892567e-05,7004.145679817682,13.264451465740608
sensitivity_rho_mobile_0_minus20pct__terminal__start2,101,1.5706947347969393,-1.575321453846105,8.847697462831468,-0.004525111584537778,-0.9999897564696418,0.00010159199778253603,6958.348654072992,13.514018245768034
sensitivity_rho_mobile_0_minus20pct__terminal__start2,102,1.5706948619086751,-1.57535909641497,8.847737983284906,-0.0045627537646540876,-0.9999895854372485,0.00010146488604738745,6958.630615228199,13.51404548312954
sensitivity_rho_mobile_0_minus20pct__terminal__start2,103,1.570694975894169,-1.5753928518096232,8.847774319378285,-0.004596508805206894,-0.999989430861546,0.00010135090055404104,6958.8834692738565,13.514053471893119
sensitivity_rho_mobile_0_minus20pct__terminal__start2,104,1.5706949774946923,-1.5753933257847763,8.847774829590227,-0.0045969827753507405,-0.9999894286829649,0.0001013493000307798,6958.887019780212,13.514053473416368
sensitivity_rho_mobile_0_minus20pct__terminal__start2,105,1.5706949774900258,-1.5753933244028617,8.847774828102661,-0.004596981393450764,-0.9999894286893171,0.00010134930469726919,6958.887009428411,13.51405347341638
sensitivity_rho_mobile_0_minus20pct__terminal__start2,106,1.570694977486475,-1.5753933233512931,8.847774826970696,-0.0045969803418932685,-0.9999894286941508,0.0001013493082482065,6958.88700155119,13.514053473415995
sensitivity_rho_mobile_0_plus20pct__onset__start1,1,1.5706949758875361,1.5658013345006918,11.18230883208749,0.0049949714977768475,0.9999875199159888,0.00010135090718695746,71848.05580700038,3.0506411159496327
sensitivity_rho_mobile_0_plus20pct__onset__start1,2,0.5999908074321633,1.5658013345006918,11.18230883208749,0.0028203351787913816,0.5646278426266624,0.8253408053890466,71848.05580700038,2.9750924758025694
sensitivity_rho_mobile_0_plus20pct__onset__start1,3,0.9708055193627332,1.5658013345006918,11.18230883208749,0.004122553820043925,0.8253305093053576,0.5646348864175504,71848.05580700038,3.011291064963795
sensitivity_rho_mobile_0_plus20pct__onset__start1,4,1.1999816148643265,1.5658013345006918,11.18230883208749,0.00465547541586148,0.932020796757139,0.36237489008048024,71848.05580700038,3.0334257345439974
sensitivity_rho_mobile_0_plus20pct__onset__start1,5,1.3416202312933032,1.5658013345006918,11.18230883208749,0.004864372479600658,0.9738417474430935,0.22717523812546522,71848.05580700038,3.04369419079696
sensitivity_rho_mobile_0_plus20pct__onset__start1,6,1.4291577103659199,1.5658013345006918,11.18230883208749,0.004944951924941199,0.9899736592544334,0.14116551077670147,71848.05580700038,3.0479304454006844
sensitivity_rho_mobile_0_plus20pct__onset__start1,7,1.4832588477222797,1.5658013345006918,11.18230883208749,0.0049758459815864705,0.996158613682822,0.08742572471696056,71848.05580700038,3.049597276840359
sensitivity_rho_mobile_0_plus20pct__onset__start1,8,1.5166951894385368,1.5658013345006918,11.18230883208749,0.004987663332589757,0.998524433693409,0.0540747494838181,71848.05580700038,3.0502411659783375
sensitivity_rho_mobile_0_plus20pct__onset__start1,9,1.5373599850786395,1.5658013345006918,11.18230883208749,0.004992179622077347,0.9994285896282183,0.03343011182110186,71848.05580700038,3.0504881682900375
sensitivity_rho_mobile_0_plus20pct__onset__start1,10,1.5501315311547936,1.5658013345006918,11.18230883208749,0.004993905050601066,0.9997740184241571,0.02066332491054402,71848.05580700038,3.0505826695496134
sensitivity_rho_mobile_0_plus20pct__onset__start1,11,1.5580247807187424,1.5658013345006918,11.18230883208749,0.004994564158098752,0.9999059709832985,0.012771198879420182,71848.05580700038,3.0506187884186566
sensitivity_rho_mobile_0_plus20pct__onset__start1,12,1.562903077230948,1.5658013345006918,11.18230883208749,0.004994815922412781,0.99995637390794,0.007893167601504682,71848.05580700038,3.0506325878973404
sensitivity_rho_mobile_0_plus20pct__onset__start1,13,1.565918030282691,1.5658013345006918,11.18230883208749,0.004994912088940034,0.9999756263355324,0.0048782771634600566,71848.05580700038,3.05063785931045
sensitivity_rho_mobile_0_plus20pct__onset__start1,14,1.5677813737431534,1.5658013345006918,11.18230883208749,0.004994948821447754,0.9999829801411169,0.003014948484120609,71848.05580700038,3.050639872881312
sensitivity_rho_mobile_0_plus20pct__onset__start1,15,1.568932983334434,1.5658013345006918,11.18230883208749,0.0049949628520409755,0.9999857890496612,0.0018633423821927913,71848.05580700038,3.050640642007181
sensitivity_rho_mobile_0_plus20pct__onset__start1,16,1.5696447172036159,1.5658013345006918,11.18230883208749,0.004994968211254172,0.9999868619579481,0.001151609336735768,71848.05580700038,3.0506409357886217
sensitivity_rho_mobile_0_plus20pct__onset__start1,17,1.5700845929257148,1.5658013345006918,11.18230883208749,0.004994970258291965,0.999987271772548,0.0007117338090919139,71848.05580700038,3.0506410480033637
sensitivity_rho_mobile_0_plus20pct__onset__start1,18,1.5703564510727976,1.5658013345006918,11.18230883208749,0.004994971040190899,0.999987428307811,0.0004398757079136694,71848.05580700038,3.0506410908656116
sensitivity_rho_mobile_0_plus20pct__onset__start1,19,1.5705244686478135,1.5658013345006918,11.18230883208749,0.004994971338849728,0.9999874880989631,0.0002718581437344463,71848.05580700038,3.050641107237538
sensitivity_rho_mobile_0_plus20pct__onset__start1,20,1.5706283092198807,1.5658013345006918,11.18230883208749,0.00499497145292725,0.9999875109371512,0.00016801757422537421,71848.05580700038,3.0506411134910603
sensitivity_rho_mobile_0_plus20pct__onset__start1,21,1.5706949758875361,-0.7416294238611398,11.18230883208749,0.7373688742911911,-0.6754902907922034,0.00010135090718695747,71848.05580700038,2.9685790058388024
sensitivity_rho_mobile_0_plus20pct__onset__start1,22,1.5706949758875361,0.7416294238611396,11.18230883208749,0.7373688742911911,0.6754902907922031,0.00010135090718695746,71848.05580700038,2.9741388280200236
sensitivity_rho_mobile_0_plus20pct__onset__start1,23,1.5706949758875361,1.658333805867513,11.18230883208749,-0.08742572426794121,0.9961710357484901,0.00010135090718695746,71848.05580700038,3.0478979355744484
sensitivity_rho_mobile_0_plus20pct__onset__start1,24,1.5706949758875361,2.2248882715834193,11.18230883208749,-0.6084388578539173,0.793600747215761,0.00010135090718695746,71848.05580700038,2.9735280863304383
sensitivity_rho_mobile_0_plus20pct__onset__start1,25,1.5706949758875361,1.4818165692282181,11.18230883208749,0.08886238890104473,0.9960439074492616,0.00010135090718695746,71848.05580700038,3.0483967969673103
sensitivity_rho_mobile_0_plus20pct__onset__start1,26,1.5706949758875361,1.5575170420548912,11.18230883208749,0.013278894398388379,0.9999118264584884,0.00010135090718695746,71848.05580700038,3.0506189584006784
sensitivity_rho_mobile_0_plus20pct__onset__start1,27,1.5706949758875361,1.5656482967236012,11.18230883208749,0.005148007305853288,0.9999867437865226,0.00010135090718695746,71848.05580700038,3.050641107949822
sensitivity_rho_mobile_0_plus20pct__onset__start1,28,1.5706949758875361,1.5658701669417567,11.18230883208749,0.0049261399039680735,0.9999878613631469,0.00010135090718695747,71848.05580700038,3.050641114619864
sensitivity_rho_mobile_0_plus20pct__onset__start1,29,1.5706949758875361,1.5658035002740691,11.18230883208749,0.004992805751416863,0.9999875307316198,0.00010135090718695746,71848.05580700038,3.0506411159543836
sensitivity_rho_mobile_0_plus20pct__onset__start1,30,1.5706949758875361,1.5657368336073703,11.18230883208749,0.005059471575686656,0.9999871956557087,0.00010135090718695747,71848.05580700038,3.0506411144206504
sensitivity_rho_mobile_0_plus20pct__onset__start1,31,1.5706949758875361,1.5658035002740691,8.342310205260866,0.004992805751416863,0.9999875307316198,0.00010135090718695746,4197.776273049276,3.0382681037782717
sensitivity_rho_mobile_0_plus20pct__onset__start1,32,1.5706949758875361,1.5658035002740691,9.973010023033673,0.004992805751416863,0.9999875307316198,0.00010135090718695746,21439.92298441949,3.050150108055386
sensitivity_rho_mobile_0_plus20pct__onset__start1,33,1.5706949758875361,1.5658035002740691,10.980837935865528,0.004992805751416863,0.9999875307316198,0.00010135090718695746,58737.752128584805,3.0505941080140886
sensitivity_rho_mobile_0_plus20pct__onset__start1,34,1.5706949758875361,1.5658035002740691,10.561822100199818,0.004992805751416863,0.9999875307316198,0.00010135090718695746,38631.454235932375,3.0504809103556054
sensitivity_rho_mobile_0_plus20pct__onset__start1,35,1.5706949758875361,1.5658035002740691,11.23807954669363,0.004992805751416863,0.9999875307316198,0.00010135090718695746,75968.9168423794,3.050609681096737
sensitivity_rho_mobile_0_plus20pct__onset__start1,36,1.5706949758875361,1.5658035002740691,11.207114576383486,0.004992805751416863,0.9999875307316198,0.00010135090718695746,73652.58917389832,3.050612174093795
sensitivity_rho_mobile_0_plus20pct__onset__start1,37,1.5706949758875361,1.5658035002740691,11.158018124523098,0.004992805751416863,0.9999875307316198,0.00010135090718695746,70123.84166364619,3.0505997532132154
sensitivity_rho_mobile_0_plus20pct__onset__start1,38,1.5706949758875361,1.5658035002740691,11.212933236156811,0.004992805751416863,0.9999875307316198,0.00010135090718695746,74082.39777407041,3.05059597636917
sensitivity_rho_mobile_0_plus20pct__onset__start1,39,1.5706949758875361,1.5658035002740691,11.20704790934889,0.004992805751416863,0.9999875307316198,0.00010135090718695746,73647.67913785845,3.050612346309278
sensitivity_rho_mobile_0_plus20pct__onset__start1,40,1.5706949758875361,1.5658035002740691,11.188320198006531,0.004992805751416863,0.9999875307316198,0.00010135090718695746,72281.26153555943,3.0506376492645573
sensitivity_rho_mobile_0_plus20pct__onset__start1,41,1.5706949758875361,1.5658035002740691,11.18737945292845,0.004992805751416863,0.9999875307316198,0.00010135090718695746,72213.29526901025,3.0506384602430905
sensitivity_rho_mobile_0_plus20pct__onset__start1,42,1.5706949758875361,1.5658035002740691,11.176164423432454,0.004992805751416863,0.9999875307316198,0.00010135090718695746,71407.94548454025,3.050636505593755
sensitivity_rho_mobile_0_plus20pct__onset__start1,43,1.5706949758875361,1.5658035002740691,11.182794089938183,0.004992805751416863,0.9999875307316198,0.00010135090718695746,71882.92910072321,3.0506410528992802
sensitivity_rho_mobile_0_plus20pct__onset__start1,44,1.5706949758875361,1.5658035002740691,11.1798201607575,0.004992805751416863,0.9999875307316198,0.00010135090718695746,71669.47192086803,3.0506405284128237
sensitivity_rho_mobile_0_plus20pct__onset__start1,45,1.5706949758875361,1.5658035002740691,11.18220575096019,0.004992805751416863,0.9999875307316198,0.00010135090718695746,71840.65001011899,3.0506411224970265
sensitivity_rho_mobile_0_plus20pct__onset__start1,46,1.5706949758875361,1.5658035002740691,11.18202105116194,0.004992805751416863,0.9999875307316198,0.00010135090718695746,71827.38228186703,3.0506411280226207
sensitivity_rho_mobile_0_plus20pct__onset__start1,47,1.5706949758875361,1.5658035002740691,11.181954384491004,0.004992805751416863,0.9999875307316198,0.00010135090718695746,71822.59394902115,3.0506411280362733
sensitivity_rho_mobile_0_plus20pct__onset__start1,48,1.5706949758875361,1.5658035002740691,11.181887717819079,0.004992805751416863,0.9999875307316198,0.00010135090718695746,71817.80593531579,3.0506411269866724
sensitivity_rho_mobile_0_plus20pct__onset__start2,1,1.5707963267948966,1.5358013345006918,11.23230883208749,0.03498784996500899,0.9993877377448784,6.123233995736766e-17,75531.7844007111,3.0503134124995346
sensitivity_rho_mobile_0_plus20pct__onset__start2,2,0.5999908074321633,1.5358013345006918,11.23230883208749,0.01975536069098714,0.5642891817886719,0.8253408053890466,75531.7844007111,2.975099307459895
sensitivity_rho_mobile_0_plus20pct__onset__start2,3,0.9708055193627332,1.5358013345006918,11.23230883208749,0.028876900268951643,0.8248354803662952,0.5646348864175504,75531.7844007111,3.0112293114078983
sensitivity_rho_mobile_0_plus20pct__onset__start2,4,1.1999816148643265,1.5358013345006918,11.23230883208749,0.03260981060690088,0.9314617755395773,0.36237489008048024,75531.7844007111,3.033228275747246
sensitivity_rho_mobile_0_plus20pct__onset__start2,5,1.3416202312933032,1.5358013345006918,11.23230883208749,0.03407305400878056,0.9732576422372202,0.22717523812546525,75531.7844007111,3.0434298041368737
sensitivity_rho_mobile_0_plus20pct__onset__start2,6,1.4291577103659199,1.5358013345006918,11.23230883208749,0.034637481960093856,0.9893798782119116,0.1411655107767015,75531.7844007111,3.0476301281191427
sensitivity_rho_mobile_0_plus20pct__onset__start2,7,1.4832588477222797,1.5358013345006918,11.23230883208749,0.03485388291726544,0.995561122936861,0.08742572471696057,75531.7844007111,3.0492803496916534
sensitivity_rho_mobile_0_plus20pct__onset__start2,8,1.5166951894385368,1.5358013345006918,11.23230883208749,0.034936658905466225,0.9979255239409329,0.0540747494838181,75531.7844007111,3.0499176101014855
sensitivity_rho_mobile_0_plus20pct__onset__start2,9,1.5373599850786395,1.5358013345006918,11.23230883208749,0.03496829377230163,0.9988291375677237,0.03343011182110186,75531.7844007111,3.05016205204129
sensitivity_rho_mobile_0_plus20pct__onset__start2,10,1.5501315311547936,1.5358013345006918,11.23230883208749,0.03498037973395927,0.9991743591772706,0.02066332491054402,75531.7844007111,3.0502555719973348
sensitivity_rho_mobile_0_plus20pct__onset__start2,11,1.5580247807187424,1.5358013345006918,11.23230883208749,0.034984996527895273,0.9993062325919545,0.012771198879420183,75531.7844007111,3.0502913156033684
sensitivity_rho_mobile_0_plus20pct__onset__start2,12,1.562903077230948,1.5358013345006918,11.23230883208749,0.03498676003986015,0.9993566052851844,0.007893167601504682,75531.7844007111,3.050304971683039
sensitivity_rho_mobile_0_plus20pct__onset__start2,13,1.565918030282691,1.5358013345006918,11.23230883208749,0.03498743364931145,0.9993758461652711,0.0048782771634600566,75531.7844007111,3.050310188313802
sensitivity_rho_mobile_0_plus20pct__onset__start2,14,1.5677813737431534,1.5358013345006918,11.23230883208749,0.03498769094636769,0.9993831955600813,0.003014948484120609,75531.7844007111,3.050312180958398
sensitivity_rho_mobile_0_plus20pct__onset__start2,15,1.568932983334434,1.5358013345006918,11.23230883208749,0.034987789225264423,0.9993860027838569,0.0018633423821927916,75531.7844007111,3.050312942090964
sensitivity_rho_mobile_0_plus20pct__onset__start2,16,1.5696447172036159,1.5358013345006918,11.23230883208749,0.03498782676448689,0.9993870750486189,0.001151609336735768,75531.7844007111,3.050313232819203
sensitivity_rho_mobile_0_plus20pct__onset__start2,17,1.5700845929257148,1.5358013345006918,11.23230883208749,0.034987841103197505,0.9993874846174142,0.000711733809091914,75531.7844007111,3.0503133438677184
sensitivity_rho_mobile_0_plus20pct__onset__start2,18,1.5703564510727976,1.5358013345006918,11.23230883208749,0.03498784658009812,0.9993876410587882,0.00043987570791366947,75531.7844007111,3.0503133862845084
sensitivity_rho_mobile_0_plus20pct__onset__start2,19,1.5705244686478135,1.5358013345006918,11.23230883208749,0.034987848672088075,0.9993877008140779,0.0002718581437344463,75531.7844007111,3.05031340248629
sensitivity_rho_mobile_0_plus20pct__onset__start2,20,1.5706283092198807,1.5358013345006918,11.23230883208749,0.03498784947115715,0.9993877236385679,0.00016801757422537424,75531.7844007111,3.050313408674818
sensitivity_rho_mobile_0_plus20pct__onset__start2,21,1.5706949758890394,1.5358013345006918,11.23230883208749,0.03498784978531128,0.99938773261202,0.00010135090568371548,75531.7844007111,3.050313411107841
sensitivity_rho_mobile_0_plus20pct__onset__start2,22,1.5706949758890394,-0.7416294238611396,11.23230883208749,0.7373688742911914,-0.6754902907922032,0.0001013509056837155,75531.7844007111,2.968533551191643
sensitivity_rho_mobile_0_plus20pct__onset__start2,23,1.5706949758890394,0.7416294238611398,11.23230883208749,0.7373688742911912,0.6754902907922034,0.0001013509056837155,75531.7844007111,2.9740965759000817
sensitivity_rho_mobile_0_plus20pct__onset__start2,24,1.5706949758890394,1.6583338058675132,11.23230883208749,-0.08742572426794142,0.9961710357484902,0.00010135090568371548,75531.7844007111,3.0478597590221823
sensitivity_rho_mobile_0_plus20pct__onset__start2,25,1.5706949758890394,2.2248882715834197,11.23230883208749,-0.6084388578539178,0.7936007472157609,0.0001013509056837155,75531.7844007111,2.973492667292698
sensitivity_rho_mobile_0_plus20pct__onset__start2,26,1.5706949758890394,1.4818327028484315,11.23230883208749,0.08884631909536166,0.9960453409916634,0.00010135090568371548,75531.7844007111,3.0483599869487152
sensitivity_rho_mobile_0_plus20pct__onset__start2,27,1.5706949758890394,1.5574911644893945,11.23230883208749,0.013304769677719458,0.9999114824982344,0.00010135090568371548,75531.7844007111,3.050580703958654
sensitivity_rho_mobile_0_plus20pct__onset__start2,28,1.5706949758890394,1.565643410349096,11.23230883208749,0.005152893615522228,0.999986718619493,0.00010135090568371548,75531.7844007111,3.0506029634471576
sensitivity_rho_mobile_0_plus20pct__onset__start2,29,1.5706949758890394,1.565865388774185,11.23230883208749,0.00493091801348321,0.9999878378138097,0.0001013509056837155,75531.7844007111,3.0506029701047517
sensitivity_rho_mobile_0_plus20pct__onset__start2,30,1.5706949758890394,1.5657987216615963,11.23230883208749,0.004997584304246872,0.9999875068615187,0.00010135090568371548,75531.7844007111,3.0506029714459992
sensitivity_rho_mobile_0_plus20pct__onset__start2,31,1.5706949758890394,1.5657320545499964,11.23230883208749,0.005064250571810001,0.9999871714647842,0.00010135090568371548,75531.7844007111,3.0506029699192236
sensitivity_rho_mobile_0_plus20pct__onset__start2,32,1.5706949758890394,1.5657987216615963,8.342310205260866,0.004997584304246872,0.9999875068615187,0.00010135090568371548,4197.776273049276,3.0382681087108825
sensitivity_rho_mobile_0_plus20pct__onset__start2,33,1.5706949758890394,1.5657987216615963,9.973010023033673,0.004997584304246872,0.9999875068615187,0.00010135090568371548,21439.92298441949,3.050150108278677
sensitivity_rho_mobile_0_plus20pct__onset__start2,34,1.5706949758890394,1.5657987216615963,10.980837935865528,0.004997584304246872,0.9999875068615187,0.00010135090568371548,58737.752128584805,3.0505941080343715
sensitivity_rho_mobile_0_plus20pct__onset__start2,35,1.5706949758890394,1.5657987216615963,10.561822094698119,0.004997584304246872,0.9999875068615187,0.00010135090568371548,38631.45402339375,3.050480910439428
sensitivity_rho_mobile_0_plus20pct__onset__start2,36,1.5706949758890394,1.5657987216615963,11.238079398126375,0.004997584304246872,0.9999875068615187,0.00010135090568371548,75968.90555588684,3.0506096810822365
sensitivity_rho_mobile_0_plus20pct__onset__start2,37,1.5706949758890394,1.5657987216615963,11.20711434531439,0.004997584304246872,0.9999875068615187,0.00010135090568371548,73652.57215506307,3.050612174690596
sensitivity_rho_mobile_0_plus20pct__onset__start2,38,1.5706949758890394,1.5657987216615963,11.158011233018144,0.004997584304246872,0.9999875068615187,0.00010135090568371548,70123.35840650914,3.050599750511799
sensitivity_rho_mobile_0_plus20pct__onset__start2,39,1.5706949758890394,1.5657987216615963,11.212931406432883,0.004997584304246872,0.9999875068615187,0.00010135090568371548,74082.26222385858,3.0505959812996246
sensitivity_rho_mobile_0_plus20pct__onset__start2,40,1.5706949758890394,1.5657987216615963,11.188358625370626,0.004997584304246872,0.9999875068615187,0.00010135090568371548,72284.03916728185,3.0506376151469787
sensitivity_rho_mobile_0_plus20pct__onset__start2,41,1.5706949758890394,1.5657987216615963,11.176766952961906,0.004997584304246872,0.9999875068615187,0.00010135090568371548,71450.98384497165,3.0506374356044432
sensitivity_rho_mobile_0_plus20pct__onset__start2,42,1.5706949758890394,1.5657987216615963,11.182734102177754,0.004997584304246872,0.9999875068615187,0.00010135090568371548,71878.61713412733,3.0506410634972183
sensitivity_rho_mobile_0_plus20pct__onset__start2,43,1.5706949758890394,1.5657987216615963,11.182636307719497,0.004997584304246872,0.9999875068615187,0.00010135090568371548,71871.58814740797,3.0506410791184995
sensitivity_rho_mobile_0_plus20pct__onset__start2,44,1.5706949758890394,1.5657987216615963,11.181677102081352,0.004997584304246872,0.9999875068615187,0.00010135090568371548,71802.68156790762,3.050641116583311
sensitivity_rho_mobile_0_plus20pct__onset__start2,45,1.5706949758890394,1.5657987216615963,11.179801592007554,0.004997584304246872,0.9999875068615187,0.00010135090568371548,71668.14112072087,3.05064051777097
sensitivity_rho_mobile_0_plus20pct__onset__start2,46,1.5706949758890394,1.5657987216615963,11.181985652220888,0.004997584304246872,0.9999875068615187,0.00010135090568371548,71824.83971359814,3.0506411281473205
sensitivity_rho_mobile_0_plus20pct__onset__start2,47,1.5706949758890394,1.5657987216615963,11.182052319633968,0.004997584304246872,0.9999875068615187,0.00010135090568371548,71829.6282494746,3.050641127637665
sensitivity_rho_mobile_0_plus20pct__onset__start2,48,1.5706949758890394,1.5657987216615963,11.181918984807808,0.004997584304246872,0.9999875068615187,0.00010135090568371548,71820.05149695034,3.0506411275973635
sensitivity_rho_mobile_0_plus20pct__onset__start2,49,1.5705936249831822,1.5957961088225008,11.131662472354286,-0.0249971774968864,0.9996875011868286,0.00020270181032629265,68299.82425035225,3.050302769072326
sensitivity_rho_mobile_0_plus20pct__onset__start2,50,0.5999908074321633,1.5657987216615963,11.181985652220888,0.0028218104604833916,0.5646278352556531,0.8253408053890466,71824.83971359814,2.975092672177239
sensitivity_rho_mobile_0_plus20pct__onset__start2,51,0.9708055193627332,1.5657987216615963,11.181985652220888,0.004124710275851296,0.8253304985309705,0.5646348864175504,71824.83971359814,3.0112907100402175
sensitivity_rho_mobile_0_plus20pct__onset__start2,52,1.1999816148643265,1.5657987216615963,11.181985652220888,0.0046579106362211985,0.9320207845899494,0.36237489008048024,71824.83971359814,3.0334263085661326
sensitivity_rho_mobile_0_plus20pct__onset__start2,53,1.3416202312933032,1.5657987216615963,11.181985652220888,0.004866916971374628,0.9738417347299467,0.22717523812546522,71824.83971359814,3.0436945048478536
sensitivity_rho_mobile_0_plus20pct__onset__start2,54,1.4291577103659199,1.5657987216615963,11.181985652220888,0.00494753856680476,0.9899736463306905,0.1411655107767015,71824.83971359814,3.047930659199362
sensitivity_rho_mobile_0_plus20pct__onset__start2,55,1.4832588477222797,1.5657987216615963,11.181985652220888,0.00497844878374066,0.9961586006783367,0.08742572471696056,71824.83971359814,3.0495973801338816
sensitivity_rho_mobile_0_plus20pct__onset__start2,56,1.5166951894385368,1.5657987216615963,11.181985652220888,0.004990272316250922,0.9985244206580388,0.054074749483818095,71824.83971359814,3.0502412149455336
sensitivity_rho_mobile_0_plus20pct__onset__start2,57,1.5373599850786395,1.5657987216615963,11.181985652220888,0.004994790968152473,0.9994285765810448,0.03343011182110186,71824.83971359814,3.050488194811723
sensitivity_rho_mobile_0_plus20pct__onset__start2,58,1.5501315311547936,1.5657987216615963,11.181985652220888,0.004996517299226048,0.9997740053724742,0.02066332491054402,71824.83971359814,3.050582687258689
sensitivity_rho_mobile_0_plus20pct__onset__start2,59,1.5580247807187424,1.5657987216615963,11.181985652220888,0.004997176751494538,0.9999059579298929,0.012771198879420183,71824.83971359814,3.0506188027272505
sensitivity_rho_mobile_0_plus20pct__onset__start2,60,1.562903077230948,1.5657987216615963,11.181985652220888,0.0049974286475032974,0.9999563608538763,0.00789316760150468,71824.83971359814,3.050632600902081
sensitivity_rho_mobile_0_plus20pct__onset__start2,61,1.565918030282691,1.5657987216615963,11.181985652220888,0.004997524864334046,0.9999756132812174,0.0048782771634600566,71824.83971359814,3.050637871816442
sensitivity_rho_mobile_0_plus20pct__onset__start2,62,1.5677813737431534,1.5657987216615963,11.181985652220888,0.004997561616056076,0.9999829670867059,0.0030149484841206086,71824.83971359814,3.05063988519669
sensitivity_rho_mobile_0_plus20pct__onset__start2,63,1.568932983334434,1.5657987216615963,11.181985652220888,0.004997575653988524,0.9999857759952135,0.0018633423821927913,71824.83971359814,3.0506406542497446
sensitivity_rho_mobile_0_plus20pct__onset__start2,64,1.5696447172036159,1.5657987216615963,11.181985652220888,0.004997581016005056,0.9999868489034863,0.0011516093367357678,71824.83971359814,3.050640948003365
sensitivity_rho_mobile_0_plus20pct__onset__start2,65,1.5700845929257148,1.5657987216615963,11.181985652220888,0.004997583064113629,0.999987258718081,0.0007117338090919139,71824.83971359814,3.0506410602074854
sensitivity_rho_mobile_0_plus20pct__onset__start2,66,1.5703564510727976,1.5657987216615963,11.181985652220888,0.004997583846421566,0.9999874152533419,0.0004398757079136694,71824.83971359814,3.0506411030656775
sensitivity_rho_mobile_0_plus20pct__onset__start2,67,1.5705244686478135,1.5657987216615963,11.181985652220888,0.004997584145236618,0.9999874750444933,0.00027185814373444626,71824.83971359814,3.050641119436048
sensitivity_rho_mobile_0_plus20pct__onset__start2,68,1.5706283092198807,1.5657987216615963,11.181985652220888,0.0049975842593738135,0.9999874978826812,0.00016801757422537421,71824.83971359814,3.050641125688982
sensitivity_rho_mobile_0_plus20pct__onset__start2,69,1.5706949758875361,-0.7416294238611401,11.181985652220888,0.7373688742911909,-0.6754902907922036,0.00010135090718695747,71824.83971359814,2.9685792681332126
sensitivity_rho_mobile_0_plus20pct__onset__start2,70,1.5706949758875361,0.7416294238611396,11.181985652220888,0.7373688742911911,0.6754902907922031,0.00010135090718695746,71824.83971359814,2.9741391810971005
sensitivity_rho_mobile_0_plus20pct__onset__start2,71,1.5706949758875361,1.658333805867513,11.181985652220888,-0.08742572426794121,0.9961710357484901,0.00010135090718695746,71824.83971359814,3.0478979566536046
sensitivity_rho_mobile_0_plus20pct__onset__start2,72,1.5706949758875361,2.2248882715834193,11.181985652220888,-0.6084388578539173,0.793600747215761,0.00010135090718695746,71824.83971359814,2.9735282833200047
sensitivity_rho_mobile_0_plus20pct__onset__start2,73,1.5706949758875361,1.4818161960412184,11.181985652220888,0.08886276061167599,0.9960438742869039,0.00010135090718695746,71824.83971359814,3.0483967989163943
sensitivity_rho_mobile_0_plus20pct__onset__start2,74,1.5706949758875361,1.5575172980679424,11.181985652220888,0.013278638407910319,0.9999118298580258,0.00010135090718695746,71824.83971359814,3.050618972118145
sensitivity_rho_mobile_0_plus20pct__onset__start2,75,1.5706949758875361,1.5656482725828176,11.181985652220888,0.005148031446316865,0.9999867436622455,0.00010135090718695746,71824.83971359814,3.0506411201559
sensitivity_rho_mobile_0_plus20pct__onset__start2,76,1.5706949758875361,1.5658701553218735,11.181985652220888,0.004926151523710301,0.9999878613059057,0.00010135090718695747,71824.83971359814,3.0506411268272933
sensitivity_rho_mobile_0_plus20pct__onset__start2,77,1.5706949758875361,1.5658034886541472,11.181985652220888,0.004992817371193886,0.9999875306736038,0.00010135090718695746,71824.83971359814,3.0506411281617773
sensitivity_rho_mobile_0_plus20pct__onset__start2,78,1.5706949758875361,1.56573682198741,11.181985652220888,0.005059483195498195,0.9999871955969177,0.00010135090718695746,71824.83971359814,3.0506411266280162
sensitivity_rho_mobile_0_plus20pct__onset__start2,79,1.5706949758875361,1.5658034886541472,8.342310205260866,0.004992817371193886,0.9999875306736038,0.00010135090718695746,4197.776273049276,3.038268103790279
sensitivity_rho_mobile_0_plus20pct__onset__start2,80,1.5706949758875361,1.5658034886541472,9.973010023033673,0.004992817371193886,0.9999875306736038,0.00010135090718695746,21439.92298441949,3.0501501080559446
sensitivity_rho_mobile_0_plus20pct__onset__start2,81,1.5706949758875361,1.5658034886541472,10.980837935865528,0.004992817371193886,0.9999875306736038,0.00010135090718695746,58737.752128584805,3.0505941080141534
sensitivity_rho_mobile_0_plus20pct__onset__start2,82,1.5706949758875361,1.5658034886541472,10.561822100186381,0.004992817371193886,0.9999875306736038,0.00010135090718695746,38631.45423541331,3.0504809103558297
sensitivity_rho_mobile_0_plus20pct__onset__start2,83,1.5706949758875361,1.5658034886541472,11.238079546280154,0.004992817371193886,0.9999875306736038,0.00010135090718695746,75968.91681096812,3.0506096810967116
sensitivity_rho_mobile_0_plus20pct__onset__start2,84,1.5706949758875361,1.5658034886541472,11.207114575773995,0.004992817371193886,0.9999875306736038,0.00010135090718695746,73652.58912900773,3.050612174095389
sensitivity_rho_mobile_0_plus20pct__onset__start2,85,1.5706949758875361,1.5658034886541472,11.158018106243182,0.004992817371193886,0.9999875306736038,0.00010135090718695746,70123.84038178825,3.0505997532060523
sensitivity_rho_mobile_0_plus20pct__onset__start2,86,1.5706949758875361,1.5658034886541472,11.212933231303866,0.004992817371193886,0.9999875306736038,0.00010135090718695746,74082.39741455263,3.0505959763822696
sensitivity_rho_mobile_0_plus20pct__onset__start2,87,1.5706949758875361,1.5658034886541472,11.188361393140847,0.004992817371193886,0.9999875306736038,0.00010135090718695746,72284.23923316978,3.0506376127029884
sensitivity_rho_mobile_0_plus20pct__onset__start2,88,1.5706949758875361,1.5658034886541472,11.176771288876328,0.004992817371193886,0.9999875306736038,0.00010135090718695746,71451.29365099463,3.050637441937433
sensitivity_rho_mobile_0_plus20pct__onset__start2,89,1.5706949758875361,1.5658034886541472,11.18272935898562,0.004992817371193886,0.9999875306736038,0.00010135090718695746,71878.27620084448,3.0506410643175923
sensitivity_rho_mobile_0_plus20pct__onset__start2,90,1.5706949758875361,1.5658034886541472,11.18263627915267,0.004992817371193886,0.9999875306736038,0.00010135090718695746,71871.58609426477,3.050641079137277
sensitivity_rho_mobile_0_plus20pct__onset__start2,91,1.5706949758875361,1.5658034886541472,11.18167814101275,0.004992817371193886,0.9999875306736038,0.00010135090718695746,71802.7561660067,3.0506411166756084
sensitivity_rho_mobile_0_plus20pct__onset__start2,92,1.5706949758875361,1.5658034886541472,11.179803890274407,0.004992817371193886,0.9999875306736038,0.00010135090718695746,71668.30583342332,3.050640519105866
sensitivity_rho_mobile_0_plus20pct__onset__start2,93,1.5706949758875361,1.5658034886541472,11.181985657683212,0.004992817371193886,0.9999875306736038,0.00010135090718695746,71824.84010592868,3.050641128161778
sensitivity_rho_mobile_0_plus20pct__onset__start2,94,1.5706949758875361,1.5658034886541472,11.182052324349877,0.004992817371193886,0.9999875306736038,0.00010135090718695746,71829.62858821661,3.050641127652061
sensitivity_rho_mobile_0_plus20pct__onset__start2,95,1.5706949758875361,1.5658034886541472,11.181918991016545,0.004992817371193886,0.9999875306736038,0.00010135090718695746,71820.05194286213,3.0506411276119114
sensitivity_rho_mobile_0_plus20pct__terminal__start1,1,1.5706949758856612,-1.5753908940094778,8.830082914842956,-0.004594551025745008,-0.9999894398586743,0.0001013509090619021,6836.8536687706555,13.198777170883458
sensitivity_rho_mobile_0_plus20pct__terminal__start1,2,0.5999908074321633,-1.5753908940094778,8.830082914842956,-0.002594243809885216,-0.5646289266932882,0.8253408053890466,6836.8536687706555,0.9196782853183773
sensitivity_rho_mobile_0_plus20pct__terminal__start1,3,0.9708055193627332,-1.5753908940094778,8.830082914842956,-0.003792070463465541,-0.8253320939124081,0.5646348864175504,6836.8536687706555,1.3423189733953151
sensitivity_rho_mobile_0_plus20pct__terminal__start1,4,1.1999816148643265,-1.5753908940094778,8.830082914842956,-0.0042822705508524265,-0.9320225862059831,0.36237489008048024,6836.8536687706555,1.8151857241741618
sensitivity_rho_mobile_0_plus20pct__terminal__start1,5,1.3416202312933032,-1.5753908940094778,8.830082914842956,-0.00447442144078346,-0.973843617186768,0.22717523812546525,6836.8536687706555,2.327310418051439
sensitivity_rho_mobile_0_plus20pct__terminal__start1,6,1.4291577103659199,-1.5753908940094778,8.830082914842956,-0.0045485412577650226,-0.9899755599708406,0.1411655107767015,6836.8536687706555,2.9091958412123295
sensitivity_rho_mobile_0_plus20pct__terminal__start1,7,1.4832588477222797,-1.5753908940094778,8.830082914842956,-0.004576958701130242,-0.9961605262741354,0.08742572471696057,6836.8536687706555,3.665418335739051
sensitivity_rho_mobile_0_plus20pct__terminal__start1,8,1.5166951894385368,-1.5753908940094778,8.830082914842956,-0.004587828717545331,-0.9985263508270179,0.0540747494838181,6836.8536687706555,5.010811576981139
sensitivity_rho_mobile_0_plus20pct__terminal__start1,9,1.5373599850786395,-1.5753908940094778,8.830082914842956,-0.004591982959968336,-0.9994305084977765,0.03343011182110186,6836.8536687706555,9.945385722666765
sensitivity_rho_mobile_0_plus20pct__terminal__start1,10,1.5501315311547936,-1.5753908940094778,8.830082914842956,-0.004593570070004305,-0.9997759379569271,0.02066332491054402,6836.8536687706555,11.969304308335749
sensitivity_rho_mobile_0_plus20pct__terminal__start1,11,1.5580247807187424,-1.5753908940094778,8.830082914842956,-0.004594176340336562,-0.9999078907694129,0.012771198879420182,6836.8536687706555,12.73054182291553
sensitivity_rho_mobile_0_plus20pct__terminal__start1,12,1.562903077230948,-1.5753908940094778,8.830082914842956,-0.004594407922035835,-0.9999582937908263,0.007893167601504682,6836.8536687706555,13.02012293111638
sensitivity_rho_mobile_0_plus20pct__terminal__start1,13,1.565918030282691,-1.5753908940094778,8.830082914842956,-0.004594496379400733,-0.9999775462553828,0.004878277163460057,6836.8536687706555,13.130580380466869
sensitivity_rho_mobile_0_plus20pct__terminal__start1,14,1.5677813737431534,-1.5753908940094778,8.830082914842956,-0.004594530167257399,-0.9999849000750863,0.003014948484120609,6836.8536687706555,13.172750082954353
sensitivity_rho_mobile_0_plus20pct__terminal__start1,15,1.568932983334434,-1.5753908940094778,8.830082914842956,-0.004594543073092098,-0.9999877089890237,0.0018633423821927913,6836.8536687706555,13.188854422429596
sensitivity_rho_mobile_0_plus20pct__terminal__start1,16,1.5696447172036159,-1.5753908940094778,8.830082914842956,-0.00459454800268549,-0.9999887818993705,0.001151609336735768,6836.8536687706555,13.195005290102472
sensitivity_rho_mobile_0_plus20pct__terminal__start1,17,1.5700845929257148,-1.5753908940094778,8.830082914842956,-0.00459454988562308,-0.9999891917147573,0.000711733809091914,6836.8536687706555,13.197354648068126
sensitivity_rho_mobile_0_plus20pct__terminal__start1,18,1.5703564510727976,-1.5753908940094778,8.830082914842956,-0.004594550604841308,-0.9999893482503207,0.0004398757079136694,6836.8536687706555,13.198252013569588
sensitivity_rho_mobile_0_plus20pct__terminal__start1,19,1.5705244686478135,-1.5753908940094778,8.830082914842956,-0.004594550879558236,-0.9999894080415876,0.0002718581437344463,6836.8536687706555,13.198594775321862
sensitivity_rho_mobile_0_plus20pct__terminal__start1,20,1.5706283092198807,-1.5753908940094778,8.830082914842956,-0.004594550984490767,-0.9999894308798197,0.00016801757422537424,6836.8536687706555,13.198725698460258
sensitivity_rho_mobile_0_plus20pct__terminal__start1,21,1.5706949758875361,-0.7416294238611401,8.830082914842956,0.7373688742911909,-0.6754902907922036,0.00010135090718695747,6836.8536687706555,1.2693110547326518
sensitivity_rho_mobile_0_plus20pct__terminal__start1,22,1.5706949758875361,0.7416294238611394,8.830082914842956,0.7373688742911914,0.675490290792203,0.00010135090718695746,6836.8536687706555,1.164600860596203
sensitivity_rho_mobile_0_plus20pct__terminal__start1,23,1.5706949758875361,-1.6583338058675134,8.830082914842956,-0.08742572426794165,-0.9961710357484901,0.00010135090718695747,6836.8536687706555,2.798135370908618
sensitivity_rho_mobile_0_plus20pct__terminal__start1,24,1.5706949758875361,-2.2248882715834197,8.830082914842956,-0.6084388578539177,-0.7936007472157608,0.00010135090718695747,6836.8536687706555,1.9980678189914216
sensitivity_rho_mobile_0_plus20pct__terminal__start1,25,1.5706949758875361,-1.6015672334602504,8.830082914842956,-0.030766050838410528,-0.9995266078718475,0.00010135090718695747,6836.8536687706555,8.224500623055174
sensitivity_rho_mobile_0_plus20pct__terminal__start1,26,1.5706949758875361,-1.273100218404526,8.830082914842956,0.29331843108234806,-0.9560147947157427,0.00010135090718695746,6836.8536687706555,1.917357319067338
sensitivity_rho_mobile_0_plus20pct__terminal__start1,27,1.5706949758875361,-1.476103997892187,8.830082914842956,0.09455087988879816,-0.9955200253336182,0.00010135090718695746,6836.8536687706555,2.9602231805236374
sensitivity_rho_mobile_0_plus20pct__terminal__start1,28,1.5706949758875361,-1.566629704123113,8.830082914842956,0.004166610594449118,-0.9999913145043551,0.00010135090718695746,6836.8536687706555,12.677038431355303
sensitivity_rho_mobile_0_plus20pct__terminal__start1,29,1.5706949758875361,-1.5500466789716014,8.830082914842956,0.020748158795955457,-0.9997847286464079,0.00010135090718695746,6836.8536687706555,8.84126402527174
sensitivity_rho_mobile_0_plus20pct__terminal__start1,30,1.5706949758875361,-1.5749473559271985,8.830082914842956,-0.004151017189899011,-0.9999913793549837,0.00010135090718695746,6836.8536687706555,13.197291612549336
sensitivity_rho_mobile_0_plus20pct__terminal__start1,31,1.5706949758875361,-1.5754030626858304,8.830082914842956,-0.004606719573254158,-0.9999893838750326,0.00010135090718695747,6836.8536687706555,13.198780095989603
sensitivity_rho_mobile_0_plus20pct__terminal__start1,32,1.5706949758875361,-1.5754697293526776,8.830082914842956,-0.004673385522073135,-0.999989074538195,0.00010135090718695746,6836.8536687706555,13.198760240597593
sensitivity_rho_mobile_0_plus20pct__terminal__start1,33,1.5706949758875361,-1.5753363960189832,8.830082914842956,-0.00454005360396087,-0.9999896887674726,0.00010135090718695746,6836.8536687706555,13.198739271146767
sensitivity_rho_mobile_0_plus20pct__terminal__start1,34,1.5706949758875361,-1.5754030626858304,8.342310205260866,-0.004606719573254158,-0.9999893838750326,0.00010135090718695747,4197.776273049276,13.140216432612391
sensitivity_rho_mobile_0_plus20pct__terminal__start1,35,1.5706949758875361,-1.5754030626858304,9.973010023033673,-0.004606719573254158,-0.9999893838750326,0.00010135090718695747,21439.92298441949,12.736613628808168
sensitivity_rho_mobile_0_plus20pct__terminal__start1,36,1.5706949758875361,-1.5754030626858304,7.334482292429009,-0.004606719573254158,-0.9999893838750326,0.00010135090718695747,1532.2343252594655,12.542352989640147
sensitivity_rho_mobile_0_plus20pct__terminal__start1,37,1.5706949758875361,-1.5754030626858304,8.76927810688893,-0.004606719573254158,-0.9999893838750326,0.00010135090718695747,6433.526469171154,13.1982574804979
sensitivity_rho_mobile_0_plus20pct__terminal__start1,38,1.5706949758875361,-1.5754030626858304,8.769168282954485,-0.004606719573254158,-0.9999893838750326,0.00010135090718695747,6432.819952778872,13.198254678359667
sensitivity_rho_mobile_0_plus20pct__terminal__start1,39,1.5706949758875361,-1.5754030626858304,8.81853908591517,-0.004606719573254158,-0.9999893838750326,0.00010135090718695747,6758.383991284262,13.198841270519823
sensitivity_rho_mobile_0_plus20pct__terminal__start1,40,1.5706949758875361,-1.5754030626858304,9.259507744870495,-0.004606719573254158,-0.9999893838750326,0.00010135090718695747,10503.961438708895,13.15579475783803
sensitivity_rho_mobile_0_plus20pct__terminal__start1,41,1.5706949758875361,-1.5754030626858304,8.815318781090395,-0.004606719573254158,-0.9999893838750326,0.00010135090718695747,6736.654940571054,13.198844778712724
sensitivity_rho_mobile_0_plus20pct__terminal__start1,42,1.5706949758875361,-1.5754030626858304,8.814990942353347,-0.004606719573254158,-0.9999893838750326,0.00010135090718695747,6734.446766105749,13.19884487938228
sensitivity_rho_mobile_0_plus20pct__terminal__start1,43,1.5706949758875361,-1.5754030626858304,8.81445852303885,-0.004606719573254158,-0.9999893838750326,0.00010135090718695747,6730.862170913553,13.198844966698964
sensitivity_rho_mobile_0_plus20pct__terminal__start1,44,1.5706949758875361,-1.5754030626858304,8.797201139695444,-0.004606719573254158,-0.9999893838750326,0.00010135090718695747,6615.701644922032,13.198754983883772
sensitivity_rho_mobile_0_plus20pct__terminal__start1,45,1.5706949758875361,-1.5754030626858304,8.814231681452824,-0.004606719573254158,-0.9999893838750326,0.00010135090718695747,6729.335504625633,13.198844972272509
sensitivity_rho_mobile_0_plus20pct__terminal__start1,46,1.5706949758875361,-1.5754030626858304,8.814298348354603,-0.004606719573254158,-0.9999893838750326,0.00010135090718695747,6729.784143529271,13.198844974163801
sensitivity_rho_mobile_0_plus20pct__terminal__start1,47,1.5706949758875361,-1.5754030626858304,8.814365015255392,-0.004606719573254158,-0.9999893838750326,0.00010135090718695747,6730.232812336614,13.198844972873125
sensitivity_rho_mobile_0_plus20pct__terminal__start1,48,1.570694975889411,-1.575415231362183,8.79851378186625,-0.004618888120081159,-0.9999893277433155,0.00010135090531201281,6624.391395909702,13.198768613881228
sensitivity_rho_mobile_0_plus20pct__terminal__start1,49,0.5999908074321633,-1.5754030626858304,8.814298348354603,-0.0026011145963611994,-0.5646288950829708,0.8253408053890466,6729.784143529271,0.920052708230199
sensitivity_rho_mobile_0_plus20pct__terminal__start1,50,0.9708055193627332,-1.5754030626858304,8.814298348354603,-0.003802113662318739,-0.8253320477068237,0.5646348864175504,6729.784143529271,1.3421352937905684
sensitivity_rho_mobile_0_plus20pct__terminal__start1,51,1.1999816148643265,-1.5754030626858304,8.814298348354603,-0.004293612031739915,-0.9320225340274133,0.36237489008048024,6729.784143529271,1.815154736138763
sensitivity_rho_mobile_0_plus20pct__terminal__start1,52,1.3416202312933032,-1.5754030626858304,8.814298348354603,-0.0044862718282474455,-0.9738435626668799,0.22717523812546525,6729.784143529271,2.3276391593926955
sensitivity_rho_mobile_0_plus20pct__terminal__start1,53,1.4291577103659199,-1.5754030626858304,8.814298348354603,-0.0045605879496141925,-0.989975504547818,0.1411655107767015,6729.784143529271,2.909331198105126
sensitivity_rho_mobile_0_plus20pct__terminal__start1,54,1.4832588477222797,-1.5754030626858304,8.814298348354603,-0.0045890806558305025,-0.9961604705048522,0.08742572471696057,6729.784143529271,3.6656959526861757
sensitivity_rho_mobile_0_plus20pct__terminal__start1,55,1.5166951894385368,-1.5754030626858304,8.814298348354603,-0.004599979461198077,-0.9985262949252859,0.0540747494838181,6729.784143529271,5.012201772656167
sensitivity_rho_mobile_0_plus20pct__terminal__start1,56,1.5373599850786395,-1.5754030626858304,8.814298348354603,-0.004604144706022842,-0.9994304525454258,0.03343011182110186,6729.784143529271,9.947142623669652
sensitivity_rho_mobile_0_plus20pct__terminal__start1,57,1.5501315311547936,-1.5754030626858304,8.814298348354603,-0.004605736019477984,-0.9997758819852378,0.02066332491054402,6729.784143529271,11.96987085326927
sensitivity_rho_mobile_0_plus20pct__terminal__start1,58,1.5580247807187424,-1.5754030626858304,8.814298348354603,-0.004606343895501266,-0.9999078347903364,0.012771198879420183,6729.784143529271,12.730788384274561
sensitivity_rho_mobile_0_plus20pct__terminal__start1,59,1.562903077230948,-1.5754030626858304,8.814298348354603,-0.004606576090538574,-0.999958237808928,0.00789316760150468,6729.784143529271,13.02025761918494
sensitivity_rho_mobile_0_plus20pct__terminal__start1,60,1.565918030282691,-1.5754030626858304,8.814298348354603,-0.0046066647821804765,-0.9999774902724067,0.004878277163460057,6729.784143529271,13.130673537532006
sensitivity_rho_mobile_0_plus20pct__terminal__start1,61,1.5677813737431534,-1.5754030626858304,8.814298348354603,-0.004606698659523392,-0.9999848440916984,0.0030149484841206086,6729.784143529271,13.172827537275845
sensitivity_rho_mobile_0_plus20pct__terminal__start1,62,1.568932983334434,-1.5754030626858304,8.814298348354603,-0.004606711599538855,-0.9999876530054785,0.0018633423821927913,6729.784143529271,13.18892590151933
sensitivity_rho_mobile_0_plus20pct__terminal__start1,63,1.5696447172036159,-1.5754030626858304,8.814298348354603,-0.004606716542188145,-0.9999887259157653,0.001151609336735768,6729.784143529271,13.195074490121453
sensitivity_rho_mobile_0_plus20pct__terminal__start1,64,1.5700845929257148,-1.5754030626858304,8.814298348354603,-0.004606718430112645,-0.9999891357311291,0.0007117338090919139,6729.784143529271,13.197422978037029
sensitivity_rho_mobile_0_plus20pct__terminal__start1,65,1.5703564510727976,-1.5754030626858304,8.814298348354603,-0.004606719151235706,-0.9999892922666839,0.00043987570791366947,6729.784143529271,13.198320011279353
sensitivity_rho_mobile_0_plus20pct__terminal__start1,66,1.5705244686478135,-1.5754030626858304,8.814298348354603,-0.004606719426680214,-0.9999893520579475,0.0002718581437344463,6729.784143529271,13.198662646127291
sensitivity_rho_mobile_0_plus20pct__terminal__start1,67,1.5706283092198807,-1.5754030626858304,8.814298348354603,-0.004606719531890655,-0.9999893748961782,0.00016801757422537424,6729.784143529271,13.198793520793867
sensitivity_rho_mobile_0_plus20pct__terminal__start1,68,1.5706949758875361,-0.7416294238611401,8.814298348354603,0.7373688742911909,-0.6754902907922036,0.00010135090718695747,6729.784143529271,1.2693155221053465
sensitivity_rho_mobile_0_plus20pct__terminal__start1,69,1.5706949758875361,0.7416294238611396,8.814298348354603,0.7373688742911911,0.6754902907922031,0.00010135090718695746,6729.784143529271,1.1646571581910448
sensitivity_rho_mobile_0_plus20pct__terminal__start1,70,1.5706949758875361,-1.6583338058675134,8.814298348354603,-0.08742572426794165,-0.9961710357484901,0.00010135090718695747,6729.784143529271,2.7982878718718274
sensitivity_rho_mobile_0_plus20pct__terminal__start1,71,1.5706949758875361,-2.2248882715834197,8.814298348354603,-0.6084388578539177,-0.7936007472157608,0.00010135090718695747,6729.784143529271,1.9982803600078591
sensitivity_rho_mobile_0_plus20pct__terminal__start1,72,1.5706949758875361,-1.6015988798128342,8.814298348354603,-0.030797682194448867,-0.9995256337380465,0.00010135090718695747,6729.784143529271,8.215477034070704
sensitivity_rho_mobile_0_plus20pct__terminal__start1,73,1.5706949758875361,-1.2731197769260427,8.814298348354603,0.293299732790314,-0.9560205314077329,0.00010135090718695746,6729.784143529271,1.9173621126643152
sensitivity_rho_mobile_0_plus20pct__terminal__start1,74,1.5706949758875361,-1.4761310271041537,8.814298348354603,0.09452397173248127,-0.9955225806057394,0.00010135090718695746,6729.784143529271,2.9607454153276653
sensitivity_rho_mobile_0_plus20pct__terminal__start1,75,1.5706949758875361,-1.566641074910354,8.814298348354603,0.004155239905699811,-0.9999913618173508,0.00010135090718695747,6729.784143529271,12.678653038872461
sensitivity_rho_mobile_0_plus20pct__terminal__start1,76,1.5706949758875361,-1.5500432590717528,8.814298348354603,0.02075157795947629,-0.9997846576839362,0.00010135090718695746,6729.784143529271,8.84293336254817
sensitivity_rho_mobile_0_plus20pct__terminal__start1,77,1.5706949758875361,-1.5749466172585647,8.814298348354603,-0.004150278527631864,-0.999991382420937,0.00010135090718695746,6729.784143529271,13.197352280737489
sensitivity_rho_mobile_0_plus20pct__terminal__start1,78,1.5706949758875361,-1.5754049013430316,8.814298348354603,-0.004608558210928114,-0.9999893754031641,0.00010135090718695747,6729.784143529271,13.198845240485522
sensitivity_rho_mobile_0_plus20pct__terminal__start1,79,1.5706949758875361,-1.5754715680097255,8.814298348354603,-0.004675224159025005,-0.9999890659437515,0.00010135090718695746,6729.784143529271,13.198823728666124
sensitivity_rho_mobile_0_plus20pct__terminal__start1,80,1.5706949758875361,-1.5753382346763376,8.814298348354603,-0.00454189224234874,-0.9999896804181794,0.00010135090718695746,6729.784143529271,13.198806094257577
sensitivity_rho_mobile_0_plus20pct__terminal__start1,81,1.5706949758875361,-1.5754049013430316,8.342310205260866,-0.004608558210928114,-0.9999893754031641,0.00010135090718695747,4197.776273049276,13.140216663663569
sensitivity_rho_mobile_0_plus20pct__terminal__start1,82,1.5706949758875361,-1.5754049013430316,9.973010023033673,-0.004608558210928114,-0.9999893754031641,0.00010135090718695747,21439.92298441949,12.736613590457116
sensitivity_rho_mobile_0_plus20pct__terminal__start1,83,1.5706949758875361,-1.5754049013430316,7.334482292429009,-0.004608558210928114,-0.9999893754031641,0.00010135090718695747,1532.2343252594655,12.542352789478082
sensitivity_rho_mobile_0_plus20pct__terminal__start1,84,1.5706949758875361,-1.5754049013430316,8.769278121622577,-0.004608558210928114,-0.9999893754031641,0.00010135090718695747,6433.526563960463,13.19825774585087
sensitivity_rho_mobile_0_plus20pct__terminal__start1,85,1.5706949758875361,-1.5754049013430316,8.769168272420503,-0.004608558210928114,-0.9999893754031641,0.00010135090718695747,6432.819885015659,13.19825494307
sensitivity_rho_mobile_0_plus20pct__terminal__start1,86,1.5706949758875361,-1.5754049013430316,8.818539008405411,-0.004608558210928114,-0.9999893754031641,0.00010135090718695747,6758.38346744357,13.198841536086029
sensitivity_rho_mobile_0_plus20pct__terminal__start1,87,1.5706949758875361,-1.5754049013430316,9.25950769696683,-0.004608558210928114,-0.9999893754031641,0.00010135090718695747,10503.960935530657,13.155795006119108
sensitivity_rho_mobile_0_plus20pct__terminal__start1,88,1.5706949758875361,-1.5754049013430316,8.81531883950005,-0.004608558210928114,-0.9999893754031641,0.00010135090718695747,6736.65533405675,13.198845044600088
sensitivity_rho_mobile_0_plus20pct__terminal__start1,89,1.5706949758875361,-1.5754049013430316,8.81499069754079,-0.004608558210928114,-0.9999893754031641,0.00010135090718695747,6734.445117428812,13.198845145490846
sensitivity_rho_mobile_0_plus20pct__terminal__start1,90,1.5706949758875361,-1.5754049013430316,8.81445729365229,-0.004608558210928114,-0.9999893754031641,0.00010135090718695747,6730.853896087146,13.198845233138522
sensitivity_rho_mobile_0_plus20pct__terminal__start1,91,1.5706949758875361,-1.5754049013430316,8.797200385520517,-0.004608558210928114,-0.9999893754031641,0.00010135090718695747,6615.6966555276085,13.198755241863756
sensitivity_rho_mobile_0_plus20pct__terminal__start1,92,1.5706949758875361,-1.5754049013430316,8.814229500090088,-0.004608558210928114,-0.9999893754031641,0.00010135090718695747,6729.320825519931,13.198845238446482
sensitivity_rho_mobile_0_plus20pct__terminal__start1,93,1.5706949758875361,-1.5754049013430316,8.814296166757776,-0.004608558210928114,-0.9999893754031641,0.00010135090718695747,6729.769461869554,13.19884524047591
sensitivity_rho_mobile_0_plus20pct__terminal__start1,94,1.5706949758875361,-1.5754049013430316,8.814362833424473,-0.004608558210928114,-0.9999893754031641,0.00010135090718695747,6730.218128122594,13.198845239294055
sensitivity_rho_mobile_0_plus20pct__terminal__start2,1,1.5707963267948966,-1.6053908940094779,8.880082914842957,-0.03458766725626166,-0.9994016676360763,6.123233995736767e-17,7187.386652130975,6.481173642030389
sensitivity_rho_mobile_0_plus20pct__terminal__start2,2,0.5999908074321633,-1.6053908940094779,8.880082914842957,-0.01952940357268732,-0.5642970470912062,0.8253408053890466,7187.386652130975,0.903553075359637
sensitivity_rho_mobile_0_plus20pct__terminal__start2,3,0.9708055193627332,-1.6053908940094779,8.880082914842957,-0.028546613149811346,-0.8248469772739153,0.5646348864175504,7187.386652130975,1.3079438920995938
sensitivity_rho_mobile_0_plus20pct__terminal__start2,4,1.1999816148643265,-1.6053908940094779,8.880082914842957,-0.03223682734689896,-0.9314747586498338,0.36237489008048024,7187.386652130975,1.7633721088466652
sensitivity_rho_mobile_0_plus20pct__terminal__start2,5,1.3416202312933032,-1.6053908940094779,8.880082914842957,-0.03368333451866713,-0.9732712079160369,0.22717523812546522,7187.386652130975,2.253140989820678
sensitivity_rho_mobile_0_plus20pct__terminal__start2,6,1.4291577103659199,-1.6053908940094779,8.880082914842957,-0.03424130667727882,-0.9893936686093082,0.1411655107767015,7187.386652130975,2.7761769322613183
sensitivity_rho_mobile_0_plus20pct__terminal__start2,7,1.4832588477222797,-1.6053908940094779,8.880082914842957,-0.0344552324917565,-0.9955749994910746,0.08742572471696057,7187.386652130975,3.3512667034791637
sensitivity_rho_mobile_0_plus20pct__terminal__start2,8,1.5166951894385368,-1.6053908940094779,8.880082914842957,-0.034537061707886105,-0.997939433451173,0.0540747494838181,7187.386652130975,4.000750553807285
sensitivity_rho_mobile_0_plus20pct__terminal__start2,9,1.5373599850786395,-1.6053908940094779,8.880082914842957,-0.03456833474263655,-0.9988430596729146,0.03343011182110186,7187.386652130975,4.658114155148413
sensitivity_rho_mobile_0_plus20pct__terminal__start2,10,1.5501315311547936,-1.6053908940094779,8.880082914842957,-0.03458028246793846,-0.9991882860943071,0.02066332491054402,7187.386652130975,5.225703629267834
sensitivity_rho_mobile_0_plus20pct__terminal__start2,11,1.5580247807187424,-1.6053908940094779,8.880082914842957,-0.034584846456083174,-0.9993201613470988,0.012771198879420183,7187.386652130975,5.942193089220214
sensitivity_rho_mobile_0_plus20pct__terminal__start2,12,1.562903077230948,-1.6053908940094779,8.880082914842957,-0.0345865897974175,-0.9993705347424446,0.00789316760150468,7187.386652130975,6.272348792031102
sensitivity_rho_mobile_0_plus20pct__terminal__start2,13,1.565918030282691,-1.6053908940094779,8.880082914842957,-0.034587255702284075,-0.9993897758907189,0.0048782771634600566,7187.386652130975,6.401180453264824
sensitivity_rho_mobile_0_plus20pct__terminal__start2,14,1.5677813737431534,-1.6053908940094779,8.880082914842957,-0.03458751005643776,-0.9993971253879681,0.003014948484120609,7187.386652130975,6.450594230639981
sensitivity_rho_mobile_0_plus20pct__terminal__start2,15,1.568932983334434,-1.6053908940094779,8.880082914842957,-0.03458760721124384,-0.999399932650872,0.0018633423821927913,7187.386652130975,6.4694901759378585
sensitivity_rho_mobile_0_plus20pct__terminal__start2,16,1.5696447172036159,-1.6053908940094779,8.880082914842957,-0.034587644321101604,-0.9994010049305797,0.001151609336735768,7187.386652130975,6.476710515992422
sensitivity_rho_mobile_0_plus20pct__terminal__start2,17,1.5700845929257148,-1.6053908940094779,8.880082914842957,-0.034587658495809456,-0.9994014145050838,0.000711733809091914,7187.386652130975,6.4794688168212105
sensitivity_rho_mobile_0_plus20pct__terminal__start2,18,1.5703564510727976,-1.6053908940094779,8.880082914842957,-0.03458766391006658,-0.9994015709486381,0.0004398757079136694,7187.386652130975,6.480522447657769
sensitivity_rho_mobile_0_plus20pct__terminal__start2,19,1.5705244686478135,-1.6053908940094779,8.880082914842957,-0.03458766597812886,-0.9994016307047608,0.0002718581437344463,7187.386652130975,6.4809249065973376
sensitivity_rho_mobile_0_plus20pct__terminal__start2,20,1.5706283092198807,-1.6053908940094779,8.880082914842957,-0.03458766676805836,-0.9994016535295689,0.00016801757422537421,7187.386652130975,6.481078633366381
sensitivity_rho_mobile_0_plus20pct__terminal__start2,21,1.5706949758890394,-1.6053908940094779,8.880082914842957,-0.034587667078619294,-0.9994016625031462,0.0001013509056837155,7187.386652130975,6.481139071226518
sensitivity_rho_mobile_0_plus20pct__terminal__start2,22,1.5706949758890394,-0.7416294238611401,8.880082914842957,0.737368874291191,-0.6754902907922036,0.0001013509056837155,7187.386652130975,1.2692910120494632
sensitivity_rho_mobile_0_plus20pct__terminal__start2,23,1.5706949758890394,0.7416294238611396,8.880082914842957,0.7373688742911914,0.6754902907922032,0.0001013509056837155,7187.386652130975,1.164691450108902
sensitivity_rho_mobile_0_plus20pct__terminal__start2,24,1.5706949758890394,-1.6583338058675134,8.880082914842957,-0.08742572426794165,-0.9961710357484902,0.0001013509056837155,7187.386652130975,2.7976571647354334
sensitivity_rho_mobile_0_plus20pct__terminal__start2,25,1.5706949758890394,-2.2248882715834197,8.880082914842957,-0.6084388578539178,-0.7936007472157609,0.0001013509056837155,7187.386652130975,1.9975426918589283
sensitivity_rho_mobile_0_plus20pct__terminal__start2,26,1.5706949758890394,-1.6015012450317943,8.880082914842957,-0.030700093581419834,-0.9995286358989852,0.00010135090568371548,7187.386652130975,8.237603279011413
sensitivity_rho_mobile_0_plus20pct__terminal__start2,27,1.5706949758890394,-1.273059435312876,8.880082914842957,0.29335742007739646,-0.9560028314882377,0.00010135090568371548,7187.386652130975,1.917123367655401
sensitivity_rho_mobile_0_plus20pct__terminal__start2,28,1.5706949758890394,-1.476047637045693,8.880082914842957,0.09460698808992551,-0.9955146947848367,0.00010135090568371548,7187.386652130975,2.9591741917949563
sensitivity_rho_mobile_0_plus20pct__terminal__start2,29,1.5706949758890394,-1.566604638162982,8.880082914842957,0.004191676335558338,-0.9999912097501117,0.0001013509056837155,7187.386652130975,12.672233373777628
sensitivity_rho_mobile_0_plus20pct__terminal__start2,30,1.5706949758890394,-1.550036858870915,8.880082914842957,0.020757976781654912,-0.9997845248491928,0.00010135090568371548,7187.386652130975,8.827214467397154
sensitivity_rho_mobile_0_plus20pct__terminal__start2,31,1.5706949758890394,-1.574948225946943,8.880082914842957,-0.00415188720214178,-0.9999913757431385,0.00010135090568371548,7187.386652130975,13.196131435641623
sensitivity_rho_mobile_0_plus20pct__terminal__start2,32,1.5706949758890394,-1.575396372189091,8.880082914842957,-0.0046000291474387394,-0.9999894146738938,0.0001013509056837155,7187.386652130975,13.19761459822048
sensitivity_rho_mobile_0_plus20pct__terminal__start2,33,1.5706949758890394,-1.5754630393006483,8.880082914842957,-0.004666695543031266,-0.9999891057810093,0.00010135090568371548,7187.386652130975,13.197600772303714
sensitivity_rho_mobile_0_plus20pct__terminal__start2,34,1.5706949758890394,-1.5753297050775337,8.880082914842957,-0.004533362731401586,-0.9999897191223215,0.00010135090568371548,7187.386652130975,13.197567668862744
sensitivity_rho_mobile_0_plus20pct__terminal__start2,35,1.5706949758890394,-1.575396372189091,8.342310205260866,-0.0046000291474387394,-0.9999894146738938,0.0001013509056837155,4197.776273049276,13.140215206948113
sensitivity_rho_mobile_0_plus20pct__terminal__start2,36,1.5706949758890394,-1.575396372189091,9.973010023033673,-0.0046000291474387394,-0.9999894146738938,0.0001013509056837155,21439.92298441949,12.736613348120885
sensitivity_rho_mobile_0_plus20pct__terminal__start2,37,1.5706949758890394,-1.575396372189091,7.334482292429009,-0.0046000291474387394,-0.9999894146738938,0.0001013509056837155,1532.2343252594655,12.542353357363744
sensitivity_rho_mobile_0_plus20pct__terminal__start2,38,1.5706949758890394,-1.575396372189091,8.769278018157584,-0.0046000291474387394,-0.9999894146738938,0.0001013509056837155,6433.525898315716,13.19825612505128
sensitivity_rho_mobile_0_plus20pct__terminal__start2,39,1.5706949758890394,-1.575396372189091,8.769168297443958,-0.0046000291474387394,-0.9999894146738938,0.0001013509056837155,6432.820045987042,13.198253325547254
sensitivity_rho_mobile_0_plus20pct__terminal__start2,40,1.5706949758890394,-1.575396372189091,8.818539161788857,-0.0046000291474387394,-0.9999894146738938,0.0001013509056837155,6758.384504067799,13.198839915140285
sensitivity_rho_mobile_0_plus20pct__terminal__start2,41,1.5706949758890394,-1.575396372189091,9.259507791763014,-0.0046000291474387394,-0.9999894146738938,0.0001013509056837155,10503.96193126611,13.155793483303372
sensitivity_rho_mobile_0_plus20pct__terminal__start2,42,1.5706949758890394,-1.575396372189091,8.815318680064964,-0.0046000291474387394,-0.9999894146738938,0.0001013509056837155,6736.654259997616,13.198843421768386
sensitivity_rho_mobile_0_plus20pct__terminal__start2,43,1.5706949758890394,-1.575396372189091,8.814991813707435,-0.0046000291474387394,-0.9999894146738938,0.0001013509056837155,6734.452634196023,13.198843521681571
sensitivity_rho_mobile_0_plus20pct__terminal__start2,44,1.5706949758890394,-1.575396372189091,8.814462995907528,-0.0046000291474387394,-0.9999894146738938,0.0001013509056837155,6730.892277243465,13.198843607781066
sensitivity_rho_mobile_0_plus20pct__terminal__start2,45,1.5706949758890394,-1.575396372189091,8.797203870187957,-0.0046000291474387394,-0.9999894146738938,0.0001013509056837155,6615.719709070504,13.198753655754416
sensitivity_rho_mobile_0_plus20pct__terminal__start2,46,1.5706949758890394,-1.575396372189091,8.814239782862273,-0.0046000291474387394,-0.9999894146738938,0.0001013509056837155,6729.390021948709,13.198843614266686
sensitivity_rho_mobile_0_plus20pct__terminal__start2,47,1.5706949758890394,-1.575396372189091,8.814306450505551,-0.0046000291474387394,-0.9999894146738938,0.0001013509056837155,6729.838669477141,13.1988436156617
sensitivity_rho_mobile_0_plus20pct__terminal__start2,48,1.5706949758890394,-1.575396372189091,8.81437311814784,-0.0046000291474387394,-0.9999894146738938,0.0001013509056837155,6730.287346910183,13.198843613985542
sensitivity_rho_mobile_0_plus20pct__terminal__start2,49,1.5705936249831822,-1.545401850368704,8.748529986168146,0.02539174659662321,-0.9996775570736541,0.00020270181032629262,6301.418124453022,7.030271919819689
sensitivity_rho_mobile_0_plus20pct__terminal__start2,50,1.568926921778683,-1.0521456213033957,7.666844105172869,0.49570787606643407,-0.8684873095990874,0.00186940392738663,2136.3287665769617,1.5446417327216986
sensitivity_rho_mobile_0_plus20pct__terminal__start2,51,1.5677715659399236,-0.7102212386558323,6.91702128432629,0.7582141780732135,-0.6519985513928954,0.0030247562426290848,1009.3090676741659,1.2480275400462275
sensitivity_rho_mobile_0_plus20pct__terminal__start2,52,1.569640970956137,-1.2634665113619146,8.130260093996377,0.30251444364292734,-0.9531441006169477,0.0011553555817224303,3395.682646964308,1.8946833005637855
sensitivity_rho_mobile_0_plus20pct__terminal__start2,53,1.5700822776174426,-1.394070003950959,8.416666926019447,0.17580778841148761,-0.9844242539005835,0.000714049116775793,4521.806793454467,2.337816414473739
sensitivity_rho_mobile_0_plus20pct__terminal__start2,54,1.5703550201335912,-1.4747874014204334,8.593676082819886,0.09586148687232512,-0.9953945853695761,0.0004413066469812413,5397.418608639587,2.9461763598809743
sensitivity_rho_mobile_0_plus20pct__terminal__start2,55,1.570523584278748,-1.5246734965400033,8.703073758042517,0.04610647731091349,-0.9989364936578802,0.000272742512767194,6021.392103767431,4.030980470478159
sensitivity_rho_mobile_0_plus20pct__terminal__start2,56,1.5706277626497396,-1.5555047988899078,8.770685239620326,0.015290931756286328,-0.9998830726600755,0.00016856414435878096,6442.585667096402,10.53482156717385
sensitivity_rho_mobile_0_plus20pct__terminal__start2,57,1.570692148423905,-1.5745595916595734,8.812471433265149,-0.0037632559616001013,-0.999992913500608,0.00010417837080325425,6717.5006232194655,13.193860111863872
sensitivity_rho_mobile_0_plus20pct__terminal__start2,58,1.5707319410207312,-1.5863361012398123,8.838296721198134,-0.015539148984248723,-0.999879258062351,6.438577412091882e-05,6893.241523319199,12.369920744028411
sensitivity_rho_mobile_0_plus20pct__terminal__start2,59,1.5706946499751027,-1.5752999188559695,8.814094933240357,-0.004503576813910317,-0.9999898536773789,0.00010167681961876353,6728.415342940948,13.198755949896375
sensitivity_rho_mobile_0_plus20pct__terminal__start2,60,1.5706950093833092,-1.5754062847261072,8.814328188196235,-0.004609941579317112,-0.9999893690302,0.0001013174114140853,6729.9849622185175,13.198845429694297
sensitivity_rho_mobile_0_plus20pct__terminal__start2,61,1.5706950381719866,-1.5754148046560073,8.814346871970178,-0.004618461418488075,-0.9999893297204431,0.0001012886227367911,6730.110704910863,13.198845916982739
sensitivity_rho_mobile_0_plus20pct__terminal__start2,62,1.5706950314152586,-1.5754128050209457,8.814342486871956,-0.004616461804750813,-0.9999893389529967,0.00010129537946482237,6730.081192779082,13.19884589161024
sensitivity_rho_mobile_0_plus20pct__terminal__start2,63,1.5706950449287145,-1.5754168042910686,8.8143512570684,-0.004620461032206648,-0.9999893204838907,0.00010128186600898185,6730.140217172058,13.198845887771169
sensitivity_rho_mobile_0_plus20pct__terminal__start2,64,0.5999908074321633,-1.5754148046560073,8.814346871970178,-0.002607744451828779,-0.5646288645018369,0.8253408053890466,6730.110704910863,0.920019318438206
sensitivity_rho_mobile_0_plus20pct__terminal__start2,65,0.9708055193627332,-1.5754148046560073,8.814346871970178,-0.003811804686346572,-0.8253320030056226,0.5646348864175504,6730.110704910863,1.3420855843042336
sensitivity_rho_mobile_0_plus20pct__terminal__start2,66,1.1999816148643265,-1.5754148046560073,8.814346871970178,-0.004304555812242366,-0.9320224835476981,0.3623748900804803,6730.110704910863,1.8150969751526116
sensitivity_rho_mobile_0_plus20pct__terminal__start2,67,1.3416202312933032,-1.5754148046560073,8.814346871970178,-0.0044977066700076515,-0.9738435099220761,0.22717523812546525,6730.110704910863,2.3276224330582664
sensitivity_rho_mobile_0_plus20pct__terminal__start2,68,1.4291577103659199,-1.5754148046560073,8.814346871970178,-0.004572212212149732,-0.9899754509292844,0.14116551077670147,6730.110704910863,2.909296801015285
sensitivity_rho_mobile_0_plus20pct__terminal__start2,69,1.4832588477222797,-1.5754148046560073,8.814346871970178,-0.004600777542049889,-0.9961604165513318,0.08742572471696057,6730.110704910863,3.665660585046399
sensitivity_rho_mobile_0_plus20pct__terminal__start2,70,1.5166951894385368,-1.5754148046560073,8.814346871970178,-0.004611704126856499,-0.9985262408436288,0.0540747494838181,6730.110704910863,5.012136541019119
sensitivity_rho_mobile_0_plus20pct__terminal__start2,71,1.5373599850786395,-1.5754148046560073,8.814346871970178,-0.004615879988272788,-0.9994303984147983,0.03343011182110186,6730.110704910863,9.947090294062994
sensitivity_rho_mobile_0_plus20pct__terminal__start2,72,1.5501315311547936,-1.5754148046560073,8.814346871970178,-0.004617475357750001,-0.9997758278359014,0.02066332491054402,6730.110704910863,11.969852101504742
sensitivity_rho_mobile_0_plus20pct__terminal__start2,73,1.5580247807187424,-1.5754148046560073,8.814346871970178,-0.004618084783159143,-0.9999077806338532,0.012771198879420183,6730.110704910863,12.73078184470767
sensitivity_rho_mobile_0_plus20pct__terminal__start2,74,1.562903077230948,-1.5754148046560073,8.814346871970178,-0.004618317570027176,-0.9999581836497149,0.00789316760150468,6730.110704910863,13.020255689797525
sensitivity_rho_mobile_0_plus20pct__terminal__start2,75,1.565918030282691,-1.5754148046560073,8.814346871970178,-0.004618406487730924,-0.9999774361121507,0.0048782771634600566,6730.110704910863,13.130673362294127
sensitivity_rho_mobile_0_plus20pct__terminal__start2,76,1.5677813737431534,-1.5754148046560073,8.814346871970178,-0.004618440451422165,-0.9999847899310443,0.003014948484120609,6730.110704910863,13.17282803113023
sensitivity_rho_mobile_0_plus20pct__terminal__start2,77,1.568932983334434,-1.5754148046560073,8.814346871970178,-0.004618453424419808,-0.9999875988446723,0.0018633423821927913,6730.110704910863,13.188926650810492
sensitivity_rho_mobile_0_plus20pct__terminal__start2,78,1.5696447172036159,-1.5754148046560073,8.814346871970178,-0.0046184583796671785,-0.9999886717549009,0.001151609336735768,6730.110704910863,13.195075336963667
sensitivity_rho_mobile_0_plus20pct__terminal__start2,79,1.5700845929257148,-1.5754148046560073,8.814346871970178,-0.004618460272403719,-0.9999890815702426,0.000711733809091914,6730.110704910863,13.19742386213528
sensitivity_rho_mobile_0_plus20pct__terminal__start2,80,1.5703564510727976,-1.5754148046560073,8.814346871970178,-0.004618460995364814,-0.9999892381057888,0.0004398757079136694,6730.110704910863,13.198320909606638
sensitivity_rho_mobile_0_plus20pct__terminal__start2,81,1.5705244686478135,-1.5754148046560073,8.814346871970178,-0.00461846127151139,-0.9999892978970492,0.0002718581437344463,6730.110704910863,13.198663549891828
sensitivity_rho_mobile_0_plus20pct__terminal__start2,82,1.5706283092198807,-1.5754148046560073,8.814346871970178,-0.004618461376989997,-0.9999893207352787,0.00016801757422537424,6730.110704910863,13.198794426635354
sensitivity_rho_mobile_0_plus20pct__terminal__start2,83,1.570694975887537,-1.5754148046560073,8.814346871970178,-0.00461846141845893,-0.9999893297141325,0.00010135090718606929,6730.110704910863,13.198845880820759
sensitivity_rho_mobile_0_plus20pct__terminal__start2,84,1.570694975887537,-1.5754148046560073,8.342310205260866,-0.00461846141845893,-0.9999893297141325,0.00010135090718606929,4197.776273049276,13.140217123752432
sensitivity_rho_mobile_0_plus20pct__terminal__start2,85,1.570694975887537,-1.5754148046560073,9.973010023033673,-0.00461846141845893,-0.9999893297141325,0.00010135090718606929,21439.92298441949,12.736612527487694
sensitivity_rho_mobile_0_plus20pct__terminal__start2,86,1.570694975887537,-1.5754148046560073,7.334482292429009,-0.00461846141845893,-0.9999893297141325,0.00010135090718606929,1532.2343252594655,12.542350976472234
sensitivity_rho_mobile_0_plus20pct__terminal__start2,87,1.570694975887537,-1.5754148046560073,8.769278129398128,-0.00461846141845893,-0.9999893297141325,0.00010135090718606929,6433.526613984676,13.198258380598691
sensitivity_rho_mobile_0_plus20pct__terminal__start2,88,1.570694975887537,-1.5754148046560073,8.769168167139188,-0.00461846141845893,-0.9999893297141325,0.00010135090718606929,6432.819207759962,13.198255574932057
sensitivity_rho_mobile_0_plus20pct__terminal__start2,89,1.570694975887537,-1.5754148046560073,8.818538790548278,-0.00461846141845893,-0.9999893297141325,0.00010135090718606929,6758.381995081683,13.198842172453835
sensitivity_rho_mobile_0_plus20pct__terminal__start2,90,1.570694975887537,-1.5754148046560073,9.259507562323716,-0.00461846141845893,-0.9999893297141325,0.00010135090718606929,10503.959521244738,13.155795516209032
sensitivity_rho_mobile_0_plus20pct__terminal__start2,91,1.570694975887537,-1.5754148046560073,8.815318963476354,-0.00461846141845893,-0.9999893297141325,0.00010135090718606929,6736.656169242437,13.19884568325212
sensitivity_rho_mobile_0_plus20pct__terminal__start2,92,1.570694975887537,-1.5754148046560073,8.81498931464473,-0.00461846141845893,-0.9999893297141325,0.00010135090718606929,6734.43580439764,13.198845785295244
sensitivity_rho_mobile_0_plus20pct__terminal__start2,93,1.570694975887537,-1.5754148046560073,8.814450553601928,-0.00461846141845893,-0.9999893297141325,0.00010135090718606929,6730.808529945796,13.198845874703858
sensitivity_rho_mobile_0_plus20pct__terminal__start2,94,1.570694975887537,-1.5754148046560073,8.797196222910305,-0.00461846141845893,-0.9999893297141325,0.00010135090718606929,6615.669117018467,13.198755837133776
sensitivity_rho_mobile_0_plus20pct__terminal__start2,95,1.570694975887537,-1.5754148046560073,8.814218137974613,-0.00461846141845893,-0.9999893297141325,0.00010135090718606929,6729.244366634016,13.198845878493007
sensitivity_rho_mobile_0_plus20pct__terminal__start2,96,1.570694975887537,-1.5754148046560073,8.814292338314118,-0.00461846141845893,-0.9999893297141325,0.00010135090718606929,6729.743697375656,13.198845881362121
sensitivity_rho_mobile_0_plus20pct__terminal__start2,97,1.570694975887537,-1.5754148046560073,8.814359004981593,-0.00461846141845893,-0.9999893297141325,0.00010135090718606929,6730.192361916242,13.198845880424921
sensitivity_rho_mobile_0_plus20pct__terminal__start2,98,1.5677715793779015,-0.7102436484999539,6.917015894321243,0.7581995667277407,-0.6520155427172205,0.003024742804712716,1009.3036275078587,1.2480426107716978
sensitivity_rho_mobile_0_plus20pct__terminal__start2,99,1.56892693008381,-1.0521665120944397,7.666835383961504,0.49568973257905247,-0.8684976651527135,0.0018693956222741112,2136.310135283488,1.544666102990867
sensitivity_rho_mobile_0_plus20pct__terminal__start2,100,1.5696409760889878,-1.263486463326526,8.130249313986285,0.3024954264871449,-0.9531501361903595,0.001155350448875045,3395.6460416684085,1.8947312844714483
sensitivity_rho_mobile_0_plus20pct__terminal__start2,101,1.5700822807897188,-1.3940893756889254,8.416654873601766,0.1757887183702055,-0.9844276594205131,0.0007140459445003823,4521.752295078741,2.3379133833086
sensitivity_rho_mobile_0_plus20pct__terminal__start2,102,1.5703550220941656,-1.4748064145586122,8.593663244011067,0.09584256128028823,-0.9953964078182159,0.00044130468640706265,5397.349312658791,2.9464019033794453
sensitivity_rho_mobile_0_plus20pct__terminal__start2,103,1.5705235854904498,-1.524692288051325,8.703060433217246,0.04608770577635903,-0.9989373598922279,0.00027274130106538915,6021.311870304306,4.031836943224054
sensitivity_rho_mobile_0_plus20pct__terminal__start2,104,1.5706277633986125,-1.555523453428299,8.770671614420367,0.015272279396463213,-0.9998833577314996,0.00016856339548582797,6442.497886176456,10.539824488541813
sensitivity_rho_mobile_0_plus20pct__terminal__start2,105,1.5706921488867338,-1.5745781615440377,8.812457622423425,-0.003781825713819238,-0.9999928434450088,0.00010417790797437043,6717.407849522223,13.194074073415102
sensitivity_rho_mobile_0_plus20pct__terminal__start2,106,1.570731941306775,-1.5863546188052728,8.83828279562349,-0.015557664311197587,-0.9998789701437315,6.438548807706413e-05,6893.1455316382,12.367078879548933
sensitivity_rho_mobile_0_plus20pct__terminal__start2,107,1.570694586593369,-1.5752995941177488,8.814039687449856,-0.004503252078955189,-0.9999898551333632,0.00010174020135207497,6728.0436365842115,13.198755394795993
sensitivity_rho_mobile_0_plus20pct__terminal__start2,108,1.5706949475944225,-1.5754064313865723,8.814273976159132,-0.004610088238194155,-0.9999893683478309,0.00010137920030044182,6729.620125913392,13.19884541019087
sensitivity_rho_mobile_0_plus20pct__terminal__start2,109,1.570694975904064,-1.5754148095471014,8.81429234904004,-0.004618466309500944,-0.9999893296915447,0.00010135089065906737,6729.743769558359,13.198845881358336
sensitivity_rho_mobile_0_plus20pct__terminal__start2,110,1.5706949756711786,-1.5754147406252759,8.814292197897974,-0.004618397388410661,-0.9999893300098319,0.00010135112354455486,6729.742752411059,13.198845881391188
sensitivity_rho_mobile_0_plus20pct__terminal__start2,111,1.5706949756670263,-1.5754147393964437,8.814292195203207,-0.004618396159591623,-0.9999893300155067,0.00010135112769678895,6729.74273427597,13.19884588139087
sensitivity_rho_mobile_0_plus20pct__terminal__start2,112,1.5706949757108035,-1.5754147523521949,8.814292223614512,-0.004618409115204544,-0.9999893299556764,0.0001013510839195851,6729.7429254767485,13.19884588138837
sensitivity_rho_mobile_0_plus20pct__terminal__start2,113,1.5706949756863138,-1.5754147451045604,8.814292207720817,-0.004618401867647373,-0.9999893299891462,0.00010135110840932851,6729.742818516266,13.19884588139042
sensitivity_rho_mobile_0_plus20pct__terminal__start2,114,1.5706949756753306,-1.5754147418541078,8.814292200592739,-0.004618398617229477,-0.9999893300041571,0.00010135111939254281,6729.742770546137,13.198845881390431
sensitivity_K_Lambda_minus20pct__onset__start1,1,1.5706949758875361,1.5658013345006918,11.18230883208749,0.0049949714977768475,0.9999875199159888,0.00010135090718695746,71848.05580700038,3.2080207337280275
sensitivity_K_Lambda_minus20pct__onset__start1,2,0.5999908074321633,1.5658013345006918,11.18230883208749,0.0028203351787913816,0.5646278426266624,0.8253408053890466,71848.05580700038,3.1348411130955744
sensitivity_K_Lambda_minus20pct__onset__start1,3,0.9708055193627332,1.5658013345006918,11.18230883208749,0.004122553820043925,0.8253305093053576,0.5646348864175504,71848.05580700038,3.1699095557317993
sensitivity_K_Lambda_minus20pct__onset__start1,4,1.1999816148643265,1.5658013345006918,11.18230883208749,0.00465547541586148,0.932020796757139,0.36237489008048024,71848.05580700038,3.191347653377944
sensitivity_K_Lambda_minus20pct__onset__start1,5,1.3416202312933032,1.5658013345006918,11.18230883208749,0.004864372479600658,0.9738417474430935,0.22717523812546522,71848.05580700038,3.201293883670971
sensitivity_K_Lambda_minus20pct__onset__start1,6,1.4291577103659199,1.5658013345006918,11.18230883208749,0.004944951924941199,0.9899736592544334,0.14116551077670147,71848.05580700038,3.2053961076005426
sensitivity_K_Lambda_minus20pct__onset__start1,7,1.4832588477222797,1.5658013345006918,11.18230883208749,0.0049758459815864705,0.996158613682822,0.08742572471696056,71848.05580700038,3.2070100330884044
sensitivity_K_Lambda_minus20pct__onset__start1,8,1.5166951894385368,1.5658013345006918,11.18230883208749,0.004987663332589757,0.998524433693409,0.0540747494838181,71848.05580700038,3.207633480053341
sensitivity_K_Lambda_minus20pct__onset__start1,9,1.5373599850786395,1.5658013345006918,11.18230883208749,0.004992179622077347,0.9994285896282183,0.03343011182110186,71848.05580700038,3.2078726411528
sensitivity_K_Lambda_minus20pct__onset__start1,10,1.5501315311547936,1.5658013345006918,11.18230883208749,0.004993905050601066,0.9997740184241571,0.02066332491054402,71848.05580700038,3.2079641425848666
sensitivity_K_Lambda_minus20pct__onset__start1,11,1.5580247807187424,1.5658013345006918,11.18230883208749,0.004994564158098752,0.9999059709832985,0.012771198879420182,71848.05580700038,3.207999114932088
sensitivity_K_Lambda_minus20pct__onset__start1,12,1.562903077230948,1.5658013345006918,11.18230883208749,0.004994815922412781,0.99995637390794,0.007893167601504682,71848.05580700038,3.2080124763779834
sensitivity_K_Lambda_minus20pct__onset__start1,13,1.565918030282691,1.5658013345006918,11.18230883208749,0.004994912088940034,0.9999756263355324,0.0048782771634600566,71848.05580700038,3.2080175804628115
sensitivity_K_Lambda_minus20pct__onset__start1,14,1.5677813737431534,1.5658013345006918,11.18230883208749,0.004994948821447754,0.9999829801411169,0.003014948484120609,71848.05580700038,3.2080195301178236
sensitivity_K_Lambda_minus20pct__onset__start1,15,1.568932983334434,1.5658013345006918,11.18230883208749,0.0049949628520409755,0.9999857890496612,0.0018633423821927913,71848.05580700038,3.2080202748297073
sensitivity_K_Lambda_minus20pct__onset__start1,16,1.5696447172036159,1.5658013345006918,11.18230883208749,0.004994968211254172,0.9999868619579481,0.001151609336735768,71848.05580700038,3.2080205592857807
sensitivity_K_Lambda_minus20pct__onset__start1,17,1.5700845929257148,1.5658013345006918,11.18230883208749,0.004994970258291965,0.999987271772548,0.0007117338090919139,71848.05580700038,3.208020667938548
sensitivity_K_Lambda_minus20pct__onset__start1,18,1.5703564510727976,1.5658013345006918,11.18230883208749,0.004994971040190899,0.999987428307811,0.0004398757079136694,71848.05580700038,3.2080207094402367
sensitivity_K_Lambda_minus20pct__onset__start1,19,1.5705244686478135,1.5658013345006918,11.18230883208749,0.004994971338849728,0.9999874880989631,0.0002718581437344463,71848.05580700038,3.208020725292481
sensitivity_K_Lambda_minus20pct__onset__start1,20,1.5706283092198807,1.5658013345006918,11.18230883208749,0.00499497145292725,0.9999875109371512,0.00016801757422537421,71848.05580700038,3.2080207313474984
sensitivity_K_Lambda_minus20pct__onset__start1,21,1.5706949758875361,-0.7416294238611398,11.18230883208749,0.7373688742911911,-0.6754902907922034,0.00010135090718695747,71848.05580700038,3.1285374368553813
sensitivity_K_Lambda_minus20pct__onset__start1,22,1.5706949758875361,0.7416294238611396,11.18230883208749,0.7373688742911911,0.6754902907922031,0.00010135090718695746,71848.05580700038,3.1339280572379424
sensitivity_K_Lambda_minus20pct__onset__start1,23,1.5706949758875361,1.658333805867513,11.18230883208749,-0.08742572426794121,0.9961710357484901,0.00010135090718695746,71848.05580700038,3.205364915614324
sensitivity_K_Lambda_minus20pct__onset__start1,24,1.5706949758875361,2.2248882715834193,11.18230883208749,-0.6084388578539173,0.793600747215761,0.00010135090718695746,71848.05580700038,3.1333331727049853
sensitivity_K_Lambda_minus20pct__onset__start1,25,1.5706949758875361,1.4818083904430424,11.18230883208749,0.08887053532721721,0.9960431806295587,0.00010135090718695747,71848.05580700038,3.205847702669017
sensitivity_K_Lambda_minus20pct__onset__start1,26,1.5706949758875361,1.557522895444515,11.18230883208749,0.013273041524651134,0.9999119041679014,0.00010135090718695746,71848.05580700038,3.2079993247691463
sensitivity_K_Lambda_minus20pct__onset__start1,27,1.5706949758875361,1.565645898721754,11.18230883208749,0.005150405275897152,0.9999867314387165,0.00010135090718695746,71848.05580700038,3.2080207259572746
sensitivity_K_Lambda_minus20pct__onset__start1,28,1.5706949758875361,1.5658678833928314,11.18230883208749,0.004928423425161341,0.9999878501114581,0.00010135090718695746,71848.05580700038,3.2080207324402936
sensitivity_K_Lambda_minus20pct__onset__start1,29,1.5706949758875361,1.5658012167251778,11.18230883208749,0.004995089271820974,0.9999875193276966,0.00010135090718695747,71848.05580700038,3.2080207337278557
sensitivity_K_Lambda_minus20pct__onset__start1,30,1.5706949758875361,1.5657345500585094,11.18230883208749,0.005061755095295008,0.9999871840995509,0.00010135090718695746,71848.05580700038,3.208020732238696
sensitivity_K_Lambda_minus20pct__onset__start1,31,1.5706949758875361,1.5658012167251778,8.342310205260866,0.004995089271820974,0.9999875193276966,0.00010135090718695747,4197.776273049276,3.195851302078842
sensitivity_K_Lambda_minus20pct__onset__start1,32,1.5706949758875361,1.5658012167251778,9.973010023033673,0.004995089271820974,0.9999875193276966,0.00010135090718695747,21439.92298441949,3.207537798680427
sensitivity_K_Lambda_minus20pct__onset__start1,33,1.5706949758875361,1.5658012167251778,10.980837935865528,0.004995089271820974,0.9999875193276966,0.00010135090718695747,58737.752128584805,3.2079770499064684
sensitivity_K_Lambda_minus20pct__onset__start1,34,1.5706949758875361,1.5658012167251778,10.562351374982976,0.004995089271820974,0.9999875193276966,0.00010135090718695747,38651.90630240027,3.2078693476784585
sensitivity_K_Lambda_minus20pct__onset__start1,35,1.5706949758875361,1.5658012167251778,11.19650253325182,0.004995089271820974,0.9999875193276966,0.00010135090718695747,72875.11729962347,3.208009418422738
sensitivity_K_Lambda_minus20pct__onset__start1,36,1.5706949758875361,1.5658012167251778,11.736997892161272,0.004995089271820974,0.9999875193276966,0.00010135090718695747,125116.16342695447,3.2079167555650727
sensitivity_K_Lambda_minus20pct__onset__start1,37,1.5706949758875361,1.5658012167251778,11.26515569461304,0.004995089271820974,0.9999875193276966,0.00010135090718695747,78053.96259523842,3.2079794816514347
sensitivity_K_Lambda_minus20pct__onset__start1,38,1.5706949758875361,1.5658012167251778,11.12507116806105,0.004995089271820974,0.9999875193276966,0.00010135090718695747,67851.1197240859,3.207979862599264
sensitivity_K_Lambda_minus20pct__onset__start1,39,1.5706949758875361,1.5658012167251778,11.194889297839659,0.004995089271820974,0.9999875193276966,0.00010135090718695747,72757.64735854128,3.208011258194192
sensitivity_K_Lambda_minus20pct__onset__start1,40,1.5706949758875361,1.5658012167251778,11.170080548796173,0.004995089271820974,0.9999875193276966,0.00010135090718695747,70974.82735032872,3.2080039672798613
sensitivity_K_Lambda_minus20pct__onset__start1,41,1.5706949758875361,1.5658012167251778,11.185413198923413,0.004995089271820974,0.9999875193276966,0.00010135090718695747,72071.44509041277,3.208019844587767
sensitivity_K_Lambda_minus20pct__onset__start1,42,1.5706949758875361,1.5658012167251778,11.179556647712419,0.004995089271820974,0.9999875193276966,0.00010135090718695747,71650.588568197,3.208019879747858
sensitivity_K_Lambda_minus20pct__onset__start1,43,1.5706949758875361,1.5658012167251778,11.18243379033667,0.004995089271820974,0.9999875193276966,0.00010135090718695747,71857.03437522246,3.208020732445045
sensitivity_K_Lambda_minus20pct__onset__start1,44,1.5706949758875361,1.5658012167251778,11.18250045700519,0.004995089271820974,0.9999875193276966,0.00010135090718695747,71861.82500399984,3.2080207304432555
sensitivity_K_Lambda_minus20pct__onset__start1,45,1.5706949758875361,1.5658012167251778,11.182331715743706,0.004995089271820974,0.9999875193276966,0.00010135090718695747,71849.69997202144,3.2080207337350957
sensitivity_K_Lambda_minus20pct__onset__start1,46,1.5706949758875361,1.5658012167251778,11.181271734076848,0.004995089271820974,0.9999875193276966,0.00010135090718695747,71773.58095678923,3.208020615498811
sensitivity_K_Lambda_minus20pct__onset__start1,47,1.5706949758875361,1.5658012167251778,11.1822650490767,0.004995089271820974,0.9999875193276966,0.00010135090718695747,71844.91015166134,3.2080207334098065
sensitivity_K_Lambda_minus20pct__onset__start2,1,1.5707963267948966,1.5358013345006918,11.23230883208749,0.03498784996500899,0.9993877377448784,6.123233995736766e-17,75531.7844007111,3.207702607782479
sensitivity_K_Lambda_minus20pct__onset__start2,2,0.5999908074321633,1.5358013345006918,11.23230883208749,0.01975536069098714,0.5642891817886719,0.8253408053890466,75531.7844007111,3.1348479141963357
sensitivity_K_Lambda_minus20pct__onset__start2,3,0.9708055193627332,1.5358013345006918,11.23230883208749,0.028876900268951643,0.8248354803662952,0.5646348864175504,75531.7844007111,3.1698518356309147
sensitivity_K_Lambda_minus20pct__onset__start2,4,1.1999816148643265,1.5358013345006918,11.23230883208749,0.03260981060690088,0.9314617755395773,0.36237489008048024,75531.7844007111,3.191160188679206
sensitivity_K_Lambda_minus20pct__onset__start2,5,1.3416202312933032,1.5358013345006918,11.23230883208749,0.03407305400878056,0.9732576422372202,0.22717523812546525,75531.7844007111,3.2010364389118795
sensitivity_K_Lambda_minus20pct__onset__start2,6,1.4291577103659199,1.5358013345006918,11.23230883208749,0.034637481960093856,0.9893798782119116,0.1411655107767015,75531.7844007111,3.205103436627009
sensitivity_K_Lambda_minus20pct__onset__start2,7,1.4832588477222797,1.5358013345006918,11.23230883208749,0.03485388291726544,0.995561122936861,0.08742572471696057,75531.7844007111,3.20670184375771
sensitivity_K_Lambda_minus20pct__onset__start2,8,1.5166951894385368,1.5358013345006918,11.23230883208749,0.034936658905466225,0.9979255239409329,0.0540747494838181,75531.7844007111,3.207319169519231
sensitivity_K_Lambda_minus20pct__onset__start2,9,1.5373599850786395,1.5358013345006918,11.23230883208749,0.03496829377230163,0.9988291375677237,0.03343011182110186,75531.7844007111,3.207555974108374
sensitivity_K_Lambda_minus20pct__onset__start2,10,1.5501315311547936,1.5358013345006918,11.23230883208749,0.03498037973395927,0.9991743591772706,0.02066332491054402,75531.7844007111,3.2076465733590154
sensitivity_K_Lambda_minus20pct__onset__start2,11,1.5580247807187424,1.5358013345006918,11.23230883208749,0.034984996527895273,0.9993062325919545,0.012771198879420183,75531.7844007111,3.2076812008362032
sensitivity_K_Lambda_minus20pct__onset__start2,12,1.562903077230948,1.5358013345006918,11.23230883208749,0.03498676003986015,0.9993566052851844,0.007893167601504682,75531.7844007111,3.2076944305164212
sensitivity_K_Lambda_minus20pct__onset__start2,13,1.565918030282691,1.5358013345006918,11.23230883208749,0.03498743364931145,0.9993758461652711,0.0048782771634600566,75531.7844007111,3.2076994842659605
sensitivity_K_Lambda_minus20pct__onset__start2,14,1.5677813737431534,1.5358013345006918,11.23230883208749,0.03498769094636769,0.9993831955600813,0.003014948484120609,75531.7844007111,3.2077014146938327
sensitivity_K_Lambda_minus20pct__onset__start2,15,1.568932983334434,1.5358013345006918,11.23230883208749,0.034987789225264423,0.9993860027838569,0.0018633423821927916,75531.7844007111,3.207702152061488
sensitivity_K_Lambda_minus20pct__onset__start2,16,1.5696447172036159,1.5358013345006918,11.23230883208749,0.03498782676448689,0.9993870750486189,0.001151609336735768,75531.7844007111,3.2077024337123046
sensitivity_K_Lambda_minus20pct__onset__start2,17,1.5700845929257148,1.5358013345006918,11.23230883208749,0.034987841103197505,0.9993874846174142,0.000711733809091914,75531.7844007111,3.2077025412935547
sensitivity_K_Lambda_minus20pct__onset__start2,18,1.5703564510727976,1.5358013345006918,11.23230883208749,0.03498784658009812,0.9993876410587882,0.00043987570791366947,75531.7844007111,3.207702582385963
sensitivity_K_Lambda_minus20pct__onset__start2,19,1.5705244686478135,1.5358013345006918,11.23230883208749,0.034987848672088075,0.9993877008140779,0.0002718581437344463,75531.7844007111,3.2077025980818683
sensitivity_K_Lambda_minus20pct__onset__start2,20,1.5706283092198807,1.5358013345006918,11.23230883208749,0.03498784947115715,0.9993877236385679,0.00016801757422537424,75531.7844007111,3.2077026040771757
sensitivity_K_Lambda_minus20pct__onset__start2,21,1.5706949758890394,1.5358013345006918,11.23230883208749,0.03498784978531128,0.99938773261202,0.00010135090568371548,75531.7844007111,3.2077026064342355
sensitivity_K_Lambda_minus20pct__onset__start2,22,1.5706949758890394,-0.7416294238611396,11.23230883208749,0.7373688742911914,-0.6754902907922032,0.0001013509056837155,75531.7844007111,3.1284933660304097
sensitivity_K_Lambda_minus20pct__onset__start2,23,1.5706949758890394,0.7416294238611398,11.23230883208749,0.7373688742911912,0.6754902907922034,0.0001013509056837155,75531.7844007111,3.13388689430529
sensitivity_K_Lambda_minus20pct__onset__start2,24,1.5706949758890394,1.6583338058675132,11.23230883208749,-0.08742572426794142,0.9961710357484902,0.00010135090568371548,75531.7844007111,3.205327058197553
sensitivity_K_Lambda_minus20pct__onset__start2,25,1.5706949758890394,2.2248882715834197,11.23230883208749,-0.6084388578539178,0.7936007472157609,0.0001013509056837155,75531.7844007111,3.133298771331111
sensitivity_K_Lambda_minus20pct__onset__start2,26,1.5706949758890394,1.4818248591455863,11.23230883208749,0.08885413177630365,0.9960446440768974,0.0001013509056837155,75531.7844007111,3.2058111965238405
sensitivity_K_Lambda_minus20pct__onset__start2,27,1.5706949758890394,1.5574963511324802,11.23230883208749,0.013299583493563525,0.9999115514918765,0.00010135090568371548,75531.7844007111,3.2079613617473974
sensitivity_K_Lambda_minus20pct__onset__start2,28,1.5706949758890394,1.5656408502633292,11.23230883208749,0.005155453667270578,0.9999867054243664,0.00010135090568371548,75531.7844007111,3.207982871559676
sensitivity_K_Lambda_minus20pct__onset__start2,29,1.5706949758890394,1.5658629429449473,11.23230883208749,0.004933363812959411,0.9999878257506353,0.00010135090568371548,75531.7844007111,3.2079828780301836
sensitivity_K_Lambda_minus20pct__onset__start2,30,1.5706949758890394,1.565796275832395,11.23230883208749,0.005000030102877231,0.99998749463529,0.00010135090568371548,75531.7844007111,3.20798287932434
sensitivity_K_Lambda_minus20pct__onset__start2,31,1.5706949758890394,1.5657296087208314,11.23230883208749,0.005066696369583422,0.9999871590755015,0.00010135090568371548,75531.7844007111,3.2079828778420407
sensitivity_K_Lambda_minus20pct__onset__start2,32,1.5706949758890394,1.565796275832395,8.342310205260866,0.005000030102877231,0.99998749463529,0.00010135090568371548,4197.776273049276,3.195851307070737
sensitivity_K_Lambda_minus20pct__onset__start2,33,1.5706949758890394,1.565796275832395,9.973010023033673,0.005000030102877231,0.99998749463529,0.00010135090568371548,21439.92298441949,3.207537798905834
sensitivity_K_Lambda_minus20pct__onset__start2,34,1.5706949758890394,1.565796275832395,10.980837935865528,0.005000030102877231,0.99998749463529,0.00010135090568371548,58737.752128584805,3.207977049925964
sensitivity_K_Lambda_minus20pct__onset__start2,35,1.5706949758890394,1.565796275832395,10.56235136944219,0.005000030102877231,0.99998749463529,0.00010135090568371548,38651.90608823834,3.2078693477596545
sensitivity_K_Lambda_minus20pct__onset__start2,36,1.5706949758890394,1.565796275832395,11.196502404730964,0.005000030102877231,0.99998749463529,0.00010135090568371548,72875.10793365161,3.208009418565942
sensitivity_K_Lambda_minus20pct__onset__start2,37,1.5706949758890394,1.565796275832395,11.736997812731016,0.005000030102877231,0.99998749463529,0.00010135090568371548,125116.15348894596,3.2079167553848245
sensitivity_K_Lambda_minus20pct__onset__start2,38,1.5706949758890394,1.565796275832395,11.26515570761052,0.005000030102877231,0.99998749463529,0.00010135090568371548,78053.96360974328,3.2079794816392773
sensitivity_K_Lambda_minus20pct__onset__start2,39,1.5706949758890394,1.565796275832395,11.125071140384891,0.005000030102877231,0.99998749463529,0.00010135090568371548,67851.1178462276,3.207979862631128
sensitivity_K_Lambda_minus20pct__onset__start2,40,1.5706949758890394,1.565796275832395,11.194889265524871,0.005000030102877231,0.99998749463529,0.00010135090568371548,72757.64500739341,3.208011258219867
sensitivity_K_Lambda_minus20pct__onset__start2,41,1.5706949758890394,1.565796275832395,11.170080534361354,0.005000030102877231,0.99998749463529,0.00010135090568371548,70974.8263258199,3.208003967234533
sensitivity_K_Lambda_minus20pct__onset__start2,42,1.5706949758890394,1.565796275832395,11.185413173438166,0.005000030102877231,0.99998749463529,0.00010135090568371548,72071.44325365417,3.208019844586123
sensitivity_K_Lambda_minus20pct__onset__start2,43,1.5706949758890394,1.565796275832395,11.17955662644806,0.005000030102877231,0.99998749463529,0.00010135090568371548,71650.58704459317,3.208019879719657
sensitivity_K_Lambda_minus20pct__onset__start2,44,1.5706949758890394,1.565796275832395,11.182433805714004,0.005000030102877231,0.99998749463529,0.00010135090568371548,71857.03548019203,3.208020732429583
sensitivity_K_Lambda_minus20pct__onset__start2,45,1.5706949758890394,1.565796275832395,11.182500473120436,0.005000030102877231,0.99998749463529,0.00010135090568371548,71861.82616207084,3.208020730427547
sensitivity_K_Lambda_minus20pct__onset__start2,46,1.5706949758890394,1.565796275832395,11.182331716264407,0.005000030102877231,0.99998749463529,0.00010135090568371548,71849.7000094337,3.2080207337199935
sensitivity_K_Lambda_minus20pct__onset__start2,47,1.5706949758890394,1.565796275832395,11.181271726276396,0.005000030102877231,0.99998749463529,0.00010135090568371548,71773.58039692286,3.2080206154820647
sensitivity_K_Lambda_minus20pct__onset__start2,48,1.5706949758890394,1.565796275832395,11.18226504885646,0.005000030102877231,0.99998749463529,0.00010135090568371548,71844.91013583823,3.2080207333947155
sensitivity_K_Lambda_minus20pct__onset__start2,49,1.5705936249831822,1.595791217164098,11.132354600441325,-0.024992287366822005,0.9996876234525215,0.00020270181032629262,68347.11284004852,3.207695359792155
sensitivity_K_Lambda_minus20pct__onset__start2,50,0.5999908074321633,1.565796275832395,11.182331716264407,0.002823191443722337,0.5646278283522979,0.8253408053890466,71849.7000094337,3.134841116138659
sensitivity_K_Lambda_minus20pct__onset__start2,51,0.9708055193627332,1.565796275832395,11.182331716264407,0.004126728893273063,0.8253304884401651,0.5646348864175504,71849.7000094337,3.169909589324056
sensitivity_K_Lambda_minus20pct__onset__start2,52,1.1999816148643265,1.565796275832395,11.182331716264407,0.0046601901998585184,0.9320207731947079,0.36237489008048024,71849.7000094337,3.1913476218747077
sensitivity_K_Lambda_minus20pct__onset__start2,53,1.3416202312933032,1.565796275832395,11.182331716264407,0.004869298821912406,0.9738417228233863,0.22717523812546525,71849.7000094337,3.2012938647506073
sensitivity_K_Lambda_minus20pct__onset__start2,54,1.4291577103659199,1.565796275832395,11.182331716264407,0.004949959873242762,0.9899736342268951,0.14116551077670147,71849.7000094337,3.2053960958521093
sensitivity_K_Lambda_minus20pct__onset__start2,55,1.4832588477222797,1.565796275832395,11.182331716264407,0.004980885217520525,0.9961585884989218,0.08742572471696057,71849.7000094337,3.207010027871421
sensitivity_K_Lambda_minus20pct__onset__start2,56,1.5166951894385368,1.565796275832395,11.182331716264407,0.004992714536422343,0.9985244084496985,0.0540747494838181,71849.7000094337,3.2076334779546554
sensitivity_K_Lambda_minus20pct__onset__start2,57,1.5373599850786395,1.565796275832395,11.182331716264407,0.004997235399734838,0.9994285643616498,0.03343011182110186,71849.7000094337,3.207872640331944
sensitivity_K_Lambda_minus20pct__onset__start2,58,1.5501315311547936,1.565796275832395,11.182331716264407,0.004998962575668234,0.9997739931488558,0.02066332491054402,71849.7000094337,3.207964142264314
sensitivity_K_Lambda_minus20pct__onset__start2,59,1.5580247807187424,1.565796275832395,11.182331716264407,0.00499962235067014,0.9999059457046613,0.012771198879420183,71849.7000094337,3.2079991148043976
sensitivity_K_Lambda_minus20pct__onset__start2,60,1.562903077230948,1.565796275832395,11.182331716264407,0.004999874369955842,0.9999563486280285,0.00789316760150468,71849.7000094337,3.2080124763242015
sensitivity_K_Lambda_minus20pct__onset__start2,61,1.565918030282691,1.565796275832395,11.182331716264407,0.0049999706338747394,0.9999756010551343,0.0048782771634600566,71849.7000094337,3.208017580437309
sensitivity_K_Lambda_minus20pct__onset__start2,62,1.5677813737431534,1.565796275832395,11.182331716264407,0.005000007403582921,0.9999829548605328,0.003014948484120609,71849.7000094337,3.2080195301031185
sensitivity_K_Lambda_minus20pct__onset__start2,63,1.568932983334434,1.565796275832395,11.182331716264407,0.005000021448385479,0.999985763769006,0.0018633423821927913,71849.7000094337,3.208020274819124
sensitivity_K_Lambda_minus20pct__onset__start2,64,1.5696447172036159,1.565796275832395,11.182331716264407,0.005000026813026162,0.9999868366772657,0.0011516093367357678,71849.7000094337,3.2080205592767816
sensitivity_K_Lambda_minus20pct__onset__start2,65,1.5700845929257148,1.565796275832395,11.182331716264407,0.005000028862137072,0.9999872464918554,0.0007117338090919139,71849.7000094337,3.2080206679301515
sensitivity_K_Lambda_minus20pct__onset__start2,66,1.5703564510727976,1.565796275832395,11.182331716264407,0.005000029644827867,0.9999874030271144,0.0004398757079136694,71849.7000094337,3.208020709432068
sensitivity_K_Lambda_minus20pct__onset__start2,67,1.5705244686478135,1.565796275832395,11.182331716264407,0.005000029943789158,0.999987462818265,0.00027185814373444626,71849.7000094337,3.208020725284403
sensitivity_K_Lambda_minus20pct__onset__start2,68,1.5706283092198807,1.565796275832395,11.182331716264407,0.005000030057982212,0.9999874856564526,0.00016801757422537421,71849.7000094337,3.2080207313394506
sensitivity_K_Lambda_minus20pct__onset__start2,69,1.5706949758875361,-0.7416294238611401,11.182331716264407,0.7373688742911909,-0.6754902907922036,0.00010135090718695747,71849.7000094337,3.128537418915197
sensitivity_K_Lambda_minus20pct__onset__start2,70,1.5706949758875361,0.7416294238611396,11.182331716264407,0.7373688742911911,0.6754902907922031,0.00010135090718695746,71849.7000094337,3.1339280347277985
sensitivity_K_Lambda_minus20pct__onset__start2,71,1.5706949758875361,1.658333805867513,11.182331716264407,-0.08742572426794121,0.9961710357484901,0.00010135090718695746,71849.7000094337,3.2053649150346204
sensitivity_K_Lambda_minus20pct__onset__start2,72,1.5706949758875361,2.2248882715834193,11.182331716264407,-0.6084388578539173,0.793600747215761,0.00010135090718695746,71849.7000094337,3.133333159354925
sensitivity_K_Lambda_minus20pct__onset__start2,73,1.5706949758875361,1.4818084131059437,11.182331716264407,0.08887051275398887,0.9960431826436226,0.00010135090718695747,71849.7000094337,3.205847703213185
sensitivity_K_Lambda_minus20pct__onset__start2,74,1.5706949758875361,1.5575228803366614,11.182331716264407,0.013273056631173829,0.9999119039673742,0.00010135090718695746,71849.7000094337,3.2079993246882474
sensitivity_K_Lambda_minus20pct__onset__start2,75,1.5706949758875361,1.5656459003158605,11.182331716264407,0.005150403681811901,0.9999867314469268,0.00010135090718695746,71849.7000094337,3.2080207259645843
sensitivity_K_Lambda_minus20pct__onset__start2,76,1.5706949758875361,1.5658678843276166,11.182331716264407,0.00492842249038756,0.9999878501160652,0.00010135090718695746,71849.7000094337,3.208020732447531
sensitivity_K_Lambda_minus20pct__onset__start2,77,1.5706949758875361,1.565801217659888,11.182331716264407,0.004995088337122552,0.9999875193323655,0.00010135090718695747,71849.7000094337,3.208020733735102
sensitivity_K_Lambda_minus20pct__onset__start2,78,1.5706949758875361,1.565734550993148,11.182331716264407,0.005061754160668398,0.9999871841042818,0.00010135090718695746,71849.7000094337,3.2080207322459366
sensitivity_K_Lambda_minus20pct__onset__start2,79,1.5706949758875361,1.565801217659888,8.342310205260866,0.004995088337122552,0.9999875193323655,0.00010135090718695747,4197.776273049276,3.195851302077894
sensitivity_K_Lambda_minus20pct__onset__start2,80,1.5706949758875361,1.565801217659888,9.973010023033673,0.004995088337122552,0.9999875193323655,0.00010135090718695747,21439.92298441949,3.207537798680375
sensitivity_K_Lambda_minus20pct__onset__start2,81,1.5706949758875361,1.565801217659888,10.980837935865528,0.004995088337122552,0.9999875193323655,0.00010135090718695747,58737.752128584805,3.2079770499064635
sensitivity_K_Lambda_minus20pct__onset__start2,82,1.5706949758875361,1.565801217659888,10.562351374985749,0.004995088337122552,0.9999875193323655,0.00010135090718695747,38651.90630250744,3.2078693476784426
sensitivity_K_Lambda_minus20pct__onset__start2,83,1.5706949758875361,1.565801217659888,11.196502533257842,0.004995088337122552,0.9999875193323655,0.00010135090718695747,72875.11730006232,3.208009418422731
sensitivity_K_Lambda_minus20pct__onset__start2,84,1.5706949758875361,1.565801217659888,11.736997892164993,0.004995088337122552,0.9999875193323655,0.00010135090718695747,125116.16342742008,3.207916755565089
sensitivity_K_Lambda_minus20pct__onset__start2,85,1.5706949758875361,1.565801217659888,11.265155694631337,0.004995088337122552,0.9999875193323655,0.00010135090718695747,78053.96259666668,3.2079794816514435
sensitivity_K_Lambda_minus20pct__onset__start2,86,1.5706949758875361,1.565801217659888,11.125071168083094,0.004995088337122552,0.9999875193323655,0.00010135090718695747,67851.11972558165,3.2079798625992373
sensitivity_K_Lambda_minus20pct__onset__start2,87,1.5706949758875361,1.565801217659888,11.194889297880747,0.004995088337122552,0.9999875193323655,0.00010135090718695747,72757.6473615308,3.2080112581941456
sensitivity_K_Lambda_minus20pct__onset__start2,88,1.5706949758875361,1.565801217659888,11.170080548817051,0.004995088337122552,0.9999875193323655,0.00010135090718695747,70974.8273518105,3.2080039672799128
sensitivity_K_Lambda_minus20pct__onset__start2,89,1.5706949758875361,1.565801217659888,11.185413198956782,0.004995088337122552,0.9999875193323655,0.00010135090718695747,72071.44509281771,3.2080198445877515
sensitivity_K_Lambda_minus20pct__onset__start2,90,1.5706949758875361,1.565801217659888,11.179556647741016,0.004995088337122552,0.9999875193323655,0.00010135090718695747,71650.58857024604,3.208019879747878
sensitivity_K_Lambda_minus20pct__onset__start2,91,1.5706949758875361,1.565801217659888,11.182433790315786,0.004995088337122552,0.9999875193323655,0.00010135090718695747,71857.03437372176,3.2080207324450476
sensitivity_K_Lambda_minus20pct__onset__start2,92,1.5706949758875361,1.565801217659888,11.182500456983966,0.004995088337122552,0.9999875193323655,0.00010135090718695747,71861.82500247464,3.208020730443256
sensitivity_K_Lambda_minus20pct__onset__start2,93,1.5706949758875361,1.565801217659888,11.182331715587555,0.004995088337122552,0.9999875193323655,0.00010135090718695747,71849.69996080206,3.208020733735095
sensitivity_K_Lambda_minus20pct__onset__start2,94,1.5706949758875361,1.565801217659888,11.181271733991263,0.004995088337122552,0.9999875193323655,0.00010135090718695747,71773.58095064649,3.2080206154987945
sensitivity_K_Lambda_minus20pct__onset__start2,95,1.5706949758875361,1.565801217659888,11.182265048920888,0.004995088337122552,0.9999875193323655,0.00010135090718695747,71844.9101404671,3.2080207334098043
sensitivity_K_Lambda_minus20pct__terminal__start1,1,1.5706949758856612,-1.5753908940094778,8.830082914842956,-0.004594551025745008,-0.9999894398586743,0.0001013509090619021,6836.8536687706555,12.874103847207293
sensitivity_K_Lambda_minus20pct__terminal__start1,2,0.5999908074321633,-1.5753908940094778,8.830082914842956,-0.002594243809885216,-0.5646289266932882,0.8253408053890466,6836.8536687706555,0.919152298023874
sensitivity_K_Lambda_minus20pct__terminal__start1,3,0.9708055193627332,-1.5753908940094778,8.830082914842956,-0.003792070463465541,-0.8253320939124081,0.5646348864175504,6836.8536687706555,1.3414439440882495
sensitivity_K_Lambda_minus20pct__terminal__start1,4,1.1999816148643265,-1.5753908940094778,8.830082914842956,-0.0042822705508524265,-0.9320225862059831,0.36237489008048024,6836.8536687706555,1.8134996523606408
sensitivity_K_Lambda_minus20pct__terminal__start1,5,1.3416202312933032,-1.5753908940094778,8.830082914842956,-0.00447442144078346,-0.973843617186768,0.22717523812546525,6836.8536687706555,2.323691245344288
sensitivity_K_Lambda_minus20pct__terminal__start1,6,1.4291577103659199,-1.5753908940094778,8.830082914842956,-0.0045485412577650226,-0.9899755599708406,0.1411655107767015,6836.8536687706555,2.9015517266050193
sensitivity_K_Lambda_minus20pct__terminal__start1,7,1.4832588477222797,-1.5753908940094778,8.830082914842956,-0.004576958701130242,-0.9961605262741354,0.08742572471696057,6836.8536687706555,3.650590855124104
sensitivity_K_Lambda_minus20pct__terminal__start1,8,1.5166951894385368,-1.5753908940094778,8.830082914842956,-0.004587828717545331,-0.9985263508270179,0.0540747494838181,6836.8536687706555,5.0177893597686545
sensitivity_K_Lambda_minus20pct__terminal__start1,9,1.5373599850786395,-1.5753908940094778,8.830082914842956,-0.004591982959968336,-0.9994305084977765,0.03343011182110186,6836.8536687706555,9.560202504591782
sensitivity_K_Lambda_minus20pct__terminal__start1,10,1.5501315311547936,-1.5753908940094778,8.830082914842956,-0.004593570070004305,-0.9997759379569271,0.02066332491054402,6836.8536687706555,11.625998172433224
sensitivity_K_Lambda_minus20pct__terminal__start1,11,1.5580247807187424,-1.5753908940094778,8.830082914842956,-0.004594176340336562,-0.9999078907694129,0.012771198879420182,6836.8536687706555,12.399173125661543
sensitivity_K_Lambda_minus20pct__terminal__start1,12,1.562903077230948,-1.5753908940094778,8.830082914842956,-0.004594407922035835,-0.9999582937908263,0.007893167601504682,6836.8536687706555,12.69294547154007
sensitivity_K_Lambda_minus20pct__terminal__start1,13,1.565918030282691,-1.5753908940094778,8.830082914842956,-0.004594496379400733,-0.9999775462553828,0.004878277163460057,6836.8536687706555,12.804958142599606
sensitivity_K_Lambda_minus20pct__terminal__start1,14,1.5677813737431534,-1.5753908940094778,8.830082914842956,-0.004594530167257399,-0.9999849000750863,0.003014948484120609,6836.8536687706555,12.847715606161962
sensitivity_K_Lambda_minus20pct__terminal__start1,15,1.568932983334434,-1.5753908940094778,8.830082914842956,-0.004594543073092098,-0.9999877089890237,0.0018633423821927913,6836.8536687706555,12.864043554306464
sensitivity_K_Lambda_minus20pct__terminal__start1,16,1.5696447172036159,-1.5753908940094778,8.830082914842956,-0.00459454800268549,-0.9999887818993705,0.001151609336735768,6836.8536687706555,12.870279703258031
sensitivity_K_Lambda_minus20pct__terminal__start1,17,1.5700845929257148,-1.5753908940094778,8.830082914842956,-0.00459454988562308,-0.9999891917147573,0.000711733809091914,6836.8536687706555,12.872661616925226
sensitivity_K_Lambda_minus20pct__terminal__start1,18,1.5703564510727976,-1.5753908940094778,8.830082914842956,-0.004594550604841308,-0.9999893482503207,0.0004398757079136694,6836.8536687706555,12.873571414849586
sensitivity_K_Lambda_minus20pct__terminal__start1,19,1.5705244686478135,-1.5753908940094778,8.830082914842956,-0.004594550879558236,-0.9999894080415876,0.0002718581437344463,6836.8536687706555,12.87391892496373
sensitivity_K_Lambda_minus20pct__terminal__start1,20,1.5706283092198807,-1.5753908940094778,8.830082914842956,-0.004594550984490767,-0.9999894308798197,0.00016801757422537424,6836.8536687706555,12.874051661756678
sensitivity_K_Lambda_minus20pct__terminal__start1,21,1.5706949758875361,-0.7416294238611401,8.830082914842956,0.7373688742911909,-0.6754902907922036,0.00010135090718695747,6836.8536687706555,1.2687598693403952
sensitivity_K_Lambda_minus20pct__terminal__start1,22,1.5706949758875361,0.7416294238611394,8.830082914842956,0.7373688742911914,0.675490290792203,0.00010135090718695746,6836.8536687706555,1.163309270971099
sensitivity_K_Lambda_minus20pct__terminal__start1,23,1.5706949758875361,-1.6583338058675134,8.830082914842956,-0.08742572426794165,-0.9961710357484901,0.00010135090718695747,6836.8536687706555,2.78656309892659
sensitivity_K_Lambda_minus20pct__terminal__start1,24,1.5706949758875361,-2.2248882715834197,8.830082914842956,-0.6084388578539177,-0.7936007472157608,0.00010135090718695747,6836.8536687706555,1.9699186120275702
sensitivity_K_Lambda_minus20pct__terminal__start1,25,1.5706949758875361,-1.5964534003495425,8.830082914842956,-0.02565425856928137,-0.9996708702094176,0.00010135090718695746,6836.8536687706555,9.628983566225488
sensitivity_K_Lambda_minus20pct__terminal__start1,26,1.5706949758875361,-1.2699396957293139,8.830082914842956,0.296338467525088,-0.9550829819407716,0.00010135090718695747,6836.8536687706555,1.9081231790554027
sensitivity_K_Lambda_minus20pct__terminal__start1,27,1.5706949758875361,-1.4717362629772588,8.830082914842956,0.09889813175964061,-0.9950975576607786,0.00010135090718695746,6836.8536687706555,2.9033751358474444
sensitivity_K_Lambda_minus20pct__terminal__start1,28,1.5706949758875361,-1.5646799865490324,8.830082914842956,0.006116302079530176,-0.9999812901134029,0.00010135090718695746,6836.8536687706555,12.096422061437309
sensitivity_K_Lambda_minus20pct__terminal__start1,29,1.5706949758875361,-1.5531403008535998,8.830082914842956,0.017655108530635514,-0.9998441312878549,0.00010135090718695747,6836.8536687706555,9.5038485161517
sensitivity_K_Lambda_minus20pct__terminal__start1,30,1.5706949758875361,-1.5750038063515828,8.830082914842956,-0.0042074671210003325,-0.9999911434349904,0.00010135090718695747,6836.8536687706555,12.873312518252025
sensitivity_K_Lambda_minus20pct__terminal__start1,31,1.5706949758875361,-1.5751199502567041,8.830082914842956,-0.004323609968846432,-0.9999906480186856,0.00010135090718695746,6836.8536687706555,12.873767545762002
sensitivity_K_Lambda_minus20pct__terminal__start1,32,1.5706949758875361,-1.5753485672674001,8.830082914842956,-0.004552224726540621,-0.9999896334352836,0.00010135090718695747,6836.8536687706555,12.874118254341132
sensitivity_K_Lambda_minus20pct__terminal__start1,33,1.5706949758875361,-1.5752819006001058,8.830082914842956,-0.0044855587402838895,-0.9999899346947354,0.00010135090718695747,6836.8536687706555,12.874090665588389
sensitivity_K_Lambda_minus20pct__terminal__start1,34,1.5706949758875361,-1.5754152339346947,8.830082914842956,-0.004618890692565463,-0.9999893277314332,0.00010135090718695746,6836.8536687706555,12.87408433173682
sensitivity_K_Lambda_minus20pct__terminal__start1,35,1.5706949758875361,-1.5753485672674001,8.342310205260866,-0.004552224726540621,-0.9999896334352836,0.00010135090718695747,4197.776273049276,12.807007704215653
sensitivity_K_Lambda_minus20pct__terminal__start1,36,1.5706949758875361,-1.5753485672674001,9.973010023033673,-0.004552224726540621,-0.9999896334352836,0.00010135090718695747,21439.92298441949,12.372998131280248
sensitivity_K_Lambda_minus20pct__terminal__start1,37,1.5706949758875361,-1.5753485672674001,7.334482292429009,-0.004552224726540621,-0.9999896334352836,0.00010135090718695747,1532.2343252594655,12.186794642005585
sensitivity_K_Lambda_minus20pct__terminal__start1,38,1.5706949758875361,-1.5753485672674001,8.759358165127315,-0.004552224726540621,-0.9999896334352836,0.00010135090718695747,6370.021763531424,12.872710763152021
sensitivity_K_Lambda_minus20pct__terminal__start1,39,1.5706949758875361,-1.5753485672674001,8.776472576862469,-0.004552224726540621,-0.9999896334352836,0.00010135090718695747,6479.97918313808,12.873335968680369
sensitivity_K_Lambda_minus20pct__terminal__start1,40,1.5706949758875361,-1.5753485672674001,8.833447418800814,-0.004552224726540621,-0.9999896334352836,0.00010135090718695747,6859.895029637984,12.874105652340727
sensitivity_K_Lambda_minus20pct__terminal__start1,41,1.5706949758875361,-1.5753485672674001,8.826697815912484,-0.004552224726540621,-0.9999896334352836,0.00010135090718695747,6813.7493699597735,12.874123454894168
sensitivity_K_Lambda_minus20pct__terminal__start1,42,1.5706949758875361,-1.5753485672674001,8.825970474001547,-0.004552224726540621,-0.9999896334352836,0.00010135090718695747,6808.795246361653,12.874123645182255
sensitivity_K_Lambda_minus20pct__terminal__start1,43,1.5706949758875361,-1.5753485672674001,8.825903807273882,-0.004552224726540621,-0.9999896334352836,0.00010135090718695747,6808.341341393582,12.874123646523849
sensitivity_K_Lambda_minus20pct__terminal__start1,44,1.5706949758875361,-1.5753485672674001,8.82583714054523,-0.004552224726540621,-0.9999896334352836,0.00010135090718695747,6807.887466678149,12.874123645714798
sensitivity_K_Lambda_minus20pct__terminal__start1,45,1.570694975889411,-1.5753062405253224,8.821724699704808,-0.004509898419180681,-0.9999898252203583,0.00010135090531201283,6779.947921463097,12.874107136230217
sensitivity_K_Lambda_minus20pct__terminal__start1,46,0.5999908074321633,-1.5753485672674001,8.825903807273882,-0.002570344904618726,-0.5646290359933955,0.8253408053890466,6808.341341393582,0.9194391375588422
sensitivity_K_Lambda_minus20pct__terminal__start1,47,0.9708055193627332,-1.5753485672674001,8.825903807273882,-0.003757136841411634,-0.8253322536790834,0.5646348864175504,6808.341341393582,1.3419941448396873
sensitivity_K_Lambda_minus20pct__terminal__start1,48,1.1999816148643265,-1.5753485672674001,8.825903807273882,-0.004242821067411303,-0.9320227666256602,0.36237489008048024,6808.341341393582,1.813524097237739
sensitivity_K_Lambda_minus20pct__terminal__start1,49,1.3416202312933032,-1.5753485672674001,8.825903807273882,-0.004433201809178993,-0.973843805702104,0.22717523812546525,6808.341341393582,2.3237716972444464
sensitivity_K_Lambda_minus20pct__terminal__start1,50,1.4291577103659199,-1.5753485672674001,8.825903807273882,-0.00450663881351293,-0.9899757516089762,0.14116551077670147,6808.341341393582,2.901703227558758
sensitivity_K_Lambda_minus20pct__terminal__start1,51,1.4832588477222797,-1.5753485672674001,8.825903807273882,-0.004534794467379293,-0.9961607191095485,0.08742572471696056,6808.341341393582,3.650835927984744
sensitivity_K_Lambda_minus20pct__terminal__start1,52,1.5166951894385368,-1.5753485672674001,8.825903807273882,-0.004545564346139025,-0.9985265441204042,0.0540747494838181,6808.341341393582,5.017761591216688
sensitivity_K_Lambda_minus20pct__terminal__start1,53,1.5373599850786395,-1.5753485672674001,8.825903807273882,-0.004549680318509793,-0.9994307019661884,0.03343011182110186,6808.341341393582,9.56095357768261
sensitivity_K_Lambda_minus20pct__terminal__start1,54,1.5501315311547936,-1.5753485672674001,8.825903807273882,-0.004551252807640721,-0.9997761314922067,0.02066332491054402,6808.341341393582,11.626241370912881
sensitivity_K_Lambda_minus20pct__terminal__start1,55,1.5580247807187424,-1.5753485672674001,8.825903807273882,-0.004551853492839777,-0.9999080843302358,0.012771198879420183,6808.341341393582,12.399273783630962
sensitivity_K_Lambda_minus20pct__terminal__start1,56,1.562903077230948,-1.5753485672674001,8.825903807273882,-0.004552082941143154,-0.9999584873614062,0.007893167601504682,6808.341341393582,12.692995621177541
sensitivity_K_Lambda_minus20pct__terminal__start1,57,1.565918030282691,-1.5753485672674001,8.825903807273882,-0.00455217058361387,-0.9999777398296895,0.0048782771634600566,6808.341341393582,12.804989459659872
sensitivity_K_Lambda_minus20pct__terminal__start1,58,1.5677813737431534,-1.5753485672674001,8.825903807273882,-0.004552204060207277,-0.9999850936508166,0.003014948484120609,6808.341341393582,12.847739791593142
sensitivity_K_Lambda_minus20pct__terminal__start1,59,1.568932983334434,-1.5753485672674001,8.825903807273882,-0.004552216847149789,-0.9999879025652977,0.0018633423821927913,6808.341341393582,12.864065024430161
sensitivity_K_Lambda_minus20pct__terminal__start1,60,1.5696447172036159,-1.5753485672674001,8.825903807273882,-0.004552221731330378,-0.9999889754758522,0.001151609336735768,6808.341341393582,12.870300137486527
sensitivity_K_Lambda_minus20pct__terminal__start1,61,1.5700845929257148,-1.5753485672674001,8.825903807273882,-0.004552223596921816,-0.9999893852913183,0.000711733809091914,6808.341341393582,12.872681655659964
sensitivity_K_Lambda_minus20pct__terminal__start1,62,1.5703564510727976,-1.5753485672674001,8.825903807273882,-0.0045522243095144025,-0.999989541826912,0.0004398757079136694,6808.341341393582,12.873591302545183
sensitivity_K_Lambda_minus20pct__terminal__start1,63,1.5705244686478135,-1.5753485672674001,8.825903807273882,-0.004552224581700561,-0.9999896016181905,0.00027185814373444626,6808.341341393582,12.873938754972071
sensitivity_K_Lambda_minus20pct__terminal__start1,64,1.5706283092198807,-1.5753485672674001,8.825903807273882,-0.0045522246856664235,-0.999989624456427,0.00016801757422537424,6808.341341393582,12.874071469730811
sensitivity_K_Lambda_minus20pct__terminal__start1,65,1.5706949758875361,-0.7416294238611401,8.825903807273882,0.7373688742911909,-0.6754902907922036,0.00010135090718695747,6808.341341393582,1.268760105695673
sensitivity_K_Lambda_minus20pct__terminal__start1,66,1.5706949758875361,0.7416294238611396,8.825903807273882,0.7373688742911911,0.6754902907922031,0.00010135090718695746,6808.341341393582,1.1633920021140116
sensitivity_K_Lambda_minus20pct__terminal__start1,67,1.5706949758875361,-1.6583338058675134,8.825903807273882,-0.08742572426794165,-0.9961710357484901,0.00010135090718695747,6808.341341393582,2.7866256082362857
sensitivity_K_Lambda_minus20pct__terminal__start1,68,1.5706949758875361,-2.2248882715834197,8.825903807273882,-0.6084388578539177,-0.7936007472157608,0.00010135090718695747,6808.341341393582,1.9700438506604538
sensitivity_K_Lambda_minus20pct__terminal__start1,69,1.5706949758875361,-1.5964751447964463,8.825903807273882,-0.02567599585337319,-0.9996703121354216,0.00010135090718695746,6808.341341393582,9.622512706655687
sensitivity_K_Lambda_minus20pct__terminal__start1,70,1.5706949758875361,-1.2699531345365669,8.825903807273882,0.29632563232222386,-0.9550869642900734,0.00010135090718695747,6808.341341393582,1.9081997203385255
sensitivity_K_Lambda_minus20pct__terminal__start1,71,1.5706949758875361,-1.4717548349521143,8.825903807273882,0.09887965081576608,-0.995099394222781,0.00010135090718695746,6808.341341393582,2.903618355503891
sensitivity_K_Lambda_minus20pct__terminal__start1,72,1.5706949758875361,-1.5646884594534571,8.825903807273882,0.0061078293334130744,-0.9999813419003515,0.00010135090718695746,6808.341341393582,12.097743852220281
sensitivity_K_Lambda_minus20pct__terminal__start1,73,1.5706949758875361,-1.5531161476758482,8.825903807273882,0.01767925793851029,-0.9998437045692379,0.00010135090718695747,6808.341341393582,9.496948459578475
sensitivity_K_Lambda_minus20pct__terminal__start1,74,1.5706949758875361,-1.5750031129438848,8.825903807273882,-0.004206773719442605,-0.9999911463522401,0.00010135090718695747,6808.341341393582,12.873314736777616
sensitivity_K_Lambda_minus20pct__terminal__start1,75,1.5706949758875361,-1.5751198428690698,8.825903807273882,-0.004323502582216354,-0.9999906484829822,0.00010135090718695747,6808.341341393582,12.873772653612036
sensitivity_K_Lambda_minus20pct__terminal__start1,76,1.5706949758875361,-1.5753485691396705,8.825903807273882,-0.0045522265987915506,-0.9999896334267606,0.00010135090718695747,6808.341341393582,12.874123646433233
sensitivity_K_Lambda_minus20pct__terminal__start1,77,1.5706949758875361,-1.5752819024730038,8.825903807273882,-0.004485560613163097,-0.9999899346863345,0.00010135090718695747,6808.341341393582,12.874096066672186
sensitivity_K_Lambda_minus20pct__terminal__start1,78,1.5706949758875361,-1.5754152358063371,8.825903807273882,-0.004618892564187886,-0.9999893277227884,0.00010135090718695747,6808.341341393582,12.87408972097588
sensitivity_K_Lambda_minus20pct__terminal__start1,79,1.5706949758875361,-1.5753485691396705,8.342310205260866,-0.0045522265987915506,-0.9999896334267606,0.00010135090718695747,4197.776273049276,12.807007704108067
sensitivity_K_Lambda_minus20pct__terminal__start1,80,1.5706949758875361,-1.5753485691396705,9.973010023033673,-0.0045522265987915506,-0.9999896334267606,0.00010135090718695747,21439.92298441949,12.372998130613965
sensitivity_K_Lambda_minus20pct__terminal__start1,81,1.5706949758875361,-1.5753485691396705,7.334482292429009,-0.0045522265987915506,-0.9999896334267606,0.00010135090718695747,1532.2343252594655,12.186794641474131
sensitivity_K_Lambda_minus20pct__terminal__start1,82,1.5706949758875361,-1.5753485691396705,8.759358164959409,-0.0045522265987915506,-0.9999896334267606,0.00010135090718695747,6370.021762461855,12.872710763059109
sensitivity_K_Lambda_minus20pct__terminal__start1,83,1.5706949758875361,-1.5753485691396705,8.776472576715994,-0.0045522265987915506,-0.9999896334267606,0.00010135090718695747,6479.979182188926,12.87333596858825
sensitivity_K_Lambda_minus20pct__terminal__start1,84,1.5706949758875361,-1.5753485691396705,8.833447418569628,-0.0045522265987915506,-0.9999896334267606,0.00010135090718695747,6859.895028052075,12.874105652252148
sensitivity_K_Lambda_minus20pct__terminal__start1,85,1.5706949758875361,-1.5753485691396705,8.82669781591434,-0.0045522265987915506,-0.9999896334267606,0.00010135090718695747,6813.749369972422,12.874123454804296
sensitivity_K_Lambda_minus20pct__terminal__start1,86,1.5706949758875361,-1.5753485691396705,8.825970474026114,-0.0045522265987915506,-0.9999896334267606,0.00010135090718695747,6808.7952465289245,12.874123645093647
sensitivity_K_Lambda_minus20pct__terminal__start1,87,1.5706949758875361,-1.5753485691396705,8.82590380735846,-0.0045522265987915506,-0.9999896334267606,0.00010135090718695747,6808.341341969415,12.874123646434036
sensitivity_K_Lambda_minus20pct__terminal__start1,88,1.5706949758875361,-1.5753485691396705,8.825837140691792,-0.0045522265987915506,-0.9999896334267606,0.00010135090718695747,6807.887467675926,12.874123645625868
sensitivity_K_Lambda_minus20pct__terminal__start2,1,1.5707963267948966,-1.6053908940094779,8.880082914842957,-0.03458766725626166,-0.9994016676360763,6.123233995736767e-17,7187.386652130975,5.88332352487479
sensitivity_K_Lambda_minus20pct__terminal__start2,2,0.5999908074321633,-1.6053908940094779,8.880082914842957,-0.01952940357268732,-0.5642970470912062,0.8253408053890466,7187.386652130975,0.9030345141279367
sensitivity_K_Lambda_minus20pct__terminal__start2,3,0.9708055193627332,-1.6053908940094779,8.880082914842957,-0.028546613149811346,-0.8248469772739153,0.5646348864175504,7187.386652130975,1.3070635131157926
sensitivity_K_Lambda_minus20pct__terminal__start2,4,1.1999816148643265,-1.6053908940094779,8.880082914842957,-0.03223682734689896,-0.9314747586498338,0.36237489008048024,7187.386652130975,1.7616734819430855
sensitivity_K_Lambda_minus20pct__terminal__start2,5,1.3416202312933032,-1.6053908940094779,8.880082914842957,-0.03368333451866713,-0.9732712079160369,0.22717523812546522,7187.386652130975,2.249531150503428
sensitivity_K_Lambda_minus20pct__terminal__start2,6,1.4291577103659199,-1.6053908940094779,8.880082914842957,-0.03424130667727882,-0.9893936686093082,0.1411655107767015,7187.386652130975,2.7685532434164197
sensitivity_K_Lambda_minus20pct__terminal__start2,7,1.4832588477222797,-1.6053908940094779,8.880082914842957,-0.0344552324917565,-0.9955749994910746,0.08742572471696057,7187.386652130975,3.3364212296287166
sensitivity_K_Lambda_minus20pct__terminal__start2,8,1.5166951894385368,-1.6053908940094779,8.880082914842957,-0.034537061707886105,-0.997939433451173,0.0540747494838181,7187.386652130975,3.9750143007556216
sensitivity_K_Lambda_minus20pct__terminal__start2,9,1.5373599850786395,-1.6053908940094779,8.880082914842957,-0.03456833474263655,-0.9988430596729146,0.03343011182110186,7187.386652130975,4.66515607343251
sensitivity_K_Lambda_minus20pct__terminal__start2,10,1.5501315311547936,-1.6053908940094779,8.880082914842957,-0.03458028246793846,-0.9991882860943071,0.02066332491054402,7187.386652130975,5.046629040731428
sensitivity_K_Lambda_minus20pct__terminal__start2,11,1.5580247807187424,-1.6053908940094779,8.880082914842957,-0.034584846456083174,-0.9993201613470988,0.012771198879420183,7187.386652130975,5.429405149287282
sensitivity_K_Lambda_minus20pct__terminal__start2,12,1.562903077230948,-1.6053908940094779,8.880082914842957,-0.0345865897974175,-0.9993705347424446,0.00789316760150468,7187.386652130975,5.693036675374768
sensitivity_K_Lambda_minus20pct__terminal__start2,13,1.565918030282691,-1.6053908940094779,8.880082914842957,-0.034587255702284075,-0.9993897758907189,0.0048782771634600566,7187.386652130975,5.808668098578152
sensitivity_K_Lambda_minus20pct__terminal__start2,14,1.5677813737431534,-1.6053908940094779,8.880082914842957,-0.03458751005643776,-0.9993971253879681,0.003014948484120609,7187.386652130975,5.854549084037713
sensitivity_K_Lambda_minus20pct__terminal__start2,15,1.568932983334434,-1.6053908940094779,8.880082914842957,-0.03458760721124384,-0.999399932650872,0.0018633423821927913,7187.386652130975,5.872296541555627
sensitivity_K_Lambda_minus20pct__terminal__start2,16,1.5696447172036159,-1.6053908940094779,8.880082914842957,-0.034587644321101604,-0.9994010049305797,0.001151609336735768,7187.386652130975,5.879106410195311
sensitivity_K_Lambda_minus20pct__terminal__start2,17,1.5700845929257148,-1.6053908940094779,8.880082914842957,-0.034587658495809456,-0.9994014145050838,0.000711733809091914,7187.386652130975,5.881711979285446
sensitivity_K_Lambda_minus20pct__terminal__start2,18,1.5703564510727976,-1.6053908940094779,8.880082914842957,-0.03458766391006658,-0.9994015709486381,0.0004398757079136694,7187.386652130975,5.882707859909378
sensitivity_K_Lambda_minus20pct__terminal__start2,19,1.5705244686478135,-1.6053908940094779,8.880082914842957,-0.03458766597812886,-0.9994016307047608,0.0002718581437344463,7187.386652130975,5.883088345858535
sensitivity_K_Lambda_minus20pct__terminal__start2,20,1.5706283092198807,-1.6053908940094779,8.880082914842957,-0.03458766676805836,-0.9994016535295689,0.00016801757422537421,7187.386652130975,5.883233692127415
sensitivity_K_Lambda_minus20pct__terminal__start2,21,1.5706949758890394,-1.6053908940094779,8.880082914842957,-0.034587667078619294,-0.9994016625031462,0.0001013509056837155,7187.386652130975,5.883290837127685
sensitivity_K_Lambda_minus20pct__terminal__start2,22,1.5706949758890394,-0.7416294238611401,8.880082914842957,0.737368874291191,-0.6754902907922036,0.0001013509056837155,7187.386652130975,1.2687413072465479
sensitivity_K_Lambda_minus20pct__terminal__start2,23,1.5706949758890394,0.7416294238611396,8.880082914842957,0.7373688742911914,0.6754902907922032,0.0001013509056837155,7187.386652130975,1.1634041570015563
sensitivity_K_Lambda_minus20pct__terminal__start2,24,1.5706949758890394,-1.6583338058675134,8.880082914842957,-0.08742572426794165,-0.9961710357484902,0.0001013509056837155,7187.386652130975,2.7860506364428677
sensitivity_K_Lambda_minus20pct__terminal__start2,25,1.5706949758890394,-2.2248882715834197,8.880082914842957,-0.6084388578539178,-0.7936007472157609,0.0001013509056837155,7187.386652130975,1.969434763954841
sensitivity_K_Lambda_minus20pct__terminal__start2,26,1.5706949758890394,-1.596399811941969,8.880082914842957,-0.02560068776243885,-0.999672243544895,0.00010135090568371548,7187.386652130975,9.638759255960444
sensitivity_K_Lambda_minus20pct__terminal__start2,27,1.5706949758890394,-1.2699065762720303,8.880082914842957,0.2963700991925783,-0.9550731668477422,0.00010135090568371548,7187.386652130975,1.908011498016453
sensitivity_K_Lambda_minus20pct__terminal__start2,28,1.5706949758890394,-1.471690493012982,8.880082914842957,0.09894367723570051,-0.9950930300545128,0.00010135090568371548,7187.386652130975,2.902429822046932
sensitivity_K_Lambda_minus20pct__terminal__start2,29,1.5706949758890394,-1.5646587604737872,8.880082914842957,0.006137527756258525,-0.9999811600630459,0.0001013509056837155,7187.386652130975,12.09129288008615
sensitivity_K_Lambda_minus20pct__terminal__start2,30,1.5706949758890394,-1.5531709727554368,8.880082914842957,0.01762444140128847,-0.9998446723333012,0.00010135090568371548,7187.386652130975,9.505749031882079
sensitivity_K_Lambda_minus20pct__terminal__start2,31,1.5706949758890394,-1.575005363332337,8.880082914842957,-0.004209024087960055,-0.999991136882833,0.00010135090568371548,7187.386652130975,12.872347712511079
sensitivity_K_Lambda_minus20pct__terminal__start2,32,1.5706949758890394,-1.5751184218462273,8.880082914842957,-0.004322081572658202,-0.9999906546257686,0.0001013509056837155,7187.386652130975,12.872791020886886
sensitivity_K_Lambda_minus20pct__terminal__start2,33,1.5706949758890394,-1.5753484236157955,8.880082914842957,-0.004552081076425136,-0.9999896340892077,0.00010135090568371548,7187.386652130975,12.873146574203068
sensitivity_K_Lambda_minus20pct__terminal__start2,34,1.5706949758890394,-1.575281756503527,8.880082914842957,-0.00448541464515555,-0.9999899353410788,0.0001013509056837155,7187.386652130975,12.873118935505882
sensitivity_K_Lambda_minus20pct__terminal__start2,35,1.5706949758890394,-1.5754150907280642,8.880082914842957,-0.004618747487463203,-0.9999893283928789,0.0001013509056837155,7187.386652130975,12.873112619349575
sensitivity_K_Lambda_minus20pct__terminal__start2,36,1.5706949758890394,-1.5753484236157955,8.342310205260866,-0.004552081076425136,-0.9999896340892077,0.00010135090568371548,4197.776273049276,12.807007712388419
sensitivity_K_Lambda_minus20pct__terminal__start2,37,1.5706949758890394,-1.5753484236157955,9.973010023033673,-0.004552081076425136,-0.9999896340892077,0.00010135090568371548,21439.92298441949,12.372998182189454
sensitivity_K_Lambda_minus20pct__terminal__start2,38,1.5706949758890394,-1.5753484236157955,7.334482292429009,-0.004552081076425136,-0.9999896340892077,0.00010135090568371548,1532.2343252594655,12.186794682683509
sensitivity_K_Lambda_minus20pct__terminal__start2,39,1.5706949758890394,-1.5753484236157955,8.759358177934068,-0.004552081076425136,-0.9999896340892077,0.00010135090568371548,6370.02184511072,12.872710770182573
sensitivity_K_Lambda_minus20pct__terminal__start2,40,1.5706949758890394,-1.5753484236157955,8.776472588025111,-0.004552081076425136,-0.9999896340892077,0.00010135090568371548,6479.979255471771,12.873335975593552
sensitivity_K_Lambda_minus20pct__terminal__start2,41,1.5706949758890394,-1.5753484236157955,8.833447428753185,-0.004552081076425136,-0.9999896340892077,0.00010135090568371548,6859.895097910208,12.87410565903694
sensitivity_K_Lambda_minus20pct__terminal__start2,42,1.5706949758890394,-1.5753484236157955,8.82669781980347,-0.004552081076425136,-0.9999896340892077,0.00010135090568371548,6813.749396471984,12.874123461582027
sensitivity_K_Lambda_minus20pct__terminal__start2,43,1.5706949758890394,-1.5753484236157955,8.825970485315235,-0.004552081076425136,-0.9999896340892077,0.00010135090568371548,6808.795323394237,12.874123651865164
sensitivity_K_Lambda_minus20pct__terminal__start2,44,1.5706949758890394,-1.5753484236157955,8.825903817845951,-0.004552081076425136,-0.9999896340892077,0.00010135090568371548,6808.34141337184,12.87412365320703
sensitivity_K_Lambda_minus20pct__terminal__start2,45,1.5706949758890394,-1.5753484236157955,8.825837150375678,-0.004552081076425136,-0.9999896340892077,0.00010135090568371548,6807.88753360273,12.87412365239857
sensitivity_K_Lambda_minus20pct__terminal__start2,46,1.5705936249831822,-1.5453059532221132,8.771724720848946,0.02548761270495586,-0.9996751174809636,0.00020270181032629262,6449.286095842749,6.602087245014613
sensitivity_K_Lambda_minus20pct__terminal__start2,47,1.5685267641924057,-0.9326463663183914,7.666844105172869,0.5957089771348181,-0.8031971511748697,0.002269560654104339,2136.3287665769617,1.4193709947067235
sensitivity_K_Lambda_minus20pct__terminal__start2,48,1.5671240973644704,-0.5168673824598049,6.91702128432629,0.8693655926413669,-0.49415582676211817,0.0036722211769314598,1009.3090676741659,1.1312007148974699
sensitivity_K_Lambda_minus20pct__terminal__start2,49,1.5693936599669616,-1.1896119101508915,8.130260093996379,0.3720197688654117,-0.9282237467875867,0.0014026663679832954,3395.682646964314,1.742304469743541
sensitivity_K_Lambda_minus20pct__terminal__start2,50,1.5699294310203407,-1.3484253501769776,8.416666926019447,0.22054275468505,-0.9753769229625203,0.0008668956659760709,4521.806793454467,2.141222248156662
sensitivity_K_Lambda_minus20pct__terminal__start2,51,1.5702605557415175,-1.4465774539833918,8.593676082819886,0.12389964507132575,-0.9922946089244894,0.0005357710277469232,5397.418608639587,2.6656432471300433
sensitivity_K_Lambda_minus20pct__terminal__start2,52,1.57046520207372,-1.5072387902030637,8.703073758042517,0.06351475099986724,-0.9979808448872393,0.00033112471512569013,6021.392103767431,3.4665824153890843
sensitivity_K_Lambda_minus20pct__terminal__start2,53,1.570591680462694,-1.544729557789806,8.770685239620326,0.026063816600338543,-0.9996602600804452,0.00020464633077414397,6442.585667096402,6.357871720338802
sensitivity_K_Lambda_minus20pct__terminal__start2,54,1.5706698484059225,-1.5679001264227357,8.812471433265149,0.0028961963001208975,-0.9999957980162759,0.00012647838863691396,6717.5006232194655,12.494163101382304
sensitivity_K_Lambda_minus20pct__terminal__start2,55,1.570718158851668,-1.5822203253765483,8.838296721198134,-0.011423750061659372,-0.9999347437829638,7.816794314891491e-05,6893.241523319199,12.54315650080868
sensitivity_K_Lambda_minus20pct__terminal__start2,56,1.5706948312901,-1.575305561548394,8.825826519671839,-0.004509219449093491,-0.9999898282675792,0.00010149550462246057,6807.815161351276,12.87411280732921
sensitivity_K_Lambda_minus20pct__terminal__start2,57,1.570694838046829,-1.575307564380389,8.825830131612786,-0.004511222260710409,-0.9999898192350503,0.00010148874789331922,6807.839750822026,12.874113880369134
sensitivity_K_Lambda_minus20pct__terminal__start2,58,1.5706949637479382,-1.5753448247463626,8.825897327584213,-0.004548482244262719,-0.9999896504638468,0.00010136304678488861,6808.297225597462,12.874123720327635
sensitivity_K_Lambda_minus20pct__terminal__start2,59,1.5707038234891904,-1.5779710322974223,8.830633474504843,-0.007174643917320648,-0.9999742576325643,9.250330557434236e-05,6840.618800984759,12.826213421251094
sensitivity_K_Lambda_minus20pct__terminal__start2,60,1.5706949705046653,-1.5753468275777756,8.82590093952411,-0.004550485054941275,-0.9999896413526829,0.00010135629005774556,6808.321816802255,12.874123705095544
sensitivity_K_Lambda_minus20pct__terminal__start2,61,1.5706949569912108,-1.5753428219149497,8.825893715644318,-0.004546479433565921,-0.9999896595709994,0.0001013698035122537,6808.272634481502,12.874123680042493
sensitivity_K_Lambda_minus20pct__terminal__start2,62,0.5999908074321633,-1.5753448247463626,8.825897327584213,-0.002568231768555131,-0.5646290456090112,0.8253408053890466,6808.297225597462,0.919435334608296
sensitivity_K_Lambda_minus20pct__terminal__start2,63,0.9708055193627332,-1.5753448247463626,8.825897327584213,-0.003754048018062992,-0.8253322677344671,0.5646348864175504,6808.297225597462,1.3420041973415098
sensitivity_K_Lambda_minus20pct__terminal__start2,64,1.1999816148643265,-1.5753448247463626,8.825897327584213,-0.004239332952570055,-0.9320227824979801,0.36237489008048024,6808.297225597462,1.8135230894701697
sensitivity_K_Lambda_minus20pct__terminal__start2,65,1.3416202312933032,-1.5753448247463626,8.825897327584213,-0.004429557178217857,-0.973843822286635,0.22717523812546525,6808.297225597462,2.323775781330809
sensitivity_K_Lambda_minus20pct__terminal__start2,66,1.4291577103659199,-1.5753448247463626,8.825897327584213,-0.0045029338084043476,-0.9899757684682339,0.14116551077670147,6808.297225597462,2.9017099963248727
sensitivity_K_Lambda_minus20pct__terminal__start2,67,1.4832588477222797,-1.5753448247463626,8.825897327584213,-0.004531066314899526,-0.9961607360741359,0.08742572471696056,6808.297225597462,3.650846981156502
sensitivity_K_Lambda_minus20pct__terminal__start2,68,1.5166951894385368,-1.5753448247463626,8.825897327584213,-0.004541827339509307,-0.9985265611252815,0.054074749483818095,6808.297225597462,5.017779286634783
sensitivity_K_Lambda_minus20pct__terminal__start2,69,1.5373599850786395,-1.5753448247463626,8.825897327584213,-0.004545939928050287,-0.9994307189864634,0.03343011182110185,6808.297225597462,9.56097261022181
sensitivity_K_Lambda_minus20pct__terminal__start2,70,1.5501315311547936,-1.5753448247463626,8.825897327584213,-0.004547511124403937,-0.9997761485183645,0.02066332491054402,6808.297225597462,11.626248239586733
sensitivity_K_Lambda_minus20pct__terminal__start2,71,1.5580247807187424,-1.5753448247463626,8.825897327584213,-0.004548111315766715,-0.9999081013586407,0.012771198879420182,6808.297225597462,12.399276414499122
sensitivity_K_Lambda_minus20pct__terminal__start2,72,1.562903077230948,-1.5753448247463626,8.825897327584213,-0.004548340575435687,-0.9999585043906695,0.00789316760150468,6808.297225597462,12.6929966705784
sensitivity_K_Lambda_minus20pct__terminal__start2,73,1.565918030282691,-1.5753448247463626,8.825897327584213,-0.004548428145853636,-0.9999777568592807,0.0048782771634600566,6808.297225597462,12.804989909675749
sensitivity_K_Lambda_minus20pct__terminal__start2,74,1.5677813737431534,-1.5753448247463626,8.825897327584213,-0.004548461594925212,-0.9999851106805329,0.0030149484841206086,6808.297225597462,12.847740013308675
sensitivity_K_Lambda_minus20pct__terminal__start2,75,1.568932983334434,-1.5753448247463626,8.825897327584213,-0.004548474371355303,-0.9999879195950618,0.0018633423821927913,6808.297225597462,12.86406515903849
sensitivity_K_Lambda_minus20pct__terminal__start2,76,1.5696447172036159,-1.5753448247463626,8.825897327584213,-0.0045484792515205,-0.9999889925056346,0.0011516093367357678,6808.297225597462,12.870300238835945
sensitivity_K_Lambda_minus20pct__terminal__start2,77,1.5700845929257148,-1.5753448247463626,8.825897327584213,-0.004548481115578195,-0.9999894023211077,0.0007117338090919139,6808.297225597462,12.87268174430489
sensitivity_K_Lambda_minus20pct__terminal__start2,78,1.5703564510727976,-1.5753448247463626,8.825897327584213,-0.004548481827584945,-0.9999895588567042,0.0004398757079136694,6808.297225597462,12.873591386340353
sensitivity_K_Lambda_minus20pct__terminal__start2,79,1.5705244686478135,-1.5753448247463626,8.825897327584213,-0.0045484820995473334,-0.9999896186479837,0.0002718581437344463,6808.297225597462,12.873938836912385
sensitivity_K_Lambda_minus20pct__terminal__start2,80,1.5706283092198807,-1.5753448247463626,8.825897327584213,-0.004548482203427722,-0.9999896414862205,0.00016801757422537421,6808.297225597462,12.87407155096741
sensitivity_K_Lambda_minus20pct__terminal__start2,81,1.570694975887536,-1.5753448247463626,8.825897327584213,-0.004548482244268315,-0.9999896504650773,0.0001013509071871795,6808.297225597462,12.874123727478759
sensitivity_K_Lambda_minus20pct__terminal__start2,82,1.570694975887536,-1.5753448247463626,8.342310205260866,-0.004548482244268315,-0.9999896504650773,0.0001013509071871795,4197.776273049276,12.807007824988496
sensitivity_K_Lambda_minus20pct__terminal__start2,83,1.570694975887536,-1.5753448247463626,9.973010023033673,-0.004548482244268315,-0.9999896504650773,0.0001013509071871795,21439.92298441949,12.372999355807504
sensitivity_K_Lambda_minus20pct__terminal__start2,84,1.570694975887536,-1.5753448247463626,7.334482292429009,-0.004548482244268315,-0.9999896504650773,0.0001013509071871795,1532.2343252594655,12.186795614857804
sensitivity_K_Lambda_minus20pct__terminal__start2,85,1.570694975887536,-1.5753448247463626,8.759358490253447,-0.004548482244268315,-0.9999896504650773,0.0001013509071871795,6370.023834592299,12.872710852882113
sensitivity_K_Lambda_minus20pct__terminal__start2,86,1.570694975887536,-1.5753448247463626,8.776472861977613,-0.004548482244268315,-0.9999896504650773,0.0001013509071871795,6479.98103067854,12.873336055491446
sensitivity_K_Lambda_minus20pct__terminal__start2,87,1.570694975887536,-1.5753448247463626,8.83344767490335,-0.004548482244268315,-0.9999896504650773,0.0001013509071871795,6859.8967864747265,12.874105733569438
sensitivity_K_Lambda_minus20pct__terminal__start2,88,1.570694975887536,-1.5753448247463626,8.826697914065189,-0.004548482244268315,-0.9999896504650773,0.0001013509071871795,6813.750038747742,12.874123535898054
sensitivity_K_Lambda_minus20pct__terminal__start2,89,1.570694975887536,-1.5753448247463626,8.825970766910343,-0.004548482244268315,-0.9999896504650773,0.0001013509071871795,6808.797240717962,12.874123726128827
sensitivity_K_Lambda_minus20pct__terminal__start2,90,1.570694975887536,-1.5753448247463626,8.825904100242587,-0.004548482244268315,-0.9999896504650773,0.0001013509071871795,6808.343336024822,12.874123727454876
sensitivity_K_Lambda_minus20pct__terminal__start2,91,1.570694975887536,-1.5753448247463626,8.82583743357582,-0.004548482244268315,-0.9999896504650773,0.0001013509071871795,6807.889461597722,12.874123726654789
sensitivity_K_Lambda_minus20pct__terminal__start2,92,1.5685267639900504,-0.9326427079124183,7.666844280200305,0.5957119155518134,-0.8031949718238456,0.002269560856459061,2136.329140493141,1.4193676558738348
sensitivity_K_Lambda_minus20pct__terminal__start2,93,1.567124097037053,-0.5168636869827954,6.917021392499194,0.8693674187758823,-0.49415261403758926,0.003672221504346679,1009.3091768540651,1.131198665740111
sensitivity_K_Lambda_minus20pct__terminal__start2,94,1.5693936598418992,-1.1896082746560792,8.130260310342187,0.3720231434155041,-0.9282223943053499,0.0014026664930455774,3395.683381606102,1.7422980865701005
sensitivity_K_Lambda_minus20pct__terminal__start2,95,1.5699294309430478,-1.3484217288420413,8.416667167901416,0.22054628685011637,-0.9753761242968769,0.0008668957432688806,4521.807887198129,2.14120910211621
sensitivity_K_Lambda_minus20pct__terminal__start2,96,1.5702605556937477,-1.4465738413997402,8.59367634048407,0.12390322981779579,-0.9922941613201567,0.0005357710755167043,5397.419999361224,2.665613728246449
sensitivity_K_Lambda_minus20pct__terminal__start2,97,1.5704652020441967,-1.5072351830280035,8.703074025460646,0.06351835089106764,-0.997980615771911,0.0003311247446489612,6021.393713997054,3.4664983703669714
sensitivity_K_Lambda_minus20pct__terminal__start2,98,1.5705916804444477,-1.544725953957439,8.770685513066724,0.026067419208170437,-0.999660166144324,0.00020464634902043696,6442.587428798488,6.356355224587319
sensitivity_K_Lambda_minus20pct__terminal__start2,99,1.5706698483946455,-1.5678965246562666,8.81247171043722,0.0028997980514366105,-0.9999957875783654,0.00012647839991389322,6717.50248512329,12.493796826713805
sensitivity_K_Lambda_minus20pct__terminal__start2,100,1.5707181588446988,-1.5822167248868746,8.8382970006728,-0.011420149806865924,-0.999934784907576,7.81679501182289e-05,6893.243449805837,12.54350527156571
sensitivity_K_Lambda_minus20pct__terminal__start2,101,1.57069484336148,-1.5753055413272747,8.825833255863106,-0.004509199228185475,-0.9999898283599856,0.00010148343324240505,6807.861020250771,12.874112803596926
sensitivity_K_Lambda_minus20pct__terminal__start2,102,1.570694849132407,-1.5753072519474698,8.82583634082437,-0.004510909830976756,-0.9999898206455808,0.0001014776623153652,6807.882022270705,12.87411372400791
sensitivity_K_Lambda_minus20pct__terminal__start2,103,1.5706949758804316,-1.5753448226405264,8.825904096444887,-0.004548480138453934,-0.9999896504746548,0.0001013509142914966,6808.343310168777,12.874123727440677
sensitivity_K_Lambda_minus20pct__terminal__start2,104,1.570694977414297,-1.5753452773094265,8.825904916402438,-0.004548934802648649,-0.9999896484066544,0.00010134938042602539,6808.348892723571,12.874123728866573
sensitivity_K_Lambda_minus20pct__terminal__start2,105,1.570694977411858,-1.5753452765864,8.82590491509852,-0.004548934079629604,-0.9999896484099432,0.00010134938286518536,6808.348883846037,12.874123728866657
sensitivity_K_Lambda_minus20pct__terminal__start2,106,1.5706949773858854,-1.5753452688875969,8.825904901214368,-0.004548926380906137,-0.999989648444962,0.00010134940883774268,6808.348789317896,12.874123728864424
sensitivity_K_Lambda_minus20pct__terminal__start2,107,1.5706949774019372,-1.575345273645719,8.825904909795245,-0.004548931138979009,-0.9999896484233192,0.00010134939278591623,6808.348847739496,12.874123728866985
sensitivity_K_Lambda_minus20pct__terminal__start2,108,1.5706949773958059,-1.575345271828278,8.825904906517643,-0.004548929321556955,-0.999989648431586,0.00010134939891723386,6808.348825424437,12.874123728866374
sensitivity_K_Lambda_minus20pct__terminal__start2,109,1.5706949774057266,-1.5753452747689591,8.825904911820915,-0.004548932262207551,-0.99998964841821,0.00010134938899650301,6808.348861530966,12.874123728866941
sensitivity_K_Lambda_minus20pct__terminal__start2,110,1.5706949774027468,-1.5753452738856502,8.825904910227942,-0.004548931378907712,-0.9999896484222278,0.0001013493919763416,6808.348850685451,12.874123728866985
sensitivity_K_Lambda_minus20pct__terminal__start2,111,1.5706949774035561,-1.5753452741255816,8.825904910660638,-0.004548931618836636,-0.9999896484211365,0.00010134939116698901,6808.348853631394,12.874123728867266
sensitivity_K_Lambda_minus20pct__terminal__start2,112,1.5706949774043852,-1.5753452743713299,8.825904911103825,-0.004548931864582404,-0.9999896484200187,0.00010134939033787449,6808.348856648765,12.874123728865014
sensitivity_K_Lambda_plus20pct__onset__start1,1,1.5706949758875361,1.5658013345006918,11.18230883208749,0.0049949714977768475,0.9999875199159888,0.00010135090718695746,71848.05580700038,3.2005715540026385
sensitivity_K_Lambda_plus20pct__onset__start1,2,0.5999908074321633,1.5658013345006918,11.18230883208749,0.0028203351787913816,0.5646278426266624,0.8253408053890466,71848.05580700038,3.127726587207884
sensitivity_K_Lambda_plus20pct__onset__start1,3,0.9708055193627332,1.5658013345006918,11.18230883208749,0.004122553820043925,0.8253305093053576,0.5646348864175504,71848.05580700038,3.16263441113587
sensitivity_K_Lambda_plus20pct__onset__start1,4,1.1999816148643265,1.5658013345006918,11.18230883208749,0.00465547541586148,0.932020796757139,0.36237489008048024,71848.05580700038,3.183974502589034
sensitivity_K_Lambda_plus20pct__onset__start1,5,1.3416202312933032,1.5658013345006918,11.18230883208749,0.004864372479600658,0.9738417474430935,0.22717523812546522,71848.05580700038,3.1938753372398407
sensitivity_K_Lambda_plus20pct__onset__start1,6,1.4291577103659199,1.5658013345006918,11.18230883208749,0.004944951924941199,0.9899736592544334,0.14116551077670147,71848.05580700038,3.1979588828664487
sensitivity_K_Lambda_plus20pct__onset__start1,7,1.4832588477222797,1.5658013345006918,11.18230883208749,0.0049758459815864705,0.996158613682822,0.08742572471696056,71848.05580700038,3.1995654590461258
sensitivity_K_Lambda_plus20pct__onset__start1,8,1.5166951894385368,1.5658013345006918,11.18230883208749,0.004987663332589757,0.998524433693409,0.0540747494838181,71848.05580700038,3.200186065407488
sensitivity_K_Lambda_plus20pct__onset__start1,9,1.5373599850786395,1.5658013345006918,11.18230883208749,0.004992179622077347,0.9994285896282183,0.03343011182110186,71848.05580700038,3.2004241364879875
sensitivity_K_Lambda_plus20pct__onset__start1,10,1.5501315311547936,1.5658013345006918,11.18230883208749,0.004993905050601066,0.9997740184241571,0.02066332491054402,71848.05580700038,3.2005152208323238
sensitivity_K_Lambda_plus20pct__onset__start1,11,1.5580247807187424,1.5658013345006918,11.18230883208749,0.004994564158098752,0.9999059709832985,0.012771198879420182,71848.05580700038,3.200550033758203
sensitivity_K_Lambda_plus20pct__onset__start1,12,1.562903077230948,1.5658013345006918,11.18230883208749,0.004994815922412781,0.99995637390794,0.007893167601504682,71848.05580700038,3.200563334294776
sensitivity_K_Lambda_plus20pct__onset__start1,13,1.565918030282691,1.5658013345006918,11.18230883208749,0.004994912088940034,0.9999756263355324,0.0048782771634600566,71848.05580700038,3.2005684151120146
sensitivity_K_Lambda_plus20pct__onset__start1,14,1.5677813737431534,1.5658013345006918,11.18230883208749,0.004994948821447754,0.9999829801411169,0.003014948484120609,71848.05580700038,3.2005703558792518
sensitivity_K_Lambda_plus20pct__onset__start1,15,1.568932983334434,1.5658013345006918,11.18230883208749,0.0049949628520409755,0.9999857890496612,0.0018633423821927913,71848.05580700038,3.2005710971962644
sensitivity_K_Lambda_plus20pct__onset__start1,16,1.5696447172036159,1.5658013345006918,11.18230883208749,0.004994968211254172,0.9999868619579481,0.001151609336735768,71848.05580700038,3.2005713803556084
sensitivity_K_Lambda_plus20pct__onset__start1,17,1.5700845929257148,1.5658013345006918,11.18230883208749,0.004994970258291965,0.999987271772548,0.0007117338090919139,71848.05580700038,3.2005714885130607
sensitivity_K_Lambda_plus20pct__onset__start1,18,1.5703564510727976,1.5658013345006918,11.18230883208749,0.004994971040190899,0.999987428307811,0.0004398757079136694,71848.05580700038,3.2005715298255684
sensitivity_K_Lambda_plus20pct__onset__start1,19,1.5705244686478135,1.5658013345006918,11.18230883208749,0.004994971338849728,0.9999874880989631,0.0002718581437344463,71848.05580700038,3.2005715456055404
sensitivity_K_Lambda_plus20pct__onset__start1,20,1.5706283092198807,1.5658013345006918,11.18230883208749,0.00499497145292725,0.9999875109371512,0.00016801757422537421,71848.05580700038,3.200571551632956
sensitivity_K_Lambda_plus20pct__onset__start1,21,1.5706949758875361,-0.7416294238611398,11.18230883208749,0.7373688742911911,-0.6754902907922034,0.00010135090718695747,71848.05580700038,3.1214517045397976
sensitivity_K_Lambda_plus20pct__onset__start1,22,1.5706949758875361,0.7416294238611396,11.18230883208749,0.7373688742911911,0.6754902907922031,0.00010135090718695746,71848.05580700038,3.1268176657336575
sensitivity_K_Lambda_plus20pct__onset__start1,23,1.5706949758875361,1.658333805867513,11.18230883208749,-0.08742572426794121,0.9961710357484901,0.00010135090718695746,71848.05580700038,3.1979278843379064
sensitivity_K_Lambda_plus20pct__onset__start1,24,1.5706949758875361,2.2248882715834193,11.18230883208749,-0.6084388578539173,0.793600747215761,0.00010135090718695746,71848.05580700038,3.1262255109544355
sensitivity_K_Lambda_plus20pct__onset__start1,25,1.5706949758875361,1.481808414051567,11.18230883208749,0.08887051181210714,0.9960431827276606,0.00010135090718695746,71848.05580700038,3.198408445185279
sensitivity_K_Lambda_plus20pct__onset__start1,26,1.5706949758875361,1.5575233769171475,11.18230883208749,0.013272560094432898,0.9999119105583918,0.00010135090718695746,71848.05580700038,3.200550244345706
sensitivity_K_Lambda_plus20pct__onset__start1,27,1.5706949758875361,1.5656460924118039,11.18230883208749,0.005150211588417266,0.99998673243628,0.00010135090718695746,71848.05580700038,3.200571546267336
sensitivity_K_Lambda_plus20pct__onset__start1,28,1.5706949758875361,1.5658680792461481,11.18230883208749,0.004928227574224167,0.999987851076687,0.00010135090718695746,71848.05580700038,3.200571552721135
sensitivity_K_Lambda_plus20pct__onset__start1,29,1.5706949758875361,1.5658014125784914,11.18230883208749,0.00499489342095169,0.9999875203059821,0.00010135090718695746,71848.05580700038,3.200571554002756
sensitivity_K_Lambda_plus20pct__onset__start1,30,1.5706949758875361,1.5657347459118236,11.18230883208749,0.005061559244490714,0.9999871850908932,0.00010135090718695746,71848.05580700038,3.200571552520345
sensitivity_K_Lambda_plus20pct__onset__start1,31,1.5706949758875361,1.5658014125784914,8.342310205260866,0.00499489342095169,0.9999875203059821,0.00010135090718695746,4197.776273049276,3.188633457664042
sensitivity_K_Lambda_plus20pct__onset__start1,32,1.5706949758875361,1.5658014125784914,9.973010023033673,0.00499489342095169,0.9999875203059821,0.00010135090718695746,21439.92298441949,3.2000963983207593
sensitivity_K_Lambda_plus20pct__onset__start1,33,1.5706949758875361,1.5658014125784914,10.980837935865528,0.00499489342095169,0.9999875203059821,0.00010135090718695746,58737.752128584805,3.200527951219476
sensitivity_K_Lambda_plus20pct__onset__start1,34,1.5706949758875361,1.5658014125784914,10.562500078953713,0.00499489342095169,0.9999875203059821,0.00010135090718695746,38657.65442171748,3.2004215453097427
sensitivity_K_Lambda_plus20pct__onset__start1,35,1.5706949758875361,1.5658014125784914,11.202907914553913,0.00499489342095169,0.9999875203059821,0.00010135090718695746,73343.40840378188,3.200550785721907
sensitivity_K_Lambda_plus20pct__onset__start1,36,1.5706949758875361,1.5658014125784914,11.309160350387147,0.00499489342095169,0.9999875203059821,0.00010135090718695746,81565.3933903094,3.200553325100805
sensitivity_K_Lambda_plus20pct__onset__start1,37,1.5706949758875361,1.5658014125784914,11.305743456563302,0.00499489342095169,0.9999875203059821,0.00010135090718695746,81287.16870419357,3.2005563290678296
sensitivity_K_Lambda_plus20pct__onset__start1,38,1.5706949758875361,1.5658014125784914,11.257394917828725,0.00499489342095169,0.9999875203059821,0.00010135090718695746,77450.5477270751,3.2005258395548735
sensitivity_K_Lambda_plus20pct__onset__start1,39,1.5706949758875361,1.5658014125784914,11.287275958073085,0.00499489342095169,0.9999875203059821,0.00010135090718695746,79799.77453620627,3.2005413549635846
sensitivity_K_Lambda_plus20pct__onset__start1,40,1.5706949758875361,1.5658014125784914,11.298689499827226,0.00499489342095169,0.9999875203059821,0.00010135090718695746,80715.79014201861,3.200558957104958
sensitivity_K_Lambda_plus20pct__onset__start1,41,1.5706949758875361,1.5658014125784914,11.298366177279343,0.00499489342095169,0.9999875203059821,0.00010135090718695746,80689.69712555307,3.2005588483496203
sensitivity_K_Lambda_plus20pct__onset__start1,42,1.5706949758875361,1.5658014125784914,11.300277997227909,0.00499489342095169,0.9999875203059821,0.00010135090718695746,80844.10885484164,3.200559129170571
sensitivity_K_Lambda_plus20pct__onset__start1,43,1.5706949758875361,1.5658014125784914,11.302365616929897,0.00499489342095169,0.9999875203059821,0.00010135090718695746,81013.05689754954,3.2005585578868407
sensitivity_K_Lambda_plus20pct__onset__start1,44,1.5706949758875361,1.5658014125784914,11.29993779250249,0.00499489342095169,0.9999875203059821,0.00010135090718695746,80816.60998487497,3.2005591407409417
sensitivity_K_Lambda_plus20pct__onset__start1,45,1.5706949758875361,1.5658014125784914,11.300004460913875,0.00499489342095169,0.9999875203059821,0.00010135090718695746,80821.99807948206,3.2005591404631892
sensitivity_K_Lambda_plus20pct__onset__start1,46,1.5706949758875361,1.5658014125784914,11.299871124091103,0.00499489342095169,0.9999875203059821,0.00010135090718695746,80811.22224947147,3.2005591400343882
sensitivity_K_Lambda_plus20pct__onset__start2,1,1.5707963267948966,1.5358013345006918,11.23230883208749,0.03498784996500899,0.9993877377448784,6.123233995736766e-17,75531.7844007111,3.2002544304186205
sensitivity_K_Lambda_plus20pct__onset__start2,2,0.5999908074321633,1.5358013345006918,11.23230883208749,0.01975536069098714,0.5642891817886719,0.8253408053890466,75531.7844007111,3.1277333068582385
sensitivity_K_Lambda_plus20pct__onset__start2,3,0.9708055193627332,1.5358013345006918,11.23230883208749,0.028876900268951643,0.8248354803662952,0.5646348864175504,75531.7844007111,3.1625769045344936
sensitivity_K_Lambda_plus20pct__onset__start2,4,1.1999816148643265,1.5358013345006918,11.23230883208749,0.03260981060690088,0.9314617755395773,0.36237489008048024,75531.7844007111,3.1837876237903258
sensitivity_K_Lambda_plus20pct__onset__start2,5,1.3416202312933032,1.5358013345006918,11.23230883208749,0.03407305400878056,0.9732576422372202,0.22717523812546525,75531.7844007111,3.193618820516704
sensitivity_K_Lambda_plus20pct__onset__start2,6,1.4291577103659199,1.5358013345006918,11.23230883208749,0.034637481960093856,0.9893798782119116,0.1411655107767015,75531.7844007111,3.19766720552301
sensitivity_K_Lambda_plus20pct__onset__start2,7,1.4832588477222797,1.5358013345006918,11.23230883208749,0.03485388291726544,0.995561122936861,0.08742572471696057,75531.7844007111,3.199258270016354
sensitivity_K_Lambda_plus20pct__onset__start2,8,1.5166951894385368,1.5358013345006918,11.23230883208749,0.034936658905466225,0.9979255239409329,0.0540747494838181,75531.7844007111,3.1998727564986527
sensitivity_K_Lambda_plus20pct__onset__start2,9,1.5373599850786395,1.5358013345006918,11.23230883208749,0.03496829377230163,0.9988291375677237,0.03343011182110186,75531.7844007111,3.200108471526029
sensitivity_K_Lambda_plus20pct__onset__start2,10,1.5501315311547936,1.5358013345006918,11.23230883208749,0.03498037973395927,0.9991743591772706,0.02066332491054402,75531.7844007111,3.2001986538645144
sensitivity_K_Lambda_plus20pct__onset__start2,11,1.5580247807187424,1.5358013345006918,11.23230883208749,0.034984996527895273,0.9993062325919545,0.012771198879420183,75531.7844007111,3.2002331219880142
sensitivity_K_Lambda_plus20pct__onset__start2,12,1.562903077230948,1.5358013345006918,11.23230883208749,0.03498676003986015,0.9993566052851844,0.007893167601504682,75531.7844007111,3.2002462907848757
sensitivity_K_Lambda_plus20pct__onset__start2,13,1.565918030282691,1.5358013345006918,11.23230883208749,0.03498743364931145,0.9993758461652711,0.0048782771634600566,75531.7844007111,3.2002513212767583
sensitivity_K_Lambda_plus20pct__onset__start2,14,1.5677813737431534,1.5358013345006918,11.23230883208749,0.03498769094636769,0.9993831955600813,0.003014948484120609,75531.7844007111,3.200253242820654
sensitivity_K_Lambda_plus20pct__onset__start2,15,1.568932983334434,1.5358013345006918,11.23230883208749,0.034987789225264423,0.9993860027838569,0.0018633423821927916,75531.7844007111,3.200253976794891
sensitivity_K_Lambda_plus20pct__onset__start2,16,1.5696447172036159,1.5358013345006918,11.23230883208749,0.03498782676448689,0.9993870750486189,0.001151609336735768,75531.7844007111,3.2002542571495316
sensitivity_K_Lambda_plus20pct__onset__start2,17,1.5700845929257148,1.5358013345006918,11.23230883208749,0.034987841103197505,0.9993874846174142,0.000711733809091914,75531.7844007111,3.2002543642356778
sensitivity_K_Lambda_plus20pct__onset__start2,18,1.5703564510727976,1.5358013345006918,11.23230883208749,0.03498784658009812,0.9993876410587882,0.00043987570791366947,75531.7844007111,3.200254405138984
sensitivity_K_Lambda_plus20pct__onset__start2,19,1.5705244686478135,1.5358013345006918,11.23230883208749,0.034987848672088075,0.9993877008140779,0.0002718581437344463,75531.7844007111,3.2002544207626515
sensitivity_K_Lambda_plus20pct__onset__start2,20,1.5706283092198807,1.5358013345006918,11.23230883208749,0.03498784947115715,0.9993877236385679,0.00016801757422537424,75531.7844007111,3.2002544267303685
sensitivity_K_Lambda_plus20pct__onset__start2,21,1.5706949758890394,1.5358013345006918,11.23230883208749,0.03498784978531128,0.99938773261202,0.00010135090568371548,75531.7844007111,3.2002544290765775
sensitivity_K_Lambda_plus20pct__onset__start2,22,1.5706949758890394,-0.7416294238611396,11.23230883208749,0.7373688742911914,-0.6754902907922032,0.0001013509056837155,75531.7844007111,3.12140782045175
sensitivity_K_Lambda_plus20pct__onset__start2,23,1.5706949758890394,0.7416294238611398,11.23230883208749,0.7373688742911912,0.6754902907922034,0.0001013509056837155,75531.7844007111,3.12677669938086
sensitivity_K_Lambda_plus20pct__onset__start2,24,1.5706949758890394,1.6583338058675132,11.23230883208749,-0.08742572426794142,0.9961710357484902,0.00010135090568371548,75531.7844007111,3.1978897599427576
sensitivity_K_Lambda_plus20pct__onset__start2,25,1.5706949758890394,2.2248882715834197,11.23230883208749,-0.6084388578539178,0.7936007472157609,0.0001013509056837155,75531.7844007111,3.1261912260081104
sensitivity_K_Lambda_plus20pct__onset__start2,26,1.5706949758890394,1.4818247537687559,11.23230883208749,0.08885423673633064,0.9960446347137251,0.00010135090568371548,75531.7844007111,3.198371664251534
sensitivity_K_Lambda_plus20pct__onset__start2,27,1.5706949758890394,1.557496743627523,11.23230883208749,0.01329919103323519,0.9999115567118201,0.00010135090568371548,75531.7844007111,3.200512004168841
sensitivity_K_Lambda_plus20pct__onset__start2,28,1.5706949758890394,1.5656409730572713,11.23230883208749,0.005155330874960906,0.9999867060574174,0.00010135090568371548,75531.7844007111,3.2005334141938366
sensitivity_K_Lambda_plus20pct__onset__start2,29,1.5706949758890394,1.56586306920653,11.23230883208749,0.004933237552913768,0.9999878263735216,0.00010135090568371548,75531.7844007111,3.2005334206352267
sensitivity_K_Lambda_plus20pct__onset__start2,30,1.5706949758890394,1.5657964020939759,11.23230883208749,0.00499990384287517,0.9999874952665938,0.0001013509056837155,75531.7844007111,3.200533421923417
sensitivity_K_Lambda_plus20pct__onset__start2,31,1.5706949758890394,1.5657297349824104,11.23230883208749,0.005066570109625727,0.9999871597152227,0.00010135090568371548,75531.7844007111,3.2005334204478593
sensitivity_K_Lambda_plus20pct__onset__start2,32,1.5706949758890394,1.5657964020939759,8.342310205260866,0.00499990384287517,0.9999874952665938,0.0001013509056837155,4197.776273049276,3.1886334626589954
sensitivity_K_Lambda_plus20pct__onset__start2,33,1.5706949758890394,1.5657964020939759,9.973010023033673,0.00499990384287517,0.9999874952665938,0.0001013509056837155,21439.92298441949,3.200096398546708
sensitivity_K_Lambda_plus20pct__onset__start2,34,1.5706949758890394,1.5657964020939759,10.980837935865528,0.00499990384287517,0.9999874952665938,0.0001013509056837155,58737.752128584805,3.200527951239113
sensitivity_K_Lambda_plus20pct__onset__start2,35,1.5706949758890394,1.5657964020939759,10.562500073300935,0.00499990384287517,0.9999874952665938,0.0001013509056837155,38657.654203194346,3.2004215453912237
sensitivity_K_Lambda_plus20pct__onset__start2,36,1.5706949758890394,1.5657964020939759,11.202907783683358,0.00499990384287517,0.9999874952665938,0.0001013509056837155,73343.39880528992,3.2005507859544537
sensitivity_K_Lambda_plus20pct__onset__start2,37,1.5706949758890394,1.5657964020939759,11.30916407518603,0.00499990384287517,0.9999874952665938,0.0001013509056837155,81565.69720556146,3.2005533216412916
sensitivity_K_Lambda_plus20pct__onset__start2,38,1.5706949758890394,1.5657964020939759,11.305648714371046,0.00499990384287517,0.9999874952665938,0.0001013509056837155,81279.46774443684,3.2005564055576743
sensitivity_K_Lambda_plus20pct__onset__start2,39,1.5706949758890394,1.5657964020939759,11.257396326611106,0.00499990384287517,0.9999874952665938,0.0001013509056837155,77450.65683811902,3.200525840064496
sensitivity_K_Lambda_plus20pct__onset__start2,40,1.5706949758890394,1.5657964020939759,11.28721794228509,0.00499990384287517,0.9999874952665938,0.0001013509056837155,79795.14502369835,3.20054123023491
sensitivity_K_Lambda_plus20pct__onset__start2,41,1.5706949758890394,1.5657964020939759,11.298608785873114,0.00499990384287517,0.9999874952665938,0.0001013509056837155,80709.27551435116,3.200558932362322
sensitivity_K_Lambda_plus20pct__onset__start2,42,1.5706949758890394,1.5657964020939759,11.298474271286977,0.00499990384287517,0.9999874952665938,0.0001013509056837155,80698.41966970907,3.200558887581633
sensitivity_K_Lambda_plus20pct__onset__start2,43,1.5706949758890394,1.5657964020939759,11.300267683751322,0.00499990384287517,0.9999874952665938,0.0001013509056837155,80843.2750753174,3.200559129861862
sensitivity_K_Lambda_plus20pct__onset__start2,44,1.5706949758890394,1.5657964020939759,11.302323054553554,0.00499990384287517,0.9999874952665938,0.0001013509056837155,81009.60886271193,3.2005585771248106
sensitivity_K_Lambda_plus20pct__onset__start2,45,1.5706949758890394,1.5657964020939759,11.299937446827837,0.00499990384287517,0.9999874952665938,0.0001013509056837155,80816.58204862615,3.200559140712699
sensitivity_K_Lambda_plus20pct__onset__start2,46,1.5706949758890394,1.5657964020939759,11.300004114497597,0.00499990384287517,0.9999874952665938,0.0001013509056837155,80821.97008143109,3.2005591404400664
sensitivity_K_Lambda_plus20pct__onset__start2,47,1.5706949758890394,1.5657964020939759,11.299870779158075,0.00499990384287517,0.9999874952665938,0.0001013509056837155,80811.1943750167,3.200559140001022
sensitivity_K_Lambda_plus20pct__onset__start2,48,1.5705936249831822,1.59579146968726,11.367566061568183,-0.024992539811100833,0.9996876171413581,0.00020270181032629262,86471.14570168733,3.2002397151110507
sensitivity_K_Lambda_plus20pct__onset__start2,49,0.5999908074321633,1.5657964020939759,11.299937446827837,0.002823120152920048,0.5646278287087539,0.8253408053890466,80816.58204862615,3.1276036837045265
sensitivity_K_Lambda_plus20pct__onset__start2,50,0.9708055193627332,1.5657964020939759,11.299937446827837,0.004126624685740738,0.8253304889612058,0.5646348864175504,80816.58204862615,3.1625743347594124
sensitivity_K_Lambda_plus20pct__onset__start2,51,1.1999816148643265,1.5657964020939759,11.299937446827837,0.004660072521442162,0.9320207737831034,0.3623748900804803,80816.58204862615,3.183939458359918
sensitivity_K_Lambda_plus20pct__onset__start2,52,1.3416202312933032,1.5657964020939759,11.299937446827837,0.0048691758631168305,0.9738417234381839,0.22717523812546525,80816.58204862615,3.193853967866249
sensitivity_K_Lambda_plus20pct__onset__start2,53,1.4291577103659199,1.5657964020939759,11.299937446827837,0.004949834877606549,0.989973634851877,0.1411655107767015,80816.58204862615,3.1979429412300706
sensitivity_K_Lambda_plus20pct__onset__start2,54,1.4832588477222797,1.5657964020939759,11.299937446827837,0.0049807594409622055,0.9961585891278083,0.08742572471696057,80816.58204862615,3.1995516970916213
sensitivity_K_Lambda_plus20pct__onset__start2,55,1.5166951894385368,1.5657964020939759,11.299937446827837,0.0049925884611518555,0.9985244090800784,0.054074749483818095,80816.58204862615,3.2001731377526967
sensitivity_K_Lambda_plus20pct__onset__start2,56,1.5373599850786395,1.5657964020939759,11.299937446827837,0.004997109210304197,0.9994285649926007,0.03343011182110186,80816.58204862615,3.200411526888066
sensitivity_K_Lambda_plus20pct__onset__start2,57,1.5501315311547936,1.5657964020939759,11.299937446827837,0.004998836342623207,0.9997739937800247,0.02066332491054402,80816.58204862615,3.200502732585257
sensitivity_K_Lambda_plus20pct__onset__start2,58,1.5580247807187424,1.5657964020939759,11.299937446827837,0.004999496100964575,0.9999059463359136,0.012771198879420183,80816.58204862615,3.200537591842147
sensitivity_K_Lambda_plus20pct__onset__start2,59,1.562903077230948,1.5657964020939759,11.299937446827837,0.004999748113886324,0.9999563492593125,0.00789316760150468,80816.58204862615,3.2005509100723177
sensitivity_K_Lambda_plus20pct__onset__start2,60,1.565918030282691,1.5657964020939759,11.299937446827837,0.00499984437537438,0.9999756016864304,0.0048782771634600566,80816.58204862615,3.20055599764742
sensitivity_K_Lambda_plus20pct__onset__start2,61,1.5677813737431534,1.5657964020939759,11.299937446827837,0.00499988114415406,0.9999829554918336,0.003014948484120609,80816.58204862615,3.200557940995876
sensitivity_K_Lambda_plus20pct__onset__start2,62,1.568932983334434,1.5657964020939759,11.299937446827837,0.004999895188601959,0.9999857644003087,0.0018633423821927913,80816.58204862615,3.200558683298802
sensitivity_K_Lambda_plus20pct__onset__start2,63,1.5696447172036159,1.5657964020939759,11.299937446827837,0.004999900553107176,0.9999868373085691,0.001151609336735768,80816.58204862615,3.2005589668347323
sensitivity_K_Lambda_plus20pct__onset__start2,64,1.5700845929257148,1.5657964020939759,11.299937446827837,0.0049999026021663425,0.999987247123159,0.000711733809091914,80816.58204862615,3.200559075136034
sensitivity_K_Lambda_plus20pct__onset__start2,65,1.5703564510727976,1.5657964020939759,11.299937446827837,0.004999903384837373,0.9999874036584181,0.00043987570791366947,80816.58204862615,3.2005591165034804
sensitivity_K_Lambda_plus20pct__onset__start2,66,1.5705244686478135,1.5657964020939759,11.299937446827837,0.004999903683791115,0.9999874634495688,0.0002718581437344463,80816.58204862615,3.200559132304444
sensitivity_K_Lambda_plus20pct__onset__start2,67,1.5706283092198807,1.5657964020939759,11.299937446827837,0.004999903797981285,0.9999874862877564,0.00016801757422537424,80816.58204862615,3.2005591383398757
sensitivity_K_Lambda_plus20pct__onset__start2,68,1.5706949758875361,-0.7416294238611398,11.299937446827837,0.7373688742911911,-0.6754902907922034,0.00010135090718695747,80816.58204862615,3.121344456092946
sensitivity_K_Lambda_plus20pct__onset__start2,69,1.5706949758875361,0.7416294238611396,11.299937446827837,0.7373688742911911,0.6754902907922031,0.00010135090718695746,80816.58204862615,3.1267126706907256
sensitivity_K_Lambda_plus20pct__onset__start2,70,1.5706949758875361,1.658333805867513,11.299937446827837,-0.08742572426794121,0.9961710357484901,0.00010135090718695746,80816.58204862615,3.1979140069074683
sensitivity_K_Lambda_plus20pct__onset__start2,71,1.5706949758875361,2.2248882715834193,11.299937446827837,-0.6084388578539173,0.793600747215761,0.00010135090718695746,80816.58204862615,3.1261477867729193
sensitivity_K_Lambda_plus20pct__onset__start2,72,1.5706949758875361,1.4818766478453589,11.299937446827837,0.08880254780013798,0.996049244381119,0.00010135090718695746,80816.58204862615,3.1983979444048845
sensitivity_K_Lambda_plus20pct__onset__start2,73,1.5706949758875361,1.5574820762451085,11.299937446827837,0.013313857116987217,0.9999113615399428,0.00010135090718695746,80816.58204862615,3.2005375849427793
sensitivity_K_Lambda_plus20pct__onset__start2,74,1.5706949758875361,1.5656502537845034,11.299937446827837,0.005146050270884423,0.9999867538595716,0.00010135090718695746,80816.58204862615,3.20055913304786
sensitivity_K_Lambda_plus20pct__onset__start2,75,1.5706949758875361,1.56587212529629,11.299937446827837,0.004924181573197177,0.9999878710083577,0.00010135090718695746,80816.58204862615,3.200559139456504
sensitivity_K_Lambda_plus20pct__onset__start2,76,1.5706949758875361,1.5658054586285002,11.299937446827837,0.004990847421395474,0.9999875405073856,0.00010135090718695747,80816.58204862615,3.2005591407503267
sensitivity_K_Lambda_plus20pct__onset__start2,77,1.5706949758875361,1.5657387919616992,11.299937446827837,0.005057513246423473,0.9999872055620291,0.00010135090718695746,80816.58204862615,3.2005591392783654
sensitivity_K_Lambda_plus20pct__onset__start2,78,1.5706949758875361,1.5658054586285002,8.342310205260866,0.004990847421395474,0.9999875405073856,0.00010135090718695747,4197.776273049276,3.1886334536211978
sensitivity_K_Lambda_plus20pct__onset__start2,79,1.5706949758875361,1.5658054586285002,9.973010023033673,0.004990847421395474,0.9999875405073856,0.00010135090718695747,21439.92298441949,3.200096398126943
sensitivity_K_Lambda_plus20pct__onset__start2,80,1.5706949758875361,1.5658054586285002,10.980837935865528,0.004990847421395474,0.9999875405073856,0.00010135090718695747,58737.752128584805,3.200527951192234
sensitivity_K_Lambda_plus20pct__onset__start2,81,1.5706949758875361,1.5658054586285002,10.562500083529025,0.004990847421395474,0.9999875405073856,0.00010135090718695747,38657.654598588335,3.200421545232598
sensitivity_K_Lambda_plus20pct__onset__start2,82,1.5706949758875361,1.5658054586285002,11.202908019958494,0.004990847421395474,0.9999875405073856,0.00010135090718695747,73343.41613451354,3.200550785523227
sensitivity_K_Lambda_plus20pct__onset__start2,83,1.5706949758875361,1.5658054586285002,11.309157350775834,0.004990847421395474,0.9999875405073856,0.00010135090718695747,81565.14872619958,3.2005533278752476
sensitivity_K_Lambda_plus20pct__onset__start2,84,1.5706949758875361,1.5658054586285002,11.305819819054157,0.004990847421395474,0.9999875405073856,0.00010135090718695747,81293.3762318785,3.200556267009874
sensitivity_K_Lambda_plus20pct__onset__start2,85,1.5706949758875361,1.5658054586285002,11.257393840326944,0.004990847421395474,0.9999875405073856,0.00010135090718695747,77450.464274017,3.20052583915441
sensitivity_K_Lambda_plus20pct__onset__start2,86,1.5706949758875361,1.5658054586285002,11.287322741118842,0.004990847421395474,0.9999875405073856,0.00010135090718695747,79803.5079000382,3.2005414556847893
sensitivity_K_Lambda_plus20pct__onset__start2,87,1.5706949758875361,1.5658054586285002,11.298754563975423,0.004990847421395474,0.9999875405073856,0.00010135090718695747,80721.0420170028,3.200558975869365
sensitivity_K_Lambda_plus20pct__onset__start2,88,1.5706949758875361,1.5658054586285002,11.298276447186616,0.004990847421395474,0.9999875405073856,0.00010135090718695747,80682.45715637431,3.200558813540377
sensitivity_K_Lambda_plus20pct__onset__start2,89,1.5706949758875361,1.5658054586285002,11.300286859927807,0.004990847421395474,0.9999875405073856,0.00010135090718695747,80844.82535509203,3.2005591285455997
sensitivity_K_Lambda_plus20pct__onset__start2,90,1.5706949758875361,1.5658054586285002,11.30240026225571,0.004990847421395474,0.9999875405073856,0.00010135090718695747,81015.86366992125,3.2005585420095786
sensitivity_K_Lambda_plus20pct__onset__start2,91,1.5706949758875361,1.5658054586285002,11.299938246643162,0.004990847421395474,0.9999875405073856,0.00010135090718695747,80816.64668699284,3.200559140752878
sensitivity_K_Lambda_plus20pct__onset__start2,92,1.5706949758875361,1.5658054586285002,11.30000491330984,0.004990847421395474,0.9999875405073856,0.00010135090718695747,80822.03464303608,3.200559140468444
sensitivity_K_Lambda_plus20pct__onset__start2,93,1.5706949758875361,1.5658054586285002,11.299871579976482,0.004990847421395474,0.9999875405073856,0.00010135090718695747,80811.25909013457,3.2005591400530915
sensitivity_K_Lambda_plus20pct__terminal__start1,1,1.5706949758856612,-1.5753908940094778,8.830082914842956,-0.004594551025745008,-0.9999894398586743,0.0001013509090619021,6836.8536687706555,13.567377895689672
sensitivity_K_Lambda_plus20pct__terminal__start1,2,0.5999908074321633,-1.5753908940094778,8.830082914842956,-0.002594243809885216,-0.5646289266932882,0.8253408053890466,6836.8536687706555,0.9205424303467181
sensitivity_K_Lambda_plus20pct__terminal__start1,3,0.9708055193627332,-1.5753908940094778,8.830082914842956,-0.003792070463465541,-0.8253320939124081,0.5646348864175504,6836.8536687706555,1.3436997348676996
sensitivity_K_Lambda_plus20pct__terminal__start1,4,1.1999816148643265,-1.5753908940094778,8.830082914842956,-0.0042822705508524265,-0.9320225862059831,0.36237489008048024,6836.8536687706555,1.8180005911041395
sensitivity_K_Lambda_plus20pct__terminal__start1,5,1.3416202312933032,-1.5753908940094778,8.830082914842956,-0.00447442144078346,-0.973843617186768,0.22717523812546525,6836.8536687706555,2.3332808467169466
sensitivity_K_Lambda_plus20pct__terminal__start1,6,1.4291577103659199,-1.5753908940094778,8.830082914842956,-0.0045485412577650226,-0.9899755599708406,0.1411655107767015,6836.8536687706555,2.9211675575644813
sensitivity_K_Lambda_plus20pct__terminal__start1,7,1.4832588477222797,-1.5753908940094778,8.830082914842956,-0.004576958701130242,-0.9961605262741354,0.08742572471696057,6836.8536687706555,3.6902016674056606
sensitivity_K_Lambda_plus20pct__terminal__start1,8,1.5166951894385368,-1.5753908940094778,8.830082914842956,-0.004587828717545331,-0.9985263508270179,0.0540747494838181,6836.8536687706555,5.0607991492503945
sensitivity_K_Lambda_plus20pct__terminal__start1,9,1.5373599850786395,-1.5753908940094778,8.830082914842956,-0.004591982959968336,-0.9994305084977765,0.03343011182110186,6836.8536687706555,10.355370249719986
sensitivity_K_Lambda_plus20pct__terminal__start1,10,1.5501315311547936,-1.5753908940094778,8.830082914842956,-0.004593570070004305,-0.9997759379569271,0.02066332491054402,6836.8536687706555,12.351304596875433
sensitivity_K_Lambda_plus20pct__terminal__start1,11,1.5580247807187424,-1.5753908940094778,8.830082914842956,-0.004594176340336562,-0.9999078907694129,0.012771198879420182,6836.8536687706555,13.104022289926371
sensitivity_K_Lambda_plus20pct__terminal__start1,12,1.562903077230948,-1.5753908940094778,8.830082914842956,-0.004594407922035835,-0.9999582937908263,0.007893167601504682,6836.8536687706555,13.39055693061176
sensitivity_K_Lambda_plus20pct__terminal__start1,13,1.565918030282691,-1.5753908940094778,8.830082914842956,-0.004594496379400733,-0.9999775462553828,0.004878277163460057,6836.8536687706555,13.499876938893115
sensitivity_K_Lambda_plus20pct__terminal__start1,14,1.5677813737431534,-1.5753908940094778,8.830082914842956,-0.004594530167257399,-0.9999849000750863,0.003014948484120609,6836.8536687706555,13.541615801548978
sensitivity_K_Lambda_plus20pct__terminal__start1,15,1.568932983334434,-1.5753908940094778,8.830082914842956,-0.004594543073092098,-0.9999877089890237,0.0018633423821927913,6836.8536687706555,13.55755609303129
sensitivity_K_Lambda_plus20pct__terminal__start1,16,1.5696447172036159,-1.5753908940094778,8.830082914842956,-0.00459454800268549,-0.9999887818993705,0.001151609336735768,6836.8536687706555,13.563644374970199
sensitivity_K_Lambda_plus20pct__terminal__start1,17,1.5700845929257148,-1.5753908940094778,8.830082914842956,-0.00459454988562308,-0.9999891917147573,0.000711733809091914,6836.8536687706555,13.565969838229767
sensitivity_K_Lambda_plus20pct__terminal__start1,18,1.5703564510727976,-1.5753908940094778,8.830082914842956,-0.004594550604841308,-0.9999893482503207,0.0004398757079136694,6836.8536687706555,13.566858078356479
sensitivity_K_Lambda_plus20pct__terminal__start1,19,1.5705244686478135,-1.5753908940094778,8.830082914842956,-0.004594550879558236,-0.9999894080415876,0.0002718581437344463,6836.8536687706555,13.567197354754724
sensitivity_K_Lambda_plus20pct__terminal__start1,20,1.5706283092198807,-1.5753908940094778,8.830082914842956,-0.004594550984490767,-0.9999894308798197,0.00016801757422537424,6836.8536687706555,13.567326946642064
sensitivity_K_Lambda_plus20pct__terminal__start1,21,1.5706949758875361,-0.7416294238611401,8.830082914842956,0.7373688742911909,-0.6754902907922036,0.00010135090718695747,6836.8536687706555,1.270426687852459
sensitivity_K_Lambda_plus20pct__terminal__start1,22,1.5706949758875361,0.7416294238611394,8.830082914842956,0.7373688742911914,0.675490290792203,0.00010135090718695746,6836.8536687706555,1.1662171078913952
sensitivity_K_Lambda_plus20pct__terminal__start1,23,1.5706949758875361,-1.6583338058675134,8.830082914842956,-0.08742572426794165,-0.9961710357484901,0.00010135090718695747,6836.8536687706555,2.812891019285999
sensitivity_K_Lambda_plus20pct__terminal__start1,24,1.5706949758875361,-2.2248882715834197,8.830082914842956,-0.6084388578539177,-0.7936007472157608,0.00010135090718695747,6836.8536687706555,2.0406978376100513
sensitivity_K_Lambda_plus20pct__terminal__start1,25,1.5706949758875361,-1.609715947634562,8.830082914842956,-0.03890979588640203,-0.9992427220210675,0.00010135090718695747,6836.8536687706555,5.029115171649478
sensitivity_K_Lambda_plus20pct__terminal__start1,26,1.5706949758875361,-1.2781364007288585,8.830082914842956,0.2885000668946312,-0.9574798698300592,0.00010135090718695746,6836.8536687706555,1.9330492899030418
sensitivity_K_Lambda_plus20pct__terminal__start1,27,1.5706949758875361,-1.4830638306908732,8.830082914842956,0.08761999292240318,-0.9961539673003725,0.00010135090718695746,6836.8536687706555,3.0628867895511753
sensitivity_K_Lambda_plus20pct__terminal__start1,28,1.5706949758875361,-1.5686533346643263,8.830082914842956,0.002142990479312632,-0.9999976986572515,0.00010135090718695746,6836.8536687706555,13.257967534897514
sensitivity_K_Lambda_plus20pct__terminal__start1,29,1.5706949758875361,-1.5494667969867622,8.830082914842956,0.02132791242790293,-0.9997725290682183,0.00010135090718695746,6836.8536687706555,9.043076687212137
sensitivity_K_Lambda_plus20pct__terminal__start1,30,1.5706949758875361,-1.574813725736603,8.830082914842956,-0.004017388114617313,-0.9999919251277634,0.00010135090718695747,6836.8536687706555,13.564701899557678
sensitivity_K_Lambda_plus20pct__terminal__start1,31,1.5706949758875361,-1.5754479094160567,8.830082914842956,-0.004651565822734359,-0.9999891762731187,0.00010135090718695746,6836.8536687706555,13.567398091232318
sensitivity_K_Lambda_plus20pct__terminal__start1,32,1.5706949758875361,-1.575514576083569,8.830082914842956,-0.004718231758278567,-0.9999888639465286,0.00010135090718695746,6836.8536687706555,13.567365980075337
sensitivity_K_Lambda_plus20pct__terminal__start1,33,1.5706949758875361,-1.5753812427485443,8.830082914842956,-0.004584899866516303,-0.9999894841553124,0.00010135090718695747,6836.8536687706555,13.56737012943329
sensitivity_K_Lambda_plus20pct__terminal__start1,34,1.5706949758875361,-1.5754479094160567,8.342310205260866,-0.004651565822734359,-0.9999891762731187,0.00010135090718695746,4197.776273049276,13.510900010815796
sensitivity_K_Lambda_plus20pct__terminal__start1,35,1.5706949758875361,-1.5754479094160567,9.973010023033673,-0.004651565822734359,-0.9999891762731187,0.00010135090718695746,21439.92298441949,13.127712175119449
sensitivity_K_Lambda_plus20pct__terminal__start1,36,1.5706949758875361,-1.5754479094160567,7.334482292429009,-0.004651565822734359,-0.9999891762731187,0.00010135090718695746,1532.2343252594655,12.917657493630177
sensitivity_K_Lambda_plus20pct__terminal__start1,37,1.5706949758875361,-1.5754479094160567,8.781265576182122,-0.004651565822734359,-0.9999891762731187,0.00010135090718695746,6511.112269784515,13.567158986764532
sensitivity_K_Lambda_plus20pct__terminal__start1,38,1.5706949758875361,-1.5754479094160567,8.772087963186872,-0.004651565822734359,-0.9999891762731187,0.00010135090718695746,6451.629175129192,13.566972382851482
sensitivity_K_Lambda_plus20pct__terminal__start1,39,1.5706949758875361,-1.5754479094160567,8.81719522886274,-0.004651565822734359,-0.9999891762731187,0.00010135090718695746,6749.307789219558,13.567459937793341
sensitivity_K_Lambda_plus20pct__terminal__start1,40,1.5706949758875361,-1.5754479094160567,8.815030478396201,-0.004651565822734359,-0.9999891762731187,0.00010135090718695746,6734.713024745062,13.567461605849575
sensitivity_K_Lambda_plus20pct__terminal__start1,41,1.5706949758875361,-1.5754479094160567,8.814690605942166,-0.004651565822734359,-0.9999891762731187,0.00010135090718695746,6732.424470232471,13.567461717934904
sensitivity_K_Lambda_plus20pct__terminal__start1,42,1.5706949758875361,-1.5754479094160567,8.813923550016954,-0.004651565822734359,-0.9999891762731187,0.00010135090718695746,6727.262304239646,13.567461774266235
sensitivity_K_Lambda_plus20pct__terminal__start1,43,1.5706949758875361,-1.5754479094160567,8.801449314015752,-0.004651565822734359,-0.9999891762731187,0.00010135090718695746,6643.866080119068,13.567413401042769
sensitivity_K_Lambda_plus20pct__terminal__start1,44,1.5706949758875361,-1.5754479094160567,8.814148522071797,-0.004651565822734359,-0.9999891762731187,0.00010135090718695746,6728.775920517998,13.56746180650851
sensitivity_K_Lambda_plus20pct__terminal__start1,45,1.5706949758875361,-1.5754479094160567,8.81421524682907,-0.004651565822734359,-0.9999891762731187,0.00010135090718695746,6729.224911437279,13.567461806350215
sensitivity_K_Lambda_plus20pct__terminal__start1,46,1.5706949758875361,-1.5754479094160567,8.814081855168785,-0.004651565822734359,-0.9999891762731187,0.00010135090718695746,6728.327348818929,13.567461802407507
sensitivity_K_Lambda_plus20pct__terminal__start1,47,1.570694975889411,-1.5755049248226356,8.798214129300638,-0.004708580604602602,-0.9999889094368417,0.00010135090531201283,6622.406677410144,13.567363637146963
sensitivity_K_Lambda_plus20pct__terminal__start1,48,0.5999908074321633,-1.5754479094160567,8.814148522071797,-0.0026264363534727587,-0.5646287778636871,0.8253408053890466,6728.775920517998,0.9208655505600049
sensitivity_K_Lambda_plus20pct__terminal__start1,49,0.9708055193627332,-1.5754479094160567,8.814148522071797,-0.003839127102173508,-0.8253318763644921,0.5646348864175504,6728.775920517998,1.3437694294505733
sensitivity_K_Lambda_plus20pct__terminal__start1,50,1.1999816148643265,-1.5754479094160567,8.814148522071797,-0.004335410190556555,-0.9320223405356974,0.36237489008048024,6728.775920517998,1.8180233017746654
sensitivity_K_Lambda_plus20pct__terminal__start1,51,1.3416202312933032,-1.5754479094160567,8.814148522071797,-0.004529945523258895,-0.9738433604929463,0.22717523812546522,6728.775920517998,2.3334729927879527
sensitivity_K_Lambda_plus20pct__terminal__start1,52,1.4291577103659199,-1.5754479094160567,8.814148522071797,-0.004604985109396228,-0.9899752990248268,0.14116551077670147,6728.775920517998,2.9212290927902123
sensitivity_K_Lambda_plus20pct__terminal__start1,53,1.4832588477222797,-1.5754479094160567,8.814148522071797,-0.004633755191083526,-0.9961602636978366,0.08742572471696056,6728.775920517998,3.6901438356442213
sensitivity_K_Lambda_plus20pct__terminal__start1,54,1.5166951894385368,-1.5754479094160567,8.814148522071797,-0.004644760095929651,-0.9985260876271154,0.054074749483818095,6728.775920517998,5.066149315803273
sensitivity_K_Lambda_plus20pct__terminal__start1,55,1.5373599850786395,-1.5754479094160567,8.814148522071797,-0.0046489658892630865,-0.9994302450595485,0.03343011182110185,6728.775920517998,10.356891397990136
sensitivity_K_Lambda_plus20pct__terminal__start1,56,1.5501315311547936,-1.5754479094160567,8.814148522071797,-0.004650572694097524,-0.9997756744276479,0.02066332491054402,6728.775920517998,12.351807940407877
sensitivity_K_Lambda_plus20pct__terminal__start1,57,1.5580247807187424,-1.5754479094160567,8.814148522071797,-0.004651186487772044,-0.9999076272053525,0.012771198879420182,6728.775920517998,13.104255894672177
sensitivity_K_Lambda_plus20pct__terminal__start1,58,1.562903077230948,-1.5754479094160567,8.814148522071797,-0.004651420943219696,-0.9999580302134803,0.00789316760150468,6728.775920517998,13.390696769101982
sensitivity_K_Lambda_plus20pct__terminal__start1,59,1.565918030282691,-1.5754479094160567,8.814148522071797,-0.004651510498271544,-0.999977282672962,0.0048782771634600566,6728.775920517998,13.499982038656107
sensitivity_K_Lambda_plus20pct__terminal__start1,60,1.5677813737431534,-1.5754479094160567,8.814148522071797,-0.004651544705409177,-0.9999846364907272,0.003014948484120609,6728.775920517998,13.541707776420967
sensitivity_K_Lambda_plus20pct__terminal__start1,61,1.568932983334434,-1.5754479094160567,8.814148522071797,-0.004651557771395224,-0.9999874454039241,0.0018633423821927913,6728.775920517998,13.557643074988828
sensitivity_K_Lambda_plus20pct__terminal__start1,62,1.5696447172036159,-1.5754479094160567,8.814148522071797,-0.004651562762161028,-0.999988518313988,0.0011516093367357678,6728.775920517998,13.563729452732046
sensitivity_K_Lambda_plus20pct__terminal__start1,63,1.5700845929257148,-1.5754479094160567,8.814148522071797,-0.004651564668464406,-0.9999889281292669,0.0007117338090919139,6728.775920517998,13.566054189079333
sensitivity_K_Lambda_plus20pct__terminal__start1,64,1.5703564510727976,-1.5754479094160567,8.814148522071797,-0.004651565396607572,-0.9999890846647891,0.0004398757079136694,6728.775920517998,13.5669421516111
sensitivity_K_Lambda_plus20pct__terminal__start1,65,1.5705244686478135,-1.5754479094160567,8.814148522071797,-0.004651565674733522,-0.9999891444560403,0.00027185814373444626,6728.775920517998,13.567281321990274
sensitivity_K_Lambda_plus20pct__terminal__start1,66,1.5706283092198807,-1.5754479094160567,8.814148522071797,-0.004651565780968185,-0.9999891672942663,0.00016801757422537424,6728.775920517998,13.567410873381595
sensitivity_K_Lambda_plus20pct__terminal__start1,67,1.5706949758875361,-0.7416294238611401,8.814148522071797,0.7373688742911909,-0.6754902907922036,0.00010135090718695747,6728.775920517998,1.2704325817349447
sensitivity_K_Lambda_plus20pct__terminal__start1,68,1.5706949758875361,0.7416294238611396,8.814148522071797,0.7373688742911911,0.6754902907922031,0.00010135090718695746,6728.775920517998,1.1662762115789054
sensitivity_K_Lambda_plus20pct__terminal__start1,69,1.5706949758875361,-1.6583338058675134,8.814148522071797,-0.08742572426794165,-0.9961710357484901,0.00010135090718695747,6728.775920517998,2.8130174190754316
sensitivity_K_Lambda_plus20pct__terminal__start1,70,1.5706949758875361,-2.2248882715834197,8.814148522071797,-0.6084388578539177,-0.7936007472157608,0.00010135090718695747,6728.775920517998,2.0409132966987613
sensitivity_K_Lambda_plus20pct__terminal__start1,71,1.5706949758875361,-1.6097514214346316,8.814148522071797,-0.038945242798454745,-0.999241341114029,0.00010135090718695747,6728.775920517998,5.028016408569082
sensitivity_K_Lambda_plus20pct__terminal__start1,72,1.5706949758875361,-1.2781583247430115,8.814148522071797,0.28847907502308,-0.9574861946794961,0.00010135090718695747,6728.775920517998,1.933141505463018
sensitivity_K_Lambda_plus20pct__terminal__start1,73,1.5706949758875361,-1.483094128933263,8.814148522071797,0.08758981116783204,-0.9961566215749295,0.00010135090718695746,6728.775920517998,3.0634946853240255
sensitivity_K_Lambda_plus20pct__terminal__start1,74,1.5706949758875361,-1.5686643414862362,8.814148522071797,0.0021319836826036035,-0.9999977221841913,0.00010135090718695747,6728.775920517998,13.259149083648122
sensitivity_K_Lambda_plus20pct__terminal__start1,75,1.5706949758875361,-1.5494973036401793,8.814148522071797,0.021297412703942874,-0.9997731792462287,0.00010135090718695746,6728.775920517998,9.056959425702713
sensitivity_K_Lambda_plus20pct__terminal__start1,76,1.5706949758875361,-1.5748231351445676,8.814148522071797,-0.00402679744642413,-0.9999918872822515,0.00010135090718695746,6728.775920517998,13.564846263199243
sensitivity_K_Lambda_plus20pct__terminal__start1,77,1.5706949758875361,-1.5754496238972435,8.814148522071797,-0.004653280285357244,-0.9999891682966269,0.00010135090718695746,6728.775920517998,13.567461733269873
sensitivity_K_Lambda_plus20pct__terminal__start1,78,1.5706949758875361,-1.5753829572305516,8.814148522071797,-0.00458661433048759,-0.9999894762931144,0.00010135090718695746,6728.775920517998,13.567435329646944
sensitivity_K_Lambda_plus20pct__terminal__start1,79,1.5706949758875361,-1.5755162905639357,8.814148522071797,-0.004719946219545875,-0.9999888558557432,0.00010135090718695746,6728.775920517998,13.567428084529189
sensitivity_K_Lambda_plus20pct__terminal__start1,80,1.5706949758875361,-1.5754496238972435,8.342310205260866,-0.004653280285357244,-0.9999891682966269,0.00010135090718695746,4197.776273049276,13.510899905146923
sensitivity_K_Lambda_plus20pct__terminal__start1,81,1.5706949758875361,-1.5754496238972435,9.973010023033673,-0.004653280285357244,-0.9999891682966269,0.00010135090718695746,21439.92298441949,13.127711891447646
sensitivity_K_Lambda_plus20pct__terminal__start1,82,1.5706949758875361,-1.5754496238972435,7.334482292429009,-0.004653280285357244,-0.9999891682966269,0.00010135090718695746,1532.2343252594655,12.917657020886788
sensitivity_K_Lambda_plus20pct__terminal__start1,83,1.5706949758875361,-1.5754496238972435,8.781265617670424,-0.004653280285357244,-0.9999891682966269,0.00010135090718695746,6511.112539919516,13.567158913359588
sensitivity_K_Lambda_plus20pct__terminal__start1,84,1.5706949758875361,-1.5754496238972435,8.772087978575032,-0.004653280285357244,-0.9999891682966269,0.00010135090718695746,6451.629274407895,13.566972308787445
sensitivity_K_Lambda_plus20pct__terminal__start1,85,1.5706949758875361,-1.5754496238972435,8.817195268825099,-0.004653280285357244,-0.9999891682966269,0.00010135090718695746,6749.308058937822,13.567459863675086
sensitivity_K_Lambda_plus20pct__terminal__start1,86,1.5706949758875361,-1.5754496238972435,8.815030446696593,-0.004653280285357244,-0.9999891682966269,0.00010135090718695746,6734.712811257301,13.56746153250127
sensitivity_K_Lambda_plus20pct__terminal__start1,87,1.5706949758875361,-1.5754496238972435,8.81469005209648,-0.004653280285357244,-0.9999891682966269,0.00010135090718695746,6732.420741509257,13.567461644908242
sensitivity_K_Lambda_plus20pct__terminal__start1,88,1.5706949758875361,-1.5754496238972435,8.81392155551605,-0.004653280285357244,-0.9999891682966269,0.00010135090718695746,6727.24888672228,13.567461700314066
sensitivity_K_Lambda_plus20pct__terminal__start1,89,1.5706949758875361,-1.5754496238972435,8.801448097193525,-0.004653280285357244,-0.9999891682966269,0.00010135090718695746,6643.857995720068,13.56741331748923
sensitivity_K_Lambda_plus20pct__terminal__start1,90,1.5706949758875361,-1.5754496238972435,8.814150945167237,-0.004653280285357244,-0.9999891682966269,0.00010135090718695746,6728.792225004,13.56746173333748
sensitivity_K_Lambda_plus20pct__terminal__start1,91,1.5706949758875361,-1.5754496238972435,8.81421761183394,-0.004653280285357244,-0.9999891682966269,0.00010135090718695746,6729.24082610578,13.567461733078003
sensitivity_K_Lambda_plus20pct__terminal__start1,92,1.5706949758875361,-1.5754496238972435,8.814084278500534,-0.004653280285357244,-0.9999891682966269,0.00010135090718695746,6728.343653807964,13.567461729348686
sensitivity_K_Lambda_plus20pct__terminal__start2,1,1.5707963267948966,-1.6053908940094779,8.880082914842957,-0.03458766725626166,-0.9994016676360763,6.123233995736767e-17,7187.386652130975,7.014347259250545
sensitivity_K_Lambda_plus20pct__terminal__start2,2,0.5999908074321633,-1.6053908940094779,8.880082914842957,-0.01952940357268732,-0.5642970470912062,0.8253408053890466,7187.386652130975,0.9044021691423485
sensitivity_K_Lambda_plus20pct__terminal__start2,3,0.9708055193627332,-1.6053908940094779,8.880082914842957,-0.028546613149811346,-0.8248469772739153,0.5646348864175504,7187.386652130975,1.309324997070575
sensitivity_K_Lambda_plus20pct__terminal__start2,4,1.1999816148643265,-1.6053908940094779,8.880082914842957,-0.03223682734689896,-0.9314747586498338,0.36237489008048024,7187.386652130975,1.766035073645051
sensitivity_K_Lambda_plus20pct__terminal__start2,5,1.3416202312933032,-1.6053908940094779,8.880082914842957,-0.03368333451866713,-0.9732712079160369,0.22717523812546522,7187.386652130975,2.2587517232851084
sensitivity_K_Lambda_plus20pct__terminal__start2,6,1.4291577103659199,-1.6053908940094779,8.880082914842957,-0.03424130667727882,-0.9893936686093082,0.1411655107767015,7187.386652130975,2.787294050007343
sensitivity_K_Lambda_plus20pct__terminal__start2,7,1.4832588477222797,-1.6053908940094779,8.880082914842957,-0.0344552324917565,-0.9955749994910746,0.08742572471696057,7187.386652130975,3.372370009319119
sensitivity_K_Lambda_plus20pct__terminal__start2,8,1.5166951894385368,-1.6053908940094779,8.880082914842957,-0.034537061707886105,-0.997939433451173,0.0540747494838181,7187.386652130975,4.041514778322775
sensitivity_K_Lambda_plus20pct__terminal__start2,9,1.5373599850786395,-1.6053908940094779,8.880082914842957,-0.03456833474263655,-0.9988430596729146,0.03343011182110186,7187.386652130975,4.666449780349355
sensitivity_K_Lambda_plus20pct__terminal__start2,10,1.5501315311547936,-1.6053908940094779,8.880082914842957,-0.03458028246793846,-0.9991882860943071,0.02066332491054402,7187.386652130975,5.613216659125343
sensitivity_K_Lambda_plus20pct__terminal__start2,11,1.5580247807187424,-1.6053908940094779,8.880082914842957,-0.034584846456083174,-0.9993201613470988,0.012771198879420183,7187.386652130975,6.470956803404342
sensitivity_K_Lambda_plus20pct__terminal__start2,12,1.562903077230948,-1.6053908940094779,8.880082914842957,-0.0345865897974175,-0.9993705347424446,0.00789316760150468,7187.386652130975,6.80753910936947
sensitivity_K_Lambda_plus20pct__terminal__start2,13,1.565918030282691,-1.6053908940094779,8.880082914842957,-0.034587255702284075,-0.9993897758907189,0.0048782771634600566,7187.386652130975,6.93550246165449
sensitivity_K_Lambda_plus20pct__terminal__start2,14,1.5677813737431534,-1.6053908940094779,8.880082914842957,-0.03458751005643776,-0.9993971253879681,0.003014948484120609,7187.386652130975,6.984254365724041
sensitivity_K_Lambda_plus20pct__terminal__start2,15,1.568932983334434,-1.6053908940094779,8.880082914842957,-0.03458760721124384,-0.999399932650872,0.0018633423821927913,7187.386652130975,7.002856238505165
sensitivity_K_Lambda_plus20pct__terminal__start2,16,1.5696447172036159,-1.6053908940094779,8.880082914842957,-0.034587644321101604,-0.9994010049305797,0.001151609336735768,7187.386652130975,7.009958585447674
sensitivity_K_Lambda_plus20pct__terminal__start2,17,1.5700845929257148,-1.6053908940094779,8.880082914842957,-0.034587658495809456,-0.9994014145050838,0.000711733809091914,7187.386652130975,7.012671008960345
sensitivity_K_Lambda_plus20pct__terminal__start2,18,1.5703564510727976,-1.6053908940094779,8.880082914842957,-0.03458766391006658,-0.9994015709486381,0.0004398757079136694,7187.386652130975,7.0137069994081385
sensitivity_K_Lambda_plus20pct__terminal__start2,19,1.5705244686478135,-1.6053908940094779,8.880082914842957,-0.03458766597812886,-0.9994016307047608,0.0002718581437344463,7187.386652130975,7.0141027033319
sensitivity_K_Lambda_plus20pct__terminal__start2,20,1.5706283092198807,-1.6053908940094779,8.880082914842957,-0.03458766676805836,-0.9994016535295689,0.00016801757422537421,7187.386652130975,7.014253847432917
sensitivity_K_Lambda_plus20pct__terminal__start2,21,1.5706949758890394,-1.6053908940094779,8.880082914842957,-0.034587667078619294,-0.9994016625031462,0.0001013509056837155,7187.386652130975,7.014313269561
sensitivity_K_Lambda_plus20pct__terminal__start2,22,1.5706949758890394,-0.7416294238611401,8.880082914842957,0.737368874291191,-0.6754902907922036,0.0001013509056837155,7187.386652130975,1.2704027344432798
sensitivity_K_Lambda_plus20pct__terminal__start2,23,1.5706949758890394,0.7416294238611396,8.880082914842957,0.7373688742911914,0.6754902907922032,0.0001013509056837155,7187.386652130975,1.1662991175825763
sensitivity_K_Lambda_plus20pct__terminal__start2,24,1.5706949758890394,-1.6583338058675134,8.880082914842957,-0.08742572426794165,-0.9961710357484902,0.0001013509056837155,7187.386652130975,2.8124969609860164
sensitivity_K_Lambda_plus20pct__terminal__start2,25,1.5706949758890394,-2.2248882715834197,8.880082914842957,-0.6084388578539178,-0.7936007472157609,0.0001013509056837155,7187.386652130975,2.040056274620559
sensitivity_K_Lambda_plus20pct__terminal__start2,26,1.5706949758890394,-1.609613179024804,8.880082914842957,-0.038807104895759295,-0.9992467154499951,0.0001013509056837155,7187.386652130975,5.027849127662739
sensitivity_K_Lambda_plus20pct__terminal__start2,27,1.5706949758890394,-1.2780728862350514,8.880082914842957,0.28856088016193526,-0.957461543963079,0.00010135090568371548,7187.386652130975,1.9328105241751774
sensitivity_K_Lambda_plus20pct__terminal__start2,28,1.5706949758890394,-1.4829760558192104,8.880082914842957,0.0877074298713961,-0.9961462726293504,0.00010135090568371548,7187.386652130975,3.0611896761050357
sensitivity_K_Lambda_plus20pct__terminal__start2,29,1.5706949758890394,-1.5686164793167043,8.880082914842957,0.0021798457406540612,-0.9999976189974359,0.00010135090568371548,7187.386652130975,13.253111246636474
sensitivity_K_Lambda_plus20pct__terminal__start2,30,1.5706949758890394,-1.549370977920584,8.880082914842957,0.021423709599973334,-0.9997704808579667,0.00010135090568371548,7187.386652130975,8.997768290785894
sensitivity_K_Lambda_plus20pct__terminal__start2,31,1.5706949758890394,-1.5747854913279595,8.880082914842957,-0.003989153932365488,-0.9999920381577534,0.00010135090568371548,7187.386652130975,13.563337460575092
sensitivity_K_Lambda_plus20pct__terminal__start2,32,1.5706949758890394,-1.5754418705538307,8.880082914842957,-0.0046455270257865205,-0.9999892043450502,0.00010135090568371548,7187.386652130975,13.566283317717183
sensitivity_K_Lambda_plus20pct__terminal__start2,33,1.5706949758890394,-1.575508537664713,8.880082914842957,-0.004712193406580916,-0.9999888924189573,0.00010135090568371548,7187.386652130975,13.566256603706421
sensitivity_K_Lambda_plus20pct__terminal__start2,34,1.5706949758890394,-1.5753752034429482,8.880082914842957,-0.004578860624345064,-0.9999895118266875,0.00010135090568371548,7187.386652130975,13.566249886468341
sensitivity_K_Lambda_plus20pct__terminal__start2,35,1.5706949758890394,-1.5754418705538307,8.342310205260866,-0.0046455270257865205,-0.9999892043450502,0.00010135090568371548,4197.776273049276,13.510900070360568
sensitivity_K_Lambda_plus20pct__terminal__start2,36,1.5706949758890394,-1.5754418705538307,9.973010023033673,-0.0046455270257865205,-0.9999892043450502,0.00010135090568371548,21439.92298441949,13.127712834728177
sensitivity_K_Lambda_plus20pct__terminal__start2,37,1.5706949758890394,-1.5754418705538307,7.334482292429009,-0.0046455270257865205,-0.9999892043450502,0.00010135090568371548,1532.2343252594655,12.917658866680023
sensitivity_K_Lambda_plus20pct__terminal__start2,38,1.5706949758890394,-1.5754418705538307,8.781265401829659,-0.0046455270257865205,-0.9999892043450502,0.00010135090568371548,6511.111134556152,13.567158928742588
sensitivity_K_Lambda_plus20pct__terminal__start2,39,1.5706949758890394,-1.5754418705538307,8.772087889554689,-0.0046455270257865205,-0.9999892043450502,0.00010135090568371548,6451.628700081669,13.566972327290708
sensitivity_K_Lambda_plus20pct__terminal__start2,40,1.5706949758890394,-1.5754418705538307,8.817195072780333,-0.0046455270257865205,-0.9999892043450502,0.00010135090568371548,6749.306735771432,13.567459882547535
sensitivity_K_Lambda_plus20pct__terminal__start2,41,1.5706949758890394,-1.5754418705538307,8.815030577999117,-0.0046455270257865205,-0.9999892043450502,0.00010135090568371548,6734.713695542152,13.567461547903916
sensitivity_K_Lambda_plus20pct__terminal__start2,42,1.5706949758890394,-1.5754418705538307,8.814692532227008,-0.0046455270257865205,-0.9999892043450502,0.00010135090568371548,6732.437438812169,13.567461658869316
sensitivity_K_Lambda_plus20pct__terminal__start2,43,1.5706949758890394,-1.5754418705538307,8.81393047924954,-0.0046455270257865205,-0.9999892043450502,0.00010135090568371548,6727.3089191663275,13.567461718340043
sensitivity_K_Lambda_plus20pct__terminal__start2,44,1.5706949758890394,-1.5754418705538307,8.801453529920293,-0.0046455270257865205,-0.9999892043450502,0.00010135090568371548,6643.8940900832895,13.567413378578436
sensitivity_K_Lambda_plus20pct__terminal__start2,45,1.5706949758890394,-1.5754418705538307,8.814139949813422,-0.0046455270257865205,-0.9999892043450502,0.00010135090568371548,6728.718239959486,13.56746174789241
sensitivity_K_Lambda_plus20pct__terminal__start2,46,1.5706949758890394,-1.5754418705538307,8.814213104543972,-0.0046455270257865205,-0.9999892043450502,0.00010135090568371548,6729.210495534473,13.5674617479226
sensitivity_K_Lambda_plus20pct__terminal__start2,47,1.5706949758890394,-1.5754418705538307,8.814279772187646,-0.0046455270257865205,-0.9999892043450502,0.00010135090568371548,6729.659131096569,13.5674617438634
sensitivity_K_Lambda_plus20pct__terminal__start2,48,1.5705936249831822,-1.5454928470981835,8.748343294244988,0.025300779103393976,-0.9996798635006796,0.00020270181032629262,6300.241810392328,7.492587263166917
sensitivity_K_Lambda_plus20pct__terminal__start2,49,1.5689295709651316,-1.0537676632276654,7.666844105172869,0.49429850419500515,-0.8692902300022131,0.0018667547455604393,2136.3287665769617,1.5483011262966802
sensitivity_K_Lambda_plus20pct__terminal__start2,50,1.56777585241364,-0.7128457576204776,6.91702128432629,0.7565003959501928,-0.6539862595570786,0.0030204697884937317,1009.3090676741659,1.2509041824455764
sensitivity_K_Lambda_plus20pct__terminal__start2,51,1.569642608243405,-1.2644689884022904,8.130260093996377,0.3015587872884919,-0.9534468872166864,0.0011537182955456606,3395.682646964308,1.900189209220524
sensitivity_K_Lambda_plus20pct__terminal__start2,52,1.5700832895166235,-1.3946895688348526,8.416666926019447,0.17519784013559236,-0.9845329899956372,0.0007130372178525026,4521.806793454467,2.3470427912293363
sensitivity_K_Lambda_plus20pct__terminal__start2,53,1.570355645521678,-1.4751703135769156,8.593676082819886,0.09548033119304945,-0.9954312191986414,0.0004406812589551804,5397.418608639587,2.962884061231001
sensitivity_K_Lambda_plus20pct__terminal__start2,54,1.570523970789842,-1.5249101492674149,8.703073758042517,0.04587007498113168,-0.9989473770141417,0.0002723560016875304,6021.392103767431,4.074642317350133
sensitivity_K_Lambda_plus20pct__terminal__start2,55,1.5706280015267327,-1.5556510583189787,8.770685239620326,0.015144689266521787,-0.9998852984485895,0.00016832526736909487,6442.585667096402,10.961010854070123
sensitivity_K_Lambda_plus20pct__terminal__start2,56,1.5706922960580059,-1.5746499849579143,8.812471433265149,-0.0038536486039304207,-0.9999925692574136,0.00010403073670310994,6717.5006232194655,13.563187327358275
sensitivity_K_Lambda_plus20pct__terminal__start2,57,1.5707320322636233,-1.5863919673705422,8.838296721198134,-0.015595008345407254,-0.9998783883957689,6.429453122897698e-05,6893.241523319199,12.744163984435577
sensitivity_K_Lambda_plus20pct__terminal__start2,58,1.5706946127422328,-1.5753345612788017,8.813977088782059,-0.004538218882522772,-0.9999896970587376,0.00010171405248846931,6727.622483197634,13.56737833001163
sensitivity_K_Lambda_plus20pct__terminal__start2,59,1.5706949640379093,-1.5754383685646645,8.814205402277405,-0.004642025074392522,-0.9999892206063026,0.0001013627568137319,6729.158665561057,13.567461481701937
sensitivity_K_Lambda_plus20pct__terminal__start2,60,1.5706949892073188,-1.5754458060831609,8.814221760337734,-0.004649462512600396,-0.999989186056048,0.00010133758740441566,6729.268742444788,13.567461849318356
sensitivity_K_Lambda_plus20pct__terminal__start2,61,1.5706949824505916,-1.5754438094815388,8.81421736901692,-0.004647465932557051,-0.9999891953364946,0.00010134434413155871,6729.239192131775,13.567461824036569
sensitivity_K_Lambda_plus20pct__terminal__start2,62,1.5706949959640462,-1.575447802684783,8.814226151658549,-0.004651459092625207,-0.999989176771615,0.00010133083067705054,6729.298292887566,13.567461820726168
sensitivity_K_Lambda_plus20pct__terminal__start2,63,0.5999908074321633,-1.5754458060831609,8.814221760337734,-0.002625248751184524,-0.5646287833867082,0.8253408053890466,6729.268742444788,0.9208995943779922
sensitivity_K_Lambda_plus20pct__terminal__start2,64,0.9708055193627332,-1.5754458060831609,8.814221760337734,-0.0038373911544794634,-0.8253318844376288,0.5646348864175504,6729.268742444788,1.3436233982174215
sensitivity_K_Lambda_plus20pct__terminal__start2,65,1.1999816148643265,-1.5754458060831609,8.814221760337734,-0.004333449837298448,-0.9320223496524467,0.36237489008048024,6729.268742444788,1.8179836067439004
sensitivity_K_Lambda_plus20pct__terminal__start2,66,1.3416202312933032,-1.5754458060831609,8.814221760337734,-0.004527897206473344,-0.9738433700187755,0.22717523812546522,6729.268742444788,2.3335007192690105
sensitivity_K_Lambda_plus20pct__terminal__start2,67,1.4291577103659199,-1.5754458060831609,8.814221760337734,-0.004602902861773522,-0.9899753087084536,0.14116551077670147,6729.268742444788,2.9212217482118628
sensitivity_K_Lambda_plus20pct__terminal__start2,68,1.4832588477222797,-1.5754458060831609,8.814221760337734,-0.004631659934421101,-0.9961602734419628,0.08742572471696056,6729.268742444788,3.690151343992787
sensitivity_K_Lambda_plus20pct__terminal__start2,69,1.5166951894385368,-1.5754458060831609,8.814221760337734,-0.0046426598631519045,-0.9985260973943832,0.054074749483818095,6729.268742444788,5.066133190678541
sensitivity_K_Lambda_plus20pct__terminal__start2,70,1.5373599850786395,-1.5754458060831609,8.814221760337734,-0.004646863754741261,-0.9994302548356607,0.03343011182110186,6729.268742444788,10.356891667279438
sensitivity_K_Lambda_plus20pct__terminal__start2,71,1.5501315311547936,-1.5754458060831609,8.814221760337734,-0.004648469833022741,-0.9997756842071389,0.02066332491054402,6729.268742444788,12.351808682958145
sensitivity_K_Lambda_plus20pct__terminal__start2,72,1.5580247807187424,-1.5754458060831609,8.814221760337734,-0.004649083349156642,-0.9999076369861343,0.012771198879420182,6729.268742444788,13.104256249645477
sensitivity_K_Lambda_plus20pct__terminal__start2,73,1.562903077230948,-1.5754458060831609,8.814221760337734,-0.004649317698589988,-0.9999580399947551,0.00789316760150468,6729.268742444788,13.390696932248076
sensitivity_K_Lambda_plus20pct__terminal__start2,74,1.565918030282691,-1.5754458060831609,8.814221760337734,-0.004649407213147505,-0.9999772924544251,0.0048782771634600566,6729.268742444788,13.499982123473362
sensitivity_K_Lambda_plus20pct__terminal__start2,75,1.5677813737431534,-1.5754458060831609,8.814221760337734,-0.004649441404817609,-0.9999846462722621,0.0030149484841206086,6729.268742444788,13.54170783064032
sensitivity_K_Lambda_plus20pct__terminal__start2,76,1.568932983334434,-1.5754458060831609,8.814221760337734,-0.0046494544648955785,-0.9999874551854866,0.0018633423821927913,6729.268742444788,13.5576431174278
sensitivity_K_Lambda_plus20pct__terminal__start2,77,1.5696447172036159,-1.5754458060831609,8.814221760337734,-0.004649459453404695,-0.999988528095561,0.0011516093367357678,6729.268742444788,13.563729490658659
sensitivity_K_Lambda_plus20pct__terminal__start2,78,1.5700845929257148,-1.5754458060831609,8.814221760337734,-0.004649461358846094,-0.9999889379108439,0.0007117338090919139,6729.268742444788,13.566054225277174
sensitivity_K_Lambda_plus20pct__terminal__start2,79,1.5703564510727976,-1.5754458060831609,8.814221760337734,-0.004649462086660014,-0.9999890944463676,0.0004398757079136694,6729.268742444788,13.566942187152192
sensitivity_K_Lambda_plus20pct__terminal__start2,80,1.5705244686478135,-1.5754458060831609,8.814221760337734,-0.004649462364660204,-0.9999891542376194,0.00027185814373444626,6729.268742444788,13.567281357278063
sensitivity_K_Lambda_plus20pct__terminal__start2,81,1.5706283092198807,-1.5754458060831609,8.814221760337734,-0.00464946247084683,-0.9999891770758457,0.00016801757422537424,6729.268742444788,13.567410908574095
sensitivity_K_Lambda_plus20pct__terminal__start2,82,1.5706949758875364,-1.5754458060831609,8.814221760337734,-0.004649462512594119,-0.9999891860546981,0.00010135090718673541,6729.268742444788,13.56746184166173
sensitivity_K_Lambda_plus20pct__terminal__start2,83,1.5706949758875364,-1.5754458060831609,8.342310205260866,-0.004649462512594119,-0.9999891860546981,0.00010135090718673541,4197.776273049276,13.510900086828327
sensitivity_K_Lambda_plus20pct__terminal__start2,84,1.5706949758875364,-1.5754458060831609,9.973010023033673,-0.004649462512594119,-0.9999891860546981,0.00010135090718673541,21439.92298441949,13.127712464902213
sensitivity_K_Lambda_plus20pct__terminal__start2,85,1.5706949758875364,-1.5754458060831609,7.334482292429009,-0.004649462512594119,-0.9999891860546981,0.00010135090718673541,1532.2343252594655,12.91765802350078
sensitivity_K_Lambda_plus20pct__terminal__start2,86,1.5706949758875364,-1.5754458060831609,8.781265520451095,-0.004649462512594119,-0.9999891860546981,0.00010135090718673541,6511.111906913552,13.567159022522144
sensitivity_K_Lambda_plus20pct__terminal__start2,87,1.5706949758875364,-1.5754458060831609,8.772087940979223,-0.004649462512594119,-0.9999891860546981,0.00010135090718673541,6451.629031853677,13.566972419444088
sensitivity_K_Lambda_plus20pct__terminal__start2,88,1.5706949758875364,-1.5754458060831609,8.817195176559958,-0.004649462512594119,-0.9999891860546981,0.00010135090718673541,6749.30743621199,13.567459974476131
sensitivity_K_Lambda_plus20pct__terminal__start2,89,1.5706949758875364,-1.5754458060831609,8.815030515959211,-0.004649462512594119,-0.9999891860546981,0.00010135090718673541,6734.713277721163,13.567461641586684
sensitivity_K_Lambda_plus20pct__terminal__start2,90,1.5706949758875364,-1.5754458060831609,8.814691282908115,-0.004649462512594119,-0.9999891860546981,0.00010135090718673541,6732.429027856129,13.567461753280357
sensitivity_K_Lambda_plus20pct__terminal__start2,91,1.5706949758875364,-1.5754458060831609,8.813925965473906,-0.004649462512594119,-0.9999891860546981,0.00010135090718673541,6727.2785536717765,13.567461810721959
sensitivity_K_Lambda_plus20pct__terminal__start2,92,1.5706949758875364,-1.5754458060831609,8.80145078556289,-0.004649462512594119,-0.9999891860546981,0.00010135090718673541,6643.8758568883795,13.567413449148953
sensitivity_K_Lambda_plus20pct__terminal__start2,93,1.5706949758875364,-1.5754458060831609,8.814145556067214,-0.004649462512594119,-0.9999891860546981,0.00010135090718673541,6728.755962967375,13.567461842016746
sensitivity_K_Lambda_plus20pct__terminal__start2,94,1.5706949758875364,-1.5754458060831609,8.814214493570361,-0.004649462512594119,-0.9999891860546981,0.00010135090718673541,6729.2198425919205,13.5674618419227
sensitivity_K_Lambda_plus20pct__terminal__start2,95,1.5706949758875364,-1.5754458060831609,8.814078889399417,-0.004649462512594119,-0.9999891860546981,0.00010135090718673541,6728.3073941813645,13.567461837781666
sensitivity_K_Lambda_plus20pct__terminal__start2,96,1.5677759166473284,-0.7128686745416454,6.916995483477175,0.7564854085467568,-0.6540035961721686,0.003020405555098367,1009.283026979138,1.2509202454623318
sensitivity_K_Lambda_plus20pct__terminal__start2,97,1.5689296106637345,-1.053783330071951,7.666802358522063,0.49428488513630037,-0.869297974057646,0.001866715047026759,2136.23958386749,1.5483187136707324
sensitivity_K_Lambda_plus20pct__terminal__start2,98,1.5696426327784907,-1.2644801744526422,8.13020849229815,0.30154812197327296,-0.9534502604358023,0.001153693760476248,3395.507428493911,1.9002167941401717
sensitivity_K_Lambda_plus20pct__terminal__start2,99,1.5700833046801403,-1.3946979856022566,8.416609233566952,0.17518955354610266,-0.984534464570879,0.0007130220543394708,4521.5459268559325,2.3470864316669973
sensitivity_K_Lambda_plus20pct__terminal__start2,100,1.570355654893247,-1.4751770188333335,8.593614626074237,0.09547365656972628,-0.9954318594004783,0.000440671887387236,5397.086911049621,2.9629414019097657
sensitivity_K_Lambda_plus20pct__terminal__start2,101,1.57052397658179,-1.5249157967518712,8.703009974835753,0.045864433440688204,-0.9989476360503227,0.00027235020973971283,6021.008052318014,4.074908657449603
sensitivity_K_Lambda_plus20pct__terminal__start2,102,1.5706280051063535,-1.5556560520644103,8.770620018581521,0.015139696093700826,-0.9998853740654474,0.00016832168774832357,6442.165488668994,10.962330630467372
sensitivity_K_Lambda_plus20pct__terminal__start2,103,1.570692298270333,-1.5746545746704088,8.812405323597272,-0.0038582382822802378,-0.999992551559972,0.00010402852437591159,6717.056546163357,13.563236370157547
sensitivity_K_Lambda_plus20pct__terminal__start2,104,1.570732033630917,-1.5863963073769494,8.838230062327288,-0.015599347823873743,-0.999878320704004,6.429316393536814e-05,6892.782042937176,12.7435071699101
sensitivity_K_Lambda_plus20pct__terminal__start2,105,1.5706945992039507,-1.5753344967125724,8.813900742504726,-0.004538154316952483,-0.9999896973503741,0.00010172759077045024,6727.1088738720755,13.567378211094052
sensitivity_K_Lambda_plus20pct__terminal__start2,106,1.5706949508598025,-1.5754384104296104,8.814129290084548,-0.004642066938880992,-0.9999892204106277,0.00010137593492049219,6728.64651402967,13.56746147762667
sensitivity_K_Lambda_plus20pct__terminal__start2,107,1.5706949759200446,-1.5754458156892694,8.814145577194866,-0.0046494721185988295,-0.9999891860100382,0.00010135087467851725,6728.756105130195,13.567461842011037
sensitivity_K_Lambda_plus20pct__terminal__start2,108,1.5706949757132789,-1.5754457545903622,8.814145442814075,-0.004649411020352179,-0.999989186294093,0.00010135108144423184,6728.7552009146875,13.56746184203589
sensitivity_K_Lambda_plus20pct__terminal__start2,109,1.5706949757147772,-1.5754457550331344,8.814145443787908,-0.004649411463119655,-0.9999891862920345,0.00010135107994587484,6728.755207467369,13.567461842033993
sensitivity_K_Lambda_plus20pct__terminal__start2,110,1.5706949662200957,-1.5754429493705737,8.814139273020407,-0.0046466058308757795,-0.9999891993318161,0.00010136057462731156,6728.713686011525,13.567461788881774
sensitivity_K_Lambda_plus20pct__terminal__start2,111,1.5706949720872057,-1.5754446830917488,8.814143086162598,-0.004648339533321281,-0.9999891912749889,0.00010135470751743267,6728.739343602492,13.567461834284986
sensitivity_K_Lambda_plus20pct__terminal__start2,112,1.5706949743282421,-1.5754453453143107,8.814144542653311,-0.004649001748725434,-0.9999891881967614,0.00010135246648097668,6728.7491439559935,13.567461840907255
sensitivity_K_Lambda_plus20pct__terminal__start2,113,1.5706949751842418,-1.5754455982608213,8.814145098983259,-0.004649254692501506,-0.9999891870208675,0.00010135161048126551,6728.752887361692,13.567461841871962
sensitivity_K_Lambda_plus20pct__terminal__start2,114,1.5706949755112047,-1.575445694877791,8.81414531148239,-0.0046493513084266795,-0.999989186571699,0.000101351283518366,6728.754317215987,13.567461842011106
sensitivity_K_Lambda_plus20pct__terminal__start2,115,1.570694975621231,-1.5754457273903317,8.814145382990395,-0.0046493838206158175,-0.9999891864205475,0.00010135117349215621,6728.7547983758,13.567461842031431
sensitivity_K_Lambda_plus20pct__terminal__start2,116,1.5706949756689783,-1.5754457414996317,8.814145414022354,-0.004649397929763218,-0.9999891863549526,0.00010135112574479484,6728.755007182248,13.567461842035673
sensitivity_K_Lambda_plus20pct__terminal__start2,117,1.5706949756912167,-1.575445748071041,8.814145428475497,-0.004649404501101584,-0.9999891863244017,0.00010135110350636162,6728.755104433904,13.567461842035904
sensitivity_K_Lambda_plus20pct__terminal__start2,118,1.570694975700954,-1.5754457509484054,8.814145434803965,-0.00464940737843482,-0.9999891863110246,0.00010135109376903961,6728.755147016619,13.567461842035403
sensitivity_K_Lambda_plus20pct__terminal__start2,119,1.5706949756903288,-1.5754457478086716,8.814145427898442,-0.004649404238734961,-0.9999891863256215,0.00010135110439431799,6728.755100551044,13.567461842037211
sensitivity_K_Lambda_plus20pct__terminal__start2,120,1.5706949756821738,-1.5754457453988329,8.814145422598248,-0.004649401828922243,-0.999989186336825,0.00010135111254935017,6728.755064887337,13.567461842036865
sensitivity_K_Lambda_plus20pct__terminal__start2,121,1.570694975686378,-1.5754457466412126,8.814145425330736,-0.004649403071288564,-0.999989186331049,0.00010135110834515762,6728.755083273579,13.56746184203578
sensitivity_K_Lambda_plus20pct__terminal__start2,122,1.5706949756888198,-1.575445747362742,8.814145426917666,-0.004649403792810044,-0.9999891863276946,0.00010135110590333311,6728.75509395164,13.567461842036629
sensitivity_ell_N_minus20pct__onset__start1,1,1.5706949758875361,1.5658013345006918,11.18230883208749,0.0049949714977768475,0.9999875199159888,0.00010135090718695746,71848.05580700038,3.2035490443938195
sensitivity_ell_N_minus20pct__onset__start1,2,0.5999908074321633,1.5658013345006918,11.18230883208749,0.0028203351787913816,0.5646278426266624,0.8253408053890466,71848.05580700038,3.130730728383396
sensitivity_ell_N_minus20pct__onset__start1,3,0.9708055193627332,1.5658013345006918,11.18230883208749,0.004122553820043925,0.8253305093053576,0.5646348864175504,71848.05580700038,3.1656182483636135
sensitivity_ell_N_minus20pct__onset__start1,4,1.1999816148643265,1.5658013345006918,11.18230883208749,0.00465547541586148,0.932020796757139,0.36237489008048024,71848.05580700038,3.1869530791727914
sensitivity_ell_N_minus20pct__onset__start1,5,1.3416202312933032,1.5658013345006918,11.18230883208749,0.004864372479600658,0.9738417474430935,0.22717523812546522,71848.05580700038,3.196852991633906
sensitivity_ell_N_minus20pct__onset__start1,6,1.4291577103659199,1.5658013345006918,11.18230883208749,0.004944951924941199,0.9899736592544334,0.14116551077670147,71848.05580700038,3.200936392046316
sensitivity_ell_N_minus20pct__onset__start1,7,1.4832588477222797,1.5658013345006918,11.18230883208749,0.0049758459815864705,0.996158613682822,0.08742572471696056,71848.05580700038,3.202542949414871
sensitivity_ell_N_minus20pct__onset__start1,8,1.5166951894385368,1.5658013345006918,11.18230883208749,0.004987663332589757,0.998524433693409,0.0540747494838181,71848.05580700038,3.2031635546897683
sensitivity_ell_N_minus20pct__onset__start1,9,1.5373599850786395,1.5658013345006918,11.18230883208749,0.004992179622077347,0.9994285896282183,0.03343011182110186,71848.05580700038,3.2034016262922487
sensitivity_ell_N_minus20pct__onset__start1,10,1.5501315311547936,1.5658013345006918,11.18230883208749,0.004993905050601066,0.9997740184241571,0.02066332491054402,71848.05580700038,3.203492710975331
sensitivity_ell_N_minus20pct__onset__start1,11,1.5580247807187424,1.5658013345006918,11.18230883208749,0.004994564158098752,0.9999059709832985,0.012771198879420182,71848.05580700038,3.2035275240510845
sensitivity_ell_N_minus20pct__onset__start1,12,1.562903077230948,1.5658013345006918,11.18230883208749,0.004994815922412781,0.99995637390794,0.007893167601504682,71848.05580700038,3.2035408246479027
sensitivity_ell_N_minus20pct__onset__start1,13,1.565918030282691,1.5658013345006918,11.18230883208749,0.004994912088940034,0.9999756263355324,0.0048782771634600566,71848.05580700038,3.2035459054885895
sensitivity_ell_N_minus20pct__onset__start1,14,1.5677813737431534,1.5658013345006918,11.18230883208749,0.004994948821447754,0.9999829801411169,0.003014948484120609,71848.05580700038,3.2035478462648554
sensitivity_ell_N_minus20pct__onset__start1,15,1.568932983334434,1.5658013345006918,11.18230883208749,0.0049949628520409755,0.9999857890496612,0.0018633423821927913,71848.05580700038,3.203548587585317
sensitivity_ell_N_minus20pct__onset__start1,16,1.5696447172036159,1.5658013345006918,11.18230883208749,0.004994968211254172,0.9999868619579481,0.001151609336735768,71848.05580700038,3.2035488707459727
sensitivity_ell_N_minus20pct__onset__start1,17,1.5700845929257148,1.5658013345006918,11.18230883208749,0.004994970258291965,0.999987271772548,0.0007117338090919139,71848.05580700038,3.2035489789039393
sensitivity_ell_N_minus20pct__onset__start1,18,1.5703564510727976,1.5658013345006918,11.18230883208749,0.004994971040190899,0.999987428307811,0.0004398757079136694,71848.05580700038,3.203549020216628
sensitivity_ell_N_minus20pct__onset__start1,19,1.5705244686478135,1.5658013345006918,11.18230883208749,0.004994971338849728,0.9999874880989631,0.0002718581437344463,71848.05580700038,3.2035490359966814
sensitivity_ell_N_minus20pct__onset__start1,20,1.5706283092198807,1.5658013345006918,11.18230883208749,0.00499497145292725,0.9999875109371512,0.00016801757422537421,71848.05580700038,3.203549042024129
sensitivity_ell_N_minus20pct__onset__start1,21,1.5706949758875361,-0.7416294238611398,11.18230883208749,0.7373688742911911,-0.6754902907922034,0.00010135090718695747,71848.05580700038,3.124411986307585
sensitivity_ell_N_minus20pct__onset__start1,22,1.5706949758875361,0.7416294238611396,11.18230883208749,0.7373688742911911,0.6754902907922031,0.00010135090718695746,71848.05580700038,3.1297880405927883
sensitivity_ell_N_minus20pct__onset__start1,23,1.5706949758875361,1.658333805867513,11.18230883208749,-0.08742572426794121,0.9961710357484901,0.00010135090718695746,71848.05580700038,3.20090236342537
sensitivity_ell_N_minus20pct__onset__start1,24,1.5706949758875361,2.2248882715834193,11.18230883208749,-0.6084388578539173,0.793600747215761,0.00010135090718695746,71848.05580700038,3.1291538835140424
sensitivity_ell_N_minus20pct__onset__start1,25,1.5706949758875361,1.4817061859809009,11.18230883208749,0.08897233492042611,0.9960340924621011,0.00010135090718695746,71848.05580700038,3.2013786658830456
sensitivity_ell_N_minus20pct__onset__start1,26,1.5706949758875361,1.557589083285916,11.18230883208749,0.01320685948509795,0.999912780491646,0.00010135090718695746,71848.05580700038,3.2035280696209827
sensitivity_ell_N_minus20pct__onset__start1,27,1.5706949758875361,1.5656412692103283,11.18230883208749,0.005155034725840755,0.9999867075841404,0.00010135090718695746,71848.05580700038,3.203549036564656
sensitivity_ell_N_minus20pct__onset__start1,28,1.5706949758875361,1.5658637232391606,11.18230883208749,0.004932583528244163,0.999987829599806,0.00010135090718695746,71848.05580700038,3.203549043125252
sensitivity_ell_N_minus20pct__onset__start1,29,1.5706949758875361,1.5657970565715686,11.18230883208749,0.004999249373465378,0.9999874985387045,0.00010135090718695746,71848.05580700038,3.203549044392031
sensitivity_ell_N_minus20pct__onset__start1,30,1.5706949758875361,1.5657303899048385,11.18230883208749,0.0050659151956059635,0.9999871630332184,0.00010135090718695746,71848.05580700038,3.203549042891856
sensitivity_ell_N_minus20pct__onset__start1,31,1.5706949758875361,1.5657970565715686,8.342310205260866,0.004999249373465378,0.9999874985387045,0.00010135090718695746,4197.776273049276,3.1915186166575005
sensitivity_ell_N_minus20pct__onset__start1,32,1.5706949758875361,1.5657970565715686,9.973010023033673,0.004999249373465378,0.9999874985387045,0.00010135090718695746,21439.92298441949,3.2030707860726775
sensitivity_ell_N_minus20pct__onset__start1,33,1.5706949758875361,1.5657970565715686,10.980837935865528,0.004999249373465378,0.9999874985387045,0.00010135090718695746,58737.752128584805,3.2035054078401037
sensitivity_ell_N_minus20pct__onset__start1,34,1.5706949758875361,1.5657970565715686,10.562439237168386,0.004999249373465378,0.9999874985387045,0.00010135090718695746,38655.30249255441,3.203398483839014
sensitivity_ell_N_minus20pct__onset__start1,35,1.5706949758875361,1.5657970565715686,11.200323020603706,0.004999249373465378,0.9999874985387045,0.00010135090718695746,73154.0682885963,3.2035325967605606
sensitivity_ell_N_minus20pct__onset__start1,36,1.5706949758875361,1.5657970565715686,11.390621633958363,0.004999249373465378,0.9999874985387045,0.00010135090718695746,88487.94738295124,3.203502315517737
sensitivity_ell_N_minus20pct__onset__start1,37,1.5706949758875361,1.5657970565715686,11.180266333478507,0.004999249373465378,0.9999874985387045,0.00010135090718695746,71701.45601885355,3.2035485912693757
sensitivity_ell_N_minus20pct__onset__start1,38,1.5706949758875361,1.5657970565715686,11.103987228550189,0.004999249373465378,0.9999874985387045,0.00010135090718695746,66435.52640145426,3.20350915921768
sensitivity_ell_N_minus20pct__onset__start1,39,1.5706949758875361,1.5657970565715686,11.151130308027309,0.004999249373465378,0.9999874985387045,0.00010135090718695746,69642.50110598284,3.203509237539372
sensitivity_ell_N_minus20pct__onset__start1,40,1.5706949758875361,1.5657970565715686,11.181163707435415,0.004999249373465378,0.9999874985387045,0.00010135090718695746,71765.82791666982,3.2035489072667915
sensitivity_ell_N_minus20pct__onset__start1,41,1.5706949758875361,1.5657970565715686,11.183649377346146,0.004999249373465378,0.9999874985387045,0.00010135090718695746,71944.43596410405,3.2035488590410726
sensitivity_ell_N_minus20pct__onset__start1,42,1.5706949758875361,1.5657970565715686,11.182113148856502,0.004999249373465378,0.9999874985387045,0.00010135090718695746,71833.99772281038,3.2035490411685537
sensitivity_ell_N_minus20pct__onset__start1,43,1.5706949758875361,1.5657970565715686,11.182313653104657,0.004999249373465378,0.9999874985387045,0.00010135090718695746,71848.40218854584,3.203549044369689
sensitivity_ell_N_minus20pct__onset__start1,44,1.5706949758875361,1.5657970565715686,11.182246986437919,0.004999249373465378,0.9999874985387045,0.00010135090718695746,71843.61245472103,3.203549044246314
sensitivity_ell_N_minus20pct__onset__start1,45,1.5706949758875361,1.5657970565715686,11.182380319771395,0.004999249373465378,0.9999874985387045,0.00010135090718695746,71853.19224169687,3.203549043563279
sensitivity_ell_N_minus20pct__onset__start2,1,1.5707963267948966,1.5358013345006918,11.23230883208749,0.03498784996500899,0.9993877377448784,6.123233995736766e-17,75531.7844007111,3.2032318414100165
sensitivity_ell_N_minus20pct__onset__start2,2,0.5999908074321633,1.5358013345006918,11.23230883208749,0.01975536069098714,0.5642891817886719,0.8253408053890466,75531.7844007111,3.13075417597743
sensitivity_ell_N_minus20pct__onset__start2,3,0.9708055193627332,1.5358013345006918,11.23230883208749,0.028876900268951643,0.8248354803662952,0.5646348864175504,75531.7844007111,3.1655687169798727
sensitivity_ell_N_minus20pct__onset__start2,4,1.1999816148643265,1.5358013345006918,11.23230883208749,0.03260981060690088,0.9314617755395773,0.36237489008048024,75531.7844007111,3.1867694944384293
sensitivity_ell_N_minus20pct__onset__start2,5,1.3416202312933032,1.5358013345006918,11.23230883208749,0.03407305400878056,0.9732576422372202,0.22717523812546525,75531.7844007111,3.1965976886547556
sensitivity_ell_N_minus20pct__onset__start2,6,1.4291577103659199,1.5358013345006918,11.23230883208749,0.034637481960093856,0.9893798782119116,0.1411655107767015,75531.7844007111,3.2006451271810668
sensitivity_ell_N_minus20pct__onset__start2,7,1.4832588477222797,1.5358013345006918,11.23230883208749,0.03485388291726544,0.995561122936861,0.08742572471696057,75531.7844007111,3.2022358692206425
sensitivity_ell_N_minus20pct__onset__start2,8,1.5166951894385368,1.5358013345006918,11.23230883208749,0.034936658905466225,0.9979255239409329,0.0540747494838181,75531.7844007111,3.2028502383885766
sensitivity_ell_N_minus20pct__onset__start2,9,1.5373599850786395,1.5358013345006918,11.23230883208749,0.03496829377230163,0.9988291375677237,0.03343011182110186,75531.7844007111,3.2030859094540824
sensitivity_ell_N_minus20pct__onset__start2,10,1.5501315311547936,1.5358013345006918,11.23230883208749,0.03498037973395927,0.9991743591772706,0.02066332491054402,75531.7844007111,3.2031760751238063
sensitivity_ell_N_minus20pct__onset__start2,11,1.5580247807187424,1.5358013345006918,11.23230883208749,0.034984996527895273,0.9993062325919545,0.012771198879420183,75531.7844007111,3.2032105368983297
sensitivity_ell_N_minus20pct__onset__start2,12,1.562903077230948,1.5358013345006918,11.23230883208749,0.03498676003986015,0.9993566052851844,0.007893167601504682,75531.7844007111,3.203223703272724
sensitivity_ell_N_minus20pct__onset__start2,13,1.565918030282691,1.5358013345006918,11.23230883208749,0.03498743364931145,0.9993758461652711,0.0048782771634600566,75531.7844007111,3.203228732839677
sensitivity_ell_N_minus20pct__onset__start2,14,1.5677813737431534,1.5358013345006918,11.23230883208749,0.03498769094636769,0.9993831955600813,0.003014948484120609,75531.7844007111,3.203230654030344
sensitivity_ell_N_minus20pct__onset__start2,15,1.568932983334434,1.5358013345006918,11.23230883208749,0.034987789225264423,0.9993860027838569,0.0018633423821927916,75531.7844007111,3.2032313878696677
sensitivity_ell_N_minus20pct__onset__start2,16,1.5696447172036159,1.5358013345006918,11.23230883208749,0.03498782676448689,0.9993870750486189,0.001151609336735768,75531.7844007111,3.2032316681727733
sensitivity_ell_N_minus20pct__onset__start2,17,1.5700845929257148,1.5358013345006918,11.23230883208749,0.034987841103197505,0.9993874846174142,0.000711733809091914,75531.7844007111,3.203231775239235
sensitivity_ell_N_minus20pct__onset__start2,18,1.5703564510727976,1.5358013345006918,11.23230883208749,0.03498784658009812,0.9993876410587882,0.00043987570791366947,75531.7844007111,3.203231816135019
sensitivity_ell_N_minus20pct__onset__start2,19,1.5705244686478135,1.5358013345006918,11.23230883208749,0.034987848672088075,0.9993877008140779,0.0002718581437344463,75531.7844007111,3.20323183175582
sensitivity_ell_N_minus20pct__onset__start2,20,1.5706283092198807,1.5358013345006918,11.23230883208749,0.03498784947115715,0.9993877236385679,0.00016801757422537424,75531.7844007111,3.2032318377224382
sensitivity_ell_N_minus20pct__onset__start2,21,1.5706949758890394,1.5358013345006918,11.23230883208749,0.03498784978531128,0.99938773261202,0.00010135090568371548,75531.7844007111,3.203231840068216
sensitivity_ell_N_minus20pct__onset__start2,22,1.5706949758890394,-0.7416294238611396,11.23230883208749,0.7373688742911914,-0.6754902907922032,0.0001013509056837155,75531.7844007111,3.1243813082980454
sensitivity_ell_N_minus20pct__onset__start2,23,1.5706949758890394,0.7416294238611398,11.23230883208749,0.7373688742911912,0.6754902907922034,0.0001013509056837155,75531.7844007111,3.1297603006495303
sensitivity_ell_N_minus20pct__onset__start2,24,1.5706949758890394,1.6583338058675132,11.23230883208749,-0.08742572426794142,0.9961710357484902,0.00010135090568371548,75531.7844007111,3.200864538018398
sensitivity_ell_N_minus20pct__onset__start2,25,1.5706949758890394,2.2248882715834197,11.23230883208749,-0.6084388578539178,0.7936007472157609,0.0001013509056837155,75531.7844007111,3.1291286218872356
sensitivity_ell_N_minus20pct__onset__start2,26,1.5706949758890394,1.481712002552184,11.23230883208749,0.08896654141562191,0.9960346099591803,0.00010135090568371548,75531.7844007111,3.201341655963525
sensitivity_ell_N_minus20pct__onset__start2,27,1.5706949758890394,1.5575692236311127,11.23230883208749,0.013226717405146218,0.99991251801079,0.00010135090568371548,75531.7844007111,3.2034899799561813
sensitivity_ell_N_minus20pct__onset__start2,28,1.5706949758890394,1.565635679887464,11.23230883208749,0.005160623974328919,0.999986678755367,0.00010135090568371548,75531.7844007111,3.203511015939846
sensitivity_ell_N_minus20pct__onset__start2,29,1.5706949758890394,1.5658582920695179,11.23230883208749,0.004938014631714569,0.9999878027953596,0.0001013509056837155,75531.7844007111,3.2035110224978127
sensitivity_ell_N_minus20pct__onset__start2,30,1.5706949758890394,1.5657916249570345,11.23230883208749,0.0050046809200226345,0.999987471369958,0.00010135090568371548,75531.7844007111,3.2035110237694324
sensitivity_ell_N_minus20pct__onset__start2,31,1.5706949758890394,1.5657249578455399,11.23230883208749,0.005071347185098625,0.9999871355001134,0.00010135090568371548,75531.7844007111,3.2035110222745953
sensitivity_ell_N_minus20pct__onset__start2,32,1.5706949758890394,1.5657916249570345,8.342310205260866,0.0050046809200226345,0.999987471369958,0.00010135090568371548,4197.776273049276,3.1915186220889833
sensitivity_ell_N_minus20pct__onset__start2,33,1.5706949758890394,1.5657916249570345,9.973010023033673,0.0050046809200226345,0.999987471369958,0.00010135090568371548,21439.92298441949,3.2030707863048877
sensitivity_ell_N_minus20pct__onset__start2,34,1.5706949758890394,1.5657916249570345,10.980837935865528,0.0050046809200226345,0.999987471369958,0.00010135090568371548,58737.752128584805,3.203505407855064
sensitivity_ell_N_minus20pct__onset__start2,35,1.5706949758890394,1.5657916249570345,10.562439232634544,0.0050046809200226345,0.999987471369958,0.00010135090568371548,38655.30231729739,3.203398483916464
sensitivity_ell_N_minus20pct__onset__start2,36,1.5706949758890394,1.5657916249570345,11.200322914648956,0.0050046809200226345,0.999987471369958,0.00010135090568371548,73154.06053757564,3.2035325969112542
sensitivity_ell_N_minus20pct__onset__start2,37,1.5706949758890394,1.5657916249570345,11.390625068005663,0.0050046809200226345,0.999987471369958,0.00010135090568371548,88488.25125526986,3.203502320193369
sensitivity_ell_N_minus20pct__onset__start2,38,1.5706949758890394,1.5657916249570345,11.180275782503026,0.0050046809200226345,0.999987471369958,0.00010135090568371548,71702.13353087044,3.2035485955732934
sensitivity_ell_N_minus20pct__onset__start2,39,1.5706949758890394,1.5657916249570345,11.103979333831726,0.0050046809200226345,0.999987471369958,0.00010135090568371548,66435.00191374772,3.2035091437796095
sensitivity_ell_N_minus20pct__onset__start2,40,1.5706949758890394,1.5657916249570345,11.1511331323315,0.0050046809200226345,0.999987471369958,0.00010135090568371548,69642.69779786837,3.2035092369532516
sensitivity_ell_N_minus20pct__onset__start2,41,1.5706949758890394,1.5657916249570345,11.181164104351726,0.0050046809200226345,0.999987471369958,0.00010135090568371548,71765.85640170317,3.2035489073464123
sensitivity_ell_N_minus20pct__onset__start2,42,1.5706949758890394,1.5657916249570345,11.18364597412742,0.0050046809200226345,0.999987471369958,0.00010135090568371548,71944.19112186901,3.203548859926389
sensitivity_ell_N_minus20pct__onset__start2,43,1.5706949758890394,1.5657916249570345,11.18211209425039,0.0050046809200226345,0.999987471369958,0.00010135090568371548,71833.92196627735,3.2035490411105365
sensitivity_ell_N_minus20pct__onset__start2,44,1.5706949758890394,1.5657916249570345,11.18231357402899,0.0050046809200226345,0.999987471369958,0.00010135090568371548,71848.39650708574,3.203549044351398
sensitivity_ell_N_minus20pct__onset__start2,45,1.5706949758890394,1.5657916249570345,11.182246906620774,0.0050046809200226345,0.999987471369958,0.00010135090568371548,71843.60672036924,3.2035490442269294
sensitivity_ell_N_minus20pct__onset__start2,46,1.5706949758890394,1.5657916249570345,11.182380241437206,0.0050046809200226345,0.999987471369958,0.00010135090568371548,71853.18661313556,3.2035490435460683
sensitivity_ell_N_minus20pct__onset__start2,47,1.5705936249831822,1.5957819154133772,11.13231831597049,-0.024982988520668936,0.9996878558813007,0.00020270181032629262,68344.63294621716,3.2032246092275645
sensitivity_ell_N_minus20pct__onset__start2,48,0.5999908074321633,1.5657916249570345,11.18231357402899,0.0028258174573464684,0.5646278152158797,0.8253408053890466,71848.39650708574,3.1307307565210927
sensitivity_ell_N_minus20pct__onset__start2,49,0.9708055193627332,1.5657916249570345,11.18231357402899,0.004130567402461283,0.8253304692383371,0.5646348864175504,71848.39650708574,3.1656182832839206
sensitivity_ell_N_minus20pct__onset__start2,50,1.1999816148643265,1.5657916249570345,11.18231357402899,0.0046645249122575245,0.932020751510664,0.36237489008048024,71848.39650708574,3.1869530879771726
sensitivity_ell_N_minus20pct__onset__start2,51,1.3416202312933032,1.5657916249570345,11.18231357402899,0.004873828038333325,0.973841700166352,0.22717523812546522,71848.39650708574,3.196852994404016
sensitivity_ell_N_minus20pct__onset__start2,52,1.4291577103659199,1.5657916249570345,11.18231357402899,0.004954564117172073,0.9899736111945419,0.1411655107767015,71848.39650708574,3.2009363922738556
sensitivity_ell_N_minus20pct__onset__start2,53,1.4832588477222797,1.5657916249570345,11.18231357402899,0.004985518226900928,0.9961585653226717,0.08742572471696056,71848.39650708574,3.2025429493452116
sensitivity_ell_N_minus20pct__onset__start2,54,1.5166951894385368,1.5657916249570345,11.18231357402899,0.004997358548936334,0.998524385218406,0.054074749483818095,71848.39650708574,3.2031635546189565
sensitivity_ell_N_minus20pct__onset__start2,55,1.5373599850786395,1.5657916249570345,11.18231357402899,0.005001883617365235,0.9994285411093217,0.03343011182110186,71848.39650708574,3.2034016262364537
sensitivity_ell_N_minus20pct__onset__start2,56,1.5501315311547936,1.5657916249570345,11.18231357402899,0.005003612399844847,0.9997739698884911,0.02066332491054402,71848.39650708574,3.2034927109274483
sensitivity_ell_N_minus20pct__onset__start2,57,1.5580247807187424,1.5657916249570345,11.18231357402899,0.005004272788541635,0.9999059224412266,0.012771198879420182,71848.39650708574,3.20352752400653
sensitivity_ell_N_minus20pct__onset__start2,58,1.562903077230948,1.5657916249570345,11.18231357402899,0.00500452504224505,0.9999563253634212,0.00789316760150468,71848.39650708574,3.2035408246046635
sensitivity_ell_N_minus20pct__onset__start2,59,1.565918030282691,1.5657916249570345,11.18231357402899,0.005004621395704585,0.999975577790079,0.0048782771634600566,71848.39650708574,3.2035459054458575
sensitivity_ell_N_minus20pct__onset__start2,60,1.5677813737431534,1.5657916249570345,11.18231357402899,0.005004658199614398,0.9999829315953064,0.0030149484841206086,71848.39650708574,3.2035478462223224
sensitivity_ell_N_minus20pct__onset__start2,61,1.568932983334434,1.5657916249570345,11.18231357402899,0.00500467225748084,0.9999857405037144,0.0018633423821927913,71848.39650708574,3.2035485875428527
sensitivity_ell_N_minus20pct__onset__start2,62,1.5696447172036159,1.5657916249570345,11.18231357402899,0.005004677627111485,0.9999868134119491,0.0011516093367357678,71848.39650708574,3.203548870703546
sensitivity_ell_N_minus20pct__onset__start2,63,1.5700845929257148,1.5657916249570345,11.18231357402899,0.005004679678128392,0.9999872232265292,0.0007117338090919139,71848.39650708574,3.2035489788615177
sensitivity_ell_N_minus20pct__onset__start2,64,1.5703564510727976,1.5657916249570345,11.18231357402899,0.005004680461547213,0.9999873797617845,0.0004398757079136694,71848.39650708574,3.203549020174219
sensitivity_ell_N_minus20pct__onset__start2,65,1.5705244686478135,1.5657916249570345,11.18231357402899,0.005004680760786586,0.9999874395529338,0.0002718581437344463,71848.39650708574,3.203549035954265
sensitivity_ell_N_minus20pct__onset__start2,66,1.5706283092198807,1.5657916249570345,11.18231357402899,0.005004680875085857,0.9999874623911209,0.00016801757422537424,71848.39650708574,3.2035490419817094
sensitivity_ell_N_minus20pct__onset__start2,67,1.5706949758875361,-0.7416294238611401,11.18231357402899,0.7373688742911909,-0.6754902907922036,0.00010135090718695747,71848.39650708574,3.1244119837981867
sensitivity_ell_N_minus20pct__onset__start2,68,1.5706949758875361,0.7416294238611396,11.18231357402899,0.7373688742911911,0.6754902907922031,0.00010135090718695746,71848.39650708574,3.1297880371281788
sensitivity_ell_N_minus20pct__onset__start2,69,1.5706949758875361,1.658333805867513,11.18231357402899,-0.08742572426794121,0.9961710357484901,0.00010135090718695746,71848.39650708574,3.2009023632997753
sensitivity_ell_N_minus20pct__onset__start2,70,1.5706949758875361,2.2248882715834193,11.18231357402899,-0.6084388578539173,0.793600747215761,0.00010135090718695746,71848.39650708574,3.1291538815710327
sensitivity_ell_N_minus20pct__onset__start2,71,1.5706949758875361,1.4817061897584478,11.18231357402899,0.08897233115786057,0.9960340927981982,0.00010135090718695746,71848.39650708574,3.201378665943359
sensitivity_ell_N_minus20pct__onset__start2,72,1.5706949758875361,1.5575890807293866,11.18231357402899,0.0132068620414044,0.9999127804578822,0.00010135090718695746,71848.39650708574,3.2035280695843076
sensitivity_ell_N_minus20pct__onset__start2,73,1.5706949758875361,1.5656412694952797,11.18231357402899,0.005155034440893147,0.9999867075856094,0.00010135090718695746,71848.39650708574,3.2035490365427433
sensitivity_ell_N_minus20pct__onset__start2,74,1.5706949758875361,1.5658637233902954,11.18231357402899,0.00493258337711112,0.9999878296005514,0.00010135090718695746,71848.39650708574,3.203549043103319
sensitivity_ell_N_minus20pct__onset__start2,75,1.5706949758875361,1.5657970567225594,11.18231357402899,0.004999249222476491,0.9999874985394593,0.00010135090718695746,71848.39650708574,3.203549044370096
sensitivity_ell_N_minus20pct__onset__start2,76,1.5706949758875361,1.5657303900558122,11.18231357402899,0.005065915044634223,0.9999871630339833,0.00010135090718695746,71848.39650708574,3.2035490428699185
sensitivity_ell_N_minus20pct__onset__start2,77,1.5706949758875361,1.5657970567225594,8.342310205260866,0.004999249222476491,0.9999874985394593,0.00010135090718695746,4197.776273049276,3.1915186166573486
sensitivity_ell_N_minus20pct__onset__start2,78,1.5706949758875361,1.5657970567225594,9.973010023033673,0.004999249222476491,0.9999874985394593,0.00010135090718695746,21439.92298441949,3.2030707860726944
sensitivity_ell_N_minus20pct__onset__start2,79,1.5706949758875361,1.5657970567225594,10.980837935865528,0.004999249222476491,0.9999874985394593,0.00010135090718695746,58737.752128584805,3.203505407840102
sensitivity_ell_N_minus20pct__onset__start2,80,1.5706949758875361,1.5657970567225594,10.562439237163147,0.004999249222476491,0.9999874985394593,0.00010135090718695746,38655.30249235192,3.203398483839011
sensitivity_ell_N_minus20pct__onset__start2,81,1.5706949758875361,1.5657970567225594,11.200323020642372,0.004999249222476491,0.9999874985394593,0.00010135090718695746,73154.06829142488,3.2035325967605037
sensitivity_ell_N_minus20pct__onset__start2,82,1.5706949758875361,1.5657970567225594,11.390621632716433,0.004999249222476491,0.9999874985394593,0.00010135090718695746,88487.94727305547,3.203502315516042
sensitivity_ell_N_minus20pct__onset__start2,83,1.5706949758875361,1.5657970567225594,11.180266330047438,0.004999249222476491,0.9999874985394593,0.00010135090718695746,71701.45577284093,3.2035485912677975
sensitivity_ell_N_minus20pct__onset__start2,84,1.5706949758875361,1.5657970567225594,11.10398723142463,0.004999249222476491,0.9999874985394593,0.00010135090718695746,66435.52659241932,3.203509159223302
sensitivity_ell_N_minus20pct__onset__start2,85,1.5706949758875361,1.5657970567225594,11.151130307004731,0.004999249222476491,0.9999874985394593,0.00010135090718695746,69642.50103476799,3.2035092375395817
sensitivity_ell_N_minus20pct__onset__start2,86,1.5706949758875361,1.5657970567225594,11.181163707295331,0.004999249222476491,0.9999874985394593,0.00010135090718695746,71765.82790661661,3.2035489072667533
sensitivity_ell_N_minus20pct__onset__start2,87,1.5706949758875361,1.5657970567225594,11.18364937858942,0.004999249222476491,0.9999874985394593,0.00010135090718695746,71944.43605355069,3.203548859040743
sensitivity_ell_N_minus20pct__onset__start2,88,1.5706949758875361,1.5657970567225594,11.182113149244813,0.004999249222476491,0.9999874985394593,0.00010135090718695746,71833.99775070435,3.2035490411685643
sensitivity_ell_N_minus20pct__onset__start2,89,1.5706949758875361,1.5657970567225594,11.182313653141078,0.004999249222476491,0.9999874985394593,0.00010135090718695746,71848.4021911626,3.2035490443696917
sensitivity_ell_N_minus20pct__onset__start2,90,1.5706949758875361,1.5657970567225594,11.182246986474409,0.004999249222476491,0.9999874985394593,0.00010135090718695746,71843.6124573426,3.2035490442463166
sensitivity_ell_N_minus20pct__onset__start2,91,1.5706949758875361,1.5657970567225594,11.182380319807745,0.004999249222476491,0.9999874985394593,0.00010135090718695746,71853.19224430871,3.203549043563279
sensitivity_ell_N_minus20pct__terminal__start1,1,1.5706949758856612,-1.5753908940094778,8.830082914842956,-0.004594551025745008,-0.9999894398586743,0.0001013509090619021,6836.8536687706555,13.341817889063728
sensitivity_ell_N_minus20pct__terminal__start1,2,0.5999908074321633,-1.5753908940094778,8.830082914842956,-0.002594243809885216,-0.5646289266932882,0.8253408053890466,6836.8536687706555,0.9199605977728897
sensitivity_ell_N_minus20pct__terminal__start1,3,0.9708055193627332,-1.5753908940094778,8.830082914842956,-0.003792070463465541,-0.8253320939124081,0.5646348864175504,6836.8536687706555,1.3427597497892398
sensitivity_ell_N_minus20pct__terminal__start1,4,1.1999816148643265,-1.5753908940094778,8.830082914842956,-0.0042822705508524265,-0.9320225862059831,0.36237489008048024,6836.8536687706555,1.8161105819113328
sensitivity_ell_N_minus20pct__terminal__start1,5,1.3416202312933032,-1.5753908940094778,8.830082914842956,-0.00447442144078346,-0.973843617186768,0.22717523812546525,6836.8536687706555,2.3292048202446463
sensitivity_ell_N_minus20pct__terminal__start1,6,1.4291577103659199,-1.5753908940094778,8.830082914842956,-0.0045485412577650226,-0.9899755599708406,0.1411655107767015,6836.8536687706555,2.912711783051704
sensitivity_ell_N_minus20pct__terminal__start1,7,1.4832588477222797,-1.5753908940094778,8.830082914842956,-0.004576958701130242,-0.9961605262741354,0.08742572471696057,6836.8536687706555,3.6728613047045022
sensitivity_ell_N_minus20pct__terminal__start1,8,1.5166951894385368,-1.5753908940094778,8.830082914842956,-0.004587828717545331,-0.9985263508270179,0.0540747494838181,6836.8536687706555,5.019737711654796
sensitivity_ell_N_minus20pct__terminal__start1,9,1.5373599850786395,-1.5753908940094778,8.830082914842956,-0.004591982959968336,-0.9994305084977765,0.03343011182110186,6836.8536687706555,10.09166766158245
sensitivity_ell_N_minus20pct__terminal__start1,10,1.5501315311547936,-1.5753908940094778,8.830082914842956,-0.004593570070004305,-0.9997759379569271,0.02066332491054402,6836.8536687706555,12.113256343647285
sensitivity_ell_N_minus20pct__terminal__start1,11,1.5580247807187424,-1.5753908940094778,8.830082914842956,-0.004594176340336562,-0.9999078907694129,0.012771198879420182,6836.8536687706555,12.873894959336944
sensitivity_ell_N_minus20pct__terminal__start1,12,1.562903077230948,-1.5753908940094778,8.830082914842956,-0.004594407922035835,-0.9999582937908263,0.007893167601504682,6836.8536687706555,13.163278343745032
sensitivity_ell_N_minus20pct__terminal__start1,13,1.565918030282691,-1.5753908940094778,8.830082914842956,-0.004594496379400733,-0.9999775462553828,0.004878277163460057,6836.8536687706555,13.273664250658483
sensitivity_ell_N_minus20pct__terminal__start1,14,1.5677813737431534,-1.5753908940094778,8.830082914842956,-0.004594530167257399,-0.9999849000750863,0.003014948484120609,6836.8536687706555,13.315807179646717
sensitivity_ell_N_minus20pct__terminal__start1,15,1.568932983334434,-1.5753908940094778,8.830082914842956,-0.004594543073092098,-0.9999877089890237,0.0018633423821927913,6836.8536687706555,13.331901371799281
sensitivity_ell_N_minus20pct__terminal__start1,16,1.5696447172036159,-1.5753908940094778,8.830082914842956,-0.00459454800268549,-0.9999887818993705,0.001151609336735768,6836.8536687706555,13.338048375016156
sensitivity_ell_N_minus20pct__terminal__start1,17,1.5700845929257148,-1.5753908940094778,8.830082914842956,-0.00459454988562308,-0.9999891917147573,0.000711733809091914,6836.8536687706555,13.340396258564043
sensitivity_ell_N_minus20pct__terminal__start1,18,1.5703564510727976,-1.5753908940094778,8.830082914842956,-0.004594550604841308,-0.9999893482503207,0.0004398757079136694,6836.8536687706555,13.341293061132
sensitivity_ell_N_minus20pct__terminal__start1,19,1.5705244686478135,-1.5753908940094778,8.830082914842956,-0.004594550879558236,-0.9999894080415876,0.0002718581437344463,6836.8536687706555,13.341635607896439
sensitivity_ell_N_minus20pct__terminal__start1,20,1.5706283092198807,-1.5753908940094778,8.830082914842956,-0.004594550984490767,-0.9999894308798197,0.00016801757422537424,6836.8536687706555,13.341766448922622
sensitivity_ell_N_minus20pct__terminal__start1,21,1.5706949758875361,-0.7416294238611401,8.830082914842956,0.7373688742911909,-0.6754902907922036,0.00010135090718695747,6836.8536687706555,1.269737166311377
sensitivity_ell_N_minus20pct__terminal__start1,22,1.5706949758875361,0.7416294238611394,8.830082914842956,0.7373688742911914,0.675490290792203,0.00010135090718695746,6836.8536687706555,1.1650215028977395
sensitivity_ell_N_minus20pct__terminal__start1,23,1.5706949758875361,-1.6583338058675134,8.830082914842956,-0.08742572426794165,-0.9961710357484901,0.00010135090718695747,6836.8536687706555,2.8018202307314546
sensitivity_ell_N_minus20pct__terminal__start1,24,1.5706949758875361,-2.2248882715834197,8.830082914842956,-0.6084388578539177,-0.7936007472157608,0.00010135090718695747,6836.8536687706555,2.012328944653897
sensitivity_ell_N_minus20pct__terminal__start1,25,1.5706949758875361,-1.6044077158194885,8.830082914842956,-0.03360506060241001,-0.9994351853071324,0.00010135090718695746,6836.8536687706555,7.121318295378194
sensitivity_ell_N_minus20pct__terminal__start1,26,1.5706949758875361,-1.2748557330469796,8.830082914842956,0.2916396819949631,-0.9565282461139716,0.00010135090718695746,6836.8536687706555,1.9228471511139051
sensitivity_ell_N_minus20pct__terminal__start1,27,1.5706949758875361,-1.47853005946031,8.830082914842956,0.092135411131799,-0.995746481662661,0.00010135090718695746,6836.8536687706555,2.994444193700861
sensitivity_ell_N_minus20pct__terminal__start1,28,1.5706949758875361,-1.5675787470216358,8.830082914842956,0.003217574204901068,-0.9999948184586906,0.00010135090718695747,6836.8536687706555,12.927759406759105
sensitivity_ell_N_minus20pct__terminal__start1,29,1.5706949758875361,-1.5491337056563865,8.830082914842956,0.021660926800361097,-0.9997653694633272,0.00010135090718695746,6836.8536687706555,8.665458239707021
sensitivity_ell_N_minus20pct__terminal__start1,30,1.5706949758875361,-1.5747846314279865,8.830082914842956,-0.003988294039237397,-0.999992041587657,0.00010135090718695746,6836.8536687706555,13.339202969058167
sensitivity_ell_N_minus20pct__terminal__start1,31,1.5706949758875361,-1.5753907921975474,8.830082914842956,-0.0045944492148896916,-0.9999894403264494,0.00010135090718695747,6836.8536687706555,13.3418178706158
sensitivity_ell_N_minus20pct__terminal__start1,32,1.5706949758875361,-1.5754574588642156,8.830082914842956,-0.004661115167320398,-0.9999891318076366,0.00010135090718695746,6836.8536687706555,13.341799675718082
sensitivity_ell_N_minus20pct__terminal__start1,33,1.5706949758875361,-1.5753241255308794,8.830082914842956,-0.0045277832420394315,-0.9999897444008647,0.00010135090718695746,6836.8536687706555,13.341775424617618
sensitivity_ell_N_minus20pct__terminal__start1,34,1.5706949758875361,-1.5753907921975474,8.342310205260866,-0.0045944492148896916,-0.9999894403264494,0.00010135090718695747,4197.776273049276,13.276866749559868
sensitivity_ell_N_minus20pct__terminal__start1,35,1.5706949758875361,-1.5753907921975474,9.973010023033673,-0.0045944492148896916,-0.9999894403264494,0.00010135090718695747,21439.92298441949,12.884533434508176
sensitivity_ell_N_minus20pct__terminal__start1,36,1.5706949758875361,-1.5753907921975474,7.334482292429009,-0.0045944492148896916,-0.9999894403264494,0.00010135090718695747,1532.2343252594655,12.659256164330747
sensitivity_ell_N_minus20pct__terminal__start1,37,1.5706949758875361,-1.5753907921975474,8.78573339218967,-0.0045944492148896916,-0.9999894403264494,0.00010135090718695747,6540.267803692242,13.341224831281687
sensitivity_ell_N_minus20pct__terminal__start1,38,1.5706949758875361,-1.5753907921975474,8.787390269385599,-0.0045944492148896916,-0.9999894403264494,0.00010135090718695747,6551.113206540673,13.341267738317523
sensitivity_ell_N_minus20pct__terminal__start1,39,1.5706949758875361,-1.5753907921975474,8.834891514430824,-0.0045944492148896916,-0.9999894403264494,0.00010135090718695747,6869.808530371344,13.3418122579869
sensitivity_ell_N_minus20pct__terminal__start1,40,1.5706949758875361,-1.5753907921975474,9.269614101491772,-0.0045944492148896916,-0.9999894403264494,0.00010135090718695747,10610.656459773852,13.299862037950112
sensitivity_ell_N_minus20pct__terminal__start1,41,1.5706949758875361,-1.5753907921975474,8.830662498129373,-0.0045944492148896916,-0.9999894403264494,0.00010135090718695747,6840.817343417585,13.341817795675746
sensitivity_ell_N_minus20pct__terminal__start1,42,1.5706949758875361,-1.5753907921975474,8.83055888653426,-0.0045944492148896916,-0.9999894403264494,0.00010135090718695747,6840.108592138813,13.341817813735684
sensitivity_ell_N_minus20pct__terminal__start1,43,1.5706949758875361,-1.5753907921975474,8.83027805014537,-0.0045944492148896916,-0.9999894403264494,0.00010135090718695747,6838.187910453467,13.341817856274503
sensitivity_ell_N_minus20pct__terminal__start1,44,1.5706949758875361,-1.5753907921975474,8.81389637559719,-0.0045944492148896916,-0.9999894403264494,0.00010135090718695747,6727.079497273781,13.341736036934648
sensitivity_ell_N_minus20pct__terminal__start1,45,1.5706949758875361,-1.5753907921975474,8.8291432353383,-0.0045944492148896916,-0.9999894403264494,0.00010135090718695747,6830.432235019133,13.341817518213361
sensitivity_ell_N_minus20pct__terminal__start1,46,1.5706949758875361,-1.5753907921975474,8.829844589460006,-0.0045944492148896916,-0.9999894403264494,0.00010135090718695747,6835.224467149632,13.341817847294742
sensitivity_ell_N_minus20pct__terminal__start1,47,1.5706949758875361,-1.5753907921975474,8.830104289295756,-0.0045944492148896916,-0.9999894403264494,0.00010135090718695747,6836.999804338476,13.341817870228688
sensitivity_ell_N_minus20pct__terminal__start1,48,1.5706949758875361,-1.5753907921975474,8.83003762262877,-0.0045944492148896916,-0.9999894403264494,0.00010135090718695747,6836.544019542338,13.341817870207832
sensitivity_ell_N_minus20pct__terminal__start1,49,1.5706949758875361,-1.5753907921975474,8.830170955962739,-0.0045944492148896916,-0.9999894403264494,0.00010135090718695747,6837.455619521267,13.341817866923027
sensitivity_ell_N_minus20pct__terminal__start2,1,1.5707963267948966,-1.6053908940094779,8.880082914842957,-0.03458766725626166,-0.9994016676360763,6.123233995736767e-17,7187.386652130975,6.616608624248291
sensitivity_ell_N_minus20pct__terminal__start2,2,0.5999908074321633,-1.6053908940094779,8.880082914842957,-0.01952940357268732,-0.5642970470912062,0.8253408053890466,7187.386652130975,0.9038319387555104
sensitivity_ell_N_minus20pct__terminal__start2,3,0.9708055193627332,-1.6053908940094779,8.880082914842957,-0.028546613149811346,-0.8248469772739153,0.5646348864175504,7187.386652130975,1.3083845811314072
sensitivity_ell_N_minus20pct__terminal__start2,4,1.1999816148643265,-1.6053908940094779,8.880082914842957,-0.03223682734689896,-0.9314747586498338,0.36237489008048024,7187.386652130975,1.7642187308480024
sensitivity_ell_N_minus20pct__terminal__start2,5,1.3416202312933032,-1.6053908940094779,8.880082914842957,-0.03368333451866713,-0.9732712079160369,0.22717523812546522,7187.386652130975,2.254867605807096
sensitivity_ell_N_minus20pct__terminal__start2,6,1.4291577103659199,-1.6053908940094779,8.880082914842957,-0.03424130667727882,-0.9893936686093082,0.1411655107767015,7187.386652130975,2.779303018584802
sensitivity_ell_N_minus20pct__terminal__start2,7,1.4832588477222797,-1.6053908940094779,8.880082914842957,-0.0344552324917565,-0.9955749994910746,0.08742572471696057,7187.386652130975,3.3569913009234558
sensitivity_ell_N_minus20pct__terminal__start2,8,1.5166951894385368,-1.6053908940094779,8.880082914842957,-0.034537061707886105,-0.997939433451173,0.0540747494838181,7187.386652130975,4.01371922935402
sensitivity_ell_N_minus20pct__terminal__start2,9,1.5373599850786395,-1.6053908940094779,8.880082914842957,-0.03456833474263655,-0.9988430596729146,0.03343011182110186,7187.386652130975,4.674046379410744
sensitivity_ell_N_minus20pct__terminal__start2,10,1.5501315311547936,-1.6053908940094779,8.880082914842957,-0.03458028246793846,-0.9991882860943071,0.02066332491054402,7187.386652130975,5.282863517601544
sensitivity_ell_N_minus20pct__terminal__start2,11,1.5580247807187424,-1.6053908940094779,8.880082914842957,-0.034584846456083174,-0.9993201613470988,0.012771198879420183,7187.386652130975,6.061869820573756
sensitivity_ell_N_minus20pct__terminal__start2,12,1.562903077230948,-1.6053908940094779,8.880082914842957,-0.0345865897974175,-0.9993705347424446,0.00789316760150468,7187.386652130975,6.403399510926447
sensitivity_ell_N_minus20pct__terminal__start2,13,1.565918030282691,-1.6053908940094779,8.880082914842957,-0.034587255702284075,-0.9993897758907189,0.0048782771634600566,7187.386652130975,6.535131843967505
sensitivity_ell_N_minus20pct__terminal__start2,14,1.5677813737431534,-1.6053908940094779,8.880082914842957,-0.03458751005643776,-0.9993971253879681,0.003014948484120609,7187.386652130975,6.585487983206355
sensitivity_ell_N_minus20pct__terminal__start2,15,1.568932983334434,-1.6053908940094779,8.880082914842957,-0.03458760721124384,-0.999399932650872,0.0018633423821927913,7187.386652130975,6.6047220118105905
sensitivity_ell_N_minus20pct__terminal__start2,16,1.5696447172036159,-1.6053908940094779,8.880082914842957,-0.034587644321101604,-0.9994010049305797,0.001151609336735768,7187.386652130975,6.612068419295592
sensitivity_ell_N_minus20pct__terminal__start2,17,1.5700845929257148,-1.6053908940094779,8.880082914842957,-0.034587658495809456,-0.9994014145050838,0.000711733809091914,7187.386652130975,6.614874432406398
sensitivity_ell_N_minus20pct__terminal__start2,18,1.5703564510727976,-1.6053908940094779,8.880082914842957,-0.03458766391006658,-0.9994015709486381,0.0004398757079136694,7187.386652130975,6.615946223730436
sensitivity_ell_N_minus20pct__terminal__start2,19,1.5705244686478135,-1.6053908940094779,8.880082914842957,-0.03458766597812886,-0.9994016307047608,0.0002718581437344463,7187.386652130975,6.616355610050939
sensitivity_ell_N_minus20pct__terminal__start2,20,1.5706283092198807,-1.6053908940094779,8.880082914842957,-0.03458766676805836,-0.9994016535295689,0.00016801757422537421,7187.386652130975,6.616511981459326
sensitivity_ell_N_minus20pct__terminal__start2,21,1.5706949758890394,-1.6053908940094779,8.880082914842957,-0.034587667078619294,-0.9994016625031462,0.0001013509056837155,7187.386652130975,6.616573458905367
sensitivity_ell_N_minus20pct__terminal__start2,22,1.5706949758890394,-0.7416294238611401,8.880082914842957,0.737368874291191,-0.6754902907922036,0.0001013509056837155,7187.386652130975,1.2697185695656312
sensitivity_ell_N_minus20pct__terminal__start2,23,1.5706949758890394,0.7416294238611396,8.880082914842957,0.7373688742911914,0.6754902907922032,0.0001013509056837155,7187.386652130975,1.165113304027736
sensitivity_ell_N_minus20pct__terminal__start2,24,1.5706949758890394,-1.6583338058675134,8.880082914842957,-0.08742572426794165,-0.9961710357484902,0.0001013509056837155,7187.386652130975,2.801375679378897
sensitivity_ell_N_minus20pct__terminal__start2,25,1.5706949758890394,-2.2248882715834197,8.880082914842957,-0.6084388578539178,-0.7936007472157609,0.0001013509056837155,7187.386652130975,2.0118001179937264
sensitivity_ell_N_minus20pct__terminal__start2,26,1.5706949758890394,-1.6043369555458284,8.880082914842957,-0.03353434021112068,-0.999437560708321,0.00010135090568371548,7187.386652130975,7.131663274731532
sensitivity_ell_N_minus20pct__terminal__start2,27,1.5706949758890394,-1.2748120007928043,8.880082914842957,0.29168151285245275,-0.9565154911385901,0.00010135090568371548,7187.386652130975,1.922600681032044
sensitivity_ell_N_minus20pct__terminal__start2,28,1.5706949758890394,-1.4784696229714445,8.880082914842957,0.09219559038464872,-0.995740911503399,0.0001013509056837155,7187.386652130975,2.993116257212636
sensitivity_ell_N_minus20pct__terminal__start2,29,1.5706949758890394,-1.5675538706622891,8.880082914842957,0.0032424504343517182,-0.9999947381077436,0.0001013509056837155,7187.386652130975,12.923853613154126
sensitivity_ell_N_minus20pct__terminal__start2,30,1.5706949758890394,-1.549097338909361,8.880082914842957,0.021697285000305558,-0.9997645810647672,0.0001013509056837155,7187.386652130975,8.640350652427703
sensitivity_ell_N_minus20pct__terminal__start2,31,1.5706949758890394,-1.5747807225105868,8.880082914842957,-0.00398438515291595,-0.9999920571699293,0.0001013509056837155,7187.386652130975,13.33841816442143
sensitivity_ell_N_minus20pct__terminal__start2,32,1.5706949758890394,-1.5753834731942231,8.880082914842957,-0.004587130288728695,-0.999989473926455,0.00010135090568371548,7187.386652130975,13.341067443983407
sensitivity_ell_N_minus20pct__terminal__start2,33,1.5706949758890394,-1.5754501403059717,8.880082914842957,-0.004653796688491261,-0.9999891658934991,0.00010135090568371548,7187.386652130975,13.341055849504514
sensitivity_ell_N_minus20pct__terminal__start2,34,1.5706949758890394,-1.5753168060824745,8.880082914842957,-0.004520463868578609,-0.9999897775149538,0.00010135090568371548,7187.386652130975,13.341018322486223
sensitivity_ell_N_minus20pct__terminal__start2,35,1.5706949758890394,-1.5753834731942231,8.342310205260866,-0.004587130288728695,-0.999989473926455,0.00010135090568371548,4197.776273049276,13.276865200945753
sensitivity_ell_N_minus20pct__terminal__start2,36,1.5706949758890394,-1.5753834731942231,9.973010023033673,-0.004587130288728695,-0.999989473926455,0.00010135090568371548,21439.92298441949,12.884532889122715
sensitivity_ell_N_minus20pct__terminal__start2,37,1.5706949758890394,-1.5753834731942231,7.334482292429009,-0.004587130288728695,-0.999989473926455,0.00010135090568371548,1532.2343252594655,12.659256363245722
sensitivity_ell_N_minus20pct__terminal__start2,38,1.5706949758890394,-1.5753834731942231,8.785733319434087,-0.004587130288728695,-0.999989473926455,0.00010135090568371548,6540.267327851263,13.34122313741899
sensitivity_ell_N_minus20pct__terminal__start2,39,1.5706949758890394,-1.5753834731942231,8.7873903113797,-0.004587130288728695,-0.999989473926455,0.00010135090568371548,6551.113481648786,13.341266045347208
sensitivity_ell_N_minus20pct__terminal__start2,40,1.5706949758890394,-1.5753834731942231,8.834888776337296,-0.004587130288728695,-0.999989473926455,0.00010135090568371548,6869.789720218821,13.341810570404439
sensitivity_ell_N_minus20pct__terminal__start2,41,1.5706949758890394,-1.5753834731942231,9.269612409256908,-0.004587130288728695,-0.999989473926455,0.00010135090568371548,10610.638504066252,13.299860761150285
sensitivity_ell_N_minus20pct__terminal__start2,42,1.5706949758890394,-1.5753834731942231,8.83066418588348,-0.004587130288728695,-0.999989473926455,0.00010135090568371548,6840.828889044896,13.341816099614167
sensitivity_ell_N_minus20pct__terminal__start2,43,1.5706949758890394,-1.5753834731942231,8.83055937900615,-0.004587130288728695,-0.999989473926455,0.00010135090568371548,6840.111960700854,13.341816117607564
sensitivity_ell_N_minus20pct__terminal__start2,44,1.5706949758890394,-1.5753834731942231,8.83028496205523,-0.004587130288728695,-0.999989473926455,0.00010135090568371548,6838.235175555259,13.34181615859805
sensitivity_ell_N_minus20pct__terminal__start2,45,1.5706949758890394,-1.5753834731942231,8.813900663432731,-0.004587130288728695,-0.999989473926455,0.00010135090568371548,6727.108341946177,13.341734381939219
sensitivity_ell_N_minus20pct__terminal__start2,46,1.5706949758890394,-1.5753834731942231,8.829152565981254,-0.004587130288728695,-0.999989473926455,0.00010135090568371548,6830.495967640868,13.341815828322634
sensitivity_ell_N_minus20pct__terminal__start2,47,1.5706949758890394,-1.5753834731942231,8.829852425243699,-0.004587130288728695,-0.999989473926455,0.00010135090568371548,6835.27802669989,13.341816152296996
sensitivity_ell_N_minus20pct__terminal__start2,48,1.5706949758890394,-1.5753834731942231,8.830100103393917,-0.004587130288728695,-0.999989473926455,0.00010135090568371548,6836.971185388323,13.341816173381988
sensitivity_ell_N_minus20pct__terminal__start2,49,1.5706949758890394,-1.5753834731942231,8.830033435985886,-0.004587130288728695,-0.999989473926455,0.00010135090568371548,6836.515397433877,13.34181617317805
sensitivity_ell_N_minus20pct__terminal__start2,50,1.5706949758890394,-1.5753834731942231,8.830166770801949,-0.004587130288728695,-0.999989473926455,0.00010135090568371548,6837.427003729983,13.341816170267043
sensitivity_ell_N_minus20pct__terminal__start2,51,1.5705936249831822,-1.5453760523789684,8.780117291944878,0.025417536259527043,-0.9996769016849754,0.00020270181032629262,6503.639953190931,7.161261326754038
sensitivity_ell_N_minus20pct__terminal__start2,52,1.5683362240352408,-0.8770171500017522,7.666844105172869,0.6394453697623274,-0.7688326001127564,0.002460100278189671,2136.3287665769617,1.3719231635005291
sensitivity_ell_N_minus20pct__terminal__start2,53,1.5668157969139562,-0.42685741969196256,6.91702128432629,0.9102640976688944,-0.41400897086969535,0.0039805193692860645,1009.3090676741659,1.0830906897061812
sensitivity_ell_N_minus20pct__terminal__start2,54,1.5692758996736118,-1.1552311636996884,8.130260093996379,0.40370658931451614,-0.914887248816591,0.0015204265354899972,3395.682646964314,1.6865723549036522
sensitivity_ell_N_minus20pct__terminal__start2,55,1.5698566511565255,-1.3271768803115416,8.416666926019447,0.24121666107495976,-0.9704708338893048,0.0009396755000837057,4521.806793454467,2.071826449523253
sensitivity_ell_N_minus20pct__terminal__start2,56,1.570215575311983,-1.4334451773976244,8.593676082819886,0.13691967083795945,-0.9905819837173386,0.0005807514502683093,5397.418608639587,2.5734807575316028
sensitivity_ell_N_minus20pct__terminal__start2,57,1.570437402639439,-1.499122596923395,8.703073758042517,0.07161237488473939,-0.9974324733719189,0.00035892414775114183,6021.392103767431,3.3118334536869587
sensitivity_ell_N_minus20pct__terminal__start2,58,1.5705744994674404,-1.5397134744837073,8.770685239620326,0.03107784670463896,-0.9995169424461201,0.00022182732563693047,6442.585667096402,5.091185035875038
sensitivity_ell_N_minus20pct__terminal__start2,59,1.570659229966895,-1.5648000164491656,8.812471433265149,0.005996274355817003,-0.999982012787385,0.00013709682757204148,6717.5006232194655,12.583539376832436
sensitivity_ell_N_minus20pct__terminal__start2,60,1.5707115962954419,-1.5803043520440194,8.838296721198134,-0.009507881957361875,-0.9999547954789894,8.473049935335471e-05,6893.241523319199,13.176793333270808
sensitivity_ell_N_minus20pct__terminal__start2,61,1.570695485918121,-1.5755344798098034,8.830351632348725,-0.0047381352621725225,-0.9999887698896198,0.00010084087660468672,6838.691097899463,13.341703401938423
sensitivity_ell_N_minus20pct__terminal__start2,62,1.5706949363696923,-1.575371772522508,8.830080613799268,-0.004575429739843684,-0.9999895275265024,0.00010139042503064053,6836.837936889775,13.341811919732118
sensitivity_ell_N_minus20pct__terminal__start2,63,1.5706950472901489,-1.5754046132434676,8.830135315986892,-0.0046082701144582175,-0.9999893767380802,0.00010127950457461259,6837.2119371105755,13.341819121735126
sensitivity_ell_N_minus20pct__terminal__start2,64,1.5706950405334208,-1.575402612748433,8.83013198379894,-0.0046062696406631125,-0.9999893859542164,0.00010128626130264388,6837.1891542732965,13.34181910398421
sensitivity_ell_N_minus20pct__terminal__start2,65,1.5706950540468771,-1.5754066137385023,8.830138648174845,-0.004610270588235104,-0.9999893675179421,0.00010127274784635926,6837.234720023784,13.34181908487225
sensitivity_ell_N_minus20pct__terminal__start2,66,0.5999908074321633,-1.5754046132434676,8.830135315986892,-0.0026019900860035127,-0.564628891049114,0.8253408053890466,6837.2119371105755,0.9199959415684036
sensitivity_ell_N_minus20pct__terminal__start2,67,0.9708055193627332,-1.5754046132434676,8.830135315986892,-0.0038033933872239447,-0.8253320418104352,0.5646348864175504,6837.2119371105755,1.3427580683260776
sensitivity_ell_N_minus20pct__terminal__start2,68,1.1999816148643265,-1.5754046132434676,8.830135315986892,-0.004295057186392909,-0.9320225273688,0.36237489008048024,6837.2119371105755,1.816146454836131
sensitivity_ell_N_minus20pct__terminal__start2,69,1.3416202312933032,-1.5754046132434676,8.830135315986892,-0.0044877818288155584,-0.9738435557094862,0.22717523812546525,6837.2119371105755,2.32921926025145
sensitivity_ell_N_minus20pct__terminal__start2,70,1.4291577103659199,-1.5754046132434676,8.830135315986892,-0.004562122963687901,-0.9899754974751734,0.14116551077670147,6837.2119371105755,2.912695503999523
sensitivity_ell_N_minus20pct__terminal__start2,71,1.4832588477222797,-1.5754046132434676,8.830135315986892,-0.004590625260050378,-0.9961604633880207,0.08742572471696057,6837.2119371105755,3.672826108997819
sensitivity_ell_N_minus20pct__terminal__start2,72,1.5166951894385368,-1.5754046132434676,8.830135315986892,-0.004601527733765062,-0.9985262877915522,0.054074749483818095,6837.2119371105755,5.01965985853077
sensitivity_ell_N_minus20pct__terminal__start2,73,1.5373599850786395,-1.5754046132434676,8.830135315986892,-0.004605694380538326,-0.9994304454052326,0.03343011182110186,6837.2119371105755,10.09160668471111
sensitivity_ell_N_minus20pct__terminal__start2,74,1.5501315311547936,-1.5754046132434676,8.830135315986892,-0.0046072862296017226,-0.9997758748425768,0.02066332491054402,6837.2119371105755,12.113234596622217
sensitivity_ell_N_minus20pct__terminal__start2,75,1.5580247807187424,-1.5754046132434676,8.830135315986892,-0.004607894310225433,-0.9999078276467327,0.012771198879420183,6837.2119371105755,12.873887464120877
sensitivity_ell_N_minus20pct__terminal__start2,76,1.562903077230948,-1.5754046132434676,8.830135315986892,-0.004608126583415527,-0.9999582306649643,0.007893167601504682,6837.2119371105755,13.163276226856382
sensitivity_ell_N_minus20pct__terminal__start2,77,1.565918030282691,-1.5754046132434676,8.830135315986892,-0.004608215304909483,-0.9999774831283053,0.0048782771634600566,6837.2119371105755,13.27366417994818
sensitivity_ell_N_minus20pct__terminal__start2,78,1.5677813737431534,-1.5754046132434676,8.830135315986892,-0.004608249193654919,-0.9999848369475446,0.003014948484120609,6837.2119371105755,13.315807889380993
sensitivity_ell_N_minus20pct__terminal__start2,79,1.568932983334434,-1.5754046132434676,8.830135315986892,-0.0046082621380257646,-0.9999876458613046,0.0018633423821927913,6837.2119371105755,13.331902379474517
sensitivity_ell_N_minus20pct__terminal__start2,80,1.5696447172036159,-1.5754046132434676,8.830135315986892,-0.004608267082338665,-0.9999887187715837,0.001151609336735768,6837.2119371105755,13.338049496472797
sensitivity_ell_N_minus20pct__terminal__start2,81,1.5700845929257148,-1.5754046132434676,8.830135315986892,-0.004608268970898608,-0.9999891285869447,0.000711733809091914,6837.2119371105755,13.340397423476963
sensitivity_ell_N_minus20pct__terminal__start2,82,1.5703564510727976,-1.5754046132434676,8.830135315986892,-0.004608269692264384,-0.9999892851224982,0.0004398757079136694,6837.2119371105755,13.341294242643032
sensitivity_ell_N_minus20pct__terminal__start2,83,1.5705244686478135,-1.5754046132434676,8.830135315986892,-0.004608269967801603,-0.9999893449137613,0.0002718581437344463,6837.2119371105755,13.341636795746233
sensitivity_ell_N_minus20pct__terminal__start2,84,1.5706283092198807,-1.5754046132434676,8.830135315986892,-0.004608270073047456,-0.999989367751992,0.00016801757422537424,6837.2119371105755,13.341767639197242
sensitivity_ell_N_minus20pct__terminal__start2,85,1.5706949758875373,-1.5754046132434676,8.830135315986892,-0.004608270114424881,-0.9999893767308462,0.00010135090718584725,6837.2119371105755,13.341819080288639
sensitivity_ell_N_minus20pct__terminal__start2,86,1.5706949758875373,-1.5754046132434676,8.342310205260866,-0.004608270114424881,-0.9999893767308462,0.00010135090718584725,4197.776273049276,13.276867704391943
sensitivity_ell_N_minus20pct__terminal__start2,87,1.5706949758875373,-1.5754046132434676,9.973010023033673,-0.004608270114424881,-0.9999893767308462,0.00010135090718584725,21439.92298441949,12.88453231355411
sensitivity_ell_N_minus20pct__terminal__start2,88,1.5706949758875373,-1.5754046132434676,7.334482292429009,-0.004608270114424881,-0.9999893767308462,0.00010135090718584725,1532.2343252594655,12.659253943106636
sensitivity_ell_N_minus20pct__terminal__start2,89,1.5706949758875373,-1.5754046132434676,8.785733352560454,-0.004608270114424881,-0.9999893767308462,0.00010135090718584725,6540.267544506564,13.341226034137533
sensitivity_ell_N_minus20pct__terminal__start2,90,1.5706949758875373,-1.5754046132434676,8.787390069264811,-0.004608270114424881,-0.9999893767308462,0.00010135090718584725,6551.11189552687,13.341268940980408
sensitivity_ell_N_minus20pct__terminal__start2,91,1.5706949758875373,-1.5754046132434676,8.834896574995183,-0.004608270114424881,-0.9999893767308462,0.00010135090718584725,6869.843295567509,13.341813451538702
sensitivity_ell_N_minus20pct__terminal__start2,92,1.5706949758875373,-1.5754046132434676,9.269617229092548,-0.004608270114424881,-0.9999893767308462,0.00010135090718584725,10610.689645723123,13.29986244110572
sensitivity_ell_N_minus20pct__terminal__start2,93,1.5706949758875373,-1.5754046132434676,8.830659254708749,-0.004608270114424881,-0.9999893767308462,0.00010135090718584725,6840.795155805513,13.341819005253829
sensitivity_ell_N_minus20pct__terminal__start2,94,1.5706949758875373,-1.5754046132434676,8.83055784879872,-0.004608270114424881,-0.9999893767308462,0.00010135090718584725,6840.1014939187235,13.34181902344346
sensitivity_ell_N_minus20pct__terminal__start2,95,1.5706949758875373,-1.5754046132434676,8.830264583770148,-0.004608270114424881,-0.9999893767308462,0.00010135090718584725,6838.095825469253,13.341819068935346
sensitivity_ell_N_minus20pct__terminal__start2,96,1.5706949758875373,-1.5754046132434676,8.81388797648026,-0.004608270114424881,-0.9999893767308462,0.00010135090718584725,6727.022995983762,13.34173716656246
sensitivity_ell_N_minus20pct__terminal__start2,97,1.5706949758875373,-1.5754046132434676,8.8291490266947,-0.004608270114424881,-0.9999893767308462,0.00010135090718584725,6830.471792601123,13.341818731937243
sensitivity_ell_N_minus20pct__terminal__start2,98,1.5706949758875373,-1.5754046132434676,8.829838478883717,-0.004608270114424881,-0.9999893767308462,0.00010135090718584725,6835.182700116687,13.341819056526546
sensitivity_ell_N_minus20pct__terminal__start2,99,1.5706949758875373,-1.5754046132434676,8.8301083829934,-0.004608270114424881,-0.9999893767308462,0.00010135090718584725,6837.0277930057555,13.341819081328573
sensitivity_ell_N_minus20pct__terminal__start2,100,1.5706949758875373,-1.5754046132434676,8.830041716326333,-0.004608270114424881,-0.9999893767308462,0.00010135090718584725,6836.57200634321,13.341819081442607
sensitivity_ell_N_minus20pct__terminal__start2,101,1.5706949758875373,-1.5754046132434676,8.829975049658279,-0.004608270114424881,-0.9999893767308462,0.00010135090718584725,6836.116250058678,13.341819077658537
sensitivity_ell_N_minus20pct__terminal__start2,102,1.5668158700835202,-0.4269002238295041,6.916998982733936,0.9102463758031885,-0.41404793368063925,0.0039804462003017625,1009.2865587257738,1.083113526738424
sensitivity_ell_N_minus20pct__terminal__start2,103,1.5683362692565184,-0.8770516793637761,7.666808020438437,0.6394188221530838,-0.7688546793806221,0.002460055057048899,2136.25167911161,1.371952384099156
sensitivity_ell_N_minus20pct__terminal__start2,104,1.5692759276218984,-1.1552605789691932,8.13021549081167,0.40367967750202793,-0.9148991235977849,0.0015203985872357271,3395.5311920817107,1.6866185380955308
sensitivity_ell_N_minus20pct__terminal__start2,105,1.5698566684295165,-1.327203134898048,8.41661705814294,0.24119118168528142,-0.9704771666142764,0.0009396582271002939,4521.581306174035,2.071910624726739
sensitivity_ell_N_minus20pct__terminal__start2,106,1.5702155859872784,-1.4334694785746103,8.593622961184904,0.13689559849027647,-0.9905853107401408,0.0005807407749747951,5397.131896553787,2.573656333198786
sensitivity_ell_N_minus20pct__terminal__start2,107,1.5704374092371345,-1.4991456908269032,8.703018625474208,0.07158934025651854,-0.9974341269175768,0.0003589175500560658,6021.060138107094,3.3122477963870156
sensitivity_ell_N_minus20pct__terminal__start2,108,1.5705745035450405,-1.5397358222511723,8.77062886422687,0.03105550972470129,-0.9995176367179248,0.00022182324803699538,6442.22247403222,5.0939031845524925
sensitivity_ell_N_minus20pct__terminal__start2,109,1.5706592324869906,-1.5648219030791959,8.81241428976351,0.005974388118033768,-0.9999821437864609,0.0001370943074765995,6717.116772678979,12.586653310488858
sensitivity_ell_N_minus20pct__terminal__start2,110,1.5707115978529465,-1.5803259536754417,8.838239102979532,-0.009529482610074,-0.9999545898600549,8.472894184879053e-05,6892.84435846431,13.17533016808532
sensitivity_ell_N_minus20pct__terminal__start2,111,1.570695398136557,-1.5755296304193673,8.830249955147302,-0.004733285926098001,-0.9999887928460738,0.0001009286581682577,6837.995794276096,13.341711834641789
sensitivity_ell_N_minus20pct__terminal__start2,112,1.5706948647116366,-1.5753716968920453,8.82998688816243,-0.004575354110139676,-0.9999895278652735,0.00010146208308598336,6836.197179928332,13.34181184190008
sensitivity_ell_N_minus20pct__terminal__start2,113,1.5706949758602968,-1.5754046051782693,8.830041702892279,-0.00460826204931226,-0.99998937676801,0.00010135093442627923,6836.571914500334,13.341819081480645
sensitivity_ell_N_minus20pct__terminal__start2,114,1.5706949747256551,-1.5754042692397838,8.830041143325696,-0.004607926114394748,-0.999989378315931,0.0001013520690679873,6836.568088984217,13.34181908223856
sensitivity_ell_N_minus20pct__terminal__start2,115,1.570694974734584,-1.5754042718833632,8.830041147729057,-0.004607928757946029,-0.9999893783037507,0.00010135206013912972,6836.568119088096,13.341819082238326
sensitivity_ell_N_minus20pct__terminal__start2,116,1.5706949747070857,-1.575404263741821,8.830041134167839,-0.004607920616490386,-0.9999893783412634,0.00010135208763735549,6836.568026375906,13.341819082236729
sensitivity_ell_N_minus20pct__terminal__start2,117,1.5706949747208951,-1.575404267830442,8.83004114097818,-0.004607924705067961,-0.9999893783224247,0.00010135207382795749,6836.568072935264,13.341819082238432
sensitivity_ell_N_plus20pct__onset__start1,1,1.5706949758875361,1.5658013345006918,11.18230883208749,0.0049949714977768475,0.9999875199159888,0.00010135090718695746,71848.05580700038,3.203549030987169
sensitivity_ell_N_plus20pct__onset__start1,2,0.5999908074321633,1.5658013345006918,11.18230883208749,0.0028203351787913816,0.5646278426266624,0.8253408053890466,71848.05580700038,3.1303756060673193
sensitivity_ell_N_plus20pct__onset__start1,3,0.9708055193627332,1.5658013345006918,11.18230883208749,0.004122553820043925,0.8253305093053576,0.5646348864175504,71848.05580700038,3.1654502237826914
sensitivity_ell_N_plus20pct__onset__start1,4,1.1999816148643265,1.5658013345006918,11.18230883208749,0.00465547541586148,0.932020796757139,0.36237489008048024,71848.05580700038,3.186883407677058
sensitivity_ell_N_plus20pct__onset__start1,5,1.3416202312933032,1.5658013345006918,11.18230883208749,0.004864372479600658,0.9738417474430935,0.22717523812546522,71848.05580700038,3.1968255187920254
sensitivity_ell_N_plus20pct__onset__start1,6,1.4291577103659199,1.5658013345006918,11.18230883208749,0.004944951924941199,0.9899736592544334,0.14116551077670147,71848.05580700038,3.2009257625382888
sensitivity_ell_N_plus20pct__onset__start1,7,1.4832588477222797,1.5658013345006918,11.18230883208749,0.0049758459815864705,0.996158613682822,0.08742572471696056,71848.05580700038,3.2025388622276254
sensitivity_ell_N_plus20pct__onset__start1,8,1.5166951894385368,1.5658013345006918,11.18230883208749,0.004987663332589757,0.998524433693409,0.0540747494838181,71848.05580700038,3.2031619824878836
sensitivity_ell_N_plus20pct__onset__start1,9,1.5373599850786395,1.5658013345006918,11.18230883208749,0.004992179622077347,0.9994285896282183,0.03343011182110186,71848.05580700038,3.203401017079926
sensitivity_ell_N_plus20pct__onset__start1,10,1.5501315311547936,1.5658013345006918,11.18230883208749,0.004993905050601066,0.9997740184241571,0.02066332491054402,71848.05580700038,3.20349246993583
sensitivity_ell_N_plus20pct__onset__start1,11,1.5580247807187424,1.5658013345006918,11.18230883208749,0.004994564158098752,0.9999059709832985,0.012771198879420182,71848.05580700038,3.2035274236912414
sensitivity_ell_N_plus20pct__onset__start1,12,1.562903077230948,1.5658013345006918,11.18230883208749,0.004994815922412781,0.99995637390794,0.007893167601504682,71848.05580700038,3.203540778030224
sensitivity_ell_N_plus20pct__onset__start1,13,1.565918030282691,1.5658013345006918,11.18230883208749,0.004994912088940034,0.9999756263355324,0.0048782771634600566,71848.05580700038,3.2035458793996616
sensitivity_ell_N_plus20pct__onset__start1,14,1.5677813737431534,1.5658013345006918,11.18230883208749,0.004994948821447754,0.9999829801411169,0.003014948484120609,71848.05580700038,3.20354782801736
sensitivity_ell_N_plus20pct__onset__start1,15,1.568932983334434,1.5658013345006918,11.18230883208749,0.0049949628520409755,0.9999857890496612,0.0018633423821927913,71848.05580700038,3.203548572333013
sensitivity_ell_N_plus20pct__onset__start1,16,1.5696447172036159,1.5658013345006918,11.18230883208749,0.004994968211254172,0.9999868619579481,0.001151609336735768,71848.05580700038,3.2035488566377346
sensitivity_ell_N_plus20pct__onset__start1,17,1.5700845929257148,1.5658013345006918,11.18230883208749,0.004994970258291965,0.999987271772548,0.0007117338090919139,71848.05580700038,3.2035489652326903
sensitivity_ell_N_plus20pct__onset__start1,18,1.5703564510727976,1.5658013345006918,11.18230883208749,0.004994971040190899,0.999987428307811,0.0004398757079136694,71848.05580700038,3.203549006712298
sensitivity_ell_N_plus20pct__onset__start1,19,1.5705244686478135,1.5658013345006918,11.18230883208749,0.004994971338849728,0.9999874880989631,0.0002718581437344463,71848.05580700038,3.203549022556103
sensitivity_ell_N_plus20pct__onset__start1,20,1.5706283092198807,1.5658013345006918,11.18230883208749,0.00499497145292725,0.9999875109371512,0.00016801757422537421,71848.05580700038,3.2035490286079122
sensitivity_ell_N_plus20pct__onset__start1,21,1.5706949758875361,-0.7416294238611398,11.18230883208749,0.7373688742911911,-0.6754902907922034,0.00010135090718695747,71848.05580700038,3.1241282968024904
sensitivity_ell_N_plus20pct__onset__start1,22,1.5706949758875361,0.7416294238611396,11.18230883208749,0.7373688742911911,0.6754902907922031,0.00010135090718695746,71848.05580700038,3.1295038268971487
sensitivity_ell_N_plus20pct__onset__start1,23,1.5706949758875361,1.658333805867513,11.18230883208749,-0.08742572426794121,0.9961710357484901,0.00010135090718695746,71848.05580700038,3.200898261717047
sensitivity_ell_N_plus20pct__onset__start1,24,1.5706949758875361,2.2248882715834193,11.18230883208749,-0.6084388578539173,0.793600747215761,0.00010135090718695746,71848.05580700038,3.128960256880491
sensitivity_ell_N_plus20pct__onset__start1,25,1.5706949758875361,1.4819321365227587,11.18230883208749,0.08874727820825933,0.9960541703836291,0.00010135090718695746,71848.05580700038,3.2013859474327737
sensitivity_ell_N_plus20pct__onset__start1,26,1.5706949758875361,1.5574438242312376,11.18230883208749,0.013352105730508624,0.9999108515265523,0.00010135090718695746,71848.05580700038,3.203527225390023
sensitivity_ell_N_plus20pct__onset__start1,27,1.5706949758875361,1.5656517713123905,11.18230883208749,0.005144532763092756,0.9999867616676948,0.00010135090718695746,71848.05580700038,3.2035490233460813
sensitivity_ell_N_plus20pct__onset__start1,28,1.5706949758875361,1.5658731875740353,11.18230883208749,0.0049231193083334335,0.999987876238642,0.00010135090718695746,71848.05580700038,3.2035490296972498
sensitivity_ell_N_plus20pct__onset__start1,29,1.5706949758875361,1.5658065209063028,11.18230883208749,0.00498978515682549,0.9999875458084878,0.00010135090718695746,71848.05580700038,3.2035490310018786
sensitivity_ell_N_plus20pct__onset__start1,30,1.5706949758875361,1.5657398542395593,11.18230883208749,0.005056450982151748,0.9999872109339493,0.00010135090718695746,71848.05580700038,3.2035490295347815
sensitivity_ell_N_plus20pct__onset__start1,31,1.5706949758875361,1.5658065209063028,8.342310205260866,0.00498978515682549,0.9999875458084878,0.00010135090718695746,4197.776273049276,3.191518607112456
sensitivity_ell_N_plus20pct__onset__start1,32,1.5706949758875361,1.5658065209063028,9.973010023033673,0.00498978515682549,0.9999875458084878,0.00010135090718695746,21439.92298441949,3.2030707844197663
sensitivity_ell_N_plus20pct__onset__start1,33,1.5706949758875361,1.5658065209063028,10.980837935865528,0.00498978515682549,0.9999875458084878,0.00010135090718695746,58737.752128584805,3.203505398788967
sensitivity_ell_N_plus20pct__onset__start1,34,1.5706949758875361,1.5658065209063028,10.562437624947032,0.00498978515682549,0.9999875458084878,0.00010135090718695746,38655.240171700534,3.203398479665303
sensitivity_ell_N_plus20pct__onset__start1,35,1.5706949758875361,1.5658065209063028,11.200286901393351,0.00498978515682549,0.9999875458084878,0.00010135090718695746,73151.42606913319,3.2035326367492907
sensitivity_ell_N_plus20pct__onset__start1,36,1.5706949758875361,1.5658065209063028,11.39176467367607,0.00498978515682549,0.9999875458084878,0.00010135090718695746,88589.15044989205,3.2035040045224297
sensitivity_ell_N_plus20pct__onset__start1,37,1.5706949758875361,1.5658065209063028,11.183753793706689,0.00498978515682549,0.9999875458084878,0.00010135090718695746,71951.94853247942,3.203548816860294
sensitivity_ell_N_plus20pct__onset__start1,38,1.5706949758875361,1.5658065209063028,11.101981798741663,0.00498978515682549,0.9999875458084878,0.00010135090718695746,66302.42812070088,3.203505149852346
sensitivity_ell_N_plus20pct__onset__start1,39,1.5706949758875361,1.5658065209063028,11.152519670957934,0.00498978515682549,0.9999875458084878,0.00010135090718695746,69739.32706303778,3.203508979958809
sensitivity_ell_N_plus20pct__onset__start1,40,1.5706949758875361,1.5658065209063028,11.181650839920712,0.00498978515682549,0.9999875458084878,0.00010135090718695746,71800.79589911088,3.203548987528624
sensitivity_ell_N_plus20pct__onset__start1,41,1.5706949758875361,1.5658065209063028,11.181859726502061,0.00498978515682549,0.9999875458084878,0.00010135090718695746,71815.79568847723,3.2035490114719436
sensitivity_ell_N_plus20pct__onset__start1,42,1.5706949758875361,1.5658065209063028,11.182309743998175,0.00498978515682549,0.9999875458084878,0.00010135090718695746,71848.12132604008,3.203549030998006
sensitivity_ell_N_plus20pct__onset__start1,43,1.5706949758875361,1.5658065209063028,11.182243077331496,0.00498978515682549,0.9999875458084878,0.00010135090718695746,71843.33161094303,3.203549030821684
sensitivity_ell_N_plus20pct__onset__start1,44,1.5706949758875361,1.5658065209063028,11.182376410664855,0.00498978515682549,0.9999875458084878,0.00010135090718695746,71852.91136046211,3.2035490302442025
sensitivity_ell_N_plus20pct__onset__start2,1,1.5707963267948966,1.5358013345006918,11.23230883208749,0.03498784996500899,0.9993877377448784,6.123233995736766e-17,75531.7844007111,3.203231115779948
sensitivity_ell_N_plus20pct__onset__start2,2,0.5999908074321633,1.5358013345006918,11.23230883208749,0.01975536069098714,0.5642891817886719,0.8253408053890466,75531.7844007111,3.1303622517949674
sensitivity_ell_N_plus20pct__onset__start2,3,0.9708055193627332,1.5358013345006918,11.23230883208749,0.028876900268951643,0.8248354803662952,0.5646348864175504,75531.7844007111,3.16538292942398
sensitivity_ell_N_plus20pct__onset__start2,4,1.1999816148643265,1.5358013345006918,11.23230883208749,0.03260981060690088,0.9314617755395773,0.36237489008048024,75531.7844007111,3.1866920467291946
sensitivity_ell_N_plus20pct__onset__start2,5,1.3416202312933032,1.5358013345006918,11.23230883208749,0.03407305400878056,0.9732576422372202,0.22717523812546525,75531.7844007111,3.1965667204746886
sensitivity_ell_N_plus20pct__onset__start2,6,1.4291577103659199,1.5358013345006918,11.23230883208749,0.034637481960093856,0.9893798782119116,0.1411655107767015,75531.7844007111,3.2006327095669755
sensitivity_ell_N_plus20pct__onset__start2,7,1.4832588477222797,1.5358013345006918,11.23230883208749,0.03485388291726544,0.995561122936861,0.08742572471696057,75531.7844007111,3.202230656952789
sensitivity_ell_N_plus20pct__onset__start2,8,1.5166951894385368,1.5358013345006918,11.23230883208749,0.034936658905466225,0.9979255239409329,0.0540747494838181,75531.7844007111,3.2028477959833257
sensitivity_ell_N_plus20pct__onset__start2,9,1.5373599850786395,1.5358013345006918,11.23230883208749,0.03496829377230163,0.9988291375677237,0.03343011182110186,75531.7844007111,3.203084527631192
sensitivity_ell_N_plus20pct__onset__start2,10,1.5501315311547936,1.5358013345006918,11.23230883208749,0.03498037973395927,0.9991743591772706,0.02066332491054402,75531.7844007111,3.203175098785704
sensitivity_ell_N_plus20pct__onset__start2,11,1.5580247807187424,1.5358013345006918,11.23230883208749,0.034984996527895273,0.9993062325919545,0.012771198879420183,75531.7844007111,3.203209715496887
sensitivity_ell_N_plus20pct__onset__start2,12,1.562903077230948,1.5358013345006918,11.23230883208749,0.03498676003986015,0.9993566052851844,0.007893167601504682,75531.7844007111,3.203222941059871
sensitivity_ell_N_plus20pct__onset__start2,13,1.565918030282691,1.5358013345006918,11.23230883208749,0.03498743364931145,0.9993758461652711,0.0048782771634600566,75531.7844007111,3.2032279932360304
sensitivity_ell_N_plus20pct__onset__start2,14,1.5677813737431534,1.5358013345006918,11.23230883208749,0.03498769094636769,0.9993831955600813,0.003014948484120609,75531.7844007111,3.203229923062821
sensitivity_ell_N_plus20pct__onset__start2,15,1.568932983334434,1.5358013345006918,11.23230883208749,0.034987789225264423,0.9993860027838569,0.0018633423821927916,75531.7844007111,3.203230660200869
sensitivity_ell_N_plus20pct__onset__start2,16,1.5696447172036159,1.5358013345006918,11.23230883208749,0.03498782676448689,0.9993870750486189,0.001151609336735768,75531.7844007111,3.2032309417639833
sensitivity_ell_N_plus20pct__onset__start2,17,1.5700845929257148,1.5358013345006918,11.23230883208749,0.034987841103197505,0.9993874846174142,0.000711733809091914,75531.7844007111,3.203231049311729
sensitivity_ell_N_plus20pct__onset__start2,18,1.5703564510727976,1.5358013345006918,11.23230883208749,0.03498784658009812,0.9993876410587882,0.00043987570791366947,75531.7844007111,3.2032310903913435
sensitivity_ell_N_plus20pct__onset__start2,19,1.5705244686478135,1.5358013345006918,11.23230883208749,0.034987848672088075,0.9993877008140779,0.0002718581437344463,75531.7844007111,3.2032311060823635
sensitivity_ell_N_plus20pct__onset__start2,20,1.5706283092198807,1.5358013345006918,11.23230883208749,0.03498784947115715,0.9993877236385679,0.00016801757422537424,75531.7844007111,3.203231112075797
sensitivity_ell_N_plus20pct__onset__start2,21,1.5706949758890394,1.5358013345006918,11.23230883208749,0.03498784978531128,0.99938773261202,0.00010135090568371548,75531.7844007111,3.2032311144321244
sensitivity_ell_N_plus20pct__onset__start2,22,1.5706949758890394,-0.7416294238611396,11.23230883208749,0.7373688742911914,-0.6754902907922032,0.0001013509056837155,75531.7844007111,3.1240683052472633
sensitivity_ell_N_plus20pct__onset__start2,23,1.5706949758890394,0.7416294238611398,11.23230883208749,0.7373688742911912,0.6754902907922034,0.0001013509056837155,75531.7844007111,3.1294467198896414
sensitivity_ell_N_plus20pct__onset__start2,24,1.5706949758890394,1.6583338058675132,11.23230883208749,-0.08742572426794142,0.9961710357484902,0.00010135090568371548,75531.7844007111,3.2008600110366165
sensitivity_ell_N_plus20pct__onset__start2,25,1.5706949758890394,2.2248882715834197,11.23230883208749,-0.6084388578539178,0.7936007472157609,0.0001013509056837155,75531.7844007111,3.1289149683238655
sensitivity_ell_N_plus20pct__onset__start2,26,1.5706949758890394,1.4819611912342094,11.23230883208749,0.08871833810429441,0.9960567484897666,0.00010135090568371548,75531.7844007111,3.2013496800276373
sensitivity_ell_N_plus20pct__onset__start2,27,1.5706949758890394,1.5574092466742084,11.23230883208749,0.013386680197012554,0.9999103892456048,0.0001013509056837155,75531.7844007111,3.2034890474186968
sensitivity_ell_N_plus20pct__onset__start2,28,1.5706949758890394,1.5656472798283536,11.23230883208749,0.005149024187618009,0.9999867385510216,0.00010135090568371548,75531.7844007111,3.203511001320191
sensitivity_ell_N_plus20pct__onset__start2,29,1.5706949758890394,1.5658687450892081,11.23230883208749,0.00492756173925233,0.9999878543578916,0.00010135090568371548,75531.7844007111,3.203511007647326
sensitivity_ell_N_plus20pct__onset__start2,30,1.5706949758890394,1.5658020779765698,11.23230883208749,0.004994228031176136,0.9999875236293534,0.00010135090568371548,75531.7844007111,3.2035110089605814
sensitivity_ell_N_plus20pct__onset__start2,31,1.5706949758890394,1.5657354108649202,11.23230883208749,0.005060894299914325,0.9999871884563717,0.0001013509056837155,75531.7844007111,3.2035110075021143
sensitivity_ell_N_plus20pct__onset__start2,32,1.5706949758890394,1.5658020779765698,8.342310205260866,0.004994228031176136,0.9999875236293534,0.00010135090568371548,4197.776273049276,3.1915186115777416
sensitivity_ell_N_plus20pct__onset__start2,33,1.5706949758890394,1.5658020779765698,9.973010023033673,0.004994228031176136,0.9999875236293534,0.00010135090568371548,21439.92298441949,3.2030707846348596
sensitivity_ell_N_plus20pct__onset__start2,34,1.5706949758890394,1.5658020779765698,10.980837935865528,0.004994228031176136,0.9999875236293534,0.00010135090568371548,58737.752128584805,3.203505398812723
sensitivity_ell_N_plus20pct__onset__start2,35,1.5706949758890394,1.5658020779765698,10.562437618360617,0.004994228031176136,0.9999875236293534,0.00010135090568371548,38655.239917101084,3.2033984797489996
sensitivity_ell_N_plus20pct__onset__start2,36,1.5706949758890394,1.5658020779765698,11.200286750107296,0.004994228031176136,0.9999875236293534,0.00010135090568371548,73151.41500234332,3.203532636971319
sensitivity_ell_N_plus20pct__onset__start2,37,1.5706949758890394,1.5658020779765698,11.391769534274822,0.004994228031176136,0.9999875236293534,0.00010135090568371548,88589.58104725265,3.203504012335061
sensitivity_ell_N_plus20pct__onset__start2,38,1.5706949758890394,1.5658020779765698,11.183770061214231,0.004994228031176136,0.9999875236293534,0.00010135090568371548,71953.11902086527,3.203548812193032
sensitivity_ell_N_plus20pct__onset__start2,39,1.5706949758890394,1.5658020779765698,11.10197571435621,0.004994228031176136,0.9999875236293534,0.00010135090568371548,66302.0247123989,3.2035051377120483
sensitivity_ell_N_plus20pct__onset__start2,40,1.5706949758890394,1.5658020779765698,11.152527400802065,0.004994228031176136,0.9999875236293534,0.00010135090568371548,69739.8661392492,3.2035089788868674
sensitivity_ell_N_plus20pct__onset__start2,41,1.5706949758890394,1.5658020779765698,11.181654419879342,0.004994228031176136,0.9999875236293534,0.00010135090568371548,71801.0529434499,3.20354898800839
sensitivity_ell_N_plus20pct__onset__start2,42,1.5706949758890394,1.5658020779765698,11.181848395770155,0.004994228031176136,0.9999875236293534,0.00010135090568371548,71814.98196755967,3.203549010406781
sensitivity_ell_N_plus20pct__onset__start2,43,1.5706949758890394,1.5658020779765698,11.182310132078122,0.004994228031176136,0.9999875236293534,0.00010135090568371548,71848.14920886059,3.2035490309847283
sensitivity_ell_N_plus20pct__onset__start2,44,1.5706949758890394,1.5658020779765698,11.182243464669856,0.004994228031176136,0.9999875236293534,0.00010135090568371548,71843.35943862669,3.2035490308138415
sensitivity_ell_N_plus20pct__onset__start2,45,1.5706949758890394,1.5658020779765698,11.18237679948639,0.004994228031176136,0.9999875236293534,0.00010135090568371548,71852.93929842683,3.2035490302255116
sensitivity_ell_N_plus20pct__onset__start2,46,1.5705936249831822,1.5958028214524478,11.132311432068754,-0.025003888028581278,0.9996873333675036,0.00020270181032629262,68344.1624700991,3.203223914143817
sensitivity_ell_N_plus20pct__onset__start2,47,0.5999908074321633,1.5658020779765698,11.182310132078122,0.0028199153916095773,0.5646278447233576,0.8253408053890466,71848.14920886059,3.130375602655451
sensitivity_ell_N_plus20pct__onset__start2,48,0.9708055193627332,1.5658020779765698,11.182310132078122,0.004121940206717762,0.8253305123701488,0.5646348864175504,71848.14920886059,3.165450222226509
sensitivity_ell_N_plus20pct__onset__start2,49,1.1999816148643265,1.5658020779765698,11.182310132078122,0.004654782480880035,0.9320208002181152,0.36237489008048024,71848.14920886059,3.186883403999952
sensitivity_ell_N_plus20pct__onset__start2,50,1.3416202312933032,1.5658020779765698,11.182310132078122,0.004863648451751127,0.973841751059368,0.22717523812546522,71848.14920886059,3.1968255168872335
sensitivity_ell_N_plus20pct__onset__start2,51,1.4291577103659199,1.5658020779765698,11.182310132078122,0.004944215903404347,0.9899736629306123,0.14116551077670147,71848.14920886059,3.20092576153302
sensitivity_ell_N_plus20pct__onset__start2,52,1.4832588477222797,1.5658020779765698,11.182310132078122,0.004975105361685187,0.9961586173819681,0.08742572471696056,71848.14920886059,3.202538861797995
sensitivity_ell_N_plus20pct__onset__start2,53,1.5166951894385368,1.5658020779765698,11.182310132078122,0.004986920953758361,0.9985244374013404,0.0540747494838181,71848.14920886059,3.2031619823160953
sensitivity_ell_N_plus20pct__onset__start2,54,1.5373599850786395,1.5658020779765698,11.182310132078122,0.0049914365710278215,0.9994285933395072,0.03343011182110185,71848.14920886059,3.2034010170119265
sensitivity_ell_N_plus20pct__onset__start2,55,1.5501315311547936,1.5658020779765698,11.182310132078122,0.004993161742733563,0.9997740221367288,0.02066332491054402,71848.14920886059,3.203492469908219
sensitivity_ell_N_plus20pct__onset__start2,56,1.5580247807187424,1.5658020779765698,11.182310132078122,0.004993820752127704,0.9999059746963601,0.012771198879420182,71848.14920886059,3.203527423679172
sensitivity_ell_N_plus20pct__onset__start2,57,1.562903077230948,1.5658020779765698,11.182310132078122,0.004994072478968374,0.9999563776211888,0.00789316760150468,71848.14920886059,3.2035407780241028
sensitivity_ell_N_plus20pct__onset__start2,58,1.565918030282691,1.5658020779765698,11.182310132078122,0.0049941686311819125,0.9999756300488527,0.0048782771634600566,71848.14920886059,3.203545879395816
sensitivity_ell_N_plus20pct__onset__start2,59,1.5677813737431534,1.5658020779765698,11.182310132078122,0.0049942053582222555,0.9999829838544645,0.003014948484120609,71848.14920886059,3.2035478280143823
sensitivity_ell_N_plus20pct__onset__start2,60,1.568932983334434,1.5658020779765698,11.182310132078122,0.004994219386727121,0.9999857927630192,0.0018633423821927913,71848.14920886059,3.2035485723303685
sensitivity_ell_N_plus20pct__onset__start2,61,1.5696447172036159,1.5658020779765698,11.182310132078122,0.0049942247451426345,0.99998686567131,0.0011516093367357678,71848.14920886059,3.203548856635215
sensitivity_ell_N_plus20pct__onset__start2,62,1.5700845929257148,1.5658020779765698,11.182310132078122,0.004994226791875741,0.9999872754859115,0.0007117338090919139,71848.14920886059,3.203548965230219
sensitivity_ell_N_plus20pct__onset__start2,63,1.5703564510727976,1.5658020779765698,11.182310132078122,0.004994227573658296,0.999987432021175,0.0004398757079136694,71848.14920886059,3.2035490067098515
sensitivity_ell_N_plus20pct__onset__start2,64,1.5705244686478135,1.5658020779765698,11.182310132078122,0.00499422787227267,0.9999874918123274,0.00027185814373444626,71848.14920886059,3.203549022553665
sensitivity_ell_N_plus20pct__onset__start2,65,1.5706283092198807,1.5658020779765698,11.182310132078122,0.004994227986333213,0.9999875146505157,0.00016801757422537421,71848.14920886059,3.2035490286054658
sensitivity_ell_N_plus20pct__onset__start2,66,1.5706949758875361,-0.7416294238611401,11.182310132078122,0.7373688742911909,-0.6754902907922036,0.00010135090718695747,71848.14920886059,3.1241282953886618
sensitivity_ell_N_plus20pct__onset__start2,67,1.5706949758875361,0.7416294238611396,11.182310132078122,0.7373688742911911,0.6754902907922031,0.00010135090718695746,71848.14920886059,3.129503825219771
sensitivity_ell_N_plus20pct__onset__start2,68,1.5706949758875361,1.658333805867513,11.182310132078122,-0.08742572426794121,0.9961710357484901,0.00010135090718695746,71848.14920886059,3.2008982616725397
sensitivity_ell_N_plus20pct__onset__start2,69,1.5706949758875361,2.2248882715834193,11.182310132078122,-0.6084388578539173,0.793600747215761,0.00010135090718695746,71848.14920886059,3.128960255851971
sensitivity_ell_N_plus20pct__onset__start2,70,1.5706949758875361,1.4819321381292339,11.182310132078122,0.08874727660812304,0.9960541705261994,0.00010135090718695746,71848.14920886059,3.201385947468124
sensitivity_ell_N_plus20pct__onset__start2,71,1.5706949758875361,1.5574438231690069,11.182310132078122,0.013352106792644673,0.9999108515123694,0.00010135090718695746,71848.14920886059,3.2035272253782168
sensitivity_ell_N_plus20pct__onset__start2,72,1.5706949758875361,1.5656517714170404,11.182310132078122,0.005144532658444297,0.9999867616682332,0.00010135090718695746,71848.14920886059,3.203549023340506
sensitivity_ell_N_plus20pct__onset__start2,73,1.5706949758875361,1.565873187639819,11.182310132078122,0.0049231192425504096,0.9999878762389659,0.00010135090718695746,71848.14920886059,3.203549029691673
sensitivity_ell_N_plus20pct__onset__start2,74,1.5706949758875361,1.5658065209720977,11.182310132078122,0.004989785091031385,0.9999875458088161,0.00010135090718695746,71848.14920886059,3.2035490309963013
sensitivity_ell_N_plus20pct__onset__start2,75,1.5706949758875361,1.5657398543053653,11.182310132078122,0.005056450916346562,0.999987210934282,0.00010135090718695746,71848.14920886059,3.2035490295291944
sensitivity_ell_N_plus20pct__onset__start2,76,1.5706949758875361,1.5658065209720977,8.342310205260866,0.004989785091031385,0.9999875458088161,0.00010135090718695746,4197.776273049276,3.1915186071123895
sensitivity_ell_N_plus20pct__onset__start2,77,1.5706949758875361,1.5658065209720977,9.973010023033673,0.004989785091031385,0.9999875458088161,0.00010135090718695746,21439.92298441949,3.203070784419741
sensitivity_ell_N_plus20pct__onset__start2,78,1.5706949758875361,1.5658065209720977,10.980837935865528,0.004989785091031385,0.9999875458088161,0.00010135090718695746,58737.752128584805,3.2035053987889675
sensitivity_ell_N_plus20pct__onset__start2,79,1.5706949758875361,1.5658065209720977,10.562437624952102,0.004989785091031385,0.9999875458088161,0.00010135090718695746,38655.240171896505,3.2033984796653012
sensitivity_ell_N_plus20pct__onset__start2,80,1.5706949758875361,1.5658065209720977,11.200286901371822,0.004989785091031385,0.9999875458088161,0.00010135090718695746,73151.42606755828,3.2035326367493195
sensitivity_ell_N_plus20pct__onset__start2,81,1.5706949758875361,1.5658065209720977,11.391764674302058,0.004989785091031385,0.9999875458088161,0.00010135090718695746,88589.15050534782,3.2035040045234418
sensitivity_ell_N_plus20pct__onset__start2,82,1.5706949758875361,1.5658065209720977,11.183753795816886,0.004989785091031385,0.9999875458088161,0.00010135090718695746,71951.94868431217,3.2035488168596933
sensitivity_ell_N_plus20pct__onset__start2,83,1.5706949758875361,1.5658065209720977,11.101981797948977,0.004989785091031385,0.9999875458088161,0.00010135090718695746,66302.42806814381,3.203505149850762
sensitivity_ell_N_plus20pct__onset__start2,84,1.5706949758875361,1.5658065209720977,11.152519671959329,0.004989785091031385,0.9999875458088161,0.00010135090718695746,69739.32713287436,3.2035089799586705
sensitivity_ell_N_plus20pct__onset__start2,85,1.5706949758875361,1.5658065209720977,11.181650840382558,0.004989785091031385,0.9999875458088161,0.00010135090718695746,71800.79593227177,3.2035489875286878
sensitivity_ell_N_plus20pct__onset__start2,86,1.5706949758875361,1.5658065209720977,11.181859725033895,0.004989785091031385,0.9999875458088161,0.00010135090718695746,71815.79558303973,3.203549011471806
sensitivity_ell_N_plus20pct__onset__start2,87,1.5706949758875361,1.5658065209720977,11.18230974401562,0.004989785091031385,0.9999875458088161,0.00010135090718695746,71848.12132729351,3.203549030998007
sensitivity_ell_N_plus20pct__onset__start2,88,1.5706949758875361,1.5658065209720977,11.182243077348948,0.004989785091031385,0.9999875458088161,0.00010135090718695746,71843.33161219688,3.2035490308216814
sensitivity_ell_N_plus20pct__onset__start2,89,1.5706949758875361,1.5658065209720977,11.182376410682293,0.004989785091031385,0.9999875458088161,0.00010135090718695746,71852.91136171512,3.2035490302442016
sensitivity_ell_N_plus20pct__terminal__start1,1,1.5706949758856612,-1.5753908940094778,8.830082914842956,-0.004594551025745008,-0.9999894398586743,0.0001013509090619021,6836.8536687706555,13.341815639949493
sensitivity_ell_N_plus20pct__terminal__start1,2,0.5999908074321633,-1.5753908940094778,8.830082914842956,-0.002594243809885216,-0.5646289266932882,0.8253408053890466,6836.8536687706555,0.9199177391546964
sensitivity_ell_N_plus20pct__terminal__start1,3,0.9708055193627332,-1.5753908940094778,8.830082914842956,-0.003792070463465541,-0.8253320939124081,0.5646348864175504,6836.8536687706555,1.3427199023448364
sensitivity_ell_N_plus20pct__terminal__start1,4,1.1999816148643265,-1.5753908940094778,8.830082914842956,-0.0042822705508524265,-0.9320225862059831,0.36237489008048024,6836.8536687706555,1.8160720513401674
sensitivity_ell_N_plus20pct__terminal__start1,5,1.3416202312933032,-1.5753908940094778,8.830082914842956,-0.00447442144078346,-0.973843617186768,0.22717523812546525,6836.8536687706555,2.3291662991929685
sensitivity_ell_N_plus20pct__terminal__start1,6,1.4291577103659199,-1.5753908940094778,8.830082914842956,-0.0045485412577650226,-0.9899755599708406,0.1411655107767015,6836.8536687706555,2.912671560548766
sensitivity_ell_N_plus20pct__terminal__start1,7,1.4832588477222797,-1.5753908940094778,8.830082914842956,-0.004576958701130242,-0.9961605262741354,0.08742572471696057,6836.8536687706555,3.6728133272474146
sensitivity_ell_N_plus20pct__terminal__start1,8,1.5166951894385368,-1.5753908940094778,8.830082914842956,-0.004587828717545331,-0.9985263508270179,0.0540747494838181,6836.8536687706555,5.019648345490085
sensitivity_ell_N_plus20pct__terminal__start1,9,1.5373599850786395,-1.5753908940094778,8.830082914842956,-0.004591982959968336,-0.9994305084977765,0.03343011182110186,6836.8536687706555,10.091541723478775
sensitivity_ell_N_plus20pct__terminal__start1,10,1.5501315311547936,-1.5753908940094778,8.830082914842956,-0.004593570070004305,-0.9997759379569271,0.02066332491054402,6836.8536687706555,12.11320815482617
sensitivity_ell_N_plus20pct__terminal__start1,11,1.5580247807187424,-1.5753908940094778,8.830082914842956,-0.004594176340336562,-0.9999078907694129,0.012771198879420182,6836.8536687706555,12.873875277435365
sensitivity_ell_N_plus20pct__terminal__start1,12,1.562903077230948,-1.5753908940094778,8.830082914842956,-0.004594407922035835,-0.9999582937908263,0.007893167601504682,6836.8536687706555,13.163269450677232
sensitivity_ell_N_plus20pct__terminal__start1,13,1.565918030282691,-1.5753908940094778,8.830082914842956,-0.004594496379400733,-0.9999775462553828,0.004878277163460057,6836.8536687706555,13.273659466393761
sensitivity_ell_N_plus20pct__terminal__start1,14,1.5677813737431534,-1.5753908940094778,8.830082914842956,-0.004594530167257399,-0.9999849000750863,0.003014948484120609,6836.8536687706555,13.315803963142375
sensitivity_ell_N_plus20pct__terminal__start1,15,1.568932983334434,-1.5753908940094778,8.830082914842956,-0.004594543073092098,-0.9999877089890237,0.0018633423821927913,6836.8536687706555,13.331898753889089
sensitivity_ell_N_plus20pct__terminal__start1,16,1.5696447172036159,-1.5753908940094778,8.830082914842956,-0.00459454800268549,-0.9999887818993705,0.001151609336735768,6836.8536687706555,13.33804598571447
sensitivity_ell_N_plus20pct__terminal__start1,17,1.5700845929257148,-1.5753908940094778,8.830082914842956,-0.00459454988562308,-0.9999891917147573,0.000711733809091914,6836.8536687706555,13.340393956577824
sensitivity_ell_N_plus20pct__terminal__start1,18,1.5703564510727976,-1.5753908940094778,8.830082914842956,-0.004594550604841308,-0.9999893482503207,0.0004398757079136694,6836.8536687706555,13.341290792496757
sensitivity_ell_N_plus20pct__terminal__start1,19,1.5705244686478135,-1.5753908940094778,8.830082914842956,-0.004594550879558236,-0.9999894080415876,0.0002718581437344463,6836.8536687706555,13.341633352001626
sensitivity_ell_N_plus20pct__terminal__start1,20,1.5706283092198807,-1.5753908940094778,8.830082914842956,-0.004594550984490767,-0.9999894308798197,0.00016801757422537424,6836.8536687706555,13.341764197892562
sensitivity_ell_N_plus20pct__terminal__start1,21,1.5706949758875361,-0.7416294238611401,8.830082914842956,0.7373688742911909,-0.6754902907922036,0.00010135090718695747,6836.8536687706555,1.269690797900919
sensitivity_ell_N_plus20pct__terminal__start1,22,1.5706949758875361,0.7416294238611394,8.830082914842956,0.7373688742911914,0.675490290792203,0.00010135090718695746,6836.8536687706555,1.1649554197532441
sensitivity_ell_N_plus20pct__terminal__start1,23,1.5706949758875361,-1.6583338058675134,8.830082914842956,-0.08742572426794165,-0.9961710357484901,0.00010135090718695747,6836.8536687706555,2.801804962638766
sensitivity_ell_N_plus20pct__terminal__start1,24,1.5706949758875361,-2.2248882715834197,8.830082914842956,-0.6084388578539177,-0.7936007472157608,0.00010135090718695747,6836.8536687706555,2.0118009423296033
sensitivity_ell_N_plus20pct__terminal__start1,25,1.5706949758875361,-1.604292060688692,8.830082914842956,-0.033489470570835816,-0.9994390652205261,0.00010135090718695747,6836.8536687706555,7.175703573788916
sensitivity_ell_N_plus20pct__terminal__start1,26,1.5706949758875361,-1.2747842542451737,8.830082914842956,0.2917080527428051,-0.956507397615405,0.00010135090718695746,6836.8536687706555,1.9226433478435352
sensitivity_ell_N_plus20pct__terminal__start1,27,1.5706949758875361,-1.4784312781856896,8.830082914842956,0.09223377178877962,-0.9957373755512088,0.00010135090718695746,6836.8536687706555,2.993190702344474
sensitivity_ell_N_plus20pct__terminal__start1,28,1.5706949758875361,-1.5675443574187273,8.830082914842956,0.0032519636277089864,-0.9999947072162721,0.00010135090718695746,6836.8536687706555,12.92412461484464
sensitivity_ell_N_plus20pct__terminal__start1,29,1.5706949758875361,-1.5491686132827043,8.830082914842956,0.021626027351248155,-0.9997661249857372,0.00010135090718695746,6836.8536687706555,8.678239104100307
sensitivity_ell_N_plus20pct__terminal__start1,30,1.5706949758875361,-1.5747915246160222,8.830082914842956,-0.0039951871723194615,-0.9999920140718384,0.00010135090718695746,6836.8536687706555,13.339259140812501
sensitivity_ell_N_plus20pct__terminal__start1,31,1.5706949758875361,-1.5753909980102005,8.830082914842956,-0.004594655025369421,-0.9999894393808324,0.00010135090718695746,6836.8536687706555,13.341815658548713
sensitivity_ell_N_plus20pct__terminal__start1,32,1.5706949758875361,-1.5754576646768688,8.830082914842956,-0.00466132097773663,-0.9999891308482989,0.00010135090718695746,6836.8536687706555,13.341797210695393
sensitivity_ell_N_plus20pct__terminal__start1,33,1.5706949758875361,-1.5753243313435323,8.830082914842956,-0.004527989052581525,-0.9999897434689685,0.00010135090718695747,6836.8536687706555,13.341773464508007
sensitivity_ell_N_plus20pct__terminal__start1,34,1.5706949758875361,-1.5753909980102005,8.342310205260866,-0.004594655025369421,-0.9999894393808324,0.00010135090718695746,4197.776273049276,13.276865944778496
sensitivity_ell_N_plus20pct__terminal__start1,35,1.5706949758875361,-1.5753909980102005,9.973010023033673,-0.004594655025369421,-0.9999894393808324,0.00010135090718695746,21439.92298441949,12.88450960189539
sensitivity_ell_N_plus20pct__terminal__start1,36,1.5706949758875361,-1.5753909980102005,7.334482292429009,-0.004594655025369421,-0.9999894393808324,0.00010135090718695746,1532.2343252594655,12.659256044335237
sensitivity_ell_N_plus20pct__terminal__start1,37,1.5706949758875361,-1.5753909980102005,8.785717420576491,-0.004594655025369421,-0.9999894393808324,0.00010135090718695746,6540.163345898978,13.341222390863868
sensitivity_ell_N_plus20pct__terminal__start1,38,1.5706949758875361,-1.5753909980102005,8.787378588622445,-0.004594655025369421,-0.9999894393808324,0.00010135090718695746,6551.036684985834,13.34126541745384
sensitivity_ell_N_plus20pct__terminal__start1,39,1.5706949758875361,-1.5753909980102005,8.834887333169359,-0.004594655025369421,-0.9999894393808324,0.00010135090718695746,6869.779805965715,13.341810034922167
sensitivity_ell_N_plus20pct__terminal__start1,40,1.5706949758875361,-1.5753909980102005,9.269611517330071,-0.004594655025369421,-0.9999894393808324,0.00010135090718695746,10610.629040157239,13.299857066246199
sensitivity_ell_N_plus20pct__terminal__start1,41,1.5706949758875361,-1.5753909980102005,8.830653141217255,-0.004594655025369421,-0.9999894393808324,0.00010135090718695746,6840.753334790349,13.341815582687895
sensitivity_ell_N_plus20pct__terminal__start1,42,1.5706949758875361,-1.5753909980102005,8.830550856884727,-0.004594655025369421,-0.9999894393808324,0.00010135090718695746,6840.053668684566,13.341815600853339
sensitivity_ell_N_plus20pct__terminal__start1,43,1.5706949758875361,-1.5753909980102005,8.830262017898669,-0.004594655025369421,-0.9999894393808324,0.00010135090718695746,6838.078279816708,13.341815645313195
sensitivity_ell_N_plus20pct__terminal__start1,44,1.5706949758875361,-1.5753909980102005,8.813882005469305,-0.004594655025369421,-0.9999894393808324,0.00010135090718695746,6726.982828975677,13.341733759087951
sensitivity_ell_N_plus20pct__terminal__start1,45,1.5706949758875361,-1.5753909980102005,8.829134776230095,-0.004594655025369421,-0.9999894393808324,0.00010135090718695746,6830.37445589815,13.341815304656407
sensitivity_ell_N_plus20pct__terminal__start1,46,1.5706949758875361,-1.5753909980102005,8.829831449894808,-0.004594655025369421,-0.9999894393808324,0.00010135090718695746,6835.134655862147,13.341815633487066
sensitivity_ell_N_plus20pct__terminal__start1,47,1.5706949758875361,-1.5753909980102005,8.83010120000636,-0.004594655025369421,-0.9999894393808324,0.00010135090718695746,6836.978682900112,13.341815658158044
sensitivity_ell_N_plus20pct__terminal__start1,48,1.5706949758875361,-1.5753909980102005,8.830034533339422,-0.004594655025369421,-0.9999894393808324,0.00010135090718695746,6836.522899512339,13.341815658270432
sensitivity_ell_N_plus20pct__terminal__start1,49,1.5706949758875361,-1.5753909980102005,8.829967866672037,-0.004594655025369421,-0.9999894393808324,0.00010135090718695746,6836.067146506065,13.341815654503437
sensitivity_ell_N_plus20pct__terminal__start2,1,1.5707963267948966,-1.6053908940094779,8.880082914842957,-0.03458766725626166,-0.9994016676360763,6.123233995736767e-17,7187.386652130975,6.616445088425137
sensitivity_ell_N_plus20pct__terminal__start2,2,0.5999908074321633,-1.6053908940094779,8.880082914842957,-0.01952940357268732,-0.5642970470912062,0.8253408053890466,7187.386652130975,0.9037853958658245
sensitivity_ell_N_plus20pct__terminal__start2,3,0.9708055193627332,-1.6053908940094779,8.880082914842957,-0.028546613149811346,-0.8248469772739153,0.5646348864175504,7187.386652130975,1.308342370609865
sensitivity_ell_N_plus20pct__terminal__start2,4,1.1999816148643265,-1.6053908940094779,8.880082914842957,-0.03223682734689896,-0.9314747586498338,0.36237489008048024,7187.386652130975,1.764178650701279
sensitivity_ell_N_plus20pct__terminal__start2,5,1.3416202312933032,-1.6053908940094779,8.880082914842957,-0.03368333451866713,-0.9732712079160369,0.22717523812546522,7187.386652130975,2.254828399986507
sensitivity_ell_N_plus20pct__terminal__start2,6,1.4291577103659199,-1.6053908940094779,8.880082914842957,-0.03424130667727882,-0.9893936686093082,0.1411655107767015,7187.386652130975,2.779263759222636
sensitivity_ell_N_plus20pct__terminal__start2,7,1.4832588477222797,-1.6053908940094779,8.880082914842957,-0.0344552324917565,-0.9955749994910746,0.08742572471696057,7187.386652130975,3.35695040163615
sensitivity_ell_N_plus20pct__terminal__start2,8,1.5166951894385368,-1.6053908940094779,8.880082914842957,-0.034537061707886105,-0.997939433451173,0.0540747494838181,7187.386652130975,4.013670668875388
sensitivity_ell_N_plus20pct__terminal__start2,9,1.5373599850786395,-1.6053908940094779,8.880082914842957,-0.03456833474263655,-0.9988430596729146,0.03343011182110186,7187.386652130975,4.674003488247253
sensitivity_ell_N_plus20pct__terminal__start2,10,1.5501315311547936,-1.6053908940094779,8.880082914842957,-0.03458028246793846,-0.9991882860943071,0.02066332491054402,7187.386652130975,5.282711059181888
sensitivity_ell_N_plus20pct__terminal__start2,11,1.5580247807187424,-1.6053908940094779,8.880082914842957,-0.034584846456083174,-0.9993201613470988,0.012771198879420183,7187.386652130975,6.0616880329924365
sensitivity_ell_N_plus20pct__terminal__start2,12,1.562903077230948,-1.6053908940094779,8.880082914842957,-0.0345865897974175,-0.9993705347424446,0.00789316760150468,7187.386652130975,6.403227653961057
sensitivity_ell_N_plus20pct__terminal__start2,13,1.565918030282691,-1.6053908940094779,8.880082914842957,-0.034587255702284075,-0.9993897758907189,0.0048782771634600566,7187.386652130975,6.5349650075474
sensitivity_ell_N_plus20pct__terminal__start2,14,1.5677813737431534,-1.6053908940094779,8.880082914842957,-0.03458751005643776,-0.9993971253879681,0.003014948484120609,7187.386652130975,6.5853231720514325
sensitivity_ell_N_plus20pct__terminal__start2,15,1.568932983334434,-1.6053908940094779,8.880082914842957,-0.03458760721124384,-0.999399932650872,0.0018633423821927913,7187.386652130975,6.604557986884355
sensitivity_ell_N_plus20pct__terminal__start2,16,1.5696447172036159,-1.6053908940094779,8.880082914842957,-0.034587644321101604,-0.9994010049305797,0.001151609336735768,7187.386652130975,6.611904696371716
sensitivity_ell_N_plus20pct__terminal__start2,17,1.5700845929257148,-1.6053908940094779,8.880082914842957,-0.034587658495809456,-0.9994014145050838,0.000711733809091914,7187.386652130975,6.614710825072909
sensitivity_ell_N_plus20pct__terminal__start2,18,1.5703564510727976,-1.6053908940094779,8.880082914842957,-0.03458766391006658,-0.9994015709486381,0.0004398757079136694,7187.386652130975,6.61578266058987
sensitivity_ell_N_plus20pct__terminal__start2,19,1.5705244686478135,-1.6053908940094779,8.880082914842957,-0.03458766597812886,-0.9994016307047608,0.0002718581437344463,7187.386652130975,6.616192063772397
sensitivity_ell_N_plus20pct__terminal__start2,20,1.5706283092198807,-1.6053908940094779,8.880082914842957,-0.03458766676805836,-0.9994016535295689,0.00016801757422537421,7187.386652130975,6.616348441671365
sensitivity_ell_N_plus20pct__terminal__start2,21,1.5706949758890394,-1.6053908940094779,8.880082914842957,-0.034587667078619294,-0.9994016625031462,0.0001013509056837155,7187.386652130975,6.61640992159696
sensitivity_ell_N_plus20pct__terminal__start2,22,1.5706949758890394,-0.7416294238611401,8.880082914842957,0.737368874291191,-0.6754902907922036,0.0001013509056837155,7187.386652130975,1.2696673279795692
sensitivity_ell_N_plus20pct__terminal__start2,23,1.5706949758890394,0.7416294238611396,8.880082914842957,0.7373688742911914,0.6754902907922032,0.0001013509056837155,7187.386652130975,1.1650402785772187
sensitivity_ell_N_plus20pct__terminal__start2,24,1.5706949758890394,-1.6583338058675134,8.880082914842957,-0.08742572426794165,-0.9961710357484902,0.0001013509056837155,7187.386652130975,2.8013588106913923
sensitivity_ell_N_plus20pct__terminal__start2,25,1.5706949758890394,-2.2248882715834197,8.880082914842957,-0.6084388578539178,-0.7936007472157609,0.0001013509056837155,7187.386652130975,2.011216876858861
sensitivity_ell_N_plus20pct__terminal__start2,26,1.5706949758890394,-1.6042092186493244,8.880082914842957,-0.03340667488562829,-0.9994418361270854,0.00010135090568371548,7187.386652130975,7.192111493844128
sensitivity_ell_N_plus20pct__terminal__start2,27,1.5706949758890394,-1.2747330550491474,8.880082914842957,0.2917570247701993,-0.9564924611439628,0.00010135090568371548,7187.386652130975,1.9223748992380323
sensitivity_ell_N_plus20pct__terminal__start2,28,1.5706949758890394,-1.4783605226369778,8.880082914842957,0.09230422550222368,-0.995730847007578,0.0001013509056837155,7187.386652130975,2.9917287311470684
sensitivity_ell_N_plus20pct__terminal__start2,29,1.5706949758890394,-1.5675158510747325,8.880082914842957,0.003280469819500792,-0.9999946141083748,0.00010135090568371548,7187.386652130975,12.919816302068025
sensitivity_ell_N_plus20pct__terminal__start2,30,1.5706949758890394,-1.5491374137379856,8.880082914842957,0.02165721958864226,-0.999765449776938,0.00010135090568371548,7187.386652130975,8.655122600068827
sensitivity_ell_N_plus20pct__terminal__start2,31,1.5706949758890394,-1.5747886980065195,8.880082914842957,-0.003992360585373923,-0.9999920253606778,0.00010135090568371548,7187.386652130975,13.338483690581391
sensitivity_ell_N_plus20pct__terminal__start2,32,1.5706949758890394,-1.575383740155735,8.880082914842957,-0.0045873972474302594,-0.9999894727018321,0.00010135090568371548,7187.386652130975,13.34106503766775
sensitivity_ell_N_plus20pct__terminal__start2,33,1.5706949758890394,-1.5754504072674795,8.880082914842957,-0.004654063647106595,-0.9999891646510789,0.00010135090568371548,7187.386652130975,13.341053127419906
sensitivity_ell_N_plus20pct__terminal__start2,34,1.5706949758890394,-1.5753170730439903,8.880082914842957,-0.004520730827365221,-0.9999897763081284,0.0001013509056837155,7187.386652130975,13.341016230828687
sensitivity_ell_N_plus20pct__terminal__start2,35,1.5706949758890394,-1.575383740155735,8.342310205260866,-0.0045873972474302594,-0.9999894727018321,0.00010135090568371548,4197.776273049276,13.27686443487661
sensitivity_ell_N_plus20pct__terminal__start2,36,1.5706949758890394,-1.575383740155735,9.973010023033673,-0.0045873972474302594,-0.9999894727018321,0.00010135090568371548,21439.92298441949,12.884509161553257
sensitivity_ell_N_plus20pct__terminal__start2,37,1.5706949758890394,-1.575383740155735,7.334482292429009,-0.0045873972474302594,-0.9999894727018321,0.00010135090568371548,1532.2343252594655,12.659256263593624
sensitivity_ell_N_plus20pct__terminal__start2,38,1.5706949758890394,-1.575383740155735,8.785717400873793,-0.0045873972474302594,-0.9999894727018321,0.00010135090568371548,6540.163217040115,13.34122074238871
sensitivity_ell_N_plus20pct__terminal__start2,39,1.5706949758890394,-1.575383740155735,8.787378668468804,-0.0045873972474302594,-0.9999894727018321,0.00010135090568371548,6551.03720806228,13.341263769505588
sensitivity_ell_N_plus20pct__terminal__start2,40,1.5706949758890394,-1.575383740155735,8.834884690639441,-0.0045873972474302594,-0.9999894727018321,0.00010135090568371548,6869.761652391037,13.34180839182949
sensitivity_ell_N_plus20pct__terminal__start2,41,1.5706949758890394,-1.575383740155735,9.269609884156766,-0.0045873972474302594,-0.9999894727018321,0.00010135090568371548,10610.61171117529,13.29985583275284
sensitivity_ell_N_plus20pct__terminal__start2,42,1.5706949758890394,-1.575383740155735,8.83065480763748,-0.0045873972474302594,-0.9999894727018321,0.00010135090568371548,6840.764734369558,13.34181393128359
sensitivity_ell_N_plus20pct__terminal__start2,43,1.5706949758890394,-1.575383740155735,8.830551377464637,-0.0045873972474302594,-0.9999894727018321,0.00010135090568371548,6840.057229480015,13.34181394937658
sensitivity_ell_N_plus20pct__terminal__start2,44,1.5706949758890394,-1.575383740155735,8.830269064119374,-0.0045873972474302594,-0.9999894727018321,0.00010135090568371548,6838.1264625952235,13.34181399228961
sensitivity_ell_N_plus20pct__terminal__start2,45,1.5706949758890394,-1.575383740155735,8.813886390771787,-0.0045873972474302594,-0.9999894727018321,0.00010135090568371548,6727.012328894856,13.341732149577824
sensitivity_ell_N_plus20pct__terminal__start2,46,1.5706949758890394,-1.575383740155735,8.829131352064357,-0.0045873972474302594,-0.9999894727018321,0.00010135090568371548,6830.351067604,13.341813650801393
sensitivity_ell_N_plus20pct__terminal__start2,47,1.5706949758890394,-1.575383740155735,8.83020239671385,-0.0045873972474302594,-0.9999894727018321,0.00010135090568371548,6837.670597641146,13.341813999535924
sensitivity_ell_N_plus20pct__terminal__start2,48,1.5706949758890394,-1.575383740155735,8.82979783322328,-0.0045873972474302594,-0.9999894727018321,0.00010135090568371548,6834.9048852476535,13.341813973653329
sensitivity_ell_N_plus20pct__terminal__start2,49,1.5706949758890394,-1.575383740155735,8.830047867211059,-0.0045873972474302594,-0.9999894727018321,0.00010135090568371548,6836.614057438867,13.341814006308384
sensitivity_ell_N_plus20pct__terminal__start2,50,1.5706949758890394,-1.575383740155735,8.830114534619865,-0.0045873972474302594,-0.9999894727018321,0.00010135090568371548,6837.0698519762345,13.34181400544218
sensitivity_ell_N_plus20pct__terminal__start2,51,1.5706949758890394,-1.575383740155735,8.829981199802253,-0.0045873972474302594,-0.9999894727018321,0.00010135090568371548,6836.158293287129,13.341814003427299
sensitivity_ell_N_plus20pct__terminal__start2,52,1.5705936249831822,-1.545376586301992,8.780012819579161,0.02541700250900948,-0.9996769152558407,0.00020270181032629265,6502.960538029924,7.161462393417074
sensitivity_ell_N_plus20pct__terminal__start2,53,1.5683387923625172,-0.8777840394915009,7.666844105172869,0.6388555761789989,-0.7693227627736434,0.002457531958677042,2136.3287665769617,1.3725609939669003
sensitivity_ell_N_plus20pct__terminal__start2,54,1.5668199525547835,-0.4280982729519911,6.91702128432629,0.9097496876861506,-0.4151381628881991,0.003976363761346704,1009.3090676741659,1.0837511627730427
sensitivity_ell_N_plus20pct__terminal__start2,55,1.5692774869871629,-1.1557051274699681,8.130260093996377,0.4032729215490131,-0.9150784905529885,0.0015188392237717341,3395.682646964308,1.6873145976698014
sensitivity_ell_N_plus20pct__terminal__start2,56,1.5698576321702509,-1.3274698060310106,8.416666926019447,0.2409323750849131,-0.9705414517106434,0.0009386944867910012,4521.806793454467,2.0727621573878126
sensitivity_ell_N_plus20pct__terminal__start2,57,1.5702161816118088,-1.4336262154484352,8.593676082819886,0.13674033561180535,-0.9906067555030983,0.0005801451505447683,5397.418608639587,2.574757689841086
sensitivity_ell_N_plus20pct__terminal__start2,58,1.5704377773533387,-1.499234484592053,8.703073758042517,0.07150077405224187,-0.9974404798043008,0.00035854943387556644,6021.392103767431,3.313913858881111
sensitivity_ell_N_plus20pct__terminal__start2,59,1.5705747310533664,-1.53978262486586,8.770685239620326,0.031008729653444405,-0.9995190891526824,0.00022159573971663083,6442.585667096402,5.099671737261115
sensitivity_ell_N_plus20pct__terminal__start2,60,1.5706593730948688,-1.564842753735671,8.812471433265149,0.0059535378326899075,-0.9999822681582704,0.00013695369959968996,6717.5006232194655,12.589609421417777
sensitivity_ell_N_plus20pct__terminal__start2,61,1.5707116847533944,-1.5803307651396667,8.838296721198134,-0.00953429385576962,-0.9999545440050747,8.464204140115345e-05,6893.241523319199,13.174992945832594
sensitivity_ell_N_plus20pct__terminal__start2,62,1.5706954420458514,-1.5755217560822636,8.830278000115081,-0.004725411677117486,-0.9999888300909912,0.00010088474887405858,6838.187568336956,13.34172254120587
sensitivity_ell_N_plus20pct__terminal__start2,63,1.5706949350985229,-1.5753716632305608,8.830027729695543,-0.004575320449040355,-0.9999895280264252,0.00010139169620002597,6836.476386403387,13.341809639942326
sensitivity_ell_N_plus20pct__terminal__start2,64,1.5706950460110318,-1.5754045013062892,8.830082485127905,-0.004608158178468315,-0.9999893772537812,0.00010128078369164056,6836.850730872363,13.341816860724185
sensitivity_ell_N_plus20pct__terminal__start2,65,1.5706950392543038,-1.5754025008290575,8.830079149457548,-0.00460615772247486,-0.9999893864696114,0.00010128754041967184,6836.827925430082,13.341816841764208
sensitivity_ell_N_plus20pct__terminal__start2,66,1.57069505276776,-1.5754065017835206,8.83008582079826,-0.004610158634443109,-0.9999893680339491,0.00010127402696360928,6836.8735363907035,13.341816825063852
sensitivity_ell_N_plus20pct__terminal__start2,67,0.5999908074321633,-1.5754045013062892,8.830082485127905,-0.002601926883038581,-0.5646288913403698,0.8253408053890466,6836.850730872363,0.9199085112292682
sensitivity_ell_N_plus20pct__terminal__start2,68,0.9708055193627332,-1.5754045013062892,8.830082485127905,-0.0038033010018839056,-0.8253320422361712,0.5646348864175504,6836.850730872363,1.3427041977958347
sensitivity_ell_N_plus20pct__terminal__start2,69,1.1999816148643265,-1.5754045013062892,8.830082485127905,-0.004294952858420948,-0.9320225278495707,0.36237489008048024,6836.850730872363,1.8160418435292272
sensitivity_ell_N_plus20pct__terminal__start2,70,1.3416202312933032,-1.5754045013062892,8.830082485127905,-0.004487672819515686,-0.9738435562118297,0.22717523812546525,6836.850730872363,2.329135478497117
sensitivity_ell_N_plus20pct__terminal__start2,71,1.4291577103659199,-1.5754045013062892,8.830082485127905,-0.004562012148623986,-0.9899754979858385,0.1411655107767015,6836.850730872363,2.9126400282162015
sensitivity_ell_N_plus20pct__terminal__start2,72,1.4832588477222797,-1.5754045013062892,8.830082485127905,-0.004590513752658829,-0.9961604639018761,0.08742572471696057,6836.850730872363,3.6727714849943345
sensitivity_ell_N_plus20pct__terminal__start2,73,1.5166951894385368,-1.5754045013062892,8.830082485127905,-0.004601415961549805,-0.998526288306628,0.0540747494838181,6836.850730872363,5.019577762508139
sensitivity_ell_N_plus20pct__terminal__start2,74,1.5373599850786395,-1.5754045013062892,8.830082485127905,-0.0046055825071142165,-0.9994304459207749,0.03343011182110186,6836.850730872363,10.091487153587684
sensitivity_ell_N_plus20pct__terminal__start2,75,1.5501315311547936,-1.5754045013062892,8.830082485127905,-0.0046071743175112164,-0.9997758753582972,0.02066332491054402,6836.850730872363,12.113188323469796
sensitivity_ell_N_plus20pct__terminal__start2,76,1.5580247807187424,-1.5754045013062892,8.830082485127905,-0.004607782383364503,-0.9999078281625211,0.012771198879420183,6836.850730872363,12.873868465307547
sensitivity_ell_N_plus20pct__terminal__start2,77,1.562903077230948,-1.5754045013062892,8.830082485127905,-0.004608014650912624,-0.9999582311807786,0.00789316760150468,6836.850730872363,13.163267582851619
sensitivity_ell_N_plus20pct__terminal__start2,78,1.565918030282691,-1.5754045013062892,8.830082485127905,-0.004608103370251514,-0.9999774836441296,0.0048782771634600566,6836.850730872363,13.273659483228824
sensitivity_ell_N_plus20pct__terminal__start2,79,1.5677813737431534,-1.5754045013062892,8.830082485127905,-0.004608137258173785,-0.9999848374633727,0.003014948484120609,6836.850730872363,13.315804699300209
sensitivity_ell_N_plus20pct__terminal__start2,80,1.568932983334434,-1.5754045013062892,8.830082485127905,-0.004608150202230208,-0.9999876463771342,0.0018633423821927913,6836.850730872363,13.331899764722262
sensitivity_ell_N_plus20pct__terminal__start2,81,1.5696447172036159,-1.5754045013062892,8.830082485127905,-0.004608155146423009,-0.9999887192874138,0.001151609336735768,6836.850730872363,13.3380471014525
sensitivity_ell_N_plus20pct__terminal__start2,82,1.5700845929257148,-1.5754045013062892,8.830082485127905,-0.004608157034937079,-0.999989129102775,0.000711733809091914,6836.850730872363,13.340395112384279
sensitivity_ell_N_plus20pct__terminal__start2,83,1.5703564510727976,-1.5754045013062892,8.830082485127905,-0.004608157756285334,-0.9999892856383287,0.00043987570791366947,6836.850730872363,13.341291963607102
sensitivity_ell_N_plus20pct__terminal__start2,84,1.5705244686478135,-1.5754045013062892,8.830082485127905,-0.004608158031815859,-0.9999893454295918,0.0002718581437344463,6836.850730872363,13.341634528956988
sensitivity_ell_N_plus20pct__terminal__start2,85,1.5706283092198807,-1.5754045013062892,8.830082485127905,-0.004608158137059156,-0.9999893682678225,0.00016801757422537424,6836.850730872363,13.341765377083796
sensitivity_ell_N_plus20pct__terminal__start2,86,1.5706949758875373,-1.5754045013062892,8.830082485127905,-0.004608158178435576,-0.9999893772466767,0.00010135090718584725,6836.850730872363,13.341816820017474
sensitivity_ell_N_plus20pct__terminal__start2,87,1.5706949758875373,-1.5754045013062892,8.342310205260866,-0.004608158178435576,-0.9999893772466767,0.00010135090718584725,4197.776273049276,13.276866864183477
sensitivity_ell_N_plus20pct__terminal__start2,88,1.5706949758875373,-1.5754045013062892,9.973010023033673,-0.004608158178435576,-0.9999893772466767,0.00010135090718584725,21439.92298441949,12.884508357106364
sensitivity_ell_N_plus20pct__terminal__start2,89,1.5706949758875373,-1.5754045013062892,7.334482292429009,-0.004608158178435576,-0.9999893772466767,0.00010135090718584725,1532.2343252594655,12.659253865555627
sensitivity_ell_N_plus20pct__terminal__start2,90,1.5706949758875373,-1.5754045013062892,8.785717287176322,-0.004608158178435576,-0.9999893772466767,0.00010135090718584725,6540.162473440139,13.341223542868958
sensitivity_ell_N_plus20pct__terminal__start2,91,1.5706949758875373,-1.5754045013062892,8.787378323995336,-0.004608158178435576,-0.9999893772466767,0.00010135090718584725,6551.03495140416,13.341266569902512
sensitivity_ell_N_plus20pct__terminal__start2,92,1.5706949758875373,-1.5754045013062892,8.834892130289454,-0.004608158178435576,-0.9999893772466767,0.00010135090718584725,6869.812761203516,13.341811179405777
sensitivity_ell_N_plus20pct__terminal__start2,93,1.5706949758875373,-1.5754045013062892,9.269614482113338,-0.004608158178435576,-0.9999893772466767,0.00010135090718584725,10610.660498419302,13.29985743610326
sensitivity_ell_N_plus20pct__terminal__start2,94,1.5706949758875373,-1.5754045013062892,8.830649995594504,-0.004608158178435576,-0.9999893772466767,0.00010135090718584725,6840.731816394871,13.341816742606278
sensitivity_ell_N_plus20pct__terminal__start2,95,1.5706949758875373,-1.5754045013062892,8.830549787448765,-0.004608158178435576,-0.9999893772466767,0.00010135090718584725,6840.046353689102,13.341816760914488
sensitivity_ell_N_plus20pct__terminal__start2,96,1.5706949758875373,-1.5754045013062892,8.830248449857956,-0.004608158178435576,-0.9999893772466767,0.00010135090718584725,6837.985501121629,13.341816808275652
sensitivity_ell_N_plus20pct__terminal__start2,97,1.5706949758875373,-1.5754045013062892,8.813873518880422,-0.004608158178435576,-0.9999893772466767,0.00010135090718584725,6726.925740080234,13.341734838389613
sensitivity_ell_N_plus20pct__terminal__start2,98,1.5706949758875373,-1.5754045013062892,8.829163203341977,-0.004608158178435576,-0.9999893772466767,0.00010135090718584725,6830.5686264768465,13.341816483912098
sensitivity_ell_N_plus20pct__terminal__start2,99,1.5706949758875373,-1.5754045013062892,8.829833922575025,-0.004608158178435576,-0.9999893772466767,0.00010135090718584725,6835.151556985287,13.341816794859069
sensitivity_ell_N_plus20pct__terminal__start2,100,1.5706949758875373,-1.5754045013062892,8.830102308376588,-0.004608158178435576,-0.9999893772466767,0.00010135090718584725,6836.98626080793,13.341816819606251
sensitivity_ell_N_plus20pct__terminal__start2,101,1.5706949758875373,-1.5754045013062892,8.830035641709628,-0.004608158178435576,-0.9999893772466767,0.00010135090718584725,6836.530476914835,13.341816819691065
sensitivity_ell_N_plus20pct__terminal__start2,102,1.5706949758875373,-1.5754045013062892,8.829968975042267,-0.004608158178435576,-0.9999893772466767,0.00010135090718584725,6836.074723403575,13.341816815836332
sensitivity_ell_N_plus20pct__terminal__start2,103,1.5668199678588206,-0.42812356564245113,6.917016614883528,0.909739187489469,-0.4151611727979218,0.003976348457430544,1009.3043547742492,1.0837646529267637
sensitivity_ell_N_plus20pct__terminal__start2,104,1.5683388018209323,-0.8778076014576135,7.666836549855773,0.6388374492596482,-0.7693378152714105,0.002457522500290441,2136.3126259966834,1.3725808065719052
sensitivity_ell_N_plus20pct__terminal__start2,105,1.5692774928327848,-1.1557276197896087,8.130250755110856,0.4032523392126806,-0.9150875608730952,0.0015188333781564903,3395.650935220879,1.6873501186207236
sensitivity_ell_N_plus20pct__terminal__start2,106,1.5698576357830438,-1.3274916372727759,8.416656484828017,0.24091118690324173,-0.9705467113355825,0.0009386908739996392,4521.759580650608,2.0728326378229314
sensitivity_ell_N_plus20pct__terminal__start2,107,1.5702161838446376,-1.4336476381216041,8.593664960365938,0.13671911413584478,-0.9906096846205901,0.0005801429177163332,5397.358576433528,2.5749107672289813
sensitivity_ell_N_plus20pct__terminal__start2,108,1.5704377787333028,-1.4992556547559428,8.703062214545179,0.07147965805782869,-0.9974419932643848,0.0003585480539115121,6021.322596244888,3.3143090642121504
sensitivity_ell_N_plus20pct__terminal__start2,109,1.5705747319062313,-1.5398036389704324,8.770673435903861,0.03098772564794358,-0.9995197405528687,0.0002215948868517619,6442.509621090702,5.102330245203551
sensitivity_ell_N_plus20pct__terminal__start2,110,1.570659373621968,-1.5648636713902813,8.812459468724418,0.005932620547687713,-0.9999823924736204,0.00013695317250044176,6717.420251890455,12.592573390547697
sensitivity_ell_N_plus20pct__terminal__start2,111,1.5707116850791596,-1.5803516231849222,8.838284657262543,-0.009555150950826609,-0.9999543449208503,8.464171563596202e-05,6893.158364199063,13.17357213574881
sensitivity_ell_N_plus20pct__terminal__start2,112,1.5706953570651734,-1.5755173572879637,8.830223821983111,-0.004721012931865503,-0.9999888508588538,0.00010096972955167583,6837.817098144225,13.341729433676493
sensitivity_ell_N_plus20pct__terminal__start2,113,1.5706948647140766,-1.5753715859701118,8.829980757450311,-0.0045752431893678214,-0.9999895283727748,0.00010146208064593521,6836.155269299902,13.341809562490454
sensitivity_ell_N_plus20pct__terminal__start2,114,1.5706949758520272,-1.5754044907927616,8.830035624178981,-0.004608147665019638,-0.999989377295121,0.00010135094269588641,6836.530357066033,13.341816819735033
sensitivity_ell_N_plus20pct__terminal__start2,115,1.570694974861778,-1.575404197607823,8.830035135311478,-0.004607854483194844,-0.9999893786460171,0.00010135193294509727,6836.527014909325,13.341816820308813
sensitivity_ell_N_plus20pct__terminal__start2,116,1.5706949748725074,-1.5754042007845226,8.830035140608425,-0.00460785765986068,-0.9999893786313805,0.00010135192221567999,6836.527051122045,13.34181682031076
sensitivity_ell_N_plus20pct__terminal__start2,117,1.5706949749839387,-1.5754042337761955,8.83003519561997,-0.00460789065118326,-0.9999893784793702,0.00010135181078437192,6836.527427209975,13.34181682030192
sensitivity_ell_N_plus20pct__terminal__start2,118,1.5706949749150705,-1.5754042133862203,8.830035161620966,-0.0046078702614245366,-0.9999893785733178,0.000101351879652616,6836.527194774852,13.341816820307644
sensitivity_ell_N_plus20pct__terminal__start2,119,1.5706949748861294,-1.57540420481755,8.830035147333245,-0.004607861692845316,-0.9999893786127982,0.00010135190859368762,6836.527097096458,13.341816820309216
sensitivity_ell_N_plus20pct__terminal__start2,120,1.5706949748771823,-1.5754042021686039,8.830035142916293,-0.004607859043927275,-0.9999893786250033,0.0001013519175407529,6836.5270668998455,13.341816820308038
sensitivity_ell_N_plus20pct__terminal__start2,121,1.5706949748678327,-1.5754041994004415,8.830035138300556,-0.004607856275794305,-0.9999893786377576,0.00010135192689038501,6836.527035344234,13.341816820309726
sensitivity_ell_chi_minus20pct__onset__start1,1,1.5706949758875361,1.5658013345006918,11.18230883208749,0.0049949714977768475,0.9999875199159888,0.00010135090718695746,71848.05580700038,3.2035643402018796
sensitivity_ell_chi_minus20pct__onset__start1,2,0.5999908074321633,1.5658013345006918,11.18230883208749,0.0028203351787913816,0.5646278426266624,0.8253408053890466,71848.05580700038,3.1305851355500804
sensitivity_ell_chi_minus20pct__onset__start1,3,0.9708055193627332,1.5658013345006918,11.18230883208749,0.004122553820043925,0.8253305093053576,0.5646348864175504,71848.05580700038,3.1655573930651135
sensitivity_ell_chi_minus20pct__onset__start1,4,1.1999816148643265,1.5658013345006918,11.18230883208749,0.00465547541586148,0.932020796757139,0.36237489008048024,71848.05580700038,3.186936795445997
sensitivity_ell_chi_minus20pct__onset__start1,5,1.3416202312933032,1.5658013345006918,11.18230883208749,0.004864372479600658,0.9738417474430935,0.22717523812546522,71848.05580700038,3.196855837537278
sensitivity_ell_chi_minus20pct__onset__start1,6,1.4291577103659199,1.5658013345006918,11.18230883208749,0.004944951924941199,0.9899736592544334,0.14116551077670147,71848.05580700038,3.2009468743964664
sensitivity_ell_chi_minus20pct__onset__start1,7,1.4832588477222797,1.5658013345006918,11.18230883208749,0.0049758459815864705,0.996158613682822,0.08742572471696056,71848.05580700038,3.2025563980934297
sensitivity_ell_chi_minus20pct__onset__start1,8,1.5166951894385368,1.5658013345006918,11.18230883208749,0.004987663332589757,0.998524433693409,0.0540747494838181,71848.05580700038,3.203178143705533
sensitivity_ell_chi_minus20pct__onset__start1,9,1.5373599850786395,1.5658013345006918,11.18230883208749,0.004992179622077347,0.9994285896282183,0.03343011182110186,71848.05580700038,3.203416651948084
sensitivity_ell_chi_minus20pct__onset__start1,10,1.5501315311547936,1.5658013345006918,11.18230883208749,0.004993905050601066,0.9997740184241571,0.02066332491054402,71848.05580700038,3.2035079035692373
sensitivity_ell_chi_minus20pct__onset__start1,11,1.5580247807187424,1.5658013345006918,11.18230883208749,0.004994564158098752,0.9999059709832985,0.012771198879420182,71848.05580700038,3.203542780432481
sensitivity_ell_chi_minus20pct__onset__start1,12,1.562903077230948,1.5658013345006918,11.18230883208749,0.004994815922412781,0.99995637390794,0.007893167601504682,71848.05580700038,3.2035561053972796
sensitivity_ell_chi_minus20pct__onset__start1,13,1.565918030282691,1.5658013345006918,11.18230883208749,0.004994912088940034,0.9999756263355324,0.0048782771634600566,71848.05580700038,3.203561195546201
sensitivity_ell_chi_minus20pct__onset__start1,14,1.5677813737431534,1.5658013345006918,11.18230883208749,0.004994948821447754,0.9999829801411169,0.003014948484120609,71848.05580700038,3.203563139877962
sensitivity_ell_chi_minus20pct__onset__start1,15,1.568932983334434,1.5658013345006918,11.18230883208749,0.0049949628520409755,0.9999857890496612,0.0018633423821927913,71848.05580700038,3.203563882556512
sensitivity_ell_chi_minus20pct__onset__start1,16,1.5696447172036159,1.5658013345006918,11.18230883208749,0.004994968211254172,0.9999868619579481,0.001151609336735768,71848.05580700038,3.2035641662359264
sensitivity_ell_chi_minus20pct__onset__start1,17,1.5700845929257148,1.5658013345006918,11.18230883208749,0.004994970258291965,0.999987271772548,0.0007117338090919139,71848.05580700038,3.2035642745920265
sensitivity_ell_chi_minus20pct__onset__start1,18,1.5703564510727976,1.5658013345006918,11.18230883208749,0.004994971040190899,0.999987428307811,0.0004398757079136694,71848.05580700038,3.2035643159804006
sensitivity_ell_chi_minus20pct__onset__start1,19,1.5705244686478135,1.5658013345006918,11.18230883208749,0.004994971338849728,0.9999874880989631,0.0002718581437344463,71848.05580700038,3.2035643317893654
sensitivity_ell_chi_minus20pct__onset__start1,20,1.5706283092198807,1.5658013345006918,11.18230883208749,0.00499497145292725,0.9999875109371512,0.00016801757422537421,71848.05580700038,3.2035643378278498
sensitivity_ell_chi_minus20pct__onset__start1,21,1.5706949758875361,-0.7416294238611398,11.18230883208749,0.7373688742911911,-0.6754902907922034,0.00010135090718695747,71848.05580700038,3.1242987327162783
sensitivity_ell_chi_minus20pct__onset__start1,22,1.5706949758875361,0.7416294238611396,11.18230883208749,0.7373688742911911,0.6754902907922031,0.00010135090718695746,71848.05580700038,3.1296745777421724
sensitivity_ell_chi_minus20pct__onset__start1,23,1.5706949758875361,1.658333805867513,11.18230883208749,-0.08742572426794121,0.9961710357484901,0.00010135090718695746,71848.05580700038,3.2009158001447777
sensitivity_ell_chi_minus20pct__onset__start1,24,1.5706949758875361,2.2248882715834193,11.18230883208749,-0.6084388578539173,0.793600747215761,0.00010135090718695746,71848.05580700038,3.129081355226872
sensitivity_ell_chi_minus20pct__onset__start1,25,1.5706949758875361,1.4818084704086256,11.18230883208749,0.08887045567804303,0.9960431877361396,0.00010135090718695746,71848.05580700038,3.2013972565933972
sensitivity_ell_chi_minus20pct__onset__start1,26,1.5706949758875361,1.5575231413984347,11.18230883208749,0.013272795592398572,0.9999119074324279,0.00010135090718695746,71848.05580700038,3.203542990503743
sensitivity_ell_chi_minus20pct__onset__start1,27,1.5706949758875361,1.5656460176123588,11.18230883208749,0.005150286386869928,0.9999867320510443,0.00010135090718695746,71848.05580700038,3.203564332452429
sensitivity_ell_chi_minus20pct__onset__start1,28,1.5706949758875361,1.5658680032740762,11.18230883208749,0.00492830354537314,0.9999878507022765,0.00010135090718695746,71848.05580700038,3.2035643389178707
sensitivity_ell_chi_minus20pct__onset__start1,29,1.5706949758875361,1.5658013366064205,11.18230883208749,0.004994969392074426,0.9999875199265069,0.00010135090718695747,71848.05580700038,3.203564340201884
sensitivity_ell_chi_minus20pct__onset__start1,30,1.5706949758875361,1.5657346699397539,11.18230883208749,0.0050616352155868705,0.9999871847063532,0.00010135090718695746,71848.05580700038,3.2035643387167756
sensitivity_ell_chi_minus20pct__onset__start1,31,1.5706949758875361,1.5658013366064205,8.342310205260866,0.004994969392074426,0.9999875199265069,0.00010135090718695747,4197.776273049276,3.1915186631877024
sensitivity_ell_chi_minus20pct__onset__start1,32,1.5706949758875361,1.5658013366064205,9.973010023033673,0.004994969392074426,0.9999875199265069,0.00010135090718695747,21439.92298441949,3.203072147345467
sensitivity_ell_chi_minus20pct__onset__start1,33,1.5706949758875361,1.5658013366064205,10.980837935865528,0.004994969392074426,0.9999875199265069,0.00010135090718695747,58737.752128584805,3.2035156325807166
sensitivity_ell_chi_minus20pct__onset__start1,34,1.5706949758875361,1.5658013366064205,10.564288095072323,0.004994969392074426,0.9999875199265069,0.00010135090718695747,38726.83676206966,3.2034034283339787
sensitivity_ell_chi_minus20pct__onset__start1,35,1.5706949758875361,1.5658013366064205,11.239151908449294,0.004994969392074426,0.9999875199265069,0.00010135090718695747,76050.42669963614,3.2035338506405693
sensitivity_ell_chi_minus20pct__onset__start1,36,1.5706949758875361,1.5658013366064205,11.229679722217892,0.004994969392074426,0.9999875199265069,0.00010135090718695747,75333.46385835865,3.2035231276119345
sensitivity_ell_chi_minus20pct__onset__start1,37,1.5706949758875361,1.5658013366064205,11.763356655632258,0.004994969392074426,0.9999875199265069,0.00010135090718695747,128457.91958408452,3.203471897187279
sensitivity_ell_chi_minus20pct__onset__start1,38,1.5706949758875361,1.5658013366064205,11.43938030480914,0.004994969392074426,0.9999875199265069,0.00010135090718695747,92909.41868009465,3.2035108535261267
sensitivity_ell_chi_minus20pct__onset__start1,39,1.5706949758875361,1.5658013366064205,11.31563235034587,0.004994969392074426,0.9999875199265069,0.00010135090718695747,82094.99656019841,3.203544219852595
sensitivity_ell_chi_minus20pct__onset__start1,40,1.5706949758875361,1.5658013366064205,11.283239470335483,0.004994969392074426,0.9999875199265069,0.00010135090718695747,79478.3129491751,3.203530005520517
sensitivity_ell_chi_minus20pct__onset__start1,41,1.5706949758875361,1.5658013366064205,11.362899862912565,0.004994969392074426,0.9999875199265069,0.00010135090718695747,86068.59408118938,3.2035192057938033
sensitivity_ell_chi_minus20pct__onset__start1,42,1.5706949758875361,1.5658013366064205,11.333686933582685,0.004994969392074426,0.9999875199265069,0.00010135090718695747,83590.64856808799,3.203513240228829
sensitivity_ell_chi_minus20pct__onset__start1,43,1.5706949758875361,1.5658013366064205,11.303259371175399,0.004994969392074426,0.9999875199265069,0.00010135090718695747,81085.49502721376,3.203555149068884
sensitivity_ell_chi_minus20pct__onset__start1,44,1.5706949758875361,1.5658013366064205,11.295612449505953,0.004994969392074426,0.9999875199265069,0.00010135090718695747,80467.80532058243,3.2035535644245248
sensitivity_ell_chi_minus20pct__onset__start1,45,1.5706949758875361,1.5658013366064205,11.301338020312386,0.004994969392074426,0.9999875199265069,0.00010135090718695747,80929.85091272344,3.2035559112584084
sensitivity_ell_chi_minus20pct__onset__start1,46,1.5706949758875361,1.5658013366064205,11.300418232172792,0.004994969392074426,0.9999875199265069,0.00010135090718695747,80855.44681896183,3.203556048772821
sensitivity_ell_chi_minus20pct__onset__start1,47,1.5706949758875361,1.5658013366064205,11.30001892373861,0.004994969392074426,0.9999875199265069,0.00010135090718695747,80823.16700232797,3.2035560546848716
sensitivity_ell_chi_minus20pct__onset__start1,48,1.5706949758875361,1.5658013366064205,11.300146083337465,0.004994969392074426,0.9999875199265069,0.00010135090718695747,80833.44509728748,3.203556056512746
sensitivity_ell_chi_minus20pct__onset__start1,49,1.5706949758875361,1.5658013366064205,11.300212751751939,0.004994969392074426,0.9999875199265069,0.00010135090718695747,80838.8343145519,3.2035560560746545
sensitivity_ell_chi_minus20pct__onset__start2,1,1.5707963267948966,1.5358013345006918,11.23230883208749,0.03498784996500899,0.9993877377448784,6.123233995736766e-17,75531.7844007111,3.203248423167056
sensitivity_ell_chi_minus20pct__onset__start2,2,0.5999908074321633,1.5358013345006918,11.23230883208749,0.01975536069098714,0.5642891817886719,0.8253408053890466,75531.7844007111,3.1305934346527433
sensitivity_ell_chi_minus20pct__onset__start2,3,0.9708055193627332,1.5358013345006918,11.23230883208749,0.028876900268951643,0.8248354803662952,0.5646348864175504,75531.7844007111,3.165501378382642
sensitivity_ell_chi_minus20pct__onset__start2,4,1.1999816148643265,1.5358013345006918,11.23230883208749,0.03260981060690088,0.9314617755395773,0.36237489008048024,75531.7844007111,3.186751276943784
sensitivity_ell_chi_minus20pct__onset__start2,5,1.3416202312933032,1.5358013345006918,11.23230883208749,0.03407305400878056,0.9732576422372202,0.22717523812546525,75531.7844007111,3.196600551553511
sensitivity_ell_chi_minus20pct__onset__start2,6,1.4291577103659199,1.5358013345006918,11.23230883208749,0.034637481960093856,0.9893798782119116,0.1411655107767015,75531.7844007111,3.2006564048499744
sensitivity_ell_chi_minus20pct__onset__start2,7,1.4832588477222797,1.5358013345006918,11.23230883208749,0.03485388291726544,0.995561122936861,0.08742572471696057,75531.7844007111,3.2022504155662577
sensitivity_ell_chi_minus20pct__onset__start2,8,1.5166951894385368,1.5358013345006918,11.23230883208749,0.034936658905466225,0.9979255239409329,0.0540747494838181,75531.7844007111,3.202866041306292
sensitivity_ell_chi_minus20pct__onset__start2,9,1.5373599850786395,1.5358013345006918,11.23230883208749,0.03496829377230163,0.9988291375677237,0.03343011182110186,75531.7844007111,3.2031021935191437
sensitivity_ell_chi_minus20pct__onset__start2,10,1.5501315311547936,1.5358013345006918,11.23230883208749,0.03498037973395927,0.9991743591772706,0.02066332491054402,75531.7844007111,3.2031925431431674
sensitivity_ell_chi_minus20pct__onset__start2,11,1.5580247807187424,1.5358013345006918,11.23230883208749,0.034984996527895273,0.9993062325919545,0.012771198879420183,75531.7844007111,3.2032270752071508
sensitivity_ell_chi_minus20pct__onset__start2,12,1.562903077230948,1.5358013345006918,11.23230883208749,0.03498676003986015,0.9993566052851844,0.007893167601504682,75531.7844007111,3.203240268433395
sensitivity_ell_chi_minus20pct__onset__start2,13,1.565918030282691,1.5358013345006918,11.23230883208749,0.03498743364931145,0.9993758461652711,0.0048782771634600566,75531.7844007111,3.20324530825738
sensitivity_ell_chi_minus20pct__onset__start2,14,1.5677813737431534,1.5358013345006918,11.23230883208749,0.03498769094636769,0.9993831955600813,0.003014948484120609,75531.7844007111,3.203247233365971
sensitivity_ell_chi_minus20pct__onset__start2,15,1.568932983334434,1.5358013345006918,11.23230883208749,0.034987789225264423,0.9993860027838569,0.0018633423821927916,75531.7844007111,3.203247968701803
sensitivity_ell_chi_minus20pct__onset__start2,16,1.5696447172036159,1.5358013345006918,11.23230883208749,0.03498782676448689,0.9993870750486189,0.001151609336735768,75531.7844007111,3.203248249576537
sensitivity_ell_chi_minus20pct__onset__start2,17,1.5700845929257148,1.5358013345006918,11.23230883208749,0.034987841103197505,0.9993874846174142,0.000711733809091914,75531.7844007111,3.20324835686134
sensitivity_ell_chi_minus20pct__onset__start2,18,1.5703564510727976,1.5358013345006918,11.23230883208749,0.03498784658009812,0.9993876410587882,0.00043987570791366947,75531.7844007111,3.203248397840522
sensitivity_ell_chi_minus20pct__onset__start2,19,1.5705244686478135,1.5358013345006918,11.23230883208749,0.034987848672088075,0.9993877008140779,0.0002718581437344463,75531.7844007111,3.203248413493185
sensitivity_ell_chi_minus20pct__onset__start2,20,1.5706283092198807,1.5358013345006918,11.23230883208749,0.03498784947115715,0.9993877236385679,0.00016801757422537424,75531.7844007111,3.2032484194719717
sensitivity_ell_chi_minus20pct__onset__start2,21,1.5706949758890394,1.5358013345006918,11.23230883208749,0.03498784978531128,0.99938773261202,0.00010135090568371548,75531.7844007111,3.203248421822532
sensitivity_ell_chi_minus20pct__onset__start2,22,1.5706949758890394,-0.7416294238611396,11.23230883208749,0.7373688742911914,-0.6754902907922032,0.0001013509056837155,75531.7844007111,3.1242563218056194
sensitivity_ell_chi_minus20pct__onset__start2,23,1.5706949758890394,0.7416294238611398,11.23230883208749,0.7373688742911912,0.6754902907922034,0.0001013509056837155,75531.7844007111,3.129635083477508
sensitivity_ell_chi_minus20pct__onset__start2,24,1.5706949758890394,1.6583338058675132,11.23230883208749,-0.08742572426794142,0.9961710357484902,0.00010135090568371548,75531.7844007111,3.200879389776313
sensitivity_ell_chi_minus20pct__onset__start2,25,1.5706949758890394,2.2248882715834197,11.23230883208749,-0.6084388578539178,0.7936007472157609,0.0001013509056837155,75531.7844007111,3.1290485800129826
sensitivity_ell_chi_minus20pct__onset__start2,26,1.5706949758890394,1.481824876500601,11.23230883208749,0.08885411448993413,0.996044645618962,0.0001013509056837155,75531.7844007111,3.201362193802483
sensitivity_ell_chi_minus20pct__onset__start2,27,1.5706949758890394,1.5574965346813268,11.23230883208749,0.01329939996095136,0.9999115539329829,0.0001013509056837155,75531.7844007111,3.203506470028619
sensitivity_ell_chi_minus20pct__onset__start2,28,1.5706949758890394,1.5656409274337961,11.23230883208749,0.005155376497829605,0.9999867058222122,0.00010135090568371548,75531.7844007111,3.2035279203541323
sensitivity_ell_chi_minus20pct__onset__start2,29,1.5706949758890394,1.5658630218198772,11.23230883208749,0.004933284938989719,0.9999878261397509,0.00010135090568371548,75531.7844007111,3.2035279268071215
sensitivity_ell_chi_minus20pct__onset__start2,30,1.5706949758890394,1.5657963547073237,11.23230883208749,0.004999951228934765,0.999987495029664,0.0001013509056837155,75531.7844007111,3.20352792809772
sensitivity_ell_chi_minus20pct__onset__start2,31,1.5706949758890394,1.5657296875957591,11.23230883208749,0.005066617495668534,0.9999871594751337,0.00010135090568371548,75531.7844007111,3.2035279266194667
sensitivity_ell_chi_minus20pct__onset__start2,32,1.5706949758890394,1.5657963547073237,8.342310205260866,0.004999951228934765,0.999987495029664,0.0001013509056837155,4197.776273049276,3.1915186681808803
sensitivity_ell_chi_minus20pct__onset__start2,33,1.5706949758890394,1.5657963547073237,9.973010023033673,0.004999951228934765,0.999987495029664,0.0001013509056837155,21439.92298441949,3.2030721475711803
sensitivity_ell_chi_minus20pct__onset__start2,34,1.5706949758890394,1.5657963547073237,10.980837935865528,0.004999951228934765,0.999987495029664,0.0001013509056837155,58737.752128584805,3.2035156326002983
sensitivity_ell_chi_minus20pct__onset__start2,35,1.5706949758890394,1.5657963547073237,10.564288090214003,0.004999951228934765,0.999987495029664,0.0001013509056837155,38726.8365739223,3.203403428411669
sensitivity_ell_chi_minus20pct__onset__start2,36,1.5706949758890394,1.5657963547073237,11.239151824297485,0.004999951228934765,0.999987495029664,0.0001013509056837155,76050.42029985542,3.203533850644663
sensitivity_ell_chi_minus20pct__onset__start2,37,1.5706949758890394,1.5657963547073237,11.229679666917896,0.004999951228934765,0.999987495029664,0.0001013509056837155,75333.45969241855,3.203523127510661
sensitivity_ell_chi_minus20pct__onset__start2,38,1.5706949758890394,1.5657963547073237,11.76335660362358,0.004999951228934765,0.999987495029664,0.0001013509056837155,128457.91290315808,3.203471897158059
sensitivity_ell_chi_minus20pct__onset__start2,39,1.5706949758890394,1.5657963547073237,11.439380232934914,0.004999951228934765,0.999987495029664,0.0001013509056837155,92909.41200230236,3.2035108534387304
sensitivity_ell_chi_minus20pct__onset__start2,40,1.5706949758890394,1.5657963547073237,11.315632270883679,0.004999951228934765,0.999987495029664,0.0001013509056837155,82094.99003675033,3.2035442199307176
sensitivity_ell_chi_minus20pct__onset__start2,41,1.5706949758890394,1.5657963547073237,11.283239348394275,0.004999951228934765,0.999987495029664,0.0001013509056837155,79478.30325749426,3.2035300053097022
sensitivity_ell_chi_minus20pct__onset__start2,42,1.5706949758890394,1.5657963547073237,11.36289978634872,0.004999951228934765,0.999987495029664,0.0001013509056837155,86068.58749144714,3.20351920580713
sensitivity_ell_chi_minus20pct__onset__start2,43,1.5706949758890394,1.5657963547073237,11.333686855227564,0.004999951228934765,0.999987495029664,0.0001013509056837155,83590.64201833282,3.203513240254587
sensitivity_ell_chi_minus20pct__onset__start2,44,1.5706949758890394,1.5657963547073237,11.303259275487669,0.004999951228934765,0.999987495029664,0.0001013509056837155,81085.48726832721,3.2035551490952328
sensitivity_ell_chi_minus20pct__onset__start2,45,1.5706949758890394,1.5657963547073237,11.295612343790287,0.004999951228934765,0.999987495029664,0.0001013509056837155,80467.79681387528,3.20355356427905
sensitivity_ell_chi_minus20pct__onset__start2,46,1.5706949758890394,1.5657963547073237,11.301338096455792,0.004999951228934765,0.999987495029664,0.0001013509056837155,80929.85707499819,3.2035559112138574
sensitivity_ell_chi_minus20pct__onset__start2,47,1.5706949758890394,1.5657963547073237,11.300418234106512,0.004999951228934765,0.999987495029664,0.0001013509056837155,80855.4469753137,3.203556048745857
sensitivity_ell_chi_minus20pct__onset__start2,48,1.5706949758890394,1.5657963547073237,11.300018922259953,0.004999951228934765,0.999987495029664,0.0001013509056837155,80823.16688281822,3.203556054657857
sensitivity_ell_chi_minus20pct__onset__start2,49,1.5706949758890394,1.5657963547073237,11.300146084467967,0.004999951228934765,0.999987495029664,0.0001013509056837155,80833.44518866984,3.203556056485812
sensitivity_ell_chi_minus20pct__onset__start2,50,1.5706949758890394,1.5657963547073237,11.300212752140823,0.004999951228934765,0.999987495029664,0.0001013509056837155,80838.8343459888,3.203556056047738
sensitivity_ell_chi_minus20pct__onset__start2,51,1.5705936249831822,1.5957913749139556,11.367983336848443,-0.024992445067401965,0.9996876195099793,0.00020270181032629265,86507.23550241157,3.2032392347150758
sensitivity_ell_chi_minus20pct__onset__start2,52,0.5999908074321633,1.5657963547073237,11.300146084467967,0.0028231469087425624,0.5646278285749751,0.8253408053890466,80833.44518866984,3.130465731681312
sensitivity_ell_chi_minus20pct__onset__start2,53,0.9708055193627332,1.5657963547073237,11.300146084467967,0.004126663795389529,0.8253304887656578,0.5646348864175504,80833.44518866984,3.1655011173852534
sensitivity_ell_chi_minus20pct__onset__start2,54,1.1999816148643265,1.5657963547073237,11.300146084467967,0.004660116686786368,0.9320207735622771,0.36237489008048024,80833.44518866984,3.186905375386744
sensitivity_ell_chi_minus20pct__onset__start2,55,1.3416202312933032,1.5657963547073237,11.300146084467967,0.00486922201021583,0.9738417232074489,0.22717523812546525,80833.44518866984,3.1968383626729078
sensitivity_ell_chi_minus20pct__onset__start2,56,1.4291577103659199,1.5657963547073237,11.300146084467967,0.004949881789142823,0.9899736346173197,0.14116551077670147,80833.44518866984,3.2009349229807733
sensitivity_ell_chi_minus20pct__onset__start2,57,1.4832588477222797,1.5657963547073237,11.300146084467967,0.004980806645582757,0.9961585888917857,0.08742572471696057,80833.44518866984,3.2025467041171947
sensitivity_ell_chi_minus20pct__onset__start2,58,1.5166951894385368,1.5657963547073237,11.300146084467967,0.004992635777880695,0.9985244088434954,0.0540747494838181,80833.44518866984,3.2031693209314995
sensitivity_ell_chi_minus20pct__onset__start2,59,1.5373599850786395,1.5657963547073237,11.300146084467967,0.004997156569877957,0.9994285647558032,0.03343011182110186,80833.44518866984,3.203408162326155
sensitivity_ell_chi_minus20pct__onset__start2,60,1.5501315311547936,1.5657963547073237,11.300146084467967,0.004998883718565682,0.9997739935431456,0.02066332491054402,80833.44518866984,3.2034995412072544
sensitivity_ell_chi_minus20pct__onset__start2,61,1.5580247807187424,1.5657963547073237,11.300146084467967,0.00499954348315984,0.9999059460990031,0.012771198879420183,80833.44518866984,3.2035344666779513
sensitivity_ell_chi_minus20pct__onset__start2,62,1.562903077230948,1.5657963547073237,11.300146084467967,0.004999795498470015,0.9999563490223902,0.007893167601504682,80833.44518866984,3.2035478102087813
sensitivity_ell_chi_minus20pct__onset__start2,63,1.565918030282691,1.5657963547073237,11.300146084467967,0.004999891760870377,0.9999756014495034,0.0048782771634600566,80833.44518866984,3.2035529074492235
sensitivity_ell_chi_minus20pct__onset__start2,64,1.5677813737431534,1.5657963547073237,11.300146084467967,0.004999928529998529,0.9999829552549049,0.003014948484120609,80833.44518866984,3.2035548544897003
sensitivity_ell_chi_minus20pct__onset__start2,65,1.568932983334434,1.5657963547073237,11.300146084467967,0.004999942574579535,0.9999857641633794,0.0018633423821927916,80833.44518866984,3.203555598202894
sensitivity_ell_chi_minus20pct__onset__start2,66,1.5696447172036159,1.5657963547073237,11.300146084467967,0.004999947939135592,0.9999868370716394,0.0011516093367357678,80833.44518866984,3.2035558822774926
sensitivity_ell_chi_minus20pct__onset__start2,67,1.5700845929257148,1.5657963547073237,11.300146084467967,0.004999949988214177,0.9999872468862292,0.0007117338090919139,80833.44518866984,3.2035559907845528
sensitivity_ell_chi_minus20pct__onset__start2,68,1.5703564510727976,1.5657963547073237,11.300146084467967,0.004999950770892626,0.9999874034214883,0.00043987570791366947,80833.44518866984,3.2035560322305905
sensitivity_ell_chi_minus20pct__onset__start2,69,1.5705244686478135,1.5657963547073237,11.300146084467967,0.004999951069849201,0.9999874632126389,0.00027185814373444626,80833.44518866984,3.2035560480615692
sensitivity_ell_chi_minus20pct__onset__start2,70,1.5706283092198807,1.5657963547073237,11.300146084467967,0.004999951184040454,0.9999874860508265,0.00016801757422537424,80833.44518866984,3.203556054108466
sensitivity_ell_chi_minus20pct__onset__start2,71,1.5706949758875361,-0.7416294238611401,11.300146084467967,0.7373688742911909,-0.6754902907922036,0.00010135090718695747,80833.44518866984,3.1241949546396843
sensitivity_ell_chi_minus20pct__onset__start2,72,1.5706949758875361,0.7416294238611396,11.300146084467967,0.7373688742911911,0.6754902907922031,0.00010135090718695746,80833.44518866984,3.129573146988304
sensitivity_ell_chi_minus20pct__onset__start2,73,1.5706949758875361,1.658333805867513,11.300146084467967,-0.08742572426794121,0.9961710357484901,0.00010135090718695746,80833.44518866984,3.2009060369126363
sensitivity_ell_chi_minus20pct__onset__start2,74,1.5706949758875361,2.2248882715834193,11.300146084467967,-0.6084388578539173,0.793600747215761,0.00010135090718695746,80833.44518866984,3.1290072398813376
sensitivity_ell_chi_minus20pct__onset__start2,75,1.5706949758875361,1.4818766976869222,11.300146084467967,0.0888024981554864,0.9960492488071755,0.00010135090718695747,80833.44518866984,3.2013908804066444
sensitivity_ell_chi_minus20pct__onset__start2,76,1.5706949758875361,1.5574817986330898,11.300146084467967,0.013314134704398309,0.9999113578438175,0.00010135090718695746,80833.44518866984,3.203534459963185
sensitivity_ell_chi_minus20pct__onset__start2,77,1.5706949758875361,1.5656501565516117,11.300146084467967,0.005146147502488175,0.9999867533592015,0.00010135090718695746,80833.44518866984,3.203556048805608
sensitivity_ell_chi_minus20pct__onset__start2,78,1.5706949758875361,1.5658720397790589,11.300146084467967,0.004924267089390996,0.9999878705872517,0.00010135090718695746,80833.44518866984,3.2035560552269193
sensitivity_ell_chi_minus20pct__onset__start2,79,1.5706949758875361,1.5658053731112698,11.300146084467967,0.004990932937560362,0.9999875400805784,0.00010135090718695746,80833.44518866984,3.2035560565232197
sensitivity_ell_chi_minus20pct__onset__start2,80,1.5706949758875361,1.5657387064444692,11.300146084467967,0.0050575987625592735,0.999987205129521,0.00010135090718695746,80833.44518866984,3.203556055048636
sensitivity_ell_chi_minus20pct__onset__start2,81,1.5706949758875361,1.5658053731112698,8.342310205260866,0.004990932937560362,0.9999875400805784,0.00010135090718695746,4197.776273049276,3.191518659132792
sensitivity_ell_chi_minus20pct__onset__start2,82,1.5706949758875361,1.5658053731112698,9.973010023033673,0.004990932937560362,0.9999875400805784,0.00010135090718695746,21439.92298441949,3.203072147151342
sensitivity_ell_chi_minus20pct__onset__start2,83,1.5706949758875361,1.5658053731112698,10.980837935865528,0.004990932937560362,0.9999875400805784,0.00010135090718695746,58737.752128584805,3.203515632553529
sensitivity_ell_chi_minus20pct__onset__start2,84,1.5706949758875361,1.5658053731112698,10.564288099008415,0.004990932937560362,0.9999875400805784,0.00010135090718695746,38726.83691450207,3.2034034282597377
sensitivity_ell_chi_minus20pct__onset__start2,85,1.5706949758875361,1.5658053731112698,11.239151976538775,0.004990932937560362,0.9999875400805784,0.00010135090718695746,76050.43187787037,3.20353385062592
sensitivity_ell_chi_minus20pct__onset__start2,86,1.5706949758875361,1.5658053731112698,11.229679766966193,0.004990932937560362,0.9999875400805784,0.00010135090718695746,75333.46722940325,3.2035231276825376
sensitivity_ell_chi_minus20pct__onset__start2,87,1.5706949758875361,1.5658053731112698,11.76335669771387,0.004990932937560362,0.9999875400805784,0.00010135090718695746,128457.92498980107,3.203471897199631
sensitivity_ell_chi_minus20pct__onset__start2,88,1.5706949758875361,1.5658053731112698,11.439380362964501,0.004990932937560362,0.9999875400805784,0.00010135090718695746,92909.42408327562,3.203510853585515
sensitivity_ell_chi_minus20pct__onset__start2,89,1.5706949758875361,1.5658053731112698,11.315632414640854,0.004990932937560362,0.9999875400805784,0.00010135090718695746,82095.00183849504,3.203544219778054
sensitivity_ell_chi_minus20pct__onset__start2,90,1.5706949758875361,1.5658053731112698,11.283239569001225,0.004990932937560362,0.9999875400805784,0.00010135090718695746,79478.32079096223,3.2035300056797777
sensitivity_ell_chi_minus20pct__onset__start2,91,1.5706949758875361,1.5658053731112698,11.362899924862422,0.004990932937560362,0.9999875400805784,0.00010135090718695746,86068.59941312662,3.2035192057717015
sensitivity_ell_chi_minus20pct__onset__start2,92,1.5706949758875361,1.5658053731112698,11.33368699698191,0.004990932937560362,0.9999875400805784,0.00010135090718695746,83590.65386767052,3.2035132401966524
sensitivity_ell_chi_minus20pct__onset__start2,93,1.5706949758875361,1.5658053731112698,11.303259448598844,0.004990932937560362,0.9999875400805784,0.00010135090718695746,81085.5013051324,3.203555149036252
sensitivity_ell_chi_minus20pct__onset__start2,94,1.5706949758875361,1.5658053731112698,11.295612535043235,0.004990932937560362,0.9999875400805784,0.00010135090718695746,80467.81220358009,3.2035535645309046
sensitivity_ell_chi_minus20pct__onset__start2,95,1.5706949758875361,1.5658053731112698,11.301337958710834,0.004990932937560362,0.9999875400805784,0.00010135090718695746,80929.84592731915,3.203555911283142
sensitivity_ell_chi_minus20pct__onset__start2,96,1.5706949758875361,1.5658053731112698,11.300418230613785,0.004990932937560362,0.9999875400805784,0.00010135090718695746,80855.44669290762,3.2035560487833172
sensitivity_ell_chi_minus20pct__onset__start2,97,1.5706949758875361,1.5658053731112698,11.30001892503363,0.004990932937560362,0.9999875400805784,0.00010135090718695746,80823.16710699552,3.2035560546954116
sensitivity_ell_chi_minus20pct__onset__start2,98,1.5706949758875361,1.5658053731112698,11.300146082410286,0.004990932937560362,0.9999875400805784,0.00010135090718695746,80833.44502234046,3.2035560565232144
sensitivity_ell_chi_minus20pct__onset__start2,99,1.5706949758875361,1.5658053731112698,11.300212749076954,0.004990932937560362,0.9999875400805784,0.00010135090718695746,80838.83409830918,3.203556056085154
sensitivity_ell_chi_minus20pct__terminal__start1,1,1.5706949758856612,-1.5753908940094778,8.830082914842956,-0.004594551025745008,-0.9999894398586743,0.0001013509090619021,6836.8536687706555,13.34481227437427
sensitivity_ell_chi_minus20pct__terminal__start1,2,0.5999908074321633,-1.5753908940094778,8.830082914842956,-0.002594243809885216,-0.5646289266932882,0.8253408053890466,6836.8536687706555,0.9199430799383461
sensitivity_ell_chi_minus20pct__terminal__start1,3,0.9708055193627332,-1.5753908940094778,8.830082914842956,-0.003792070463465541,-0.8253320939124081,0.5646348864175504,6836.8536687706555,1.342745333123264
sensitivity_ell_chi_minus20pct__terminal__start1,4,1.1999816148643265,-1.5753908940094778,8.830082914842956,-0.0042822705508524265,-0.9320225862059831,0.36237489008048024,6836.8536687706555,1.816101495160442
sensitivity_ell_chi_minus20pct__terminal__start1,5,1.3416202312933032,-1.5753908940094778,8.830082914842956,-0.00447442144078346,-0.973843617186768,0.22717523812546525,6836.8536687706555,2.329208474076121
sensitivity_ell_chi_minus20pct__terminal__start1,6,1.4291577103659199,-1.5753908940094778,8.830082914842956,-0.0045485412577650226,-0.9899755599708406,0.1411655107767015,6836.8536687706555,2.91275040486691
sensitivity_ell_chi_minus20pct__terminal__start1,7,1.4832588477222797,-1.5753908940094778,8.830082914842956,-0.004576958701130242,-0.9961605262741354,0.08742572471696057,6836.8536687706555,3.673015826708423
sensitivity_ell_chi_minus20pct__terminal__start1,8,1.5166951894385368,-1.5753908940094778,8.830082914842956,-0.004587828717545331,-0.9985263508270179,0.0540747494838181,6836.8536687706555,5.02055259549544
sensitivity_ell_chi_minus20pct__terminal__start1,9,1.5373599850786395,-1.5753908940094778,8.830082914842956,-0.004591982959968336,-0.9994305084977765,0.03343011182110186,6836.8536687706555,10.09472214871938
sensitivity_ell_chi_minus20pct__terminal__start1,10,1.5501315311547936,-1.5753908940094778,8.830082914842956,-0.004593570070004305,-0.9997759379569271,0.02066332491054402,6836.8536687706555,12.116259911379279
sensitivity_ell_chi_minus20pct__terminal__start1,11,1.5580247807187424,-1.5753908940094778,8.830082914842956,-0.004594176340336562,-0.9999078907694129,0.012771198879420182,6836.8536687706555,12.876891613747544
sensitivity_ell_chi_minus20pct__terminal__start1,12,1.562903077230948,-1.5753908940094778,8.830082914842956,-0.004594407922035835,-0.9999582937908263,0.007893167601504682,6836.8536687706555,13.166273441948377
sensitivity_ell_chi_minus20pct__terminal__start1,13,1.565918030282691,-1.5753908940094778,8.830082914842956,-0.004594496379400733,-0.9999775462553828,0.004878277163460057,6836.8536687706555,13.276658887047937
sensitivity_ell_chi_minus20pct__terminal__start1,14,1.5677813737431534,-1.5753908940094778,8.830082914842956,-0.004594530167257399,-0.9999849000750863,0.003014948484120609,6836.8536687706555,13.318801657777625
sensitivity_ell_chi_minus20pct__terminal__start1,15,1.568932983334434,-1.5753908940094778,8.830082914842956,-0.004594543073092098,-0.9999877089890237,0.0018633423821927913,6836.8536687706555,13.334895792062408
sensitivity_ell_chi_minus20pct__terminal__start1,16,1.5696447172036159,-1.5753908940094778,8.830082914842956,-0.00459454800268549,-0.9999887818993705,0.001151609336735768,6836.8536687706555,13.341042773551326
sensitivity_ell_chi_minus20pct__terminal__start1,17,1.5700845929257148,-1.5753908940094778,8.830082914842956,-0.00459454988562308,-0.9999891917147573,0.000711733809091914,6836.8536687706555,13.34339064885367
sensitivity_ell_chi_minus20pct__terminal__start1,18,1.5703564510727976,-1.5753908940094778,8.830082914842956,-0.004594550604841308,-0.9999893482503207,0.0004398757079136694,6836.8536687706555,13.34428744828074
sensitivity_ell_chi_minus20pct__terminal__start1,19,1.5705244686478135,-1.5753908940094778,8.830082914842956,-0.004594550879558236,-0.9999894080415876,0.0002718581437344463,6836.8536687706555,13.34462999384546
sensitivity_ell_chi_minus20pct__terminal__start1,20,1.5706283092198807,-1.5753908940094778,8.830082914842956,-0.004594550984490767,-0.9999894308798197,0.00016801757422537424,6836.8536687706555,13.344760834416237
sensitivity_ell_chi_minus20pct__terminal__start1,21,1.5706949758875361,-0.7416294238611401,8.830082914842956,0.7373688742911909,-0.6754902907922036,0.00010135090718695747,6836.8536687706555,1.269718698044502
sensitivity_ell_chi_minus20pct__terminal__start1,22,1.5706949758875361,0.7416294238611394,8.830082914842956,0.7373688742911914,0.675490290792203,0.00010135090718695746,6836.8536687706555,1.164995182539858
sensitivity_ell_chi_minus20pct__terminal__start1,23,1.5706949758875361,-1.6583338058675134,8.830082914842956,-0.08742572426794165,-0.9961710357484901,0.00010135090718695747,6836.8536687706555,2.801869554517791
sensitivity_ell_chi_minus20pct__terminal__start1,24,1.5706949758875361,-2.2248882715834197,8.830082914842956,-0.6084388578539177,-0.7936007472157608,0.00010135090718695747,6836.8536687706555,2.0121314270362576
sensitivity_ell_chi_minus20pct__terminal__start1,25,1.5706949758875361,-1.604358367611134,8.830082914842956,-0.03355574022575032,-0.999436842439729,0.00010135090718695746,6836.8536687706555,7.147957608130111
sensitivity_ell_chi_minus20pct__terminal__start1,26,1.5706949758875361,-1.2748252341769324,8.830082914842956,0.2916688548899945,-0.956519350988339,0.00010135090718695747,6836.8536687706555,1.9227684569619508
sensitivity_ell_chi_minus20pct__terminal__start1,27,1.5706949758875361,-1.4784879110585232,8.830082914842956,0.09217738017273472,-0.9957425974178693,0.00010135090718695747,6836.8536687706555,2.99397201756519
sensitivity_ell_chi_minus20pct__terminal__start1,28,1.5706949758875361,-1.56756475466268,8.830082914842956,0.0032315664910393623,-0.9999947733393447,0.00010135090718695743,6836.8536687706555,12.929285320787978
sensitivity_ell_chi_minus20pct__terminal__start1,29,1.5706949758875361,-1.5491539297099495,8.830082914842956,0.021640707487550277,-0.9997658073306128,0.00010135090718695746,6836.8536687706555,8.676107643256834
sensitivity_ell_chi_minus20pct__terminal__start1,30,1.5706949758875361,-1.574787611812468,8.830082914842956,-0.003991274399981983,-0.999992029696566,0.00010135090718695746,6836.8536687706555,13.342222652784011
sensitivity_ell_chi_minus20pct__terminal__start1,31,1.5706949758875361,-1.5753911685504451,8.830082914842956,-0.0045948255638129385,-0.9999894385972443,0.00010135090718695747,6836.8536687706555,13.344812323352539
sensitivity_ell_chi_minus20pct__terminal__start1,32,1.5706949758875361,-1.5754578352171158,8.830082914842956,-0.004661491516129971,-0.9999891300533416,0.00010135090718695746,6836.8536687706555,13.344793768331447
sensitivity_ell_chi_minus20pct__terminal__start1,33,1.5706949758875361,-1.5753245018837743,8.830082914842956,-0.004528159591074235,-0.9999897426967496,0.00010135090718695746,6836.8536687706555,13.344770238186332
sensitivity_ell_chi_minus20pct__terminal__start1,34,1.5706949758875361,-1.5753911685504451,8.342310205260866,-0.0045948255638129385,-0.9999894385972443,0.00010135090718695747,4197.776273049276,13.27798221750609
sensitivity_ell_chi_minus20pct__terminal__start1,35,1.5706949758875361,-1.5753911685504451,9.973010023033673,-0.0045948255638129385,-0.9999894385972443,0.00010135090718695747,21439.92298441949,12.916286709570048
sensitivity_ell_chi_minus20pct__terminal__start1,36,1.5706949758875361,-1.5753911685504451,7.334482292429009,-0.0045948255638129385,-0.9999894385972443,0.00010135090718695747,1532.2343252594655,12.659395400267076
sensitivity_ell_chi_minus20pct__terminal__start1,37,1.5706949758875361,-1.5753911685504451,8.80746540206654,-0.0045948255638129385,-0.9999894385972443,0.00010135090718695747,6683.95663669646,13.344521106441897
sensitivity_ell_chi_minus20pct__terminal__start1,38,1.5706949758875361,-1.5753911685504451,8.803374875732453,-0.0045948255638129385,-0.9999894385972443,0.00010135090718695747,6656.671579226588,13.344436358156102
sensitivity_ell_chi_minus20pct__terminal__start1,39,1.5706949758875361,-1.5753911685504451,8.844464299014314,-0.0045948255638129385,-0.9999894385972443,0.00010135090718695747,6935.8875028344255,13.344842328099201
sensitivity_ell_chi_minus20pct__terminal__start1,40,1.5706949758875361,-1.5753911685504451,9.27553040773135,-0.0045948255638129385,-0.9999894385972443,0.00010135090718695747,10673.618420259672,13.306134838464187
sensitivity_ell_chi_minus20pct__terminal__start1,41,1.5706949758875361,-1.5753911685504451,8.840784041716725,-0.0045948255638129385,-0.9999894385972443,0.00010135090718695747,6910.4085655172075,13.344846346473549
sensitivity_ell_chi_minus20pct__terminal__start1,42,1.5706949758875361,-1.5753911685504451,8.840717374891335,-0.0045948255638129385,-0.9999894385972443,0.00010135090718695747,6909.947885872192,13.344846345919677
sensitivity_ell_chi_minus20pct__terminal__start1,43,1.5706949758875361,-1.5753911685504451,8.840850708542115,-0.0045948255638129385,-0.9999894385972443,0.00010135090718695747,6910.869275875296,13.34484634467056
sensitivity_ell_chi_minus20pct__terminal__start1,44,1.570694975889411,-1.5753914430914124,8.851485168590495,-0.004595100101880521,-0.999989437335739,0.00010135090531201283,6984.754809146041,13.34481209469906
sensitivity_ell_chi_minus20pct__terminal__start1,45,0.5999908074321633,-1.5753911685504451,8.840784041716725,-0.0025943988236568146,-0.5646289259810408,0.8253408053890466,6910.4085655172075,0.9200807602523698
sensitivity_ell_chi_minus20pct__terminal__start1,46,0.9708055193627332,-1.5753911685504451,8.840784041716725,-0.003792297050936799,-0.8253320928712983,0.5646348864175504,6910.4085655172075,1.343425942585459
sensitivity_ell_chi_minus20pct__terminal__start1,47,1.1999816148643265,-1.5753911685504451,8.840784041716725,-0.004282526429234621,-0.9320225850302892,0.36237489008048024,6910.4085655172075,1.8155947467345626
sensitivity_ell_chi_minus20pct__terminal__start1,48,1.3416202312933032,-1.5753911685504451,8.840784041716725,-0.004474688800751947,-0.9738436159583194,0.22717523812546525,6910.4085655172075,2.329403878056394
sensitivity_ell_chi_minus20pct__terminal__start1,49,1.4291577103659199,-1.5753911685504451,8.840784041716725,-0.004548813046612681,-0.9899755587220423,0.14116551077670147,6910.4085655172075,2.9126891898555467
sensitivity_ell_chi_minus20pct__terminal__start1,50,1.4832588477222797,-1.5753911685504451,8.840784041716725,-0.004577232188004533,-0.9961605250175352,0.08742572471696057,6910.4085655172075,3.67293063256553
sensitivity_ell_chi_minus20pct__terminal__start1,51,1.5166951894385368,-1.5753911685504451,8.840784041716725,-0.004588102853935381,-0.9985263495674332,0.054074749483818095,6910.4085655172075,5.019354660305937
sensitivity_ell_chi_minus20pct__terminal__start1,52,1.5373599850786395,-1.5753911685504451,8.840784041716725,-0.004592257344586709,-0.9994305072370514,0.03343011182110186,6910.4085655172075,10.09355561499642
sensitivity_ell_chi_minus20pct__terminal__start1,53,1.5501315311547936,-1.5753911685504451,8.840784041716725,-0.0045938445494572155,-0.9997759366957663,0.02066332491054402,6910.4085655172075,12.115938669895174
sensitivity_ell_chi_minus20pct__terminal__start1,54,1.5580247807187424,-1.5753911685504451,8.840784041716725,-0.0045944508560159265,-0.9999078895080856,0.012771198879420183,6910.4085655172075,12.87679830345001
sensitivity_ell_chi_minus20pct__terminal__start1,55,1.562903077230948,-1.5753911685504451,8.840784041716725,-0.0045946824515528915,-0.9999582925294355,0.007893167601504682,6910.4085655172075,13.166259851771079
sensitivity_ell_chi_minus20pct__terminal__start1,56,1.565918030282691,-1.5753911685504451,8.840784041716725,-0.004594770914203379,-0.9999775449939676,0.0048782771634600566,6910.4085655172075,13.276674892122724
sensitivity_ell_chi_minus20pct__terminal__start1,57,1.5677813737431534,-1.5753911685504451,8.840784041716725,-0.004594804704078971,-0.9999848988136619,0.0030149484841206094,6910.4085655172075,13.31882885260967
sensitivity_ell_chi_minus20pct__terminal__start1,58,1.568932983334434,-1.5753911685504451,8.840784041716725,-0.004594817610684833,-0.9999877077275957,0.0018633423821927916,6910.4085655172075,13.334927244811013
sensitivity_ell_chi_minus20pct__terminal__start1,59,1.5696447172036159,-1.5753911685504451,8.840784041716725,-0.004594822540572782,-0.999988780637941,0.001151609336735768,6910.4085655172075,13.34107585034397
sensitivity_ell_chi_minus20pct__terminal__start1,60,1.5700845929257148,-1.5753911685504451,8.840784041716725,-0.004594824423622882,-0.9999891904533273,0.0007117338090919139,6910.4085655172075,13.34342434563598
sensitivity_ell_chi_minus20pct__terminal__start1,61,1.5703564510727976,-1.5753911685504451,8.840784041716725,-0.004594825142884087,-0.9999893469888906,0.0004398757079136694,6910.4085655172075,13.344321381828921
sensitivity_ell_chi_minus20pct__terminal__start1,62,1.5705244686478135,-1.5753911685504451,8.840784041716725,-0.00459482541761743,-0.9999894067801575,0.00027185814373444626,6910.4085655172075,13.344664017822602
sensitivity_ell_chi_minus20pct__terminal__start1,63,1.5706283092198807,-1.5753911685504451,8.840784041716725,-0.004594825522556231,-0.9999894296183895,0.00016801757422537424,6910.4085655172075,13.344794892933297
sensitivity_ell_chi_minus20pct__terminal__start1,64,1.5706949758875361,-0.7416294238611401,8.840784041716725,0.7373688742911909,-0.6754902907922036,0.00010135090718695747,6910.4085655172075,1.2697123016718423
sensitivity_ell_chi_minus20pct__terminal__start1,65,1.5706949758875361,0.7416294238611398,8.840784041716725,0.7373688742911911,0.6754902907922034,0.00010135090718695747,6910.4085655172075,1.165147049807172
sensitivity_ell_chi_minus20pct__terminal__start1,66,1.5706949758875361,-1.6583338058675134,8.840784041716725,-0.08742572426794165,-0.9961710357484901,0.00010135090718695747,6910.4085655172075,2.801807368976773
sensitivity_ell_chi_minus20pct__terminal__start1,67,1.5706949758875361,-2.2248882715834197,8.840784041716725,-0.6084388578539177,-0.7936007472157608,0.00010135090718695747,6910.4085655172075,2.0120296440041274
sensitivity_ell_chi_minus20pct__terminal__start1,68,1.5706949758875361,-1.6043424516745637,8.840784041716725,-0.03353983324811064,-0.9994373763841747,0.00010135090718695746,6910.4085655172075,7.150932387520928
sensitivity_ell_chi_minus20pct__terminal__start1,69,1.5706949758875361,-1.2748153975871692,8.840784041716725,0.29167826376433975,-0.956516481915191,0.00010135090718695746,6910.4085655172075,1.922718978582587
sensitivity_ell_chi_minus20pct__terminal__start1,70,1.5706949758875361,-1.478474317225804,8.840784041716725,0.09219091612251819,-0.9957413442819799,0.00010135090718695746,6910.4085655172075,2.993641756225936
sensitivity_ell_chi_minus20pct__terminal__start1,71,1.5706949758875361,-1.5675595801922566,8.840784041716725,0.0032367409343743514,-0.9999947566043121,0.00010135090718695747,6910.4085655172075,12.928660925397468
sensitivity_ell_chi_minus20pct__terminal__start1,72,1.5706949758875361,-1.549147221236306,8.840784041716725,0.021647414389631407,-0.9997656621320005,0.00010135090718695747,6910.4085655172075,8.671434255980765
sensitivity_ell_chi_minus20pct__terminal__start1,73,1.5706949758875361,-1.574786901918437,8.840784041716725,-0.003990564511608156,-0.9999920325296959,0.00010135090718695747,6910.4085655172075,13.342250158437366
sensitivity_ell_chi_minus20pct__terminal__start1,74,1.5706949758875361,-1.5753897242589279,8.840784041716725,-0.004593381287544618,-0.9999894452324689,0.00010135090718695746,6910.4085655172075,13.34484607765633
sensitivity_ell_chi_minus20pct__terminal__start1,75,1.5706949758875361,-1.575456390925616,8.840784041716725,-0.004660047240324751,-0.9999891367848511,0.00010135090718695747,6910.4085655172075,13.3448288122804
sensitivity_ell_chi_minus20pct__terminal__start1,76,1.5706949758875361,-1.57532305759224,8.840784041716725,-0.004526715314349679,-0.9999897492356892,0.00010135090718695746,6910.4085655172075,13.344802687115143
sensitivity_ell_chi_minus20pct__terminal__start1,77,1.5706949758875361,-1.5753897242589279,8.342310205260866,-0.004593381287544618,-0.9999894452324689,0.00010135090718695746,4197.776273049276,13.277981976595226
sensitivity_ell_chi_minus20pct__terminal__start1,78,1.5706949758875361,-1.5753897242589279,9.973010023033673,-0.004593381287544618,-0.9999894452324689,0.00010135090718695746,21439.92298441949,12.91628667436927
sensitivity_ell_chi_minus20pct__terminal__start1,79,1.5706949758875361,-1.5753897242589279,7.334482292429009,-0.004593381287544618,-0.9999894452324689,0.00010135090718695746,1532.2343252594655,12.659395500016524
sensitivity_ell_chi_minus20pct__terminal__start1,80,1.5706949758875361,-1.5753897242589279,8.807465406704758,-0.004593381287544618,-0.9999894452324689,0.00010135090718695746,6683.956667698101,13.344520837808215
sensitivity_ell_chi_minus20pct__terminal__start1,81,1.5706949758875361,-1.5753897242589279,8.803374896884252,-0.004593381287544618,-0.9999894452324689,0.00010135090718695746,6656.671720027165,13.344436090012904
sensitivity_ell_chi_minus20pct__terminal__start1,82,1.5706949758875361,-1.5753897242589279,8.844464253255168,-0.004593381287544618,-0.9999894452324689,0.00010135090718695746,6935.887185454145,13.344842059218735
sensitivity_ell_chi_minus20pct__terminal__start1,83,1.5706949758875361,-1.5753897242589279,9.275530379450643,-0.004593381287544618,-0.9999894452324689,0.00010135090718695746,10673.618118402197,13.306134596515324
sensitivity_ell_chi_minus20pct__terminal__start1,84,1.5706949758875361,-1.5753897242589279,8.840784056826086,-0.004593381287544618,-0.9999894452324689,0.00010135090718695746,6910.408669929066,13.344846077657337
sensitivity_ell_chi_minus20pct__terminal__start1,85,1.5706949758875361,-1.5753897242589279,8.84071739015942,-0.004593381287544618,-0.9999894452324689,0.00010135090718695746,6909.947991373856,13.344846077098701
sensitivity_ell_chi_minus20pct__terminal__start1,86,1.5706949758875361,-1.5753897242589279,8.840850723492753,-0.004593381287544618,-0.9999894452324689,0.00010135090718695746,6910.869379197202,13.344846075852324
sensitivity_ell_chi_minus20pct__terminal__start2,1,1.5707963267948966,-1.6053908940094779,8.880082914842957,-0.03458766725626166,-0.9994016676360763,6.123233995736767e-17,7187.386652130975,6.620380209435163
sensitivity_ell_chi_minus20pct__terminal__start2,2,0.5999908074321633,-1.6053908940094779,8.880082914842957,-0.01952940357268732,-0.5642970470912062,0.8253408053890466,7187.386652130975,0.9038129138628114
sensitivity_ell_chi_minus20pct__terminal__start2,3,0.9708055193627332,-1.6053908940094779,8.880082914842957,-0.028546613149811346,-0.8248469772739153,0.5646348864175504,7187.386652130975,1.308369300153019
sensitivity_ell_chi_minus20pct__terminal__start2,4,1.1999816148643265,-1.6053908940094779,8.880082914842957,-0.03223682734689896,-0.9314747586498338,0.36237489008048024,7187.386652130975,1.7642092125316435
sensitivity_ell_chi_minus20pct__terminal__start2,5,1.3416202312933032,-1.6053908940094779,8.880082914842957,-0.03368333451866713,-0.9732712079160369,0.22717523812546522,7187.386652130975,2.2548708735524805
sensitivity_ell_chi_minus20pct__terminal__start2,6,1.4291577103659199,-1.6053908940094779,8.880082914842957,-0.03424130667727882,-0.9893936686093082,0.1411655107767015,7187.386652130975,2.7793376944212054
sensitivity_ell_chi_minus20pct__terminal__start2,7,1.4832588477222797,-1.6053908940094779,8.880082914842957,-0.0344552324917565,-0.9955749994910746,0.08742572471696057,7187.386652130975,3.357103198264106
sensitivity_ell_chi_minus20pct__terminal__start2,8,1.5166951894385368,-1.6053908940094779,8.880082914842957,-0.034537061707886105,-0.997939433451173,0.0540747494838181,7187.386652130975,4.014029253762448
sensitivity_ell_chi_minus20pct__terminal__start2,9,1.5373599850786395,-1.6053908940094779,8.880082914842957,-0.03456833474263655,-0.9988430596729146,0.03343011182110186,7187.386652130975,4.674548783171719
sensitivity_ell_chi_minus20pct__terminal__start2,10,1.5501315311547936,-1.6053908940094779,8.880082914842957,-0.03458028246793846,-0.9991882860943071,0.02066332491054402,7187.386652130975,5.2854416492824505
sensitivity_ell_chi_minus20pct__terminal__start2,11,1.5580247807187424,-1.6053908940094779,8.880082914842957,-0.034584846456083174,-0.9993201613470988,0.012771198879420183,7187.386652130975,6.065550915002052
sensitivity_ell_chi_minus20pct__terminal__start2,12,1.562903077230948,-1.6053908940094779,8.880082914842957,-0.0345865897974175,-0.9993705347424446,0.00789316760150468,7187.386652130975,6.407163431591553
sensitivity_ell_chi_minus20pct__terminal__start2,13,1.565918030282691,-1.6053908940094779,8.880082914842957,-0.034587255702284075,-0.9993897758907189,0.0048782771634600566,7187.386652130975,6.538903200214931
sensitivity_ell_chi_minus20pct__terminal__start2,14,1.5677813737431534,-1.6053908940094779,8.880082914842957,-0.03458751005643776,-0.9993971253879681,0.003014948484120609,7187.386652130975,6.5892598200276185
sensitivity_ell_chi_minus20pct__terminal__start2,15,1.568932983334434,-1.6053908940094779,8.880082914842957,-0.03458760721124384,-0.999399932650872,0.0018633423821927913,7187.386652130975,6.608493739792029
sensitivity_ell_chi_minus20pct__terminal__start2,16,1.5696447172036159,-1.6053908940094779,8.880082914842957,-0.034587644321101604,-0.9994010049305797,0.001151609336735768,7187.386652130975,6.6158400656740906
sensitivity_ell_chi_minus20pct__terminal__start2,17,1.5700845929257148,-1.6053908940094779,8.880082914842957,-0.034587658495809456,-0.9994014145050838,0.000711733809091914,7187.386652130975,6.618646041922918
sensitivity_ell_chi_minus20pct__terminal__start2,18,1.5703564510727976,-1.6053908940094779,8.880082914842957,-0.03458766391006658,-0.9994015709486381,0.0004398757079136694,7187.386652130975,6.61971781833747
sensitivity_ell_chi_minus20pct__terminal__start2,19,1.5705244686478135,-1.6053908940094779,8.880082914842957,-0.03458766597812886,-0.9994016307047608,0.0002718581437344463,7187.386652130975,6.620127198842251
sensitivity_ell_chi_minus20pct__terminal__start2,20,1.5706283092198807,-1.6053908940094779,8.880082914842957,-0.03458766676805836,-0.9994016535295689,0.00016801757422537421,7187.386652130975,6.620283568020979
sensitivity_ell_chi_minus20pct__terminal__start2,21,1.5706949758890394,-1.6053908940094779,8.880082914842957,-0.034587667078619294,-0.9994016625031462,0.0001013509056837155,7187.386652130975,6.620345044578204
sensitivity_ell_chi_minus20pct__terminal__start2,22,1.5706949758890394,-0.7416294238611401,8.880082914842957,0.737368874291191,-0.6754902907922036,0.0001013509056837155,7187.386652130975,1.2696981602294752
sensitivity_ell_chi_minus20pct__terminal__start2,23,1.5706949758890394,0.7416294238611396,8.880082914842957,0.7373688742911914,0.6754902907922032,0.0001013509056837155,7187.386652130975,1.1650842184575698
sensitivity_ell_chi_minus20pct__terminal__start2,24,1.5706949758890394,-1.6583338058675134,8.880082914842957,-0.08742572426794165,-0.9961710357484902,0.0001013509056837155,7187.386652130975,2.8014301749703785
sensitivity_ell_chi_minus20pct__terminal__start2,25,1.5706949758890394,-2.2248882715834197,8.880082914842957,-0.6084388578539178,-0.7936007472157609,0.0001013509056837155,7187.386652130975,2.0115819328674625
sensitivity_ell_chi_minus20pct__terminal__start2,26,1.5706949758890394,-1.604282451874102,8.880082914842957,-0.033479867144618224,-0.9994393869685008,0.00010135090568371548,7187.386652130975,7.161292382698625
sensitivity_ell_chi_minus20pct__terminal__start2,27,1.5706949758890394,-1.2747783156711656,8.880082914842957,0.2917137330276313,-0.9565056652686788,0.00010135090568371548,7187.386652130975,1.922513468020792
sensitivity_ell_chi_minus20pct__terminal__start2,28,1.5706949758890394,-1.478423071278255,8.880082914842957,0.09224194371014387,-0.9957366185636484,0.00010135090568371548,7187.386652130975,2.9925911341876468
sensitivity_ell_chi_minus20pct__terminal__start2,29,1.5706949758890394,-1.5675384170914328,8.880082914842957,0.003257903923505214,-0.9999946878809003,0.00010135090568371548,7187.386652130975,12.925538086060982
sensitivity_ell_chi_minus20pct__terminal__start2,30,1.5706949758890394,-1.5491204108513938,8.880082914842957,0.021674218484071858,-0.9997650813971743,0.0001013509056837155,7187.386652130975,8.652460836015468
sensitivity_ell_chi_minus20pct__terminal__start2,31,1.5706949758890394,-1.5747841764088184,8.880082914842957,-0.003987839023690092,-0.9999920434023039,0.00010135090568371548,7187.386652130975,13.34176109606821
sensitivity_ell_chi_minus20pct__terminal__start2,32,1.5706949758890394,-1.5753839311584372,8.880082914842957,-0.004587588248121755,-0.9999894718256086,0.00010135090568371548,7187.386652130975,13.344380989011729
sensitivity_ell_chi_minus20pct__terminal__start2,33,1.5706949758890394,-1.5754505982701792,8.880082914842957,-0.004654254647736587,-0.999989163762122,0.0001013509056837155,7187.386652130975,13.344368957885386
sensitivity_ell_chi_minus20pct__terminal__start2,34,1.5706949758890394,-1.5753172640466955,8.880082914842957,-0.004520921828117593,-0.9999897754446383,0.0001013509056837155,7187.386652130975,13.344332304971935
sensitivity_ell_chi_minus20pct__terminal__start2,35,1.5706949758890394,-1.5753839311584372,8.342310205260866,-0.004587588248121755,-0.9999894718256086,0.00010135090568371548,4197.776273049276,13.27798072767762
sensitivity_ell_chi_minus20pct__terminal__start2,36,1.5706949758890394,-1.5753839311584372,9.973010023033673,-0.004587588248121755,-0.9999894718256086,0.00010135090568371548,21439.92298441949,12.916286224778581
sensitivity_ell_chi_minus20pct__terminal__start2,37,1.5706949758890394,-1.5753839311584372,7.334482292429009,-0.004587588248121755,-0.9999894718256086,0.00010135090568371548,1532.2343252594655,12.659395635281022
sensitivity_ell_chi_minus20pct__terminal__start2,38,1.5706949758890394,-1.5753839311584372,8.807465399577277,-0.004587588248121755,-0.9999894718256086,0.00010135090568371548,6683.956620058328,13.344519473937849
sensitivity_ell_chi_minus20pct__terminal__start2,39,1.5706949758890394,-1.5753839311584372,8.803374963845704,-0.004587588248121755,-0.9999894718256086,0.00010135090568371548,6656.672165767581,13.344434728260007
sensitivity_ell_chi_minus20pct__terminal__start2,40,1.5706949758890394,-1.5753839311584372,8.844464053208432,-0.004587588248121755,-0.9999894718256086,0.00010135090568371548,6935.885797952687,13.344840694639949
sensitivity_ell_chi_minus20pct__terminal__start2,41,1.5706949758890394,-1.5753839311584372,9.27553025581496,-0.004587588248121755,-0.9999894718256086,0.00010135090568371548,10673.616798762212,13.306133337838242
sensitivity_ell_chi_minus20pct__terminal__start2,42,1.5706949758890394,-1.5753839311584372,8.840784109020003,-0.004587588248121755,-0.9999894718256086,0.00010135090568371548,6910.409030610369,13.344844713327168
sensitivity_ell_chi_minus20pct__terminal__start2,43,1.5706949758890394,-1.5753839311584372,8.84071744177044,-0.004587588248121755,-0.9999894718256086,0.00010135090568371548,6909.948348003338,13.344844712745967
sensitivity_ell_chi_minus20pct__terminal__start2,44,1.5706949758890394,-1.5753839311584372,8.840850776269564,-0.004587588248121755,-0.9999894718256086,0.00010135090568371548,6910.869743930855,13.344844711517272
sensitivity_ell_chi_minus20pct__terminal__start2,45,1.5705936249831822,-1.5453769683073966,8.80148530319705,0.0254166206270231,-0.9996769249652,0.00020270181032629262,6644.1051917226305,7.157182315713349
sensitivity_ell_chi_minus20pct__terminal__start2,46,1.5676674059585969,-0.679011297254728,7.666844105172869,0.7781902186738728,-0.6280208543087236,0.0031289157308704765,2136.3287665769617,1.228465429939925
sensitivity_ell_chi_minus20pct__terminal__start2,47,1.5657336265336559,-0.10647721997587078,6.91702128432629,0.9943239116199405,-0.1062747762447259,0.00506267863431246,1009.3090676741659,0.9177372476498463
sensitivity_ell_chi_minus20pct__terminal__start2,48,1.5688625473699556,-1.0328568167306207,8.130260093996377,0.5123666433858453,-0.8587646262203161,0.0019337782197123327,3395.682646964308,1.5227453152911081
sensitivity_ell_chi_minus20pct__terminal__start2,49,1.5696011853835379,-1.2515453745335852,8.416666926019447,0.3138552256421596,-0.9494700990419846,0.0011951411268428013,4521.806793454467,1.8679484724874813
sensitivity_ell_chi_minus20pct__terminal__start2,50,1.5700576887813142,-1.3867023362065132,8.593676082819886,0.1830558587228757,-0.9831022362914321,0.0007386379464172714,5397.418608639587,2.3039875113933395
sensitivity_ell_chi_minus20pct__terminal__start2,51,1.57033982339712,-1.4702339323365496,8.703073758042517,0.10039297519716699,-0.9949477584957531,0.00045650338192111683,6021.392103767431,2.8973303999144324
sensitivity_ell_chi_minus20pct__terminal__start2,52,1.5705141921790908,-1.5218592978794414,8.770685239620326,0.048917496640291123,-0.9988027827967381,0.0002821346120628073,6442.585667096402,3.921885433169867
sensitivity_ell_chi_minus20pct__terminal__start2,53,1.5706219580129257,-1.553765528466586,8.812471433265149,0.017029974789597228,-0.999854964259414,0.00017436878108732003,6717.5006232194655,10.195577339705881
sensitivity_ell_chi_minus20pct__terminal__start2,54,1.5706885609610617,-1.5734846634223332,8.838296721198134,-0.00268833337365689,-0.9999963806185487,0.00010776583362634385,6893.241523319199,13.319763716701496
sensitivity_ell_chi_minus20pct__terminal__start2,55,1.5707297238467606,-1.5856717590537308,8.854257626909972,-0.014874883629726336,-0.9998893605799841,6.660294808680532e-05,7004.146619798248,12.6133778300704
sensitivity_ell_chi_minus20pct__terminal__start2,56,1.5706947098369866,-1.5753051611267646,8.840680947357333,-0.004508819031481088,-0.9999898300607538,0.00010161695773517849,6909.696178095199,13.344780557323395
sensitivity_ell_chi_minus20pct__terminal__start2,57,1.5706949905612462,-1.5753882751587227,8.840789798167037,-0.0045919322026363755,-0.9999894518891758,0.00010133623347700797,6910.448345055245,13.344845787800404
sensitivity_ell_chi_minus20pct__terminal__start2,58,1.570695044926996,-1.5754043712263899,8.840810878482326,-0.00460802809995028,-0.9999893778530917,0.00010128186772738506,6910.594021020589,13.344847523852554
sensitivity_ell_chi_minus20pct__terminal__start2,59,1.570695038170268,-1.5754023707618967,8.840808258561541,-0.004606027656693967,-0.999989387068603,0.00010128862445541633,6910.575915835392,13.344847500529005
sensitivity_ell_chi_minus20pct__terminal__start2,60,1.5706950516837241,-1.575406371690883,8.840813498403111,-0.004610028543188153,-0.9999893686335786,0.00010127511099935377,6910.61212625322,13.344847492553503
sensitivity_ell_chi_minus20pct__terminal__start2,61,0.5999908074321633,-1.5754043712263899,8.840810878482326,-0.0026018534361692334,-0.5646288916788235,0.8253408053890466,6910.594021020589,0.9201178054185302
sensitivity_ell_chi_minus20pct__terminal__start2,62,0.9708055193627332,-1.5754043712263899,8.840810878482326,-0.0038031936427749325,-0.8253320427308971,0.5646348864175504,6910.594021020589,1.3434487744071517
sensitivity_ell_chi_minus20pct__terminal__start2,63,1.1999816148643265,-1.5754043712263899,8.840810878482326,-0.004294831621024347,-0.9320225284082498,0.36237489008048024,6910.594021020589,1.8155459814792276
sensitivity_ell_chi_minus20pct__terminal__start2,64,1.3416202312933032,-1.5754043712263899,8.840810878482326,-0.0044875461420439255,-0.9738435567955775,0.22717523812546525,6910.594021020589,2.329381954382261
sensitivity_ell_chi_minus20pct__terminal__start2,65,1.4291577103659199,-1.5754043712263899,8.840810878482326,-0.004561883372710864,-0.9899754985792562,0.1411655107767015,6910.594021020589,2.912654788114993
sensitivity_ell_chi_minus20pct__terminal__start2,66,1.4832588477222797,-1.5754043712263899,8.840810878482326,-0.0045903841722059625,-0.9961604644990012,0.08742572471696057,6910.594021020589,3.6728884956302337
sensitivity_ell_chi_minus20pct__terminal__start2,67,1.5166951894385368,-1.5754043712263899,8.840810878482326,-0.004601286073350738,-0.9985262889051713,0.0540747494838181,6910.594021020589,5.019283232973168
sensitivity_ell_chi_minus20pct__terminal__start2,68,1.5373599850786395,-1.5754043712263899,8.840810878482326,-0.004605452501302418,-0.9994304465198601,0.03343011182110186,6910.594021020589,10.093499559170649
sensitivity_ell_chi_minus20pct__terminal__start2,69,1.5501315311547936,-1.5754043712263899,8.840810878482326,-0.004607044266765992,-0.9997758759575895,0.020663324910544022,6910.594021020589,12.115918504381714
sensitivity_ell_chi_minus20pct__terminal__start2,70,1.5580247807187424,-1.5754043712263899,8.840810878482326,-0.00460765231545487,-0.9999078287618925,0.012771198879420183,6910.594021020589,12.87679135805115
sensitivity_ell_chi_minus20pct__terminal__start2,71,1.562903077230948,-1.5754043712263899,8.840810878482326,-0.004607884576446573,-0.9999582317801803,0.007893167601504682,6910.594021020589,13.166257909062121
sensitivity_ell_chi_minus20pct__terminal__start2,72,1.565918030282691,-1.5754043712263899,8.840810878482326,-0.004607973293281103,-0.9999774842435428,0.0048782771634600566,6910.594021020589,13.276674854253399
sensitivity_ell_chi_minus20pct__terminal__start2,73,1.5677813737431534,-1.5754043712263899,8.840810878482326,-0.0046080071802467905,-0.9999848380627904,0.0030149484841206094,6910.594021020589,13.31882954148578
sensitivity_ell_chi_minus20pct__terminal__start2,74,1.568932983334434,-1.5754043712263899,8.840810878482326,-0.004608020123937831,-0.9999876469765535,0.0018633423821927916,6910.594021020589,13.33492821115934
sensitivity_ell_chi_minus20pct__terminal__start2,75,1.5696447172036159,-1.5754043712263899,8.840810878482326,-0.004608025067991068,-0.9999887198868337,0.001151609336735768,6910.594021020589,13.341076922657287
sensitivity_ell_chi_minus20pct__terminal__start2,76,1.5700845929257148,-1.5754043712263899,8.840810878482326,-0.004608026956451829,-0.9999891297021951,0.000711733809091914,6910.594021020589,13.343425458425338
sensitivity_ell_chi_minus20pct__terminal__start2,77,1.5703564510727976,-1.5754043712263899,8.840810878482326,-0.00460802767777972,-0.9999892862377489,0.0004398757079136694,6910.594021020589,13.344322510075198
sensitivity_ell_chi_minus20pct__terminal__start2,78,1.5705244686478135,-1.5754043712263899,8.840810878482326,-0.004608027953302469,-0.9999893460290121,0.0002718581437344463,6910.594021020589,13.344665151977473
sensitivity_ell_chi_minus20pct__terminal__start2,79,1.5706283092198807,-1.5754043712263899,8.840810878482326,-0.004608028058542794,-0.9999893688672427,0.00016801757422537421,6910.594021020589,13.344796029342033
sensitivity_ell_chi_minus20pct__terminal__start2,80,1.5706949758875373,-1.5754043712263899,8.840810878482326,-0.004608028099918047,-0.999989377846097,0.00010135090718584725,6910.594021020589,13.344847483768385
sensitivity_ell_chi_minus20pct__terminal__start2,81,1.5706949758875373,-1.5754043712263899,8.342310205260866,-0.004608028099918047,-0.999989377846097,0.00010135090718584725,4197.776273049276,13.277983116183671
sensitivity_ell_chi_minus20pct__terminal__start2,82,1.5706949758875373,-1.5754043712263899,9.973010023033673,-0.004608028099918047,-0.999989377846097,0.00010135090718584725,21439.92298441949,12.916285608921413
sensitivity_ell_chi_minus20pct__terminal__start2,83,1.5706949758875373,-1.5754043712263899,7.334482292429009,-0.004608028099918047,-0.999989377846097,0.00010135090718584725,1532.2343252594655,12.659393266904354
sensitivity_ell_chi_minus20pct__terminal__start2,84,1.5706949758875373,-1.5754043712263899,8.80746524101405,-0.004608028099918047,-0.999989377846097,0.00010135090718584725,6683.955560228685,13.344522241247095
sensitivity_ell_chi_minus20pct__terminal__start2,85,1.5706949758875373,-1.5754043712263899,8.803374599990194,-0.004608028099918047,-0.999989377846097,0.00010135090718584725,6656.66974370118,13.344437489121628
sensitivity_ell_chi_minus20pct__terminal__start2,86,1.5706949758875373,-1.5754043712263899,8.844464667854636,-0.004608028099918047,-0.999989377846097,0.00010135090718584725,6935.890061069876,13.344843466361
sensitivity_ell_chi_minus20pct__terminal__start2,87,1.5706949758875373,-1.5754043712263899,9.275530635687206,-0.004608028099918047,-0.999989377846097,0.00010135090718584725,10673.620853373764,13.30613571791433
sensitivity_ell_chi_minus20pct__terminal__start2,88,1.5706949758875373,-1.5754043712263899,8.84078384676645,-0.004608028099918047,-0.999989377846097,0.00010135090718584725,6910.407218331292,13.344847484192199
sensitivity_ell_chi_minus20pct__terminal__start2,89,1.5706949758875373,-1.5754043712263899,8.840717180099384,-0.004608028099918047,-0.999989377846097,0.00010135090718584725,6909.94653987009,13.344847483693039
sensitivity_ell_chi_minus20pct__terminal__start2,90,1.5706949758875373,-1.5754043712263899,8.84085051343352,-0.004608028099918047,-0.999989377846097,0.00010135090718584725,6910.867927505426,13.34484748239421
sensitivity_ell_chi_minus20pct__terminal__start2,91,1.5657336269507331,-0.10649778397259269,6.917021184376822,0.994321725977651,-0.10629522349613733,0.005062678217240543,1009.3089667942672,0.9177487474455605
sensitivity_ell_chi_minus20pct__terminal__start2,92,1.5676674062163647,-0.6790318140847462,7.666843943451234,0.7781773335135999,-0.6280368201734877,0.003128915473103931,2136.328421086408,1.2284785608202984
sensitivity_ell_chi_minus20pct__terminal__start2,93,1.568862547529265,-1.0328773044100128,8.130259894097444,0.5123490491841373,-0.8587751232438696,0.0019337780604031759,3395.681968171038,1.5227685153409698
sensitivity_ell_chi_minus20pct__terminal__start2,94,1.5696011854819965,-1.2515658441968998,8.416666702525646,0.31383579024318947,-0.9494765233539769,0.0011951410283842967,4521.805782858792,1.8679941274823058
sensitivity_ell_chi_minus20pct__terminal__start2,95,1.5700576888421651,-1.3867227947352796,8.593675844743654,0.18303574585919466,-0.9831059811392882,0.000738637885566408,5397.417323642652,2.3040844920573322
sensitivity_ell_chi_minus20pct__terminal__start2,96,1.5703398234347279,-1.4702543839837867,8.703073510953848,0.10037262685559838,-0.9949498114894055,0.00045650334431320396,6021.390615949851,2.8975557983462634
sensitivity_ell_chi_minus20pct__terminal__start2,97,1.5705141922023338,-1.5218797452736594,8.770684986961662,0.04889707371582086,-0.9988037828232847,0.0002821345888198451,6442.584039321522,3.922703767454637
sensitivity_ell_chi_minus20pct__terminal__start2,98,1.5706219580272907,-1.553785973232294,8.81247117716404,0.017009532985553317,-0.9998553122242971,0.00017436876672236658,6717.498902860331,10.201566774459964
sensitivity_ell_chi_minus20pct__terminal__start2,99,1.5706885609699397,-1.5735051065635322,8.838296462969478,-0.0027087764403011644,-0.9999963254516107,0.00010776582474833448,6893.239743286933,13.320294448100112
sensitivity_ell_chi_minus20pct__terminal__start2,100,1.5707297238522475,-1.5856922011909285,8.854257367366419,-0.0148953235021084,-0.9998890562966551,6.66029425998611e-05,7004.144801917386,12.610434437647266
sensitivity_ell_chi_minus20pct__terminal__start2,101,1.5706946394160468,-1.575304752111672,8.840653379972295,-0.004508410020515636,-0.9999898318976869,0.00010168737867456084,6909.505698465688,13.344779961617315
sensitivity_ell_chi_minus20pct__terminal__start2,102,1.570694921922291,-1.5753883937358428,8.840762921746427,-0.004592050778473751,-0.9999894513377128,0.0001014048724318416,6910.262619434745,13.344845773524863
sensitivity_ell_chi_minus20pct__terminal__start2,103,1.570694975888608,-1.575404371543419,8.84078384718165,-0.00460802841694375,-0.9999893778446362,0.00010135090611514815,6910.407221200482,13.344847484191508
sensitivity_ell_chi_minus20pct__terminal__start2,104,1.5706949754031314,-1.575404227808319,8.840783658938081,-0.004607884683370207,-0.999989378506912,0.0001013513915916935,6910.405920360891,13.34484748433565
sensitivity_ell_chi_minus20pct__terminal__start2,105,1.5706949753977277,-1.575404226208472,8.84078365684283,-0.0046078830835402755,-0.9999893785142834,0.00010135139699537098,6910.405905881862,13.344847484335551
sensitivity_ell_chi_minus20pct__terminal__start2,106,1.570694975414759,-1.575404231250927,8.840783663446715,-0.004607888125941846,-0.9999893784910502,0.0001013513799641058,6910.4059515173785,13.344847484336217
sensitivity_ell_chi_minus20pct__terminal__start2,107,1.5706949755957533,-1.5754042848378906,8.840783733627214,-0.004607941712336283,-0.9999893782441442,0.00010135119896977609,6910.406436493138,13.34484748431122
sensitivity_ell_chi_minus20pct__terminal__start2,108,1.5706949754838926,-1.5754042517193259,8.84078369025328,-0.004607908594123225,-0.9999893783967408,0.00010135131083051841,6910.406136761633,13.344847484330815
sensitivity_ell_chi_minus20pct__terminal__start2,109,1.5706949754411657,-1.5754042390691596,8.84078367368591,-0.004607895944091322,-0.9999893784550272,0.0001013513535574513,6910.406022274381,13.344847484334862
sensitivity_ell_chi_minus20pct__terminal__start2,110,1.5706949754248454,-1.575404234237226,8.840783667357739,-0.004607891112209116,-0.9999893784772905,0.00010135136987772965,6910.405978544145,13.344847484335583
sensitivity_ell_chi_minus20pct__terminal__start2,111,1.5706949754101565,-1.5754042298882538,8.84078366166208,-0.00460788676328301,-0.9999893784973287,0.00010135138456664635,6910.405939184829,13.344847484335627
sensitivity_ell_chi_minus20pct__terminal__start2,112,1.5706949754193615,-1.5754042326136004,8.840783665231347,-0.004607889488600681,-0.9999893784847715,0.00010135137536156525,6910.405963849917,13.344847484334977
sensitivity_ell_chi_plus20pct__onset__start1,1,1.5706949758875361,1.5658013345006918,11.18230883208749,0.0049949714977768475,0.9999875199159888,0.00010135090718695746,71848.05580700038,3.203530341008128
sensitivity_ell_chi_plus20pct__onset__start1,2,0.5999908074321633,1.5658013345006918,11.18230883208749,0.0028203351787913816,0.5646278426266624,0.8253408053890466,71848.05580700038,3.1305521858691607
sensitivity_ell_chi_plus20pct__onset__start1,3,0.9708055193627332,1.5658013345006918,11.18230883208749,0.004122553820043925,0.8253305093053576,0.5646348864175504,71848.05580700038,3.1655239261083348
sensitivity_ell_chi_plus20pct__onset__start1,4,1.1999816148643265,1.5658013345006918,11.18230883208749,0.00465547541586148,0.932020796757139,0.36237489008048024,71848.05580700038,3.1869030255384416
sensitivity_ell_chi_plus20pct__onset__start1,5,1.3416202312933032,1.5658013345006918,11.18230883208749,0.004864372479600658,0.9738417474430935,0.22717523812546522,71848.05580700038,3.1968219301341763
sensitivity_ell_chi_plus20pct__onset__start1,6,1.4291577103659199,1.5658013345006918,11.18230883208749,0.004944951924941199,0.9899736592544334,0.14116551077670147,71848.05580700038,3.2009129109476233
sensitivity_ell_chi_plus20pct__onset__start1,7,1.4832588477222797,1.5658013345006918,11.18230883208749,0.0049758459815864705,0.996158613682822,0.08742572471696056,71848.05580700038,3.202522412661508
sensitivity_ell_chi_plus20pct__onset__start1,8,1.5166951894385368,1.5658013345006918,11.18230883208749,0.004987663332589757,0.998524433693409,0.0540747494838181,71848.05580700038,3.203144149784696
sensitivity_ell_chi_plus20pct__onset__start1,9,1.5373599850786395,1.5658013345006918,11.18230883208749,0.004992179622077347,0.9994285896282183,0.03343011182110186,71848.05580700038,3.203382654770817
sensitivity_ell_chi_plus20pct__onset__start1,10,1.5501315311547936,1.5658013345006918,11.18230883208749,0.004993905050601066,0.9997740184241571,0.02066332491054402,71848.05580700038,3.2034739051460512
sensitivity_ell_chi_plus20pct__onset__start1,11,1.5580247807187424,1.5658013345006918,11.18230883208749,0.004994564158098752,0.9999059709832985,0.012771198879420182,71848.05580700038,3.203508781533101
sensitivity_ell_chi_plus20pct__onset__start1,12,1.562903077230948,1.5658013345006918,11.18230883208749,0.004994815922412781,0.99995637390794,0.007893167601504682,71848.05580700038,3.2035221063159662
sensitivity_ell_chi_plus20pct__onset__start1,13,1.565918030282691,1.5658013345006918,11.18230883208749,0.004994912088940034,0.9999756263355324,0.0048782771634600566,71848.05580700038,3.2035271963953846
sensitivity_ell_chi_plus20pct__onset__start1,14,1.5677813737431534,1.5658013345006918,11.18230883208749,0.004994948821447754,0.9999829801411169,0.003014948484120609,71848.05580700038,3.2035291407006063
sensitivity_ell_chi_plus20pct__onset__start1,15,1.568932983334434,1.5658013345006918,11.18230883208749,0.0049949628520409755,0.9999857890496612,0.0018633423821927913,71848.05580700038,3.203529883369012
sensitivity_ell_chi_plus20pct__onset__start1,16,1.5696447172036159,1.5658013345006918,11.18230883208749,0.004994968211254172,0.9999868619579481,0.001151609336735768,71848.05580700038,3.20353016704455
sensitivity_ell_chi_plus20pct__onset__start1,17,1.5700845929257148,1.5658013345006918,11.18230883208749,0.004994970258291965,0.999987271772548,0.0007117338090919139,71848.05580700038,3.2035302753991712
sensitivity_ell_chi_plus20pct__onset__start1,18,1.5703564510727976,1.5658013345006918,11.18230883208749,0.004994971040190899,0.999987428307811,0.0004398757079136694,71848.05580700038,3.203530316786986
sensitivity_ell_chi_plus20pct__onset__start1,19,1.5705244686478135,1.5658013345006918,11.18230883208749,0.004994971338849728,0.9999874880989631,0.0002718581437344463,71848.05580700038,3.203530332595727
sensitivity_ell_chi_plus20pct__onset__start1,20,1.5706283092198807,1.5658013345006918,11.18230883208749,0.00499497145292725,0.9999875109371512,0.00016801757422537421,71848.05580700038,3.2035303386341347
sensitivity_ell_chi_plus20pct__onset__start1,21,1.5706949758875361,-0.7416294238611398,11.18230883208749,0.7373688742911911,-0.6754902907922034,0.00010135090718695747,71848.05580700038,3.1242658075655676
sensitivity_ell_chi_plus20pct__onset__start1,22,1.5706949758875361,0.7416294238611396,11.18230883208749,0.7373688742911911,0.6754902907922031,0.00010135090718695746,71848.05580700038,3.129641591754377
sensitivity_ell_chi_plus20pct__onset__start1,23,1.5706949758875361,1.658333805867513,11.18230883208749,-0.08742572426794121,0.9961710357484901,0.00010135090718695746,71848.05580700038,3.2008818330141344
sensitivity_ell_chi_plus20pct__onset__start1,24,1.5706949758875361,2.2248882715834193,11.18230883208749,-0.6084388578539173,0.793600747215761,0.00010135090718695746,71848.05580700038,3.1290483173206125
sensitivity_ell_chi_plus20pct__onset__start1,25,1.5706949758875361,1.48180832424798,11.18230883208749,0.08887060126035744,0.9960431747467658,0.00010135090718695747,71848.05580700038,3.2013632766583715
sensitivity_ell_chi_plus20pct__onset__start1,26,1.5706949758875361,1.5575232362825102,11.18230883208749,0.013272700716681608,0.9999119086918002,0.00010135090718695746,71848.05580700038,3.2035089920833637
sensitivity_ell_chi_plus20pct__onset__start1,27,1.5706949758875361,1.565646011768502,11.18230883208749,0.005150292230649125,0.9999867320209467,0.00010135090718695746,71848.05580700038,3.2035303332586427
sensitivity_ell_chi_plus20pct__onset__start1,28,1.5706949758875361,1.5658679981197572,11.18230883208749,0.004928308699629491,0.9999878506768745,0.00010135090718695746,71848.05580700038,3.2035303397241517
sensitivity_ell_chi_plus20pct__onset__start1,29,1.5706949758875361,1.5658013314521018,11.18230883208749,0.004994974546328849,0.9999875199007612,0.00010135090718695746,71848.05580700038,3.203530341008125
sensitivity_ell_chi_plus20pct__onset__start1,30,1.5706949758875361,1.565734664785435,11.18230883208749,0.005061640369839566,0.9999871846802638,0.00010135090718695746,71848.05580700038,3.2035303395230086
sensitivity_ell_chi_plus20pct__onset__start1,31,1.5706949758875361,1.5658013314521018,8.342310205260866,0.004994974546328849,0.9999875199007612,0.00010135090718695746,4197.776273049276,3.191518550212872
sensitivity_ell_chi_plus20pct__onset__start1,32,1.5706949758875361,1.5658013314521018,9.973010023033673,0.004994974546328849,0.9999875199007612,0.00010135090718695746,21439.92298441949,3.2030691206914597
sensitivity_ell_chi_plus20pct__onset__start1,33,1.5706949758875361,1.5658013314521018,10.980837935865528,0.004994974546328849,0.9999875199007612,0.00010135090718695746,58737.752128584805,3.203492904068343
sensitivity_ell_chi_plus20pct__onset__start1,34,1.5706949758875361,1.5658013314521018,10.560184382288353,0.004994974546328849,0.9999875199007612,0.00010135090718695746,38568.238590211244,3.2033935726511205
sensitivity_ell_chi_plus20pct__onset__start1,35,1.5706949758875361,1.5658013314521018,11.146558197553587,0.004994974546328849,0.9999875199007612,0.00010135090718695746,69324.81469934821,3.2034925366388682
sensitivity_ell_chi_plus20pct__onset__start1,36,1.5706949758875361,1.5658013314521018,11.060970834237732,0.004994974546328849,0.9999875199007612,0.00010135090718695746,63638.30413025768,3.2035349710519485
sensitivity_ell_chi_plus20pct__onset__start1,37,1.5706949758875361,1.5658013314521018,11.063518089650177,0.004994974546328849,0.9999875199007612,0.00010135090718695746,63800.61377919585,3.203531642672593
sensitivity_ell_chi_plus20pct__onset__start1,38,1.5706949758875361,1.5658013314521018,11.032752978799177,0.004994974546328849,0.9999875199007612,0.00010135090718695746,61867.66694325095,3.2035182555985764
sensitivity_ell_chi_plus20pct__onset__start1,39,1.5706949758875361,1.5658013314521018,11.050192572549836,0.004994974546328849,0.9999875199007612,0.00010135090718695746,62956.0770505322,3.203544665149574
sensitivity_ell_chi_plus20pct__onset__start1,40,1.5706949758875361,1.5658013314521018,11.040866677238249,0.004994974546328849,0.9999875199007612,0.00010135090718695746,62371.68449412376,3.203537866638683
sensitivity_ell_chi_plus20pct__onset__start1,41,1.5706949758875361,1.5658013314521018,11.050029668849982,0.004994974546328849,0.9999875199007612,0.00010135090718695746,62945.822107959095,3.203544707981569
sensitivity_ell_chi_plus20pct__onset__start1,42,1.5706949758875361,1.5658013314521018,11.04889670465593,0.004994974546328849,0.9999875199007612,0.00010135090718695746,62874.54712896922,3.2035448692009663
sensitivity_ell_chi_plus20pct__onset__start1,43,1.5706949758875361,1.5658013314521018,11.04582950711297,0.004994974546328849,0.9999875199007612,0.00010135090718695746,62681.99392281785,3.203543964394437
sensitivity_ell_chi_plus20pct__onset__start1,44,1.5706949758875361,1.5658013314521018,11.048698861656678,0.004994974546328849,0.9999875199007612,0.00010135090718695746,62862.109070420665,3.203544871747372
sensitivity_ell_chi_plus20pct__onset__start1,45,1.5706949758875361,1.5658013314521018,11.0487655303051,0.004994974546328849,0.9999875199007612,0.00010135090718695746,62866.30014197435,3.203544871769463
sensitivity_ell_chi_plus20pct__onset__start1,46,1.5706949758875361,1.5658013284035117,10.915222228522712,0.004994977594880849,0.9999875198855335,0.00010135090718695746,55007.357529022134,3.203532524850856
sensitivity_ell_chi_plus20pct__onset__start1,47,1.5706949758875361,1.5658013068942431,9.973010023033673,0.004994999103880998,0.999987519778095,0.00010135090718695746,21439.92298441949,3.203069120692597
sensitivity_ell_chi_plus20pct__onset__start1,48,1.5706949758875361,1.5658012696678516,8.342310205260866,0.004995036329807925,0.9999875195921485,0.00010135090718695746,4197.776273049276,3.1915185502748753
sensitivity_ell_chi_plus20pct__onset__start1,49,1.5706949758875361,1.5658013299014184,10.980837935865528,0.004994976096992856,0.9999875198930156,0.00010135090718695747,58737.752128584805,3.2034929040683524
sensitivity_ell_chi_plus20pct__onset__start1,50,1.5706949758875361,1.5658013202985388,10.560184382519186,0.004994985699752612,0.9999875198450493,0.00010135090718695746,38568.23859911404,3.2033935726512115
sensitivity_ell_chi_plus20pct__onset__start1,51,1.5706949758875361,1.5658013336845593,11.146558199864907,0.004994972313899157,0.9999875199119123,0.00010135090718695746,69324.8148595801,3.2034925366387395
sensitivity_ell_chi_plus20pct__onset__start1,52,1.5706949758875361,1.5658013317307302,11.060970834405067,0.004994974267703873,0.999987519902153,0.00010135090718695747,63638.30414090657,3.2035349710517376
sensitivity_ell_chi_plus20pct__onset__start1,53,1.5706949758875361,1.5658013317888801,11.063518090735151,0.004994974209554668,0.9999875199024434,0.00010135090718695746,63800.61384841785,3.2035316426711176
sensitivity_ell_chi_plus20pct__onset__start1,54,1.5706949758875361,1.5658013310865597,11.032752978810619,0.004994974911866327,0.9999875198989353,0.00010135090718695746,61867.66694395881,3.2035182555986097
sensitivity_ell_chi_plus20pct__onset__start1,55,1.5706949758875361,1.565801331484679,11.050192572657624,0.004994974513751981,0.9999875199009239,0.00010135090718695747,62956.077057318085,3.2035446651495403
sensitivity_ell_chi_plus20pct__onset__start1,56,1.5706949758875361,1.565801331271783,11.040866676620675,0.004994974726645469,0.9999875198998605,0.00010135090718695746,62371.68445560465,3.2035378666375753
sensitivity_ell_chi_plus20pct__onset__start1,57,1.5706949758875361,1.56580133148096,11.050029668938338,0.004994974517470959,0.9999875199009053,0.00010135090718695746,62945.822113520735,3.203544707981548
sensitivity_ell_chi_plus20pct__onset__start1,58,1.5706949758875361,1.5658013314550963,11.0488967045701,0.004994974543334393,0.9999875199007762,0.00010135090718695747,62874.5471235727,3.2035448692009725
sensitivity_ell_chi_plus20pct__onset__start1,59,1.5706949758875361,1.5658013313850767,11.045829506824031,0.0049949746133530655,0.9999875199004264,0.00010135090718695747,62681.99390470659,3.2035439643942456
sensitivity_ell_chi_plus20pct__onset__start1,60,1.5706949758875361,1.5658013314505799,11.048698861822132,0.004994974547850724,0.9999875199007536,0.00010135090718695747,62862.109080821414,3.203544871747374
sensitivity_ell_chi_plus20pct__onset__start1,61,1.5706949758875361,1.5658013314513275,11.04873161278333,0.004994974547103108,0.9999875199007573,0.00010135090718695746,62864.167909030875,3.203544871870498
sensitivity_ell_chi_plus20pct__onset__start1,62,1.5706949758875361,1.5658013314515307,11.04874051567062,0.0049949745468999395,0.9999875199007583,0.00010135090718695746,62864.72758412368,3.203544871866461
sensitivity_ell_chi_plus20pct__onset__start1,63,1.5706949758875361,1.5658013314511243,11.048722709896042,0.004994974547306277,0.9999875199007563,0.00010135090718695746,62863.608238920875,3.20354487185851
sensitivity_ell_chi_plus20pct__onset__start1,64,0.5999908074321633,1.5658013314513275,11.04873161278333,0.002820336900547377,0.5646278426180622,0.8253408053890466,62864.167909030875,3.1306694175987992
sensitivity_ell_chi_plus20pct__onset__start1,65,0.9708055193627332,1.5658013314513275,11.04873161278333,0.004122556336777329,0.8253305092927864,0.5646348864175504,62864.167909030875,3.1655733596676976
sensitivity_ell_chi_plus20pct__onset__start1,66,1.1999816148643265,1.5658013314513275,11.04873161278333,0.0046554782579324395,0.9320207967429428,0.36237489008048024,62864.167909030875,3.186937707834532
sensitivity_ell_chi_plus20pct__onset__start1,67,1.3416202312933032,1.5658013314513275,11.04873161278333,0.004864375449198933,0.9738417474282602,0.22717523812546522,62864.167909030875,3.196844794618443
sensitivity_ell_chi_plus20pct__onset__start1,68,1.4291577103659199,1.5658013314513275,11.04873161278333,0.004944954943731549,0.9899736592393544,0.14116551077670147,62864.167909030875,3.200930770025606
sensitivity_ell_chi_plus20pct__onset__start1,69,1.4832588477222797,1.5658013314513275,11.04873161278333,0.004975849019237,0.9961586136676488,0.08742572471696056,62864.167909030875,3.202538222795178
sensitivity_ell_chi_plus20pct__onset__start1,70,1.5166951894385368,1.5658013314513275,11.04873161278333,0.004987666377454533,0.9985244336781998,0.054074749483818095,62864.167909030875,3.20315916958503
sensitivity_ell_chi_plus20pct__onset__start1,71,1.5373599850786395,1.5658013314513275,11.04873161278333,0.004992182669699224,0.9994285896129953,0.03343011182110185,62864.167909030875,3.2033973723878595
sensitivity_ell_chi_plus20pct__onset__start1,72,1.5501315311547936,1.5658013314513275,11.04873161278333,0.004993908099276282,0.999774018408929,0.02066332491054402,62864.167909030875,3.203488507338561
sensitivity_ell_chi_plus20pct__onset__start1,73,1.5580247807187424,1.5658013314513275,11.04873161278333,0.0049945672071763396,0.9999059709680682,0.012771198879420182,62864.167909030875,3.203523339639567
sensitivity_ell_chi_plus20pct__onset__start1,74,1.562903077230948,1.5658013314513275,11.04873161278333,0.004994818971644065,0.999956373892709,0.00789316760150468,62864.167909030875,3.203536647583512
sensitivity_ell_chi_plus20pct__onset__start1,75,1.565918030282691,1.5658013314513275,11.04873161278333,0.004994915138230026,0.9999756263203011,0.0048782771634600566,62864.167909030875,3.2035417312311005
sensitivity_ell_chi_plus20pct__onset__start1,76,1.5677813737431534,1.5658013314513275,11.04873161278333,0.004994951870760171,0.9999829801258855,0.003014948484120609,62864.167909030875,3.203543673079593
sensitivity_ell_chi_plus20pct__onset__start1,77,1.568932983334434,1.5658013314513275,11.04873161278333,0.004994965901361958,0.9999857890344297,0.0018633423821927913,62864.167909030875,3.203544414809614
sensitivity_ell_chi_plus20pct__onset__start1,78,1.5696447172036159,1.5658013314513275,11.04873161278333,0.004994971260578424,0.9999868619427165,0.0011516093367357678,62864.167909030875,3.203544698126724
sensitivity_ell_chi_plus20pct__onset__start1,79,1.5700845929257148,1.5658013314513275,11.04873161278333,0.004994973307617468,0.9999872717573165,0.0007117338090919139,62864.167909030875,3.2035448063444396
sensitivity_ell_chi_plus20pct__onset__start1,80,1.5703564510727976,1.5658013314513275,11.04873161278333,0.00499497408951688,0.9999874282925795,0.0004398757079136694,62864.167909030875,3.2035448476799577
sensitivity_ell_chi_plus20pct__onset__start1,81,1.5705244686478135,1.5658013314513275,11.04873161278333,0.004994974388175892,0.9999874880837316,0.0002718581437344463,62864.167909030875,3.203544863468722
sensitivity_ell_chi_plus20pct__onset__start1,82,1.5706283092198807,1.5658013314513275,11.04873161278333,0.004994974502253483,0.9999875109219197,0.00016801757422537421,62864.167909030875,3.2035448694994977
sensitivity_ell_chi_plus20pct__onset__start1,83,1.5706949758875361,-0.7416294238611398,11.04873161278333,0.7373688742911911,-0.6754902907922034,0.00010135090718695747,62864.167909030875,3.124363825234404
sensitivity_ell_chi_plus20pct__onset__start1,84,1.5706949758875361,0.7416294238611396,11.04873161278333,0.7373688742911911,0.6754902907922031,0.00010135090718695746,62864.167909030875,3.1297430843750833
sensitivity_ell_chi_plus20pct__onset__start1,85,1.5706949758875361,1.658333805867513,11.04873161278333,-0.08742572426794121,0.9961710357484901,0.00010135090718695746,62864.167909030875,3.2008977319197136
sensitivity_ell_chi_plus20pct__onset__start1,86,1.5706949758875361,2.2248882715834193,11.04873161278333,-0.6084388578539173,0.793600747215761,0.00010135090718695746,62864.167909030875,3.129120314418573
sensitivity_ell_chi_plus20pct__onset__start1,87,1.5706949758875361,1.481734775534512,11.04873161278333,0.08894385871398366,0.9960366357343793,0.00010135090718695746,62864.167909030875,3.2013755442354976
sensitivity_ell_chi_plus20pct__onset__start1,88,1.5706949758875361,1.5575696978347064,11.04873161278333,0.013226243243035278,0.9999125242828343,0.00010135090718695746,62864.167909030875,3.2035237922991975
sensitivity_ell_chi_plus20pct__onset__start1,89,1.5706949758875361,1.5656417789760408,11.04873161278333,0.005154524966903573,0.9999867102118705,0.00010135090718695746,62864.167909030875,3.2035448640522137
sensitivity_ell_chi_plus20pct__onset__start1,90,1.5706949758875361,1.5658642178275577,11.04873161278333,0.004932088945865771,0.9999878320392823,0.00010135090718695746,62864.167909030875,3.2035448705969394
sensitivity_ell_chi_plus20pct__onset__start1,91,1.5706949758875361,1.5657975511599582,11.04873161278333,0.004998754791258269,0.999987501011153,0.00010135090718695747,62864.167909030875,3.2035448718685924
sensitivity_ell_chi_plus20pct__onset__start1,92,1.5706949758875361,1.5657308844932356,11.04873161278333,0.005065420613557233,0.9999871655386391,0.00010135090718695747,62864.167909030875,3.203544870372804
sensitivity_ell_chi_plus20pct__onset__start1,93,1.5706949758875361,1.5657975266028739,9.973010023033673,0.004998779348035693,0.9999875008883977,0.00010135090718695746,21439.92298441949,3.2030691208652327
sensitivity_ell_chi_plus20pct__onset__start1,94,1.5706949758875361,1.5657974893764823,8.342310205260866,0.0049988165739619185,0.9999875007023106,0.00010135090718695746,4197.776273049276,3.1915185540647473
sensitivity_ell_chi_plus20pct__onset__start1,95,1.5706949758875361,1.5657975496100491,10.980837935865528,0.004998756341147986,0.9999875010034053,0.00010135090718695746,58737.752128584805,3.203492904084615
sensitivity_ell_chi_plus20pct__onset__start1,96,1.5706949758875361,1.5657975400071695,10.56018437757757,0.004998765943907562,0.9999875009554028,0.00010135090718695746,38568.23840852465,3.2033935727183103
sensitivity_ell_chi_plus20pct__onset__start1,97,1.5706949758875361,1.565797553393187,11.146558061679551,0.004998752558057468,0.9999875010223163,0.00010135090718695746,69324.8052799065,3.2034925366424516
sensitivity_ell_chi_plus20pct__onset__start1,98,1.5706949758875361,1.5657975514393572,11.060970669976165,0.004998754511862811,0.9999875010125495,0.00010135090718695746,63638.29367693092,3.2035349712589216
sensitivity_ell_chi_plus20pct__onset__start1,99,1.5706949758875361,1.5657975514975093,11.063518016497339,0.004998754453711389,0.9999875010128403,0.00010135090718695746,63800.609112000035,3.2035316427731444
sensitivity_ell_chi_plus20pct__onset__start1,100,1.5706949758875361,1.5657975507951902,11.032752973893443,0.004998755156021703,0.9999875010093295,0.00010135090718695746,61867.6666397446,3.203518255582907
sensitivity_ell_chi_plus20pct__onset__start1,101,1.5706949758875361,1.5657975511933073,11.05019246915678,0.004998754757909583,0.9999875010113196,0.00010135090718695746,62956.07054131135,3.203544665176497
sensitivity_ell_chi_plus20pct__onset__start1,102,1.5706949758875361,1.5657975509804198,11.0408669411976,0.004998754970794409,0.9999875010102555,0.00010135090718695746,62371.70095771525,3.203537867110625
sensitivity_ell_chi_plus20pct__onset__start1,103,1.5706949758875361,1.5657975511895899,11.050029620615211,0.004998754761627008,0.9999875010113011,0.00010135090718695746,62945.819071781865,3.2035447079917714
sensitivity_ell_chi_plus20pct__onset__start1,104,1.5706949758875361,1.5657975511637268,11.048896693179461,0.004998754787489774,0.9999875010111717,0.00010135090718695746,62874.546407391514,3.2035448691994493
sensitivity_ell_chi_plus20pct__onset__start1,105,1.5706949758875361,1.5657975510937097,11.045829600843621,0.004998754857506002,0.9999875010108218,0.00010135090718695746,62681.99979804226,3.2035439644523636
sensitivity_ell_chi_plus20pct__onset__start1,106,1.5706949758875361,1.5657975511592106,11.048698866781741,0.004998754792005883,0.9999875010111492,0.00010135090718695746,62862.10939259294,3.203544871745499
sensitivity_ell_chi_plus20pct__onset__start1,107,1.5706949758875361,1.5657975511599582,11.048731613324518,0.004998754791258269,0.999987501011153,0.00010135090718695747,62864.167943052234,3.2035448718685906
sensitivity_ell_chi_plus20pct__onset__start1,108,1.5706949758875361,1.5657975511600104,11.048733897847928,0.004998754791206089,0.9999875010111532,0.00010135090718695746,62864.31155787957,3.203544871869086
sensitivity_ell_chi_plus20pct__onset__start1,109,1.5706949758875361,1.5657975511600088,11.04873382837826,0.004998754791207643,0.9999875010111532,0.00010135090718695746,62864.30719071691,3.203544871869086
sensitivity_ell_chi_plus20pct__onset__start1,110,1.5706949758875361,1.5657975511600095,11.048733863113094,0.004998754791206977,0.9999875010111532,0.00010135090718695746,62864.309374298195,3.2035448718690875
sensitivity_ell_chi_plus20pct__onset__start1,111,1.5706949758875361,1.5657975511600097,11.048733865374295,0.004998754791206755,0.9999875010111532,0.00010135090718695746,62864.309516447036,3.2035448718690858
sensitivity_ell_chi_plus20pct__onset__start1,112,1.5706949758875361,1.5657975511600095,11.048733860851893,0.004998754791206977,0.9999875010111532,0.00010135090718695746,62864.30923214936,3.2035448718690867
sensitivity_ell_chi_plus20pct__onset__start2,1,1.5707963267948966,1.5358013345006918,11.23230883208749,0.03498784996500899,0.9993877377448784,6.123233995736766e-17,75531.7844007111,3.2032108530763725
sensitivity_ell_chi_plus20pct__onset__start2,2,0.5999908074321633,1.5358013345006918,11.23230883208749,0.01975536069098714,0.5642891817886719,0.8253408053890466,75531.7844007111,3.1305570484106844
sensitivity_ell_chi_plus20pct__onset__start2,3,0.9708055193627332,1.5358013345006918,11.23230883208749,0.028876900268951643,0.8248354803662952,0.5646348864175504,75531.7844007111,3.16546440756985
sensitivity_ell_chi_plus20pct__onset__start2,4,1.1999816148643265,1.5358013345006918,11.23230883208749,0.03260981060690088,0.9314617755395773,0.36237489008048024,75531.7844007111,3.1867139646109433
sensitivity_ell_chi_plus20pct__onset__start2,5,1.3416202312933032,1.5358013345006918,11.23230883208749,0.03407305400878056,0.9732576422372202,0.22717523812546525,75531.7844007111,3.196563085174371
sensitivity_ell_chi_plus20pct__onset__start2,6,1.4291577103659199,1.5358013345006918,11.23230883208749,0.034637481960093856,0.9893798782119116,0.1411655107767015,75531.7844007111,3.2006188752621925
sensitivity_ell_chi_plus20pct__onset__start2,7,1.4832588477222797,1.5358013345006918,11.23230883208749,0.03485388291726544,0.995561122936861,0.08742572471696057,75531.7844007111,3.2022128610763017
sensitivity_ell_chi_plus20pct__onset__start2,8,1.5166951894385368,1.5358013345006918,11.23230883208749,0.034936658905466225,0.9979255239409329,0.0540747494838181,75531.7844007111,3.202828477193311
sensitivity_ell_chi_plus20pct__onset__start2,9,1.5373599850786395,1.5358013345006918,11.23230883208749,0.03496829377230163,0.9988291375677237,0.03343011182110186,75531.7844007111,3.203064625714457
sensitivity_ell_chi_plus20pct__onset__start2,10,1.5501315311547936,1.5358013345006918,11.23230883208749,0.03498037973395927,0.9991743591772706,0.02066332491054402,75531.7844007111,3.2031549739260505
sensitivity_ell_chi_plus20pct__onset__start2,11,1.5580247807187424,1.5358013345006918,11.23230883208749,0.034984996527895273,0.9993062325919545,0.012771198879420183,75531.7844007111,3.2031895054501933
sensitivity_ell_chi_plus20pct__onset__start2,12,1.562903077230948,1.5358013345006918,11.23230883208749,0.03498676003986015,0.9993566052851844,0.007893167601504682,75531.7844007111,3.203202698470195
sensitivity_ell_chi_plus20pct__onset__start2,13,1.565918030282691,1.5358013345006918,11.23230883208749,0.03498743364931145,0.9993758461652711,0.0048782771634600566,75531.7844007111,3.2032077382153874
sensitivity_ell_chi_plus20pct__onset__start2,14,1.5677813737431534,1.5358013345006918,11.23230883208749,0.03498769094636769,0.9993831955600813,0.003014948484120609,75531.7844007111,3.203209663293877
sensitivity_ell_chi_plus20pct__onset__start2,15,1.568932983334434,1.5358013345006918,11.23230883208749,0.034987789225264423,0.9993860027838569,0.0018633423821927916,75531.7844007111,3.203210398618223
sensitivity_ell_chi_plus20pct__onset__start2,16,1.5696447172036159,1.5358013345006918,11.23230883208749,0.03498782676448689,0.9993870750486189,0.001151609336735768,75531.7844007111,3.2032106794885613
sensitivity_ell_chi_plus20pct__onset__start2,17,1.5700845929257148,1.5358013345006918,11.23230883208749,0.034987841103197505,0.9993874846174142,0.000711733809091914,75531.7844007111,3.2032107867716917
sensitivity_ell_chi_plus20pct__onset__start2,18,1.5703564510727976,1.5358013345006918,11.23230883208749,0.03498784658009812,0.9993876410587882,0.00043987570791366947,75531.7844007111,3.2032108277502296
sensitivity_ell_chi_plus20pct__onset__start2,19,1.5705244686478135,1.5358013345006918,11.23230883208749,0.034987848672088075,0.9993877008140779,0.0002718581437344463,75531.7844007111,3.2032108434026454
sensitivity_ell_chi_plus20pct__onset__start2,20,1.5706283092198807,1.5358013345006918,11.23230883208749,0.03498784947115715,0.9993877236385679,0.00016801757422537424,75531.7844007111,3.2032108493813345
sensitivity_ell_chi_plus20pct__onset__start2,21,1.5706949758890394,1.5358013345006918,11.23230883208749,0.03498784978531128,0.99938773261202,0.00010135090568371548,75531.7844007111,3.2032108517318583
sensitivity_ell_chi_plus20pct__onset__start2,22,1.5706949758890394,-0.7416294238611396,11.23230883208749,0.7373688742911914,-0.6754902907922032,0.0001013509056837155,75531.7844007111,3.1242199580533025
sensitivity_ell_chi_plus20pct__onset__start2,23,1.5706949758890394,0.7416294238611398,11.23230883208749,0.7373688742911912,0.6754902907922034,0.0001013509056837155,75531.7844007111,3.129598652609582
sensitivity_ell_chi_plus20pct__onset__start2,24,1.5706949758890394,1.6583338058675132,11.23230883208749,-0.08742572426794142,0.9961710357484902,0.00010135090568371548,75531.7844007111,3.2008418515477826
sensitivity_ell_chi_plus20pct__onset__start2,25,1.5706949758890394,2.2248882715834197,11.23230883208749,-0.6084388578539178,0.7936007472157609,0.0001013509056837155,75531.7844007111,3.1290120847050558
sensitivity_ell_chi_plus20pct__onset__start2,26,1.5706949758890394,1.4818246975673455,11.23230883208749,0.0888542927154438,0.9960446297199901,0.00010135090568371548,75531.7844007111,3.201324640556341
sensitivity_ell_chi_plus20pct__onset__start2,27,1.5706949758890394,1.5574966497354823,11.23230883208749,0.013299284916971821,0.9999115554631275,0.00010135090568371548,75531.7844007111,3.2034688969306906
sensitivity_ell_chi_plus20pct__onset__start2,28,1.5706949758890394,1.565640919840084,11.23230883208749,0.005155384091440757,0.9999867057830637,0.00010135090568371548,75531.7844007111,3.2034903463374924
sensitivity_ell_chi_plus20pct__onset__start2,29,1.5706949758890394,1.5658630150743214,11.23230883208749,0.0049332916844634905,0.9999878261064731,0.00010135090568371548,75531.7844007111,3.20349035279056
sensitivity_ell_chi_plus20pct__onset__start2,30,1.5706949758890394,1.5657963479617678,11.23230883208749,0.004999957974406304,0.9999874949959365,0.0001013509056837155,75531.7844007111,3.203490354081122
sensitivity_ell_chi_plus20pct__onset__start2,31,1.5706949758890394,1.5657296808502033,11.23230883208749,0.005066624241137809,0.9999871594409565,0.00010135090568371548,75531.7844007111,3.2034903526028664
sensitivity_ell_chi_plus20pct__onset__start2,32,1.5706949758890394,1.5657963479617678,8.342310205260866,0.004999957974406304,0.9999874949959365,0.0001013509056837155,4197.776273049276,3.1915185552076246
sensitivity_ell_chi_plus20pct__onset__start2,33,1.5706949758890394,1.5657963479617678,9.973010023033673,0.004999957974406304,0.9999874949959365,0.0001013509056837155,21439.92298441949,3.2030691209172346
sensitivity_ell_chi_plus20pct__onset__start2,34,1.5706949758890394,1.5657963479617678,10.980837935865528,0.004999957974406304,0.9999874949959365,0.0001013509056837155,58737.752128584805,3.2034929040879185
sensitivity_ell_chi_plus20pct__onset__start2,35,1.5706949758890394,1.5657963479617678,10.560184375765669,0.004999957974406304,0.9999874949959365,0.0001013509056837155,38568.23833864279,3.203393572737751
sensitivity_ell_chi_plus20pct__onset__start2,36,1.5706949758890394,1.5657963479617678,11.146558015137874,0.004999957974406304,0.9999874949959365,0.0001013509056837155,69324.80205341388,3.2034925366419
sensitivity_ell_chi_plus20pct__onset__start2,37,1.5706949758890394,1.5657963479617678,11.060970617355466,0.004999957974406304,0.9999874949959365,0.0001013509056837155,63638.29032823952,3.2035349713233514
sensitivity_ell_chi_plus20pct__onset__start2,38,1.5706949758890394,1.5657963479617678,11.063517991661103,0.004999957974406304,0.9999874949959365,0.0001013509056837155,63800.60752743306,3.203531642805396
sensitivity_ell_chi_plus20pct__onset__start2,39,1.5706949758890394,1.5657963479617678,11.032752972335224,0.004999957974406304,0.9999874949959365,0.0001013509056837155,61867.66654334126,3.203518255576064
sensitivity_ell_chi_plus20pct__onset__start2,40,1.5706949758890394,1.5657963479617678,11.050192436040213,0.004999957974406304,0.9999874949959365,0.0001013509056837155,62956.068456422436,3.2035446651832573
sensitivity_ell_chi_plus20pct__onset__start2,41,1.5706949758890394,1.5657963479617678,11.040867026088371,0.004999957974406304,0.9999874949959365,0.0001013509056837155,62371.7062524973,3.2035378672605446
sensitivity_ell_chi_plus20pct__onset__start2,42,1.5706949758890394,1.5657963479617678,11.050029605121429,0.004999957974406304,0.9999874949959365,0.0001013509056837155,62945.81809651306,3.2035447079931862
sensitivity_ell_chi_plus20pct__onset__start2,43,1.5706949758890394,1.5657963479617678,11.048896689524984,0.004999957974406304,0.9999874949959365,0.0001013509056837155,62874.54617761789,3.2035448691971005
sensitivity_ell_chi_plus20pct__onset__start2,44,1.5706949758890394,1.5657963479617678,11.04582963101042,0.004999957974406304,0.9999874949959365,0.0001013509056837155,62682.00168895756,3.203543964469152
sensitivity_ell_chi_plus20pct__onset__start2,45,1.5706949758890394,1.5657963479617678,11.048698868355235,0.004999957974406304,0.9999874949959365,0.0001013509056837155,62862.109491506046,3.203544871743035
sensitivity_ell_chi_plus20pct__onset__start2,46,1.5706949758890394,1.5657963479617678,11.048765537745277,0.004999957974406304,0.9999874949959365,0.0001013509056837155,62866.30060971072,3.203544871765038
sensitivity_ell_chi_plus20pct__onset__start2,47,1.5705936249831822,1.5957913614228438,10.865222243403064,-0.02499243158050454,0.999687619847155,0.00020270181032629265,52324.61782424548,3.203211284307915
sensitivity_ell_chi_plus20pct__onset__start2,48,0.5999908074321633,1.5657963479617678,11.048765537745277,0.002823150717471138,0.5646278285559314,0.8253408053890466,62866.30060971072,3.13066940291045
sensitivity_ell_chi_plus20pct__onset__start2,49,0.9708055193627332,1.5657963479617678,11.048765537745277,0.00412666936270247,0.8253304887378212,0.5646348864175504,62866.30060971072,3.1655734000105684
sensitivity_ell_chi_plus20pct__onset__start2,50,1.1999816148643265,1.5657963479617678,11.048765537745277,0.004660122973784589,0.932020773530842,0.36237489008048024,62866.30060971072,3.1869376596911105
sensitivity_ell_chi_plus20pct__onset__start2,51,1.3416202312933032,1.5657963479617678,11.048765537745277,0.004869228579319604,0.9738417231746033,0.22717523812546525,62866.30060971072,3.196844761729006
sensitivity_ell_chi_plus20pct__onset__start2,52,1.4291577103659199,1.5657963479617678,11.048765537745277,0.004949888467065307,0.98997363458393,0.14116551077670147,62866.30060971072,3.200930751750644
sensitivity_ell_chi_plus20pct__onset__start2,53,1.4832588477222797,1.5657963479617678,11.048765537745277,0.004980813365226196,0.9961585888581873,0.08742572471696057,62866.30060971072,3.2025382148785217
sensitivity_ell_chi_plus20pct__onset__start2,54,1.5166951894385368,1.5657963479617678,11.048765537745277,0.004992642513482903,0.9985244088098172,0.054074749483818095,62866.30060971072,3.2031591663738417
sensitivity_ell_chi_plus20pct__onset__start2,55,1.5373599850786395,1.5657963479617678,11.048765537745277,0.004997163311579201,0.9994285647220946,0.03343011182110186,62866.30060971072,3.203397371078763
sensitivity_ell_chi_plus20pct__onset__start2,56,1.5501315311547936,1.5657963479617678,11.048765537745277,0.004998890462597034,0.9997739935094253,0.02066332491054402,62866.30060971072,3.203488506770864
sensitivity_ell_chi_plus20pct__onset__start2,57,1.5580247807187424,1.5657963479617678,11.048765537745277,0.004999550228081285,0.9999059460652783,0.012771198879420182,62866.30060971072,3.2035233393571856
sensitivity_ell_chi_plus20pct__onset__start2,58,1.562903077230948,1.5657963479617678,11.048765537745277,0.004999802243731456,0.9999563489886637,0.00789316760150468,62866.30060971072,3.2035366474104268
sensitivity_ell_chi_plus20pct__onset__start2,59,1.565918030282691,1.5657963479617678,11.048765537745277,0.004999898506261688,0.9999756014157763,0.0048782771634600566,62866.30060971072,3.203541731099815
sensitivity_ell_chi_plus20pct__onset__start2,60,1.5677813737431534,1.5657963479617678,11.048765537745277,0.004999935275439445,0.9999829552211775,0.003014948484120609,62866.30060971072,3.2035436729642726
sensitivity_ell_chi_plus20pct__onset__start2,61,1.568932983334434,1.5657963479617678,11.048765537745277,0.004999949320039398,0.9999857641296519,0.0018633423821927913,62866.30060971072,3.203544414700396
sensitivity_ell_chi_plus20pct__onset__start2,62,1.5696447172036159,1.5657963479617678,11.048765537745277,0.004999954684602692,0.9999868370379119,0.0011516093367357678,62866.30060971072,3.2035446980198325
sensitivity_ell_chi_plus20pct__onset__start2,63,1.5700845929257148,1.5657963479617678,11.048765537745277,0.004999956733684042,0.9999872468525017,0.0007117338090919139,62866.30060971072,3.2035448062384364
sensitivity_ell_chi_plus20pct__onset__start2,64,1.5703564510727976,1.5657963479617678,11.048765537745277,0.004999957516363548,0.9999874033877608,0.00043987570791366947,62866.30060971072,3.203544847574297
sensitivity_ell_chi_plus20pct__onset__start2,65,1.5705244686478135,1.5657963479617678,11.048765537745277,0.0049999578153205266,0.9999874631789115,0.0002718581437344463,62866.30060971072,3.203544863363191
sensitivity_ell_chi_plus20pct__onset__start2,66,1.5706283092198807,1.5657963479617678,11.048765537745277,0.004999957929511933,0.9999874860170991,0.00016801757422537424,62866.30060971072,3.203544869394017
sensitivity_ell_chi_plus20pct__onset__start2,67,1.5706949758875361,-0.7416294238611398,11.048765537745277,0.7373688742911911,-0.6754902907922034,0.00010135090718695747,62866.30060971072,3.124363815451127
sensitivity_ell_chi_plus20pct__onset__start2,68,1.5706949758875361,0.7416294238611396,11.048765537745277,0.7373688742911911,0.6754902907922031,0.00010135090718695746,62866.30060971072,3.129743054580436
sensitivity_ell_chi_plus20pct__onset__start2,69,1.5706949758875361,1.658333805867513,11.048765537745277,-0.08742572426794121,0.9961710357484901,0.00010135090718695746,62866.30060971072,3.200897731037073
sensitivity_ell_chi_plus20pct__onset__start2,70,1.5706949758875361,2.2248882715834193,11.048765537745277,-0.6084388578539173,0.793600747215761,0.00010135090718695746,62866.30060971072,3.1291203087376522
sensitivity_ell_chi_plus20pct__onset__start2,71,1.5706949758875361,1.4817348348452009,11.048765537745277,0.08894379963836456,0.9960366410096991,0.00010135090718695746,62866.30060971072,3.2013755465325198
sensitivity_ell_chi_plus20pct__onset__start2,72,1.5706949758875361,1.5575696471867708,11.048765537745277,0.01322629388654042,0.9999125236129511,0.00010135090718695746,62866.30060971072,3.203523791938504
sensitivity_ell_chi_plus20pct__onset__start2,73,1.5706949758875361,1.5656417792481483,11.048765537745277,0.005154524694799741,0.999986710213273,0.00010135090718695746,62866.30060971072,3.203544863951273
sensitivity_ell_chi_plus20pct__onset__start2,74,1.5706949758875361,1.5658642168779384,11.048765537745277,0.004932089895473489,0.9999878320345986,0.00010135090718695746,62866.30060971072,3.20354487049585
sensitivity_ell_chi_plus20pct__onset__start2,75,1.5706949758875361,1.565797550210265,11.048765537745277,0.004998755740939611,0.9999875010064057,0.00010135090718695746,62866.30060971072,3.203544871767508
sensitivity_ell_chi_plus20pct__onset__start2,76,1.5706949758875361,1.5657308835435806,11.048765537745277,0.005065421563200065,0.9999871655338286,0.00010135090718695746,62866.30060971072,3.2035448702717346
sensitivity_ell_chi_plus20pct__onset__start2,77,1.5706949758875361,1.565797550210265,8.342310205260866,0.004998755740939611,0.9999875010064057,0.00010135090718695746,4197.776273049276,3.1915185540038187
sensitivity_ell_chi_plus20pct__onset__start2,78,1.5706949758875361,1.565797550210265,9.973010023033673,0.004998755740939611,0.9999875010064057,0.00010135090718695746,21439.92298441949,3.2030691208641944
sensitivity_ell_chi_plus20pct__onset__start2,79,1.5706949758875361,1.565797550210265,10.980837935865528,0.004998755740939611,0.9999875010064057,0.00010135090718695746,58737.752128584805,3.203492904084611
sensitivity_ell_chi_plus20pct__onset__start2,80,1.5706949758875361,1.565797550210265,10.560184377334645,0.004998755740939611,0.9999875010064057,0.00010135090718695746,38568.23839915543,3.2033935727182663
sensitivity_ell_chi_plus20pct__onset__start2,81,1.5706949758875361,1.565797550210265,11.146558059158966,0.004998755740939611,0.9999875010064057,0.00010135090718695746,69324.80510516747,3.2034925366425866
sensitivity_ell_chi_plus20pct__onset__start2,82,1.5706949758875361,1.565797550210265,11.060970669707022,0.004998755740939611,0.9999875010064057,0.00010135090718695746,63638.29365980312,3.2035349712592542
sensitivity_ell_chi_plus20pct__onset__start2,83,1.5706949758875361,1.565797550210265,11.06351801530889,0.004998755740939611,0.9999875010064057,0.00010135090718695746,63800.6090361763,3.2035316427747587
sensitivity_ell_chi_plus20pct__onset__start2,84,1.5706949758875361,1.565797550210265,11.032752973888844,0.004998755740939611,0.9999875010064057,0.00010135090718695746,61867.666639460076,3.203518255582897
sensitivity_ell_chi_plus20pct__onset__start2,85,1.5706949758875361,1.565797550210265,11.050192468988683,0.004998755740939611,0.9999875010064057,0.00010135090718695746,62956.07053072864,3.2035446651765405
sensitivity_ell_chi_plus20pct__onset__start2,86,1.5706949758875361,1.565797550210265,11.040866941930215,0.004998755740939611,0.9999875010064057,0.00010135090718695746,62371.70100340974,3.2035378671119443
sensitivity_ell_chi_plus20pct__onset__start2,87,1.5706949758875361,1.565797550210265,11.050029620497652,0.004998755740939611,0.9999875010064057,0.00010135090718695746,62945.819064382,3.2035447079918
sensitivity_ell_chi_plus20pct__onset__start2,88,1.5706949758875361,1.565797550210265,11.04889669310578,0.004998755740939611,0.9999875010064057,0.00010135090718695746,62874.546402758824,3.2035448691994493
sensitivity_ell_chi_plus20pct__onset__start2,89,1.5706949758875361,1.565797550210265,11.04582960107792,0.004998755740939611,0.9999875010064057,0.00010135090718695746,62681.99981272852,3.2035439644525145
sensitivity_ell_chi_plus20pct__onset__start2,90,1.5706949758875361,1.565797550210265,11.048698866900493,0.004998755740939611,0.9999875010064057,0.00010135090718695746,62862.10940005789,3.203544871745503
sensitivity_ell_chi_plus20pct__onset__start2,91,1.5706949758875361,1.565797550210265,11.048765533568147,0.004998755740939611,0.9999875010064057,0.00010135090718695746,62866.300347110024,3.2035448717675377
sensitivity_ell_chi_plus20pct__terminal__start1,1,1.5706949758856612,-1.5753908940094778,8.830082914842956,-0.004594551025745008,-0.9999894398586743,0.0001013509090619021,6836.8536687706555,13.338155761726219
sensitivity_ell_chi_plus20pct__terminal__start1,2,0.5999908074321633,-1.5753908940094778,8.830082914842956,-0.002594243809885216,-0.5646289266932882,0.8253408053890466,6836.8536687706555,0.9199391471518162
sensitivity_ell_chi_plus20pct__terminal__start1,3,0.9708055193627332,-1.5753908940094778,8.830082914842956,-0.003792070463465541,-0.8253320939124081,0.5646348864175504,6836.8536687706555,1.3427375204098544
sensitivity_ell_chi_plus20pct__terminal__start1,4,1.1999816148643265,-1.5753908940094778,8.830082914842956,-0.0042822705508524265,-0.9320225862059831,0.36237489008048024,6836.8536687706555,1.816083155285625
sensitivity_ell_chi_plus20pct__terminal__start1,5,1.3416202312933032,-1.5753908940094778,8.830082914842956,-0.00447442144078346,-0.973843617186768,0.22717523812546525,6836.8536687706555,2.3291618318947447
sensitivity_ell_chi_plus20pct__terminal__start1,6,1.4291577103659199,-1.5753908940094778,8.830082914842956,-0.0045485412577650226,-0.9899755599708406,0.1411655107767015,6836.8536687706555,2.912624358461696
sensitivity_ell_chi_plus20pct__terminal__start1,7,1.4832588477222797,-1.5753908940094778,8.830082914842956,-0.004576958701130242,-0.9961605262741354,0.08742572471696057,6836.8536687706555,3.6726245088605878
sensitivity_ell_chi_plus20pct__terminal__start1,8,1.5166951894385368,-1.5753908940094778,8.830082914842956,-0.004587828717545331,-0.9985263508270179,0.0540747494838181,6836.8536687706555,5.018656453589151
sensitivity_ell_chi_plus20pct__terminal__start1,9,1.5373599850786395,-1.5753908940094778,8.830082914842956,-0.004591982959968336,-0.9994305084977765,0.03343011182110186,6836.8536687706555,10.087808207520716
sensitivity_ell_chi_plus20pct__terminal__start1,10,1.5501315311547936,-1.5753908940094778,8.830082914842956,-0.004593570070004305,-0.9997759379569271,0.02066332491054402,6836.8536687706555,12.109537014321885
sensitivity_ell_chi_plus20pct__terminal__start1,11,1.5580247807187424,-1.5753908940094778,8.830082914842956,-0.004594176340336562,-0.9999078907694129,0.012771198879420182,6836.8536687706555,12.870212613238326
sensitivity_ell_chi_plus20pct__terminal__start1,12,1.562903077230948,-1.5753908940094778,8.830082914842956,-0.004594407922035835,-0.9999582937908263,0.007893167601504682,6836.8536687706555,13.159608696601504
sensitivity_ell_chi_plus20pct__terminal__start1,13,1.565918030282691,-1.5753908940094778,8.830082914842956,-0.004594496379400733,-0.9999775462553828,0.004878277163460057,6836.8536687706555,13.26999927960354
sensitivity_ell_chi_plus20pct__terminal__start1,14,1.5677813737431534,-1.5753908940094778,8.830082914842956,-0.004594530167257399,-0.9999849000750863,0.003014948484120609,6836.8536687706555,13.312143970835084
sensitivity_ell_chi_plus20pct__terminal__start1,15,1.568932983334434,-1.5753908940094778,8.830082914842956,-0.004594543073092098,-0.9999877089890237,0.0018633423821927913,6836.8536687706555,13.328238832701134
sensitivity_ell_chi_plus20pct__terminal__start1,16,1.5696447172036159,-1.5753908940094778,8.830082914842956,-0.00459454800268549,-0.9999887818993705,0.001151609336735768,6836.8536687706555,13.334386091238281
sensitivity_ell_chi_plus20pct__terminal__start1,17,1.5700845929257148,-1.5753908940094778,8.830082914842956,-0.00459454988562308,-0.9999891917147573,0.000711733809091914,6836.8536687706555,13.336734072239105
sensitivity_ell_chi_plus20pct__terminal__start1,18,1.5703564510727976,-1.5753908940094778,8.830082914842956,-0.004594550604841308,-0.9999893482503207,0.0004398757079136694,6836.8536687706555,13.337630912018557
sensitivity_ell_chi_plus20pct__terminal__start1,19,1.5705244686478135,-1.5753908940094778,8.830082914842956,-0.004594550879558236,-0.9999894080415876,0.0002718581437344463,6836.8536687706555,13.337973472996527
sensitivity_ell_chi_plus20pct__terminal__start1,20,1.5706283092198807,-1.5753908940094778,8.830082914842956,-0.004594550984490767,-0.9999894308798197,0.00016801757422537424,6836.8536687706555,13.338104319451286
sensitivity_ell_chi_plus20pct__terminal__start1,21,1.5706949758875361,-0.7416294238611401,8.830082914842956,0.7373688742911909,-0.6754902907922036,0.00010135090718695747,6836.8536687706555,1.2697133673460737
sensitivity_ell_chi_plus20pct__terminal__start1,22,1.5706949758875361,0.7416294238611394,8.830082914842956,0.7373688742911914,0.675490290792203,0.00010135090718695746,6836.8536687706555,1.164987585339134
sensitivity_ell_chi_plus20pct__terminal__start1,23,1.5706949758875361,-1.6583338058675134,8.830082914842956,-0.08742572426794165,-0.9961710357484901,0.00010135090718695747,6836.8536687706555,2.801744681818747
sensitivity_ell_chi_plus20pct__terminal__start1,24,1.5706949758875361,-2.2248882715834197,8.830082914842956,-0.6084388578539177,-0.7936007472157608,0.00010135090718695747,6836.8536687706555,2.012042269603996
sensitivity_ell_chi_plus20pct__terminal__start1,25,1.5706949758875361,-1.6043523360263592,8.830082914842956,-0.0335497120370978,-0.9994370448158411,0.00010135090718695746,6836.8536687706555,7.143249994074486
sensitivity_ell_chi_plus20pct__terminal__start1,26,1.5706949758875361,-1.2748215064525357,8.830082914842956,0.2916724205284886,-0.9565182637205869,0.00010135090718695746,6836.8536687706555,1.9227394590056215
sensitivity_ell_chi_plus20pct__terminal__start1,27,1.5706949758875361,-1.4784827594701075,8.830082914842956,0.09218250982754135,-0.9957421225447324,0.00010135090718695746,6836.8536687706555,2.993768423470779
sensitivity_ell_chi_plus20pct__terminal__start1,28,1.5706949758875361,-1.5675615601108197,8.830082914842956,0.003234761026186405,-0.9999947630108356,0.00010135090718695746,6836.8536687706555,12.922274492768883
sensitivity_ell_chi_plus20pct__terminal__start1,29,1.5706949758875361,-1.5491436758230712,8.830082914842956,0.021650958971905537,-0.9997655853766875,0.00010135090718695746,6836.8536687706555,8.665146991510134
sensitivity_ell_chi_plus20pct__terminal__start1,30,1.5706949758875361,-1.5747879050217586,8.830082914842956,-0.003991567606935469,-0.9999920285262444,0.00010135090718695746,6836.8536687706555,13.335568717056384
sensitivity_ell_chi_plus20pct__terminal__start1,31,1.5706949758875361,-1.5753905347572497,8.830082914842956,-0.00459419177731028,-0.9999894415092127,0.00010135090718695747,6836.8536687706555,13.338155696220412
sensitivity_ell_chi_plus20pct__terminal__start1,32,1.5706949758875361,-1.5754572014239216,8.830082914842956,-0.004660857729824183,-0.9999891330075622,0.00010135090718695746,6836.8536687706555,13.338137691504768
sensitivity_ell_chi_plus20pct__terminal__start1,33,1.5706949758875361,-1.5753238680905777,8.830082914842956,-0.0045275258043777425,-0.9999897455664655,0.00010135090718695746,6836.8536687706555,13.338113058178644
sensitivity_ell_chi_plus20pct__terminal__start1,34,1.5706949758875361,-1.5753905347572497,8.342310205260866,-0.00459419177731028,-0.9999894415092127,0.00010135090718695747,4197.776273049276,13.275502583218758
sensitivity_ell_chi_plus20pct__terminal__start1,35,1.5706949758875361,-1.5753905347572497,9.973010023033673,-0.00459419177731028,-0.9999894415092127,0.00010135090718695747,21439.92298441949,12.845663897513361
sensitivity_ell_chi_plus20pct__terminal__start1,36,1.5706949758875361,-1.5753905347572497,7.334482292429009,-0.00459419177731028,-0.9999894415092127,0.00010135090718695747,1532.2343252594655,12.659085865637442
sensitivity_ell_chi_plus20pct__terminal__start1,37,1.5706949758875361,-1.5753905347572497,8.760335317261488,-0.00459419177731028,-0.9999894415092127,0.00010135090718695747,6376.249286015311,13.337196306077965
sensitivity_ell_chi_plus20pct__terminal__start1,38,1.5706949758875361,-1.5753905347572497,8.76895633459554,-0.00459419177731028,-0.9999894415092127,0.00010135090718695747,6431.456671624195,13.337468515465286
sensitivity_ell_chi_plus20pct__terminal__start1,39,1.5706949758875361,-1.5753905347572497,8.82270781319895,-0.00459419177731028,-0.9999894415092127,0.00010135090718695747,6786.616657279234,13.338191763065453
sensitivity_ell_chi_plus20pct__terminal__start1,40,1.5706949758875361,-1.5753905347572497,8.81899049573842,-0.00459419177731028,-0.9999894415092127,0.00010135090718695747,6761.435480891604,13.338197359110254
sensitivity_ell_chi_plus20pct__terminal__start1,41,1.5706949758875361,-1.5753905347572497,8.818331863580655,-0.00459419177731028,-0.9999894415092127,0.00010135090718695747,6756.983648272226,13.33819746365016
sensitivity_ell_chi_plus20pct__terminal__start1,42,1.5706949758875361,-1.5753905347572497,8.818403299226382,-0.00459419177731028,-0.9999894415092127,0.00010135090718695747,6757.466355003339,13.338197468569296
sensitivity_ell_chi_plus20pct__terminal__start1,43,1.5706949758875361,-1.5753905347572497,8.818469966066285,-0.00459419177731028,-0.9999894415092127,0.00010135090718695747,6757.91686894798,13.338197470050039
sensitivity_ell_chi_plus20pct__terminal__start1,44,1.5706949758875361,-1.5753905347572497,8.8185366329052,-0.00459419177731028,-0.9999894415092127,0.00010135090718695747,6758.367412921288,13.338197468169193
sensitivity_ell_chi_plus20pct__terminal__start1,45,1.570694975889411,-1.5753901755050215,8.806857017289614,-0.004593832528874956,-0.9999894431596219,0.00010135090531201283,6679.891455951485,13.338158154295964
sensitivity_ell_chi_plus20pct__terminal__start1,46,1.5706949757011324,-1.5754262510163992,9.973010023033673,-0.004629907656412065,-0.9999892767840308,0.00010135109359073779,21439.92298441949,12.845655055971081
sensitivity_ell_chi_plus20pct__terminal__start1,47,1.5706949759644135,-1.5753758045230661,8.342310205260866,-0.00457946169815794,-0.9999895090742524,0.00010135083030956451,4197.776273049276,13.275498682852913
sensitivity_ell_chi_plus20pct__terminal__start1,48,1.5706949761271303,-1.5753446268755729,7.33448229242901,-0.004548284375526454,-0.9999896513650937,0.00010135066759283638,1532.234325259467,12.659075775437397
sensitivity_ell_chi_plus20pct__terminal__start1,49,1.5706949758969222,-1.5753887363210786,8.760334913606073,-0.004592393360120528,-0.9999894497699571,0.00010135089780091,6376.246712208279,13.337195938965017
sensitivity_ell_chi_plus20pct__terminal__start1,50,1.5706949758955293,-1.5753890032266664,8.768962726257733,-0.0045926602628923036,-0.9999894485441859,0.00010135089919379582,6431.497779454025,13.337468404450203
sensitivity_ell_chi_plus20pct__terminal__start1,51,1.5706949758868503,-1.5753906661919586,8.8227186371199,-0.004594323210631381,-0.9999894409053677,0.00010135090787285324,6786.690115479007,13.338191758889643
sensitivity_ell_chi_plus20pct__terminal__start1,52,1.5706949758874507,-1.5753905511464692,8.818999753084668,-0.00459420816635677,-0.9999894414339173,0.00010135090727244464,6761.498074130706,13.338197358386413
sensitivity_ell_chi_plus20pct__terminal__start1,53,1.5706949758875568,-1.5753905307820224,8.818341465515154,-0.004594187802124992,-0.9999894415274756,0.00010135090716630731,6757.048528698116,13.338197463763901
sensitivity_ell_chi_plus20pct__terminal__start1,54,1.5706949758875457,-1.5753905329098672,8.818410248806098,-0.004594189929947315,-0.9999894415176999,0.00010135090717740954,6757.513316717628,13.338197468532488
sensitivity_ell_chi_plus20pct__terminal__start1,55,1.570694975887537,-1.5753905346015447,8.818464932846437,-0.004594191621606917,-0.999989441509928,0.00010135090718606928,6757.882854952264,13.33819747002259
sensitivity_ell_chi_plus20pct__terminal__start1,56,1.5706949758875348,-1.5753905349924373,8.818477568582855,-0.004594192012495443,-0.9999894415081322,0.00010135090718828974,6757.9682463182535,13.338197470053462
sensitivity_ell_chi_plus20pct__terminal__start1,57,1.5706949758875355,-1.5753905348995478,8.818474565901608,-0.00459419191960695,-0.999989441508559,0.0001013509071876236,6757.9479543242,13.338197470056945
sensitivity_ell_chi_plus20pct__terminal__start1,58,1.5706949758875355,-1.5753905348755977,8.818473791704955,-0.004594191895657028,-0.999989441508669,0.0001013509071876236,6757.942722345534,13.338197470060551
sensitivity_ell_chi_plus20pct__terminal__start1,59,1.5706949758875361,-1.5753905347709187,8.818470407922103,-0.004594191790979199,-0.9999894415091498,0.00010135090718695746,6757.919854973524,13.338197470051199
sensitivity_ell_chi_plus20pct__terminal__start1,60,1.5706949758875357,-1.5753905348356139,8.818472499214916,-0.004594191855673654,-0.9999894415088526,0.00010135090718740154,6757.933987777529,13.338197470054995
sensitivity_ell_chi_plus20pct__terminal__start1,61,0.5999908074321633,-1.5753905348755977,8.818473791704955,-0.002594041032507738,-0.5646289276249327,0.8253408053890466,6757.942722345534,0.9201858218000243
sensitivity_ell_chi_plus20pct__terminal__start1,62,0.9708055193627332,-1.5753905348755977,8.818473791704955,-0.0037917740587479643,-0.8253320952742159,0.5646348864175504,6757.942722345534,1.342805299093297
sensitivity_ell_chi_plus20pct__terminal__start1,63,1.1999816148643265,-1.5753905348755977,8.818473791704955,-0.004281935829964342,-0.9320225877438314,0.36237489008048024,6757.942722345534,1.8160256486480406
sensitivity_ell_chi_plus20pct__terminal__start1,64,1.3416202312933032,-1.5753905348755977,8.818473791704955,-0.004474071700546232,-0.9738436187936216,0.22717523812546522,6757.942722345534,2.329500234518128
sensitivity_ell_chi_plus20pct__terminal__start1,65,1.4291577103659199,-1.5753905348755977,8.818473791704955,-0.004548185724000583,-0.989975561604312,0.14116551077670147,6757.942722345534,2.9127432336126904
sensitivity_ell_chi_plus20pct__terminal__start1,66,1.4832588477222797,-1.5753905348755977,8.818473791704955,-0.004576600946134853,-0.9961605279178121,0.08742572471696056,6757.942722345534,3.672823389060909
sensitivity_ell_chi_plus20pct__terminal__start1,67,1.5166951894385368,-1.5753905348755977,8.818473791704955,-0.00458747011290219,-0.9985263524745982,0.054074749483818095,6757.942722345534,5.0200498829698565
sensitivity_ell_chi_plus20pct__terminal__start1,68,1.5373599850786395,-1.5753905348755977,8.818473791704955,-0.0045916240306115436,-0.9994305101468487,0.03343011182110186,6757.942722345534,10.08914102139553
sensitivity_ell_chi_plus20pct__terminal__start1,69,1.5501315311547936,-1.5753905348755977,8.818473791704955,-0.00459321101659209,-0.9997759396065692,0.02066332491054402,6757.942722345534,12.10996253520786
sensitivity_ell_chi_plus20pct__terminal__start1,70,1.5580247807187424,-1.5753905348755977,8.818473791704955,-0.004593817239535621,-0.9999078924192728,0.012771198879420182,6757.942722345534,12.870392134902538
sensitivity_ell_chi_plus20pct__terminal__start1,71,1.562903077230948,-1.5753905348755977,8.818473791704955,-0.00459404880313346,-0.9999582954407694,0.00789316760150468,6757.942722345534,13.159701999569048
sensitivity_ell_chi_plus20pct__terminal__start1,72,1.565918030282691,-1.5753905348755977,8.818473791704955,-0.004594137253584146,-0.9999775479053576,0.0048782771634600566,6757.942722345534,13.270060549772774
sensitivity_ell_chi_plus20pct__terminal__start1,73,1.5677813737431534,-1.5753905348755977,8.818473791704955,-0.004594171038799807,-0.9999849017250733,0.003014948484120609,6757.942722345534,13.312193126044797
sensitivity_ell_chi_plus20pct__terminal__start1,74,1.568932983334434,-1.5753905348755977,8.818473791704955,-0.0045941839436257305,-0.9999877106390153,0.0018633423821927913,6757.942722345534,13.328283377420187
sensitivity_ell_chi_plus20pct__terminal__start1,75,1.5696447172036159,-1.5753905348755977,8.818473791704955,-0.0045941888728338025,-0.9999887835493637,0.0011516093367357678,6757.942722345534,13.334428877357528
sensitivity_ell_chi_plus20pct__terminal__start1,76,1.5700845929257148,-1.5753905348755977,8.818473791704955,-0.004594190755624215,-0.9999891933647513,0.000711733809091914,6757.942722345534,13.336776186988361
sensitivity_ell_chi_plus20pct__terminal__start1,77,1.5703564510727976,-1.5753905348755977,8.818473791704955,-0.004594191474786227,-0.9999893499003151,0.00043987570791366947,6757.942722345534,13.337672770379548
sensitivity_ell_chi_plus20pct__terminal__start1,78,1.5705244686478135,-1.5753905348755977,8.818473791704955,-0.004594191749481681,-0.999989409691582,0.00027185814373444626,6757.942722345534,13.338015233432355
sensitivity_ell_chi_plus20pct__terminal__start1,79,1.5706283092198807,-1.5753905348755977,8.818473791704955,-0.0045941918544060096,-0.9999894325298141,0.00016801757422537421,6757.942722345534,13.338146042487017
sensitivity_ell_chi_plus20pct__terminal__start1,80,1.5706949758875361,-0.7416294238611401,8.818473791704955,0.7373688742911909,-0.6754902907922036,0.00010135090718695747,6757.942722345534,1.2697180226418128
sensitivity_ell_chi_plus20pct__terminal__start1,81,1.5706949758875361,0.7416294238611396,8.818473791704955,0.7373688742911911,0.6754902907922031,0.00010135090718695746,6757.942722345534,1.1651405592943822
sensitivity_ell_chi_plus20pct__terminal__start1,82,1.5706949758875361,-1.6583338058675134,8.818473791704955,-0.08742572426794165,-0.9961710357484901,0.00010135090718695747,6757.942722345534,2.8018571479784593
sensitivity_ell_chi_plus20pct__terminal__start1,83,1.5706949758875361,-2.2248882715834197,8.818473791704955,-0.6084388578539177,-0.7936007472157608,0.00010135090718695747,6757.942722345534,2.0121562643651414
sensitivity_ell_chi_plus20pct__terminal__start1,84,1.5706949758875361,-1.6043656319683655,8.818473791704955,-0.03356300049111872,-0.9994365986524743,0.00010135090718695747,6757.942722345534,7.1419226603972845
sensitivity_ell_chi_plus20pct__terminal__start1,85,1.5706949758875361,-1.274829723796608,8.818473791704955,0.29166456047895667,-0.9565206604609284,0.00010135090718695746,6757.942722345534,1.9227717011341001
sensitivity_ell_chi_plus20pct__terminal__start1,86,1.5706949758875361,-1.4784941155603182,8.818473791704955,0.09217120208422748,-0.995743169313424,0.00010135090718695746,6757.942722345534,2.9939511833547123
sensitivity_ell_chi_plus20pct__terminal__start1,87,1.5706949758875361,-1.5675667834836213,8.818473791704955,0.003229537680695426,-0.9999947798935566,0.00010135090718695746,6757.942722345534,12.922988443232004
sensitivity_ell_chi_plus20pct__terminal__start1,88,1.5706949758875361,-1.5491521936656971,8.818473791704955,0.021642443125201187,-0.9997657697598804,0.00010135090718695747,6757.942722345534,8.67071882769215
sensitivity_ell_chi_plus20pct__terminal__start1,89,1.5706949758875361,-1.5747889040407945,8.818473791704955,-0.003992566618005764,-0.9999920245380932,0.00010135090718695746,6757.942722345534,13.335619755907352
sensitivity_ell_chi_plus20pct__terminal__start1,90,1.5706949758875361,-1.5753920871630138,8.818473791704955,-0.00459574416667784,-0.9999894343759579,0.00010135090718695746,6757.942722345534,13.338197739818169
sensitivity_ell_chi_plus20pct__terminal__start1,91,1.5706949758875361,-1.5754587538297036,8.818473791704955,-0.004662410118730509,-0.9999891257708148,0.00010135090718695746,6757.942722345534,13.33817830345589
sensitivity_ell_chi_plus20pct__terminal__start1,92,1.5706949758875361,-1.5753254204963243,8.818473791704955,-0.004529078194199865,-0.9999897385367035,0.00010135090718695747,6757.942722345534,13.33815654942363
sensitivity_ell_chi_plus20pct__terminal__start1,93,1.5706949759644142,-1.5753773568104823,8.342310205260864,-0.0045810139692836534,-0.9999895019644068,0.00010135083030889837,4197.776273049269,13.27549923176844
sensitivity_ell_chi_plus20pct__terminal__start1,94,1.5706949757011328,-1.5754278033038154,9.973010023033673,-0.0046314599271771355,-0.9999892695958786,0.0001013510935902937,21439.92298441949,12.845654245314279
sensitivity_ell_chi_plus20pct__terminal__start1,95,1.570694976127131,-1.575346179162989,7.334482292429009,-0.004549836646873079,-0.9999896443036442,0.00010135066759217024,1532.2343252594655,12.659076551492376
sensitivity_ell_chi_plus20pct__terminal__start1,96,1.570694975896923,-1.5753902885781612,8.760333933063821,-0.004593945600820976,-0.9999894426401772,0.00010135089780002184,6376.240460032035,13.337196213244248
sensitivity_ell_chi_plus20pct__terminal__start1,97,1.57069497589553,-1.5753905554816197,8.768961676884564,-0.00459421250146146,-0.9999894414140015,0.00010135089919312967,6431.491030416355,13.33746867556814
sensitivity_ell_chi_plus20pct__terminal__start1,98,1.570694975886851,-1.5753922184400866,8.822717367111599,-0.0045958754423635435,-0.9999894337726334,0.00010135090787218709,6786.681496331696,13.338192029318215
sensitivity_ell_chi_plus20pct__terminal__start1,99,1.5706949758874513,-1.5753921034031446,8.818998759380612,-0.004595760406637048,-0.9999894343013223,0.0001013509072717785,6761.491355205984,13.338197628320659
sensitivity_ell_chi_plus20pct__terminal__start1,100,1.5706949758875577,-1.575392083035538,8.818340369658314,-0.004595740039245533,-0.9999894343949267,0.00010135090716541913,6757.041123944325,13.338197733491926
sensitivity_ell_chi_plus20pct__terminal__start1,101,1.5706949758875466,-1.5753920851841847,8.81840982538778,-0.004595742187869647,-0.9999894343850521,0.00010135090717652136,6757.510455463316,13.338197738301131
sensitivity_ell_chi_plus20pct__terminal__start1,102,1.5706949758875377,-1.5753920868644613,8.818464140892406,-0.004595743868128478,-0.99998943437733,0.00010135090718540314,6757.877503021814,13.338197739781906
sensitivity_ell_chi_plus20pct__terminal__start1,103,1.5706949758875357,-1.5753920872676386,8.818477173734335,-0.004595744271301488,-0.999989434375477,0.00010135090718740154,6757.9655779450195,13.338197739814017
sensitivity_ell_chi_plus20pct__terminal__start1,104,1.5706949758875361,-1.5753920871695508,8.81847400301534,-0.004595744173214763,-0.9999894343759279,0.00010135090718695746,6757.944150369159,13.338197739817119
sensitivity_ell_chi_plus20pct__terminal__start1,105,1.5706949758875361,-1.5753920871752438,8.818474187043678,-0.004595744178907705,-0.9999894343759017,0.00010135090718695746,6757.945394022512,13.33819773981877
sensitivity_ell_chi_plus20pct__terminal__start1,106,1.570694975887536,-1.5753920872140554,8.818475441640913,-0.004595744217718916,-0.9999894343757233,0.0001013509071871795,6757.953872527436,13.338197739817238
sensitivity_ell_chi_plus20pct__terminal__start1,107,1.570694975887536,-1.5753920871900686,8.818474666257181,-0.004595744193732357,-0.9999894343758335,0.0001013509071871795,6757.948632521971,13.338197739817229
sensitivity_ell_chi_plus20pct__terminal__start1,108,1.5706949758875361,-1.5753920871809064,8.818474370086948,-0.004595744184570227,-0.9999894343758756,0.00010135090718695746,6757.946631019045,13.338197739819055
sensitivity_ell_chi_plus20pct__terminal__start1,109,1.570694975887536,-1.5753920871873504,8.818474578395037,-0.004595744191014116,-0.9999894343758461,0.0001013509071871795,6757.94803875414,13.33819773981876
sensitivity_ell_chi_plus20pct__terminal__start1,110,1.5706949758875361,-1.5753920871812417,8.818474380924034,-0.004595744184905511,-0.9999894343758742,0.00010135090718695746,6757.946704255493,13.33819773981768
sensitivity_ell_chi_plus20pct__terminal__start1,111,1.5706949758875361,-1.5753920871808984,8.818474369831897,-0.004595744184562233,-0.9999894343758757,0.00010135090718695746,6757.946629295423,13.338197739817879
sensitivity_ell_chi_plus20pct__terminal__start1,112,1.5706949758875361,-1.5753920871810343,8.818474374226346,-0.004595744184698124,-0.9999894343758751,0.00010135090718695746,6757.946658992877,13.338197739817057
sensitivity_ell_chi_plus20pct__terminal__start1,113,1.5706949758875361,-1.5753920871809552,8.818474371668058,-0.004595744184619077,-0.9999894343758754,0.00010135090718695746,6757.946641704104,13.338197739818169
sensitivity_ell_chi_plus20pct__terminal__start1,114,1.5706949758875361,-1.575392087180925,8.818474370690879,-0.004595744184588879,-0.9999894343758756,0.00010135090718695746,6757.946635100379,13.338197739817684
sensitivity_ell_chi_plus20pct__terminal__start1,115,1.5706949758875361,-1.5753920871809142,8.818474370341999,-0.004595744184577998,-0.9999894343758756,0.00010135090718695746,6757.946632742666,13.338197739816824
sensitivity_ell_chi_plus20pct__terminal__start2,1,1.5707963267948966,-1.6053908940094779,8.880082914842957,-0.03458766725626166,-0.9994016676360763,6.123233995736767e-17,7187.386652130975,6.611835156831615
sensitivity_ell_chi_plus20pct__terminal__start2,2,0.5999908074321633,-1.6053908940094779,8.880082914842957,-0.01952940357268732,-0.5642970470912062,0.8253408053890466,7187.386652130975,0.9038086452883741
sensitivity_ell_chi_plus20pct__terminal__start2,3,0.9708055193627332,-1.6053908940094779,8.880082914842957,-0.028546613149811346,-0.8248469772739153,0.5646348864175504,7187.386652130975,1.308361044691658
sensitivity_ell_chi_plus20pct__terminal__start2,4,1.1999816148643265,-1.6053908940094779,8.880082914842957,-0.03223682734689896,-0.9314747586498338,0.36237489008048024,7187.386652130975,1.7641902818311026
sensitivity_ell_chi_plus20pct__terminal__start2,5,1.3416202312933032,-1.6053908940094779,8.880082914842957,-0.03368333451866713,-0.9732712079160369,0.22717523812546522,7187.386652130975,2.254824404340316
sensitivity_ell_chi_plus20pct__terminal__start2,6,1.4291577103659199,-1.6053908940094779,8.880082914842957,-0.03424130667727882,-0.9893936686093082,0.1411655107767015,7187.386652130975,2.779221379183648
sensitivity_ell_chi_plus20pct__terminal__start2,7,1.4832588477222797,-1.6053908940094779,8.880082914842957,-0.0344552324917565,-0.9955749994910746,0.08742572471696057,7187.386652130975,3.356813659743669
sensitivity_ell_chi_plus20pct__terminal__start2,8,1.5166951894385368,-1.6053908940094779,8.880082914842957,-0.034537061707886105,-0.997939433451173,0.0540747494838181,7187.386652130975,4.01329191368259
sensitivity_ell_chi_plus20pct__terminal__start2,9,1.5373599850786395,-1.6053908940094779,8.880082914842957,-0.03456833474263655,-0.9988430596729146,0.03343011182110186,7187.386652130975,4.6733893456438
sensitivity_ell_chi_plus20pct__terminal__start2,10,1.5501315311547936,-1.6053908940094779,8.880082914842957,-0.03458028246793846,-0.9991882860943071,0.02066332491054402,7187.386652130975,5.27957074184103
sensitivity_ell_chi_plus20pct__terminal__start2,11,1.5580247807187424,-1.6053908940094779,8.880082914842957,-0.034584846456083174,-0.9993201613470988,0.012771198879420183,7187.386652130975,6.05719098248014
sensitivity_ell_chi_plus20pct__terminal__start2,12,1.562903077230948,-1.6053908940094779,8.880082914842957,-0.0345865897974175,-0.9993705347424446,0.00789316760150468,7187.386652130975,6.39862766104679
sensitivity_ell_chi_plus20pct__terminal__start2,13,1.565918030282691,-1.6053908940094779,8.880082914842957,-0.034587255702284075,-0.9993897758907189,0.0048782771634600566,7187.386652130975,6.530355540060188
sensitivity_ell_chi_plus20pct__terminal__start2,14,1.5677813737431534,-1.6053908940094779,8.880082914842957,-0.03458751005643776,-0.9993971253879681,0.003014948484120609,7187.386652130975,6.580712998881228
sensitivity_ell_chi_plus20pct__terminal__start2,15,1.568932983334434,-1.6053908940094779,8.880082914842957,-0.03458760721124384,-0.999399932650872,0.0018633423821927913,7187.386652130975,6.599947905329307
sensitivity_ell_chi_plus20pct__terminal__start2,16,1.5696447172036159,-1.6053908940094779,8.880082914842957,-0.034587644321101604,-0.9994010049305797,0.001151609336735768,7187.386652130975,6.6072946992460695
sensitivity_ell_chi_plus20pct__terminal__start2,17,1.5700845929257148,-1.6053908940094779,8.880082914842957,-0.034587658495809456,-0.9994014145050838,0.000711733809091914,7187.386652130975,6.610100867245003
sensitivity_ell_chi_plus20pct__terminal__start2,18,1.5703564510727976,-1.6053908940094779,8.880082914842957,-0.03458766391006658,-0.9994015709486381,0.0004398757079136694,7187.386652130975,6.611172718782699
sensitivity_ell_chi_plus20pct__terminal__start2,19,1.5705244686478135,-1.6053908940094779,8.880082914842957,-0.03458766597812886,-0.9994016307047608,0.0002718581437344463,7187.386652130975,6.611582128260636
sensitivity_ell_chi_plus20pct__terminal__start2,20,1.5706283092198807,-1.6053908940094779,8.880082914842957,-0.03458766676805836,-0.9994016535295689,0.00016801757422537421,7187.386652130975,6.61173850854099
sensitivity_ell_chi_plus20pct__terminal__start2,21,1.5706949758890394,-1.6053908940094779,8.880082914842957,-0.034587667078619294,-0.9994016625031462,0.0001013509056837155,7187.386652130975,6.611799989465665
sensitivity_ell_chi_plus20pct__terminal__start2,22,1.5706949758890394,-0.7416294238611401,8.880082914842957,0.737368874291191,-0.6754902907922036,0.0001013509056837155,7187.386652130975,1.269692269215258
sensitivity_ell_chi_plus20pct__terminal__start2,23,1.5706949758890394,0.7416294238611396,8.880082914842957,0.7373688742911914,0.6754902907922032,0.0001013509056837155,7187.386652130975,1.1650758230405334
sensitivity_ell_chi_plus20pct__terminal__start2,24,1.5706949758890394,-1.6583338058675134,8.880082914842957,-0.08742572426794165,-0.9961710357484902,0.0001013509056837155,7187.386652130975,2.8012922096111064
sensitivity_ell_chi_plus20pct__terminal__start2,25,1.5706949758890394,-2.2248882715834197,8.880082914842957,-0.6084388578539178,-0.7936007472157609,0.0001013509056837155,7187.386652130975,2.011483446072911
sensitivity_ell_chi_plus20pct__terminal__start2,26,1.5706949758890394,-1.6042757864845636,8.880082914842957,-0.03347320549104049,-0.9994396101026557,0.00010135090568371548,7187.386652130975,7.156033434366687
sensitivity_ell_chi_plus20pct__terminal__start2,27,1.5706949758890394,-1.2747741962338828,8.880082914842957,0.29171767329025494,-0.9565044635641352,0.00010135090568371548,7187.386652130975,1.9224813919922803
sensitivity_ell_chi_plus20pct__terminal__start2,28,1.5706949758890394,-1.4784173783559444,8.880082914842957,0.09224761235986025,-0.9957360934212934,0.00010135090568371548,7187.386652130975,2.9923661675225555
sensitivity_ell_chi_plus20pct__terminal__start2,29,1.5706949758890394,-1.5675348858856875,8.880082914842957,0.003261435110472075,-0.9999946763703366,0.00010135090568371548,7187.386652130975,12.917778280488738
sensitivity_ell_chi_plus20pct__terminal__start2,30,1.5706949758890394,-1.549108957691208,8.880082914842957,0.02168566895227546,-0.9997648330933061,0.00010135090568371548,7187.386652130975,8.640232177211136
sensitivity_ell_chi_plus20pct__terminal__start2,31,1.5706949758890394,-1.5747845105823595,8.880082914842957,-0.003988173194572047,-0.9999920420696177,0.00010135090568371548,7187.386652130975,13.334398321996824
sensitivity_ell_chi_plus20pct__terminal__start2,32,1.5706949758890394,-1.5753831766543323,8.880082914842957,-0.004586833751959028,-0.9999894752866781,0.00010135090568371548,7187.386652130975,13.33701505382522
sensitivity_ell_chi_plus20pct__terminal__start2,33,1.5706949758890394,-1.5754498437660853,8.880082914842957,-0.004653500151817378,-0.9999891672734915,0.00010135090568371548,7187.386652130975,13.337003680708555
sensitivity_ell_chi_plus20pct__terminal__start2,34,1.5706949758890394,-1.5753165095425794,8.880082914842957,-0.004520167331714701,-0.9999897788554077,0.00010135090568371548,7187.386652130975,13.336965708867572
sensitivity_ell_chi_plus20pct__terminal__start2,35,1.5706949758890394,-1.5753831766543323,8.342310205260866,-0.004586833751959028,-0.9999894752866781,0.00010135090568371548,4197.776273049276,13.275501000520881
sensitivity_ell_chi_plus20pct__terminal__start2,36,1.5706949758890394,-1.5753831766543323,9.973010023033673,-0.004586833751959028,-0.9999894752866781,0.00010135090568371548,21439.92298441949,12.845663383109963
sensitivity_ell_chi_plus20pct__terminal__start2,37,1.5706949758890394,-1.5753831766543323,7.334482292429009,-0.004586833751959028,-0.9999894752866781,0.00010135090568371548,1532.2343252594655,12.659086039985505
sensitivity_ell_chi_plus20pct__terminal__start2,38,1.5706949758890394,-1.5753831766543323,8.760335215892171,-0.004586833751959028,-0.9999894752866781,0.00010135090568371548,6376.248639659311,13.337194578150479
sensitivity_ell_chi_plus20pct__terminal__start2,39,1.5706949758890394,-1.5753831766543323,8.768956354253978,-0.004586833751959028,-0.9999894752866781,0.00010135090568371548,6431.456798056591,13.337466792262752
sensitivity_ell_chi_plus20pct__terminal__start2,40,1.5706949758890394,-1.5753831766543323,8.822708176152933,-0.004586833751959028,-0.9999894752866781,0.00010135090568371548,6786.619120509229,13.338190035543068
sensitivity_ell_chi_plus20pct__terminal__start2,41,1.5706949758890394,-1.5753831766543323,8.818990226733307,-0.004586833751959028,-0.9999894752866781,0.00010135090568371548,6761.4336620311315,13.33819563276069
sensitivity_ell_chi_plus20pct__terminal__start2,42,1.5706949758890394,-1.5753831766543323,8.818331807510644,-0.004586833751959028,-0.9999894752866781,0.00010135090568371548,6756.98326940809,13.338195737853935
sensitivity_ell_chi_plus20pct__terminal__start2,43,1.5706949758890394,-1.5753831766543323,8.818401502667278,-0.004586833751959028,-0.9999894752866781,0.00010135090568371548,6757.454214826544,13.338195742663354
sensitivity_ell_chi_plus20pct__terminal__start2,44,1.5706949758890394,-1.5753831766543323,8.81846817024883,-0.004586833751959028,-0.9999894752866781,0.00010135090568371548,6757.9047329738,13.338195744164953
sensitivity_ell_chi_plus20pct__terminal__start2,45,1.5706949758890394,-1.5753831766543323,8.81853483782939,-0.004586833751959028,-0.9999894752866781,0.00010135090568371548,6758.355281150314,13.338195742297385
sensitivity_ell_chi_plus20pct__terminal__start2,46,1.5705936249831822,-1.5453754592991866,8.756853425654702,0.02541812914768123,-0.9996768866101726,0.00020270181032629265,6354.086483772136,7.165045514121698
sensitivity_ell_chi_plus20pct__terminal__start2,47,1.5688006542786648,-1.0145172723675673,7.666844105172869,0.5280288862990735,-0.8492240649735825,0.0019956711915350297,2136.3287665769617,1.502367106384729
sensitivity_ell_chi_plus20pct__terminal__start2,48,1.5675672608332196,-0.6493372911371214,6.91702128432629,0.7964805336848998,-0.6046555487467823,0.003229060350173045,1009.3090676741659,1.209368491081223
sensitivity_ell_chi_plus20pct__terminal__start2,49,1.5695629333494514,-1.2402109127790317,8.130260093996377,0.3245965523864827,-0.9458517626563846,0.001233393132726677,3395.682646964308,1.843281277543991
sensitivity_ell_chi_plus20pct__terminal__start2,50,1.5700340477241101,-1.3796972535980134,8.416666926019447,0.18993802004249277,-0.9817957870520063,0.0007622789969636344,4521.806793454467,2.2718953354630376
sensitivity_ell_chi_plus20pct__terminal__start2,51,1.5703252124202378,-1.465904553190496,8.593676082819886,0.10469952625080953,-0.9945037894619199,0.00047111435723159653,5397.418608639587,2.8512849192868632
sensitivity_ell_chi_plus20pct__terminal__start2,52,1.570505162098769,-1.5191835944169954,8.703073758042517,0.05158981827248264,-0.9986683162460569,0.0002911646920137214,6021.392103767431,3.821701085402979
sensitivity_ell_chi_plus20pct__terminal__start2,53,1.5706163771163655,-1.5521118527829787,8.770685239620326,0.018683386573614385,-0.9998254341055015,0.00017994967755995348,6442.585667096402,9.688392802827808
sensitivity_ell_chi_plus20pct__terminal__start2,54,1.5706851117772997,-1.5724626356434945,8.812471433265149,-0.0016663080671848463,-0.9999986055233503,0.00011121501736760631,6717.5006232194655,13.27939628692809
sensitivity_ell_chi_plus20pct__terminal__start2,55,1.5707275921339623,-1.585040111148962,8.838296721198134,-0.01424330268267497,-0.9998985566567421,6.873466088020546e-05,6893.241523319199,12.694868266907028
sensitivity_ell_chi_plus20pct__terminal__start2,56,1.5706947594379554,-1.5753190903701926,8.81833658209827,-0.004522748132834484,-0.9999897671643441,0.00010156735676654671,6757.01553129382,13.338149356793695
sensitivity_ell_chi_plus20pct__terminal__start2,57,1.570694972099487,-1.5753820546532955,8.818465866447895,-0.004585711762726374,-0.9999894804320969,0.00010135469523614565,6757.889164124492,13.338195413904375
sensitivity_ell_chi_plus20pct__terminal__start2,58,1.570695047565626,-1.5754043984750499,8.818511744941562,-0.004608055348322065,-0.9999893777277961,0.0001012792290974174,6758.199213011945,13.338198756099583
sensitivity_ell_chi_plus20pct__terminal__start2,59,1.570695040808898,-1.5754023979602447,8.818507637291276,-0.004606054854754561,-0.9999893869435936,0.00010128598582544868,6758.171452750033,13.338198734496572
sensitivity_ell_chi_plus20pct__terminal__start2,60,1.5706950543223541,-1.575406398989855,8.818515852591847,-0.004610055841871129,-0.9999893685079964,0.00010127247236938612,6758.226973387888,13.338198723097742
sensitivity_ell_chi_plus20pct__terminal__start2,61,0.5999908074321633,-1.5754043984750499,8.818511744941562,-0.0026018688215499255,-0.5646288916079262,0.8253408053890466,6758.199213011945,0.9202140349194302
sensitivity_ell_chi_plus20pct__terminal__start2,62,0.9708055193627332,-1.5754043984750499,8.818511744941562,-0.003803216131967147,-0.825332042627265,0.5646348864175504,6758.199213011945,1.342777826438818
sensitivity_ell_chi_plus20pct__terminal__start2,63,1.1999816148643265,-1.5754043984750499,8.818511744941562,-0.0042948570173893304,-0.9320225282912211,0.36237489008048024,6758.199213011945,1.8159577183336884
sensitivity_ell_chi_plus20pct__terminal__start2,64,1.3416202312933032,-1.5754043984750499,8.818511744941562,-0.004487572677975892,-0.9738435566732976,0.22717523812546525,6758.199213011945,2.329471541343367
sensitivity_ell_chi_plus20pct__terminal__start2,65,1.4291577103659199,-1.5754043984750499,8.818511744941562,-0.004561910348216625,-0.9899754984549506,0.14116551077670147,6758.199213011945,2.9127051808534583
sensitivity_ell_chi_plus20pct__terminal__start2,66,1.4832588477222797,-1.5754043984750499,8.818511744941562,-0.0045904113162437594,-0.996160464373919,0.08742572471696057,6758.199213011945,3.6727791265916028
sensitivity_ell_chi_plus20pct__terminal__start2,67,1.5166951894385368,-1.5754043984750499,8.818511744941562,-0.004601313281854078,-0.998526288779792,0.054074749483818095,6758.199213011945,5.019973109639483
sensitivity_ell_chi_plus20pct__terminal__start2,68,1.5373599850786395,-1.5754043984750499,8.818511744941562,-0.004605479734442842,-0.9994304463943673,0.03343011182110185,6758.199213011945,10.089081284394892
sensitivity_ell_chi_plus20pct__terminal__start2,69,1.5501315311547936,-1.5754043984750499,8.818511744941562,-0.0046070715093189055,-0.9997758758320534,0.02066332491054402,6758.199213011945,12.109941121445917
sensitivity_ell_chi_plus20pct__terminal__start2,70,1.5580247807187424,-1.5754043984750499,8.818511744941562,-0.004607679561603321,-0.9999078286363399,0.012771198879420183,6758.199213011945,12.870384786708904
sensitivity_ell_chi_plus20pct__terminal__start2,71,1.562903077230948,-1.5754043984750499,8.818511744941562,-0.004607911823968438,-0.9999582316546213,0.00789316760150468,6758.199213011945,13.159699970187916
sensitivity_ell_chi_plus20pct__terminal__start2,72,1.565918030282691,-1.5754043984750499,8.818511744941562,-0.004608000541327573,-0.9999774841179814,0.0048782771634600566,6758.199213011945,13.270060545168299
sensitivity_ell_chi_plus20pct__terminal__start2,73,1.5677813737431534,-1.5754043984750499,8.818511744941562,-0.004608034428493641,-0.9999848379372279,0.0030149484841206086,6758.199213011945,13.312193893885354
sensitivity_ell_chi_plus20pct__terminal__start2,74,1.568932983334434,-1.5754043984750499,8.818511744941562,-0.0046080473722612215,-0.9999876468509907,0.0018633423821927913,6758.199213011945,13.328284440179504
sensitivity_ell_chi_plus20pct__terminal__start2,75,1.5696447172036159,-1.5754043984750499,8.818511744941562,-0.004608052316343693,-0.9999887197612708,0.0011516093367357678,6758.199213011945,13.334430052743299
sensitivity_ell_chi_plus20pct__terminal__start2,76,1.5700845929257148,-1.5754043984750499,8.818511744941562,-0.0046080542048156205,-0.9999891295766322,0.0007117338090919139,6758.199213011945,13.33677740538888
sensitivity_ell_chi_plus20pct__terminal__start2,77,1.5703564510727976,-1.5754043984750499,8.818511744941562,-0.004608054926147779,-0.999989286112186,0.0004398757079136694,6758.199213011945,13.33767400521172
sensitivity_ell_chi_plus20pct__terminal__start2,78,1.5705244686478135,-1.5754043984750499,8.818511744941562,-0.004608055201672155,-0.9999893459034491,0.00027185814373444626,6758.199213011945,13.338016474540739
sensitivity_ell_chi_plus20pct__terminal__start2,79,1.5706283092198807,-1.5754043984750499,8.818511744941562,-0.004608055306913104,-0.9999893687416798,0.00016801757422537421,6758.199213011945,13.338147285988764
sensitivity_ell_chi_plus20pct__terminal__start2,80,1.5706949758875373,-1.5754043984750499,8.818511744941562,-0.004608055348288601,-0.999989377720534,0.00010135090718584723,6758.199213011945,13.338198714504971
sensitivity_ell_chi_plus20pct__terminal__start2,81,1.5706949758875373,-1.5754043984750499,8.342310205260866,-0.004608055348288601,-0.999989377720534,0.00010135090718584723,4197.776273049276,13.275503581965562
sensitivity_ell_chi_plus20pct__terminal__start2,82,1.5706949758875373,-1.5754043984750499,9.973010023033673,-0.004608055348288601,-0.999989377720534,0.00010135090718584723,21439.92298441949,12.845662698455405
sensitivity_ell_chi_plus20pct__terminal__start2,83,1.5706949758875373,-1.5754043984750499,7.334482292429009,-0.004608055348288601,-0.999989377720534,0.00010135090718584723,1532.2343252594655,12.659083678683137
sensitivity_ell_chi_plus20pct__terminal__start2,84,1.5706949758875373,-1.5754043984750499,8.760335332534062,-0.004608055348288601,-0.999989377720534,0.00010135090718584723,6376.249383397053,13.33719755193828
sensitivity_ell_chi_plus20pct__terminal__start2,85,1.5706949758875373,-1.5754043984750499,8.768956179863721,-0.004608055348288601,-0.999989377720534,0.00010135090718584723,6431.455676473286,13.33746975451865
sensitivity_ell_chi_plus20pct__terminal__start2,86,1.5706949758875373,-1.5754043984750499,8.822707038749872,-0.004608055348288601,-0.999989377720534,0.00010135090718584723,6786.611401392261,13.338193011343284
sensitivity_ell_chi_plus20pct__terminal__start2,87,1.5706949758875373,-1.5754043984750499,8.818990931278767,-0.004608055348288601,-0.999989377720534,0.00010135090718584723,6761.4384257702,13.33819860512851
sensitivity_ell_chi_plus20pct__terminal__start2,88,1.5706949758875373,-1.5754043984750499,8.818331896690205,-0.004608055348288601,-0.999989377720534,0.00010135090718584723,6756.983871992921,13.338198708620304
sensitivity_ell_chi_plus20pct__terminal__start2,89,1.5706949758875373,-1.5754043984750499,8.818406618960132,-0.004608055348288601,-0.999989377720534,0.00010135090718584723,6757.488788029699,13.338198713745584
sensitivity_ell_chi_plus20pct__terminal__start2,90,1.5706949758875373,-1.5754043984750499,8.818473285628357,-0.004608055348288601,-0.999989377720534,0.00010135090718584723,6757.939302309741,13.338198715175475
sensitivity_ell_chi_plus20pct__terminal__start2,91,1.5706949758875373,-1.5754043984750499,8.818539952295595,-0.004608055348288601,-0.999989377720534,0.00010135090718584723,6758.389846618395,13.338198713272728
sensitivity_ell_chi_plus20pct__terminal__start2,92,1.5675672556319338,-0.6493569734191412,6.917023238576214,0.7964686325162131,-0.6046712251739934,0.003229065551431775,1009.3110401182626,1.2093806997451162
sensitivity_ell_chi_plus20pct__terminal__start2,93,1.5688006510640935,-1.0145375428709211,7.66684726721567,0.5280116719879483,-0.8492347682049741,0.0019956744060999035,2136.3355217506387,1.5023892980836273
sensitivity_ell_chi_plus20pct__terminal__start2,94,1.5695629313627368,-1.2402315468231628,8.130264002496228,0.3245770355695759,-0.9458584601922984,0.0012333951194397365,3395.6959190153643,1.8433255777143356
sensitivity_ell_chi_plus20pct__terminal__start2,95,1.570034046496253,-1.3797181123227011,8.416671295855124,0.18991754099297514,-0.9817997487023719,0.0007622802248204271,4521.826553050292,2.271989607367401
sensitivity_ell_chi_plus20pct__terminal__start2,96,1.5703252116613804,-1.4659255507754043,8.593680737776785,0.10467864404993178,-0.9945059876795188,0.0004711151160889337,5397.4437334490485,2.851505154926019
sensitivity_ell_chi_plus20pct__terminal__start2,97,1.5705051616297692,-1.5192046778222397,8.703078589214023,0.051568762932194985,-0.9986694037130066,0.0002911651610134295,6021.421194215656,3.822443633905196
sensitivity_ell_chi_plus20pct__terminal__start2,98,1.5706163768265078,-1.5521329892281075,8.770690179698446,0.018662253814015237,-0.9998258287824888,0.0001799499674176422,6442.617494051512,9.695094312795877
sensitivity_ell_chi_plus20pct__terminal__start2,99,1.570685111598158,-1.5724838048690748,8.81247644065126,-0.0016874772628701388,-0.9999985700248113,0.00011121519650941769,6717.5342604230045,13.280237947889102
sensitivity_ell_chi_plus20pct__terminal__start2,100,1.5707275920232466,-1.5850613006339755,8.83830177018287,-0.014264490014957,-0.9998982546240115,6.873477159586405e-05,6893.276327278294,12.692011178291006
sensitivity_ell_chi_plus20pct__terminal__start2,101,1.5706946862406734,-1.5753186405713624,8.81829719921465,-0.0045222983385729285,-0.9999897691911327,0.00010164055404818227,6756.749425777562,13.338148787832363
sensitivity_ell_chi_plus20pct__terminal__start2,102,1.5706949007348043,-1.5753821474458023,8.81842759766523,-0.0045858045542238254,-0.9999894799993373,0.00010142605991838666,6757.630552881205,13.338195399714387
sensitivity_ell_chi_plus20pct__terminal__start2,103,1.570694975897998,-1.57540440157226,8.818473291987848,-0.004608058445465751,-0.999989377706263,0.00010135089672510392,6757.939345286793,13.338198715166678
sensitivity_ell_chi_plus20pct__terminal__start2,104,1.570694975200775,-1.5754041951402815,8.818472868121765,-0.004607852015679708,-0.9999893786574217,0.00010135159394804637,6757.936480826117,13.338198715460418
sensitivity_ell_chi_plus20pct__terminal__start2,105,1.5706949751959967,-1.5754041937254906,8.81847286521678,-0.004607850600903781,-0.9999893786639402,0.00010135159872644626,6757.936461194415,13.338198715460788
sensitivity_ell_chi_plus20pct__terminal__start2,106,1.5706949751194845,-1.5754041710719777,8.818472818702398,-0.0046078279476315116,-0.9999893787683162,0.00010135167523857581,6757.936146853186,13.338198715458242
sensitivity_ell_chi_plus20pct__terminal__start2,107,1.5706949751667716,-1.5754041850726186,8.818472847449867,-0.004607841948123697,-0.9999893787038083,0.0001013516279515129,6757.936341126745,13.338198715459473
sensitivity_ell_chi_plus20pct__terminal__start2,108,1.570694975187637,-1.5754041912503447,8.818472860134571,-0.004607848125784201,-0.9999893786753445,0.00010135160708620353,6757.936426849173,13.33819871546135
sensitivity_ell_chi_plus20pct__terminal__start2,109,1.570694975179667,-1.5754041888906634,8.818472855289444,-0.004607845766127921,-0.9999893786862167,0.00010135161505605048,6757.936394106113,13.33819871546002
