objective,run_id,evaluation,theta_rad,phi_rad,log_k,n1,n2,n3,k_m_inv,log_gain
onset,onset_00,0,1.5242978470524262,1.5707929796383313,11.625366813273999,3.3435387591854934e-06,0.9989191404509232,0.04648172575980417,111900.6623351488,3.1982778634874904
onset,onset_00,1,0.5999908074321633,1.5707929796383313,11.625366813273999,1.889921367071406e-06,0.5646348864143873,0.8253408053890466,111900.6623351488,3.1252299348092616
onset,onset_00,2,0.9708055193627332,1.5707929796383313,11.625366813273999,2.7625448953701044e-06,0.8253408053844232,0.5646348864175504,111900.6623351488,3.1604178658728364
onset,onset_00,3,1.1999816148643265,1.5707929796383313,11.625366813273999,3.1196584464413654e-06,0.9320324238080067,0.3623748900804803,111900.6623351488,3.181882730815003
onset,onset_00,4,1.3416202312933032,1.5707929796383313,11.625366813273999,3.2596414623779096e-06,0.9738538962144234,0.22717523812546525,111900.6623351488,3.1918266523484573
onset,onset_00,5,1.4291577103659199,1.5707929796383313,11.625366813273999,3.313638170514249e-06,0.9899860092729457,0.1411655107767015,111900.6623351488,3.1959360446082283
onset,onset_00,6,1.4832588477222797,1.5707929796383313,11.625366813273999,3.334340439595059e-06,0.9961710408592475,0.08742572471696057,111900.6623351488,3.1975525027638447
onset,onset_00,7,1.5166951894385368,1.5707929796383313,11.625366813273999,3.342259308363296e-06,0.9985368903836711,0.054074749483818095,111900.6623351488,3.1981767055382417
onset,onset_00,8,1.5373599850786395,1.5707929796383313,11.625366813273999,3.3452856975905993e-06,0.9994410575979145,0.03343011182110186,111900.6623351488,3.198416120130368
onset,onset_00,9,1.5501315311547936,1.5707929796383313,11.625366813273999,3.3464419162765387e-06,0.9997864907031114,0.02066332491054402,111900.6623351488,3.1985077132217987
onset,onset_00,10,1.5580247807187424,1.5707929796383313,11.625366813273999,3.3468835876610046e-06,0.9999184449083739,0.012771198879420183,111900.6623351488,3.1985427198293133
onset,onset_00,11,1.562903077230948,1.5707929796383313,11.625366813273999,3.3470522962457593e-06,0.9999688484617968,0.00789316760150468,111900.6623351488,3.1985560942522664
onset,onset_00,12,1.565918030282691,1.5707929796383313,11.625366813273999,3.34711673793908e-06,0.9999881011295652,0.0048782771634600566,111900.6623351488,3.1985612032779795
onset,onset_00,13,1.5677813737431534,1.5707929796383313,11.625366813273999,3.3471413525847888e-06,0.999995455026889,0.003014948484120609,111900.6623351488,3.198563154817914
onset,onset_00,14,1.568932983334434,1.5707929796383313,11.625366813273999,3.3471507545587535e-06,0.9999982639704748,0.0018633423821927913,111900.6623351488,3.1985639002494404
onset,onset_00,15,1.5696447172036159,1.5707929796383313,11.625366813273999,3.34715434579557e-06,0.9999993368921462,0.0011516093367357678,111900.6623351488,3.1985641849803237
onset,onset_00,16,1.5700845929257148,1.5707929796383313,11.625366813273999,3.3471557175263112e-06,0.9999997467118587,0.0007117338090919139,111900.6623351488,3.198564293738074
onset,onset_00,17,1.5703564510727976,1.5707929796383313,11.625366813273999,3.3471562414808804e-06,0.9999999032490744,0.0004398757079136694,111900.6623351488,3.1985643352798534
onset,onset_00,18,1.5705244686478135,1.5707929796383313,11.625366813273999,3.3471564416137247e-06,0.9999999630409725,0.0002718581437344463,111900.6623351488,3.1985643511474118
onset,onset_00,19,1.5706283092198807,1.5707929796383313,11.625366813273999,3.3471565180576697e-06,0.9999999858794455,0.00016801757422537421,111900.6623351488,3.1985643572082805
onset,onset_00,20,1.5706924862228295,1.5707929796383313,11.625366813273999,3.347156547256659e-06,0.9999999946029661,0.00010384057188047133,111900.6623351488,3.198564359523325
onset,onset_00,21,1.5707321497919478,1.5707929796383313,11.625366813273999,3.3471565584096803e-06,0.9999999979350545,6.417700290481352e-05,111900.6623351488,3.1985643604075946
onset,onset_00,22,1.5707566632257781,1.5707929796383313,11.625366813273999,3.3471565626697554e-06,0.9999999992077989,3.966356910810361e-05,111900.6623351488,3.1985643607453556
onset,onset_00,23,1.5707718133610662,1.5707929796383313,11.625366813273999,3.347156564296959e-06,0.999999999693944,2.4513433827970483e-05,111900.6623351488,3.198564360874372
onset,onset_00,24,1.5707811766596085,1.5707929796383313,11.625366813273999,3.3471565649184957e-06,0.999999999879635,1.515013528755952e-05,111900.6623351488,3.1985643609236463
onset,onset_00,25,1.5707869634963543,1.5707929796383313,11.625366813273999,3.3471565651559017e-06,0.9999999999505627,9.363298542210877e-06,111900.6623351488,3.1985643609424677
onset,onset_00,26,1.5707905399581508,1.5707929796383313,11.625366813273999,3.3471565652465825e-06,0.9999999999776545,5.786836745820325e-06,111900.6623351488,3.1985643609496597
onset,onset_00,27,1.5707905399581508,-0.7416294238611401,11.625366813273999,0.7373688780659734,-0.6754902942502136,5.786836745820325e-06,111900.6623351488,3.1191002702532917
onset,onset_00,28,1.5707905399581508,0.7416294238611396,11.625366813273999,0.7373688780659737,0.6754902942502132,5.786836745820325e-06,111900.6623351488,3.124460206410166
onset,onset_00,29,1.5707905399581508,1.658333805867513,11.625366813273999,-0.08742572471549617,0.9961710408481481,5.786836745820325e-06,111900.6623351488,3.1959258671593944
onset,onset_00,30,1.5707905399581508,2.2248882715834193,11.625366813273999,-0.6084388609686737,0.7936007512784092,5.786836745820325e-06,111900.6623351488,3.124022907649307
onset,onset_00,31,1.5707905399581508,1.4821915991864332,11.625366813273999,0.08848883680867241,0.9960771685601276,5.786836745820325e-06,111900.6623351488,3.1964249490666905
onset,onset_00,32,1.5707905399581508,1.557276935251559,11.625366813273999,0.013518979714781068,0.9999086144013282,5.786836745820325e-06,111900.6623351488,3.198549368907806
onset,onset_00,33,1.5707905399581508,1.565663212845109,11.625366813273999,0.005133091407782342,0.9999868255827733,5.786836745820325e-06,111900.6623351488,3.198572061279457
onset,onset_00,34,1.5707905399581508,1.5658836581616011,11.625366813273999,0.004912648872589917,0.9999879328509756,5.786836745820326e-06,111900.6623351488,3.1985720673892866
onset,onset_00,35,1.5707905399581508,1.5658179700163208,11.625366813273999,0.004978336214555461,0.9999876079907428,5.786836745820325e-06,111900.6623351488,3.198572068733701
onset,onset_00,36,1.5707905399581508,1.565814636609196,11.625366813273999,0.004981669580344957,0.9999875913903656,5.786836745820325e-06,111900.6623351488,3.198572068730285
onset,onset_00,37,1.5707905399581508,1.5658213034234454,11.625366813273999,0.00497500284871087,0.9999876245800084,5.786836745820325e-06,111900.6623351488,3.1985720687301873
onset,onset_00,38,1.5707905399581508,1.5658179700163208,8.342310205260866,0.004978336214555461,0.9999876079907428,5.786836745820325e-06,4197.776273049276,3.1866688082538075
onset,onset_00,39,1.5707905399581508,1.5658179700163208,9.973010023033673,0.004978336214555461,0.9999876079907428,5.786836745820325e-06,21439.92298441949,3.198176064468119
onset,onset_00,40,1.5707905399581508,1.5658179700163208,10.980837935865528,0.004978336214555461,0.9999876079907428,5.786836745820325e-06,58737.752128584805,3.198608935969493
onset,onset_00,41,1.5707905399581508,1.5658179700163208,10.562426508541742,0.004978336214555461,0.9999876079907428,5.786836745820325e-06,38654.81046677261,3.19850232895695
onset,onset_00,42,1.5707905399581508,1.5658179700163208,11.201399485828206,0.004978336214555461,0.9999876079907428,5.786836745820325e-06,73232.8584989921,3.1986344471201287
onset,onset_00,43,1.5707905399581508,1.5658179700163208,11.356729915916537,0.004978336214555461,0.9999876079907428,5.786836745820325e-06,85539.1902937947,3.1986073732446973
onset,onset_00,44,1.5707905399581508,1.5658179700163208,11.166089230243283,0.004978336214555461,0.9999876079907428,5.786836745820325e-06,70692.10879037746,3.1986261434831387
onset,onset_00,45,1.5707905399581508,1.5658179700163208,11.260730430634808,0.004978336214555461,0.9999876079907428,5.786836745820325e-06,77709.31634396072,3.1986088090677334
onset,onset_00,46,1.5707905399581508,1.5658179700163208,11.224061890159685,0.004978336214555461,0.9999876079907428,5.786836745820325e-06,74911.43965052588,3.1986010238646956
onset,onset_00,47,1.5707905399581508,1.5658179700163208,11.187912168346212,0.004978336214555461,0.9999876079907428,5.786836745820325e-06,72251.77465313807,3.1986498155134804
onset,onset_00,48,1.5707905399581508,1.5658179700163208,11.185611013718198,0.004978336214555461,0.9999876079907428,5.786836745820325e-06,72085.70329872894,3.1986514413777116
onset,onset_00,49,1.5707905399581508,1.5658179700163208,11.178154355951797,0.004978336214555461,0.9999876079907428,5.786836745820325e-06,71550.18395293964,3.1986505106525267
onset,onset_00,50,1.5707905399581508,1.5658179700163208,11.182615189130129,0.004978336214555461,0.9999876079907428,5.786836745820325e-06,71870.07033687773,3.1986524593862597
onset,onset_00,51,1.5707905399581508,1.5658179700163208,11.182481866708368,0.004978336214555461,0.9999876079907428,5.786836745820325e-06,71860.48908376046,3.198652466836462
onset,onset_00,52,1.5707905399581508,1.5658179700163208,11.182240597527864,0.004978336214555461,0.9999876079907428,5.786836745820325e-06,71843.15345380928,3.1986524709982285
onset,onset_00,53,1.5707905399581508,1.5658179700163208,11.182277602323882,0.004978336214555461,0.9999876079907428,5.786836745820325e-06,71845.81204423816,3.1986524711479443
onset,onset_00,54,1.5707905399581508,1.5658179700163208,11.18228094222929,0.004978336214555461,0.9999876079907428,5.786836745820325e-06,71846.05200285508,3.198652471147316
onset,onset_00,55,1.5707905399581508,1.5658179700163208,11.182274262418474,0.004978336214555461,0.9999876079907428,5.786836745820325e-06,71845.57208642268,3.198652471146232
onset,onset_00,56,1.5707963267948966,1.5658173507885091,11.18222245204612,0.00497895543477609,0.9999876049245704,6.123233995736767e-17,71841.84983700734,3.1986524708290354
onset,onset_00,57,1.478106103309122,1.5757357858131933,12.065587889070418,-0.004918235580524606,0.9956951891801062,0.0925575561602984,173787.38210131731,3.1972192731430065
onset,onset_00,58,1.5135106182558642,1.5719472807489714,11.728172316614042,-0.0011490657013744367,0.9983589612070167,0.057254381715815754,124016.79966924862,3.198094280556572
onset,onset_00,59,1.5353918118481544,1.569605855852731,11.519638024502498,0.0011897246235148698,0.999372617458715,0.035397118936958655,100673.51392543092,3.198421287573766
onset,onset_00,60,1.5489151332026063,1.5681587756847493,11.390756744157665,0.002636916665866968,0.9997571387316069,0.021879447563588485,88499.90381485777,3.198541197852332
onset,onset_00,61,1.5572730054404447,1.5672644309564907,11.311103732390954,0.0035315655440778834,0.9999023247160055,0.01352290916688925,81724.06023316421,3.198607774782047
onset,onset_00,62,1.562438454557058,1.5667116955167677,11.261875463812832,0.004084477257248203,0.9999567313857657,0.008357774933004459,77798.34705124555,3.198600075063026
onset,onset_00,63,1.5587898836992486,1.5671021154728884,11.296647430791827,0.0036939366542953975,0.9999211004288833,0.012006154633575126,80551.13110608081,3.1986193237874208
onset,onset_00,64,1.5595570448135927,1.5670200244240169,11.289336156877974,0.0037760548846491396,0.9999297101641696,0.011239045355714622,79964.34740453983,3.1986098285080904
onset,onset_00,65,1.5584663918267792,1.5671367311313413,11.299730404686498,0.003659309319880585,0.9999172915111164,0.012329622556046072,80799.85134246349,3.198619553736739
onset,onset_00,66,1.558594910764845,1.5671229787992322,11.298505580928166,0.0036730663046118032,0.999918817413951,0.012201113285578744,80700.94634782794,3.1986197500231515
onset,onset_00,67,1.5585971758582637,1.5671227364200355,11.29848399391324,0.0036733087656475607,0.9999188441575566,0.01219884836073391,80699.20427409775,3.1986197501950393
onset,onset_00,68,1.558599462268376,1.5671224917598192,11.298462203743878,0.0036735535084673485,0.9999188711475826,0.012196562120718523,80697.44584392746,3.1986197502496516
onset,onset_00,69,1.5585993071119102,1.5671225083625338,11.29846368243121,0.0036735369001474985,0.9999188693161987,0.012196717265643609,80697.56517030663,3.198619750249734
onset,onset_00,70,1.558599151955442,1.5671225249652485,11.298465161118564,0.003673520291827399,0.9999188674847904,0.012196872410570618,80697.68449686396,3.198619750249255
onset,onset_00,71,1.5585993071119102,1.5671225083625338,8.342310205260866,0.0036735369001474985,0.9999188693161987,0.012196717265643609,4197.776273049276,3.186651148313793
onset,onset_00,72,1.5585993071119102,1.5671225083625338,9.973010023033673,0.0036735369001474985,0.9999188693161987,0.012196717265643609,21439.92298441949,3.198156189674764
onset,onset_00,73,1.5585993071119102,1.5671225083625338,10.980837935865528,0.0036735369001474985,0.9999188693161987,0.012196717265643609,58737.752128584805,3.198588805246905
onset,onset_00,74,1.5585993071119102,1.5671225083625338,10.562390197639013,0.0036735369001474985,0.9999188693161987,0.012196717265643609,38653.40690119226,3.1984822758917826
onset,onset_00,75,1.5585993071119102,1.5671225083625338,11.201118235896118,0.0036735369001474985,0.9999188693161987,0.012196717265643609,73212.26465865645,3.198614717281397
onset,onset_00,76,1.5585993071119102,1.5671225083625338,11.365292998242873,0.0036735369001474985,0.9999188693161987,0.012196717265643609,86274.81453281899,3.1985800514970584
onset,onset_00,77,1.5585993071119102,1.5671225083625338,11.159753148830614,0.0036735369001474985,0.9999188693161987,0.012196717265643609,70245.61384176587,3.198595072764638
onset,onset_00,78,1.5585993071119102,1.5671225083625338,11.263827415017643,0.0036735369001474985,0.9999188693161987,0.012196717265643609,77950.3539352511,3.198590504228145
onset,onset_00,79,1.5585993071119102,1.5671225083625338,11.20913730969646,0.0036735369001474985,0.9999188693161987,0.012196717265643609,73801.71949419404,3.198598230828298
onset,onset_00,80,1.5585993071119102,1.5671225083625338,11.185069152608293,0.0036735369001474985,0.9999188693161987,0.012196717265643609,72046.65344028646,3.1986315845959323
onset,onset_00,81,1.5585993071119102,1.5671225083625338,11.175399299624539,0.0036735369001474985,0.9999188693161987,0.012196717265643609,71353.33046166727,3.1986267882643515
onset,onset_00,82,1.5585993071119102,1.5671225083625338,11.18435733045855,0.0036735369001474985,0.9999188693161987,0.012196717265643609,71995.38728490996,3.198631904402662
onset,onset_00,83,1.5585993071119102,1.5671225083625338,11.1825844426091,0.0036735369001474985,0.9999188693161987,0.012196717265643609,71867.86061621956,3.198632324303653
onset,onset_00,84,1.5585993071119102,1.5671225083625338,11.179839962203026,0.0036735369001474985,0.9999188693161987,0.012196717265643609,71670.891094063,3.198631685167737
onset,onset_00,85,1.5585993071119102,1.5671225083625338,11.18233201089541,0.0036735369001474985,0.9999188693161987,0.012196717265643609,71849.72117858594,3.1986323350409123
onset,onset_00,86,1.5585993071119102,1.5671225083625338,11.182236551671242,0.0036735369001474985,0.9999188693161987,0.012196717265643609,71842.86278729912,3.198632335664444
onset,onset_00,87,1.5585993071119102,1.5671225083625338,11.182252723202616,0.0036735369001474985,0.9999188693161987,0.012196717265643609,71844.02460580287,3.1986323356929183
onset,onset_00,88,1.5585993071119102,1.5671225083625338,11.182256058259636,0.0036735369001474985,0.9999188693161987,0.012196717265643609,71844.26421012102,3.1986323356919675
onset,onset_00,89,1.5585993071119102,1.5671225083625338,11.182249388145594,0.0036735369001474985,0.9999188693161987,0.012196717265643609,71843.7850022837,3.198632335691532
onset,onset_00,90,1.5585993071119102,-0.7416294238611401,11.182252723202616,0.7373140305737378,-0.6754400494544659,0.012196717265643609,71844.02460580287,3.119675397520677
onset,onset_00,91,1.5585993071119102,0.7416294238611396,11.182252723202616,0.7373140305737381,0.6754400494544656,0.012196717265643609,71844.02460580287,3.125031717792607
onset,onset_00,92,1.5585993071119102,1.658333805867513,11.182252723202616,-0.08741922175354569,0.9960969429508085,0.012196717265643607,71844.02460580287,3.1959946218068054
onset,onset_00,93,1.5585993071119102,2.2248882715834193,11.182252723202616,-0.6083936036399533,0.7935417211072985,0.012196717265643609,71844.02460580287,3.1244396932656184
onset,onset_00,94,1.5585993071119102,1.4818057365508908,11.182252723202616,0.08886656854551944,0.9959688615026508,0.012196717265643609,71844.02460580287,3.1964743474551534
onset,onset_00,95,1.5585993071119102,1.5575182142908264,11.182252723202616,0.013276734700863876,0.9998374709939736,0.012196717265643609,71844.02460580287,3.198611601603537
onset,onset_00,96,1.5585993071119102,1.565643167127109,11.182252723202616,0.00515275355639655,0.999912340767294,0.012196717265643609,71844.02460580287,3.198632869987348
onset,onset_00,97,1.5585993071119102,1.5658651578995266,11.182252723202616,0.004930782118379161,0.9999134599932351,0.012196717265643609,71844.02460580287,3.198632876426402
onset,onset_00,98,1.5585993071119102,1.5658009263589716,11.182252723202616,0.004995008090120618,0.9999131412188369,0.012196717265643607,71844.02460580287,3.198632877707568
onset,onset_00,99,1.5585993071119102,1.565797593006036,11.182252723202616,0.0049983411534975635,0.9999131245631568,0.012196717265643609,71844.02460580287,3.198632877704172
onset,onset_00,100,1.5585993071119102,1.565804259711907,11.182252723202616,0.004991675026688394,0.9999131578634066,0.012196717265643609,71844.02460580287,3.198632877704068
onset,onset_00,101,1.5088529845399201,1.571124094753565,11.656349993945543,-0.00032713933468300115,0.9980820709170213,0.061903737317272965,115421.96973766063,3.1980447086742836
onset,onset_00,102,1.4705698936495772,1.5752206254906844,12.021199252510323,-0.004402081142590581,0.9949717960989546,0.10005871600832475,166241.90282339917,3.1970586229832185
onset,onset_00,103,1.5325132359045537,1.5685922995220665,11.430860751382308,0.0022024105812269864,0.9992648648827946,0.0382737403241705,92121.23418114833,3.198398376390778
onset,onset_00,104,1.5471360754302632,1.5670275640164455,11.291500735380762,0.0037676990176910325,0.9997130095198095,0.023658043895415714,80137.62397964005,3.1985573178882687
onset,onset_00,105,1.556173487269187,1.566060504290568,11.205371508819075,0.004735298488355768,0.99988187539965,0.01462231840390116,73524.31955845418,3.1985987948917676
onset,onset_00,106,1.5603004460302619,1.5656188938295947,11.166040362637109,0.005177124656240504,0.9999315166112839,0.010495688055180023,70688.65432065194,3.1986115590192323
onset,onset_00,107,1.564309515740486,1.5651898982361554,11.127832734222267,0.005606281233907845,0.9999632450661742,0.0064867655617244805,68038.75404336456,3.1986034756566157
onset,onset_00,108,1.560699579593367,1.565576184036016,11.162236500901276,0.005219852972418422,0.9999354040612131,0.010096575651426362,70420.27521543481,3.198605108564255
onset,onset_00,109,1.5587240880537006,1.5657875740158989,11.181063523662129,0.005008366856867134,0.9999145885489481,0.01207194551077002,71758.63850537331,3.1986331228986606
onset,onset_00,110,1.5577498452457486,1.5658918241042636,11.190348347794055,0.004904065636608253,0.999902869841079,0.013046111443880092,72428.00752190327,3.1986251815705002
onset,onset_00,111,1.558713143180689,1.565788745185929,11.18116783156179,0.005007195124936543,0.9999144622297674,0.012082889585520753,71766.1238886239,3.1986331142018742
onset,onset_00,112,1.5587706387685436,1.565782592797566,11.180619881484834,0.005013350461747516,0.9999151244560118,0.012025398174948927,71726.81040741243,3.1986331313291756
onset,onset_00,113,1.5593549731462837,1.5657200653557242,11.175051000824622,0.005075907390118281,0.9999216650831989,0.011441104029327173,71328.48250980448,3.198629092895865
onset,onset_00,114,1.5587558497637979,1.5657841753137918,11.180760825104874,0.005011767187908567,0.9999149544376834,0.012040186109019904,71736.92055618897,3.198633133703662
onset,onset_00,115,1.558755781348254,1.5657841826346839,11.180761477125385,0.005011759863510384,0.9999149536506461,0.012040254519604627,71736.96733014779,3.198633133703649
onset,onset_00,116,1.5587558904035625,1.5657841709650822,11.180760437795813,0.005011771538700827,0.999914954905192,0.01204014547220103,71736.892771835,3.1986331337036225
onset,onset_00,117,1.546721159569445,1.5657503806112627,11.179244047885867,0.005044462497833305,0.9996974800891144,0.024072841576818473,71628.19410707292,3.198575181909958
onset,onset_00,118,1.5587558497637979,1.5657841753137918,8.342310205260866,0.005011767187908567,0.9999149544376834,0.012040186109019904,4197.776273049276,3.186653336405515
onset,onset_00,119,1.5587558497637979,1.5657841753137918,9.973010023033673,0.005011767187908567,0.9999149544376834,0.012040186109019904,21439.92298441949,3.1981572825515197
onset,onset_00,120,1.5587558497637979,1.5657841753137918,10.980837935865528,0.005011767187908567,0.9999149544376834,0.012040186109019904,58737.752128584805,3.198589855046965
onset,onset_00,121,1.5587558497637979,1.5657841753137918,10.562389799159433,0.005011767187908567,0.9999149544376834,0.012040186109019904,38653.39149860198,3.1984833385895346
onset,onset_00,122,1.5587558497637979,1.5657841753137918,11.201094047535733,0.005011767187908567,0.9999149544376834,0.012040186109019904,73210.49379543151,3.1986158007164027
onset,onset_00,123,1.5587558497637979,1.5657841753137918,11.366051995923746,0.005011767187908567,0.9999149544376834,0.012040186109019904,86340.3217737443,3.1985811840564087
onset,onset_00,124,1.5587558497637979,1.5657841753137918,11.160212838518543,0.005011767187908567,0.9999149544376834,0.012040186109019904,70277.9124491708,3.198596631170779
onset,onset_00,125,1.5587558497637979,1.5657841753137918,11.264102377105504,0.005011767187908567,0.9999149544376834,0.012040186109019904,77971.79027427385,3.1985916775863537
onset,onset_00,126,1.5587558497637979,1.5657841753137918,11.209249771588825,0.005011767187908567,0.9999149544376834,0.012040186109019904,73810.01984195574,3.19859900715631
onset,onset_00,127,1.5587558497637979,1.5657841753137918,11.185201234846813,0.005011767187908567,0.9999149544376834,0.012040186109019904,72056.17015203125,3.198632558764587
onset,onset_00,128,1.5587558497637979,1.5657841753137918,11.175656516773767,0.005011767187908567,0.9999149544376834,0.012040186109019904,71371.68612251071,3.1986282424489194
onset,onset_00,129,1.5587558497637979,1.5657841753137918,11.184246376593268,0.005011767187908567,0.9999149544376834,0.012040186109019904,71987.39956155086,3.1986329888411755
onset,onset_00,130,1.5587558497637979,1.5657841753137918,11.18258065057293,0.005011767187908567,0.9999149544376834,0.012040186109019904,71867.5880912094,3.1986333661929947
onset,onset_00,131,1.5587558497637979,1.5657841753137918,11.179935866804302,0.005011767187908567,0.9999149544376834,0.012040186109019904,71677.76499191039,3.1986327784283266
onset,onset_00,132,1.5587558497637979,1.5657841753137918,11.182325552247633,0.005011767187908567,0.9999149544376834,0.012040186109019904,71849.25712804258,3.1986333767466695
onset,onset_00,133,1.5587558497637979,1.5657841753137918,11.182238522041514,0.005011767187908567,0.9999149544376834,0.012040186109019904,71843.00434447969,3.1986333772647217
onset,onset_00,134,1.5587558497637979,1.5657841753137918,11.182253287445503,0.005011767187908567,0.9999149544376834,0.012040186109019904,71844.06514329418,3.1986333772884468
onset,onset_00,135,1.5587558497637979,1.5657841753137918,11.182256620800972,0.005011767187908567,0.9999149544376834,0.012040186109019904,71844.30462550078,3.1986333772874804
onset,onset_00,136,1.5587558497637979,1.5657841753137918,11.182249954090032,0.005011767187908567,0.9999149544376834,0.012040186109019904,71843.82566188573,3.198633377287084
onset,onset_00,137,1.5587558497637979,-0.7416294238611401,11.182253287445503,0.7373154294027362,-0.6754413308964141,0.012040186109019906,71844.06514329418,3.1196752882175156
onset,onset_00,138,1.5587558497637979,0.7416294238611396,11.182253287445503,0.7373154294027364,0.6754413308964137,0.012040186109019904,71844.06514329418,3.1250316031690435
onset,onset_00,139,1.5587558497637979,1.658333805867513,11.182253287445503,-0.0874193876049161,0.996098832741632,0.012040186109019904,71844.06514329418,3.1959951055334774
onset,onset_00,140,1.5587558497637979,2.2248882715834193,11.182253287445503,-0.6083947578816737,0.7935432266112288,0.012040186109019904,71844.06514329418,3.1244396210294263
onset,onset_00,141,1.5587558497637979,1.4818058522447497,11.182253287445503,0.08886662191508977,0.9959707613318077,0.012040186109019904,71844.06514329418,3.1964748304785444
onset,onset_00,142,1.5587558497637979,1.557518382248286,11.182253287445503,0.013276591958947136,0.9998393701112274,0.012040186109019904,71844.06514329418,3.1986121014649056
onset,onset_00,143,1.5587558497637979,1.5656432646460101,11.182253287445503,0.005152665821640605,0.9999142382991607,0.012040186109019904,71844.06514329418,3.198633369656066
onset,onset_00,144,1.5587558497637979,1.565865253929127,11.182253287445503,0.004930695451565664,0.9999153574982356,0.012040186109019906,71844.06514329418,3.1986333760951227
onset,onset_00,145,1.5587558497637979,1.5658010230854393,11.182253287445503,0.004994920848378722,0.9999150387328809,0.012040186109019904,71844.06514329418,3.1986333773762707
onset,onset_00,146,1.5587558497637979,1.565797689751856,11.182253287445503,0.004998253898730099,0.9999150220775884,0.012040186109019904,71844.06514329418,3.1986333773728806
onset,onset_00,147,1.5587558497637979,1.5658043564190225,11.182253287445503,0.004991587797972068,0.9999150553770632,0.012040186109019904,71844.06514329418,3.198633377372771
onset,onset_00,148,1.5089128011266142,1.5711345417754223,11.657272386398981,-0.0003375675716375439,0.9980857685293991,0.061844035340632285,115528.48320756613,3.1980466084500443
onset,onset_00,149,1.4706666789199392,1.575227116631618,12.021769322397514,-0.004408582532561283,0.9949814469581266,0.0999624159830403,166336.69934394173,3.1970601516621757
onset,onset_00,150,1.5325502045882216,1.5686051914127903,11.432000891156692,0.002189531266406145,0.9992663074365543,0.038236798701608364,92226.32516212309,3.1983966171988216
onset,onset_00,151,1.5624402494049576,1.5654067692248752,11.147139861489801,0.0053893433197085006,0.9999505650652698,0.008355980147779671,69365.15017365174,3.1986043018756942
onset,onset_00,152,1.551023268210222,1.566628457790287,11.255947092752262,0.004167042202870716,0.9997958355906202,0.019771770151735663,77338.4940185485,3.198554905905713
onset,onset_00,153,1.558079350637487,1.5658734127331955,11.18870052561029,0.004922496113679063,0.9999070238113046,0.012716633392141517,72308.75732292795,3.1986278220549726
onset,onset_00,154,1.558302155642834,1.5658495712007705,11.186577127548253,0.0049463493209663915,0.9999097146434277,0.012493846088932887,72155.3799460018,3.198630248742808
onset,onset_00,155,1.5595745511232333,1.5657134169072169,11.17445081964499,0.005082567964485989,0.9999241193908401,0.011221540150052356,71285.68534134263,3.198628681018504
onset,onset_00,156,1.5587881674692148,1.5657975648883473,11.181945290087253,0.004998380694083907,0.9999154100376347,0.012007870739891506,71821.94076832349,3.1986334696619823
onset,onset_00,157,1.5588767129785919,1.565788089963717,11.181101425010162,0.00500786012232518,0.9999164219433447,0.011919331567429981,71761.35830604743,3.1986336147437995
onset,onset_00,158,1.558926793844035,1.565782730997138,11.180624139446216,0.005013221627408993,0.9999169907610278,0.011869254244692687,71727.11581805145,3.1986336240472317
onset,onset_00,159,1.558910616840943,1.5657844620378887,11.180778311103902,0.005011489767368451,0.9999168073002326,0.011885430106689162,71738.17495887926,3.198633626935182
onset,onset_00,160,1.558910397975666,1.5657844854578455,11.18078039695518,0.005011466336322549,0.999916804816302,0.011885648956506512,71738.32459419926,3.198633626935452
onset,onset_00,161,1.5589104503628175,1.565784479852092,11.180779897690023,0.005011471944730448,0.9999168054108551,0.011885596573055452,71738.2887777623,3.1986336269354827
onset,onset_00,162,1.5589104910025533,1.5657844755033854,11.180779510381235,0.005011476295496015,0.9999168058720823,0.01188555593619028,71738.26099289802,3.198633626935464
onset,onset_00,163,1.5590650509618371,1.565784784390392,11.180798970275172,0.005011176580651769,0.9999186324845829,0.011731006753009254,71739.65702543138,3.1986341137974343
onset,onset_00,164,0.5999908074321634,1.5638955624748352,11.062481025263978,0.003896381353244354,0.5646214423594893,0.8253408053890466,63734.482731831806,3.1260441762372904
onset,onset_00,165,0.9708055193627332,1.5646260077819805,11.108227259188553,0.005092583748632435,0.8253250939060336,0.5646348864175504,66717.81309808443,3.160816855340209
onset,onset_00,166,1.1999816148643265,1.565077447808719,11.136499986611243,0.005330151588590347,0.9320171825257314,0.36237489008048024,68631.02607479891,3.1820788278703613
onset,onset_00,167,1.341620231293303,1.5653564530891257,11.153973493113128,0.005297616075176863,0.9738394870031499,0.22717523812546545,69840.78937802014,3.191943482525722
onset,onset_00,168,1.4291577103659199,1.5655288878354576,11.164772714033933,0.005214666760213123,0.9899722752773095,0.1411655107767015,70599.10271871554,3.196024678369944
onset,onset_00,169,1.4832588477222797,1.5656354583695322,11.17144699961501,0.005141084849232797,0.9961577746041473,0.08742572471696057,71071.87725313712,3.1976378023110836
onset,onset_00,170,1.5166951894385368,1.5657013225817897,11.17557193495474,0.0050875276521633005,0.9985239298738167,0.054074749483818095,71365.64963076383,3.1982631764328704
onset,onset_00,171,1.5373599850786395,1.565742028903607,11.178121285196088,0.005051451322514972,0.9994282918064532,0.03343011182110186,71547.81777341108,3.1985035146119807
onset,onset_00,172,1.5501315311547936,1.565767186794047,11.17969687029447,0.005028045037575044,0.9997738473108513,0.02066332491054402,71660.63630317469,3.1985955345233457
onset,onset_00,173,1.5580247807187424,1.5657827352254243,11.180670635437437,0.005013161683629707,0.9999058779150746,0.012771198879420182,71730.45091893262,3.198630715053004
onset,onset_00,174,1.562903077230948,1.565792344684487,11.18127245539285,0.005003805346225063,0.9999563289650562,0.00789316760150468,71773.6327282404,3.19864415810666
onset,onset_00,175,1.565918030282691,1.5657982836568014,11.181644400580403,0.004997962858446945,0.9999756110921817,0.0048782771634600566,71800.33355084024,3.1986492942547367
onset,onset_00,176,1.5677813737431534,1.56580195414355,11.181874275348264,0.004994329189134893,0.9999829832360092,0.0030149484841206086,71816.84053304423,3.1986512567037395
onset,onset_00,177,1.568932983334434,1.5658042226291158,11.182016345767957,0.004992074764639225,0.9999858034715848,0.0018633423821927913,71827.04430652985,3.198652006652808
onset,onset_00,178,1.5696447172036159,1.5658056246302985,11.182104150116125,0.004990678137965445,0.9999868833778065,0.0011516093367357678,71833.3513102231,3.1986522933306754
onset,onset_00,179,1.5700845929257148,1.5658064911146816,11.18215841618765,0.004989813709870325,0.9999872975163864,0.000711733809091914,71837.24952977283,3.198652402970321
onset,onset_00,180,1.5703564510727976,1.5658070266314812,11.18219195446429,0.004989278980880346,0.9999874567236394,0.0004398757079136694,71839.65886772287,3.1986524449347926
onset,onset_00,181,1.5705244686478135,1.5658073575990648,11.182212682259177,0.00498894831574663,0.9999875181660282,0.0002718581437344463,71841.14796086938,3.1986524610169216
onset,onset_00,182,1.5706283092198807,1.5658075621482808,11.18222549274093,0.00498874388301896,0.9999875420246817,0.00016801757422537424,71842.06828647932,3.1986524671926118
onset,onset_00,183,1.5706924862228295,1.5658076885666485,11.182233410054065,0.004988617509744371,0.9999875513787545,0.00010384057188047135,71842.63708488194,3.1986524695718392
onset,onset_00,184,1.5707321497919478,1.5658077666974966,11.182238303222682,0.004988539396491217,0.9999875551005633,6.417700290481352e-05,71842.98862387915,3.1986524704931734
onset,onset_00,185,1.5707566632257781,1.5658078149850163,11.182241327367201,0.0049884911159214585,0.9999875566141749,3.966356910810361e-05,71843.20588778793,3.198652470852852
onset,onset_00,186,1.5707718133610662,1.5658078448283446,11.1822431963913,0.004988461275389671,0.9999875572491868,2.4513433827970483e-05,71843.3401645965,3.1986524709950306
onset,onset_00,187,1.5707811766596085,1.5658078632725358,11.182244351511718,0.00498844283235419,0.9999875575268833,1.515013528755952e-05,71843.42315235361,3.1986524710523083
onset,onset_00,188,1.5707869634963543,1.565807874671673,11.1822450654154,0.0049884314337126515,0.999987557654674,9.363298542210877e-06,71843.47444165617,3.1986524710760182
onset,onset_00,189,1.5707905399581508,1.5658078817167271,11.182245506632137,0.004988424388881358,0.9999875577169093,5.786836745820325e-06,71843.50614020659,3.198652471086201
onset,onset_00,190,1.5707927503331003,1.5658078860708102,11.182245779319079,0.00498842003490406,0.9999875577489774,3.5764617963266306e-06,71843.52573099521,3.1986524710907935
onset,onset_00,191,1.570794116419947,1.5658078887617815,11.182245947848877,0.004988417343986037,0.9999875577663537,2.2103749495778007e-06,71843.53783877112,3.19865247109298
onset,onset_00,192,1.5707949607080498,1.565807890424893,11.18224605200602,0.004988415680902612,0.9999875577761598,1.3660868468154626e-06,71843.54532178918,3.198652471094079
onset,onset_00,193,1.5707954825067938,1.5658078914527527,11.182246116378675,0.004988414653058702,0.9999875577818638,8.442881028248449e-07,71843.54994654907,3.198652471094665
onset,onset_00,194,1.5707958049961528,1.5658078920880047,11.182246156163163,0.004988414017815631,0.999987557785253,5.217987438301062e-07,71843.55280480802,3.1986524710949946
onset,onset_00,195,1.5707960043055376,1.5658078924806123,11.18224618075133,0.004988413625213434,0.9999875577872956,3.22489359056042e-07,71843.55457130926,3.198652471095183
onset,onset_00,196,1.5707961274855118,1.5658078927232568,11.182246195947652,0.004988413382572042,0.9999875577885381,1.9930938483531336e-07,71843.55566306709,3.198652471095294
onset,onset_00,197,1.5707962036149223,1.5658078928732195,11.182246205339496,0.004988413232611261,0.9999875577892985,1.2317997428196494e-07,71843.55633781054,3.198652471095357
onset,onset_00,198,1.5707962506654858,1.5658078929659016,11.182246211143974,0.0049884131399303535,0.9999875577897656,7.612941083662631e-08,71843.55675482492,3.198652471095403
onset,onset_00,199,1.5707962797443331,1.5658078930231822,11.18224621473134,0.0049884130826504496,0.999987557790053,4.705056350657119e-08,71843.557012554,3.1986524710954245
onset,onset_00,200,1.5707962977160492,1.5658078930585837,11.182246216948453,0.004988413047249433,0.9999875577902303,2.9078847391287505e-08,71843.55717183932,3.1986524710954374
onset,onset_00,201,1.5707963088231804,1.5658078930804629,11.182246218318705,0.004988413025370542,0.9999875577903398,1.7971716176516037e-08,71843.55727028307,3.1986524710954485
onset,onset_00,202,1.5707963156877651,1.5658078930939852,11.182246219165567,0.004988413011848417,0.9999875577904073,1.1107131498048417e-08,71843.55733112466,3.1986524710954503
onset,onset_00,203,1.570796314996134,1.5658078930926227,11.182246219080241,0.004988413013210865,0.9999875577904005,1.1798762694807052e-08,71843.55732499456,3.1986524710954516
onset,onset_00,204,1.570796312621,1.565807893087944,11.18224621878723,0.004988413017889508,0.9999875577903771,1.4173896562167596e-08,71843.55730394355,3.198652471095451
onset,onset_00,205,1.5707963140889136,1.5658078930908357,11.18224621896832,0.0049884130149978586,0.9999875577903916,1.2705982993691733e-08,71843.55731695375,3.198652471095454
onset,onset_00,206,1.5707963133972824,1.5658078930894732,11.182246218882996,0.004988413016360306,0.9999875577903847,1.3397614190450367e-08,71843.55731082379,3.19865247109545
onset,onset_00,207,1.5707963140889136,1.5658078930908357,8.342310205260866,0.0049884130149978586,0.9999875577903916,1.2705982993691733e-08,4197.776273049276,3.1866688183844594
onset,onset_00,208,1.5707963140889136,1.5658078930908357,9.973010023033673,0.0049884130149978586,0.9999875577903916,1.2705982993691733e-08,21439.92298441949,3.198176065008778
onset,onset_00,209,1.5707963140889136,1.5658078930908357,10.980837935865528,0.0049884130149978586,0.9999875577903916,1.2705982993691733e-08,58737.752128584805,3.19860893609553
onset,onset_00,210,1.5707963140889136,1.5658078930908357,10.562426497210893,0.0049884130149978586,0.9999875577903916,1.2705982993691733e-08,38654.81002878079,3.1985023292073866
onset,onset_00,211,1.5707963140889136,1.5658078930908357,11.201399222423392,0.0049884130149978586,0.9999875577903916,1.2705982993691733e-08,73232.83920910713,3.1986344476206603
onset,onset_00,212,1.5707963140889136,1.5658078930908357,11.356737981926257,0.0049884130149978586,0.9999875577903916,1.2705982993691733e-08,85539.88025651764,3.198607362389952
onset,onset_00,213,1.5707963140889136,1.5658078930908357,11.166074942145805,0.0049884130149978586,0.9999875577903916,1.2705982993691733e-08,70691.09874185197,3.198626111092816
onset,onset_00,214,1.5707963140889136,1.5658078930908357,11.26073334878324,0.0049884130149978586,0.9999875577903916,1.2705982993691733e-08,77709.54311161124,3.1986088109658937
onset,onset_00,215,1.5707963140889136,1.5658078930908357,11.224062842000073,0.0049884130149978586,0.9999875577903916,1.2705982993691733e-08,74911.51095429358,3.1986010249215164
onset,onset_00,216,1.5707963140889136,1.5658078930908357,11.187906547985481,0.0049884130149978586,0.9999875577903916,1.2705982993691733e-08,72251.36857324219,3.198649820165023
onset,onset_00,217,1.5707963140889136,1.5658078930908357,11.185610187532744,0.0049884130149978586,0.9999875577903916,1.2705982993691733e-08,72085.64374259401,3.1986514419079874
onset,onset_00,218,1.5707963140889136,1.5658078930908357,11.178148387773502,0.0049884130149978586,0.9999875577903916,1.2705982993691733e-08,71549.75692995907,3.198650504858856
onset,onset_00,219,1.5707963140889136,1.5658078930908357,11.18261589561006,0.0049884130149978586,0.9999875577903916,1.2705982993691733e-08,71870.12111165797,3.198652459392999
onset,onset_00,220,1.5707963140889136,1.5658078930908357,11.18248204036487,0.0049884130149978586,0.9999875577903916,1.2705982993691733e-08,71860.50156280275,3.19865246688502
onset,onset_00,221,1.5707963140889136,1.5658078930908357,11.182240541586161,0.0049884130149978586,0.9999875577903916,1.2705982993691733e-08,71843.14943478105,3.1986524710537365
onset,onset_00,222,1.5707963140889136,1.5658078930908357,11.182277598941377,0.0049884130149978586,0.9999875577903916,1.2705982993691733e-08,71845.81180121934,3.1986524712038866
onset,onset_00,223,1.5707963140889136,1.5658078930908357,11.182280932275175,0.0049884130149978586,0.9999875577903916,1.2705982993691733e-08,71846.05128769117,3.1986524712032702
onset,onset_00,224,1.5707963140889136,1.5658078930908357,11.182274265607578,0.0049884130149978586,0.9999875577903916,1.2705982993691733e-08,71845.57231554568,3.198652471202176
onset,onset_00,225,1.5707963140889136,-0.7416294238611398,11.182277598941377,0.73736887807832,-0.6754902942615235,1.2705982993691735e-08,71845.81180121934,3.1196711081486885
onset,onset_00,226,1.5707963140889136,0.7416294238611396,11.182277598941377,0.7373688780783201,0.6754902942615234,1.2705982993691735e-08,71845.81180121934,3.1250272191205415
onset,onset_00,227,1.5707963140889136,1.658333805867513,11.182277598941377,-0.08742572471696,0.9961710408648278,1.2705982993691733e-08,71845.81180121934,3.1960135900840454
onset,onset_00,228,1.5707963140889136,2.2248882715834193,11.182277598941377,-0.6084388609788612,0.793600751291697,1.2705982993691733e-08,71845.81180121934,3.1244368580151267
onset,onset_00,229,1.5707963140889136,1.481810275080319,11.182277598941377,0.08886865860338168,0.9960433532321952,1.2705982993691733e-08,71845.81180121934,3.1964932882666863
onset,onset_00,230,1.5707963140889136,1.5575247976608793,11.182277598941377,0.013271139544000868,0.9999119345498401,1.2705982993691733e-08,71845.81180121934,3.1986312026476758
onset,onset_00,231,1.5707963140889136,1.5656469907001211,11.182277598941377,0.0051493133384628905,0.9999867421981865,1.2705982993691733e-08,71845.81180121934,3.1986524634874702
onset,onset_00,232,1.5707963140889136,1.5658689230100342,11.182277598941377,0.0049273838458942015,0.9999878603705323,1.2705982993691733e-08,71845.81180121934,3.198652469926556
onset,onset_00,233,1.5707963140889136,1.5658047183068118,11.182277598941377,0.0049915877594952805,0.999987541948218,1.2705982993691731e-08,71845.81180121934,3.1986524712070628
onset,onset_00,234,1.5707963140889136,1.5658013849734314,11.182277598941377,0.004994921051321132,0.9999875253040365,1.2705982993691731e-08,71845.81180121934,3.198652471203667
onset,onset_00,235,1.5707963140889136,1.5658080516401922,11.182277598941377,0.004988254467613968,0.9999875585812887,1.2705982993691733e-08,71845.81180121934,3.1986524712035633
onset,onset_00,236,0.5999908074321633,1.5638923876908113,11.062512405237035,0.0038981739043594654,0.5646214299864744,0.8253408053890466,63736.48274956284,3.126044178365532
onset,onset_00,237,0.9708055193627332,1.5646228329979566,11.10825863916161,0.00509520397752942,0.8253250777340208,0.5646348864175504,66719.90673411085,3.1608168628774265
onset,onset_00,238,1.1999816148643265,1.5650742730246954,11.1365313665843,0.005333110541824352,0.9320171655989543,0.36237489008048024,68633.17974833897,3.1820788411792313
onset,onset_00,239,1.3416202312933032,1.5653532783051018,11.154004873086183,0.005300707805195337,0.9738394701794553,0.22717523812546522,69842.98101449557,3.191943530675954
onset,onset_00,240,1.4291577103659199,1.565525713051434,11.16480409400699,0.005217809708350268,0.9899722587168795,0.14116551077670147,70601.31815141666,3.196024752451792
onset,onset_00,241,1.4832588477222797,1.5656322835855085,11.171478379588068,0.005144247434994754,0.996157758277293,0.08742572471696057,71074.10752172317,3.197637868920889
onset,onset_00,242,1.5166951894385368,1.5656981477977658,11.175603314927796,0.005090697749957698,0.998523913716983,0.0540747494838181,71367.88911806369,3.1982632228575185
onset,onset_00,243,1.5373599850786395,1.5657388541195831,11.178152665169145,0.005054624291463365,0.9994282757641495,0.03343011182110186,71550.06297723216,3.1985035438964466
onset,onset_00,244,1.5501315311547936,1.5657640120100231,11.179728250267527,0.00503121910358765,0.9997738313428558,0.02066332491054402,71662.88504729373,3.198595552441811
onset,onset_00,245,1.5580247807187424,1.5657795604414004,11.180702015410493,0.00501633616881104,0.9999058619943298,0.012771198879420182,71732.70185386667,3.1986307259767566
onset,onset_00,246,1.562903077230948,1.5657891699004634,11.181303835365908,0.005006979991577411,0.9999563130740156,0.007893167601504682,71775.88501823985,3.1986441648015256
onset,onset_00,247,1.565918030282691,1.5657951088727777,11.18167578055346,0.005001137565015911,0.9999755952196895,0.0048782771634600566,71802.58667872394,3.1986492983913837
onset,onset_00,248,1.5677813737431534,1.5657987793595263,11.181905655321321,0.004997503919108842,0.9999829673750532,0.003014948484120609,71819.09417892472,3.1986512592849414
onset,onset_00,249,1.568932983334434,1.565801047845092,11.182047725741015,0.004995249503566824,0.9999857876177861,0.0018633423821927913,71829.29827260949,3.1986520082835175
onset,onset_00,250,1.5696447172036159,1.5658024498462746,11.18213553008918,0.004993852880321742,0.9999868675284418,0.001151609336735768,71835.60547421932,3.1986522943783178
onset,onset_00,251,1.5700845929257148,1.565803316330658,11.182189796160708,0.004992988453541203,0.9999872816697659,0.0007117338090919139,71839.50381609713,3.198652403659334
onset,onset_00,252,1.5703564510727976,1.5658038518474573,11.182223334437348,0.0049924537250569,0.9999874408787167,0.0004398757079136694,71841.91322965332,3.1986524454028276
onset,onset_00,253,1.5705244686478135,1.565804182815041,11.182244062232234,0.004992123060118029,0.9999875023221552,0.00027185814373444626,71843.40236952825,3.1986524613486558
onset,onset_00,254,1.5706283092198807,1.5658043873642569,11.182256872713987,0.004991918627466329,0.9999875261814577,0.00016801757422537424,71844.32272401844,3.1986524674402004
onset,onset_00,255,1.5706924862228295,1.5658045137826246,11.182264790027123,0.004991792254221436,0.9999875355359318,0.00010384057188047133,71844.89154027021,3.1986524697674557
onset,onset_00,256,1.5707321497919478,1.5658045919134727,11.18226968319574,0.004991714140980099,0.9999875392579886,6.417700290481352e-05,71845.24309029889,3.198652470656686
onset,onset_00,257,1.5707566632257781,1.5658046402009924,11.182272707340257,0.004991665860415146,0.9999875407717534,3.966356910810361e-05,71845.46036102538,3.1986524709965383
onset,onset_00,258,1.5707718133610662,1.565804670044321,11.182274576364357,0.004991636019885153,0.9999875414068601,2.4513433827970483e-05,71845.59464204776,3.1986524711264606
onset,onset_00,259,1.5707811766596085,1.5658046884885122,11.182275731484776,0.004991617576850554,0.9999875416846151,1.515013528755952e-05,71845.67763240906,3.198652471176164
onset,onset_00,260,1.5707869634963543,1.5658046998876491,11.182276445388455,0.004991606178209643,0.999987541812442,9.363298542210877e-06,71845.72892332097,3.198652471195186
onset,onset_00,261,1.5707905399581508,1.5658047069327035,11.182276886605194,0.004991599133378326,0.9999875418746997,5.786836745820326e-06,71845.76062286623,3.1986524712024855
onset,onset_00,262,1.5707927503331003,1.5658047112867863,11.182277159292136,0.004991594779401351,0.9999875419067815,3.5764617963266306e-06,71845.78021426963,3.1986524712052886
onset,onset_00,263,1.570794116419947,1.5658047139777576,11.182277327821932,0.0049915920884833825,0.9999875419241664,2.2103749495778003e-06,71845.79232242536,3.198652471206368
onset,onset_00,264,1.5707949607080498,1.5658047156408692,11.182277431979076,0.004991590425399989,0.9999875419339778,1.3660868468154626e-06,71845.79980567824,3.198652471206785
onset,onset_00,265,1.5707954825067938,1.5658047166687288,11.18227749635173,0.004991589397556098,0.9999875419396851,8.442881028248449e-07,71845.80443058324,3.19865247120695
onset,onset_00,266,1.5707958049961528,1.565804717303981,11.182277536136219,0.004991588762312816,0.9999875419430763,5.217987438301062e-07,71845.8072889319,3.198652471207017
onset,onset_00,267,1.5707960043055376,1.5658047176965884,11.182277560724385,0.004991588369710847,0.9999875419451202,3.22489359056042e-07,71845.80905548857,3.198652471207043
onset,onset_00,268,1.5707961274855118,1.5658047179392331,11.182277575920708,0.004991588127069238,0.9999875419463635,1.993093848353134e-07,71845.81014728064,3.1986524712070548
onset,onset_00,269,1.5707962036149223,1.5658047180891959,11.182277585312551,0.004991587977108458,0.9999875419471242,1.2317997428196494e-07,71845.81082204527,3.1986524712070588
onset,onset_00,270,1.5707962432344698,1.5658047181672399,11.18227759020029,0.0049915878990654345,0.9999875419475179,8.356042686136555e-08,71845.8111732088,3.198652471207058
onset,onset_01,0,1.5413394450481699,-1.6210739128981673,9.468172894397782,-0.0502346041710267,-0.9983030740235294,0.029452621936798155,12941.220640445368,3.1966957678489805
onset,onset_01,1,0.5999908074321633,-1.6210739128981673,9.468172894397782,-0.02837652039535766,-0.5639213846362023,0.8253408053890466,12941.220640445368,3.126226851204556
onset,onset_01,2,0.9708055193627332,-1.6210739128981673,9.468172894397782,-0.041478663045137754,-0.8242978621543476,0.5646348864175504,12941.220640445368,3.160271095134838
onset,onset_01,3,1.1999816148643265,-1.6210739128981673,9.468172894397782,-0.0468406003944864,-0.9308546595434993,0.36237489008048024,12941.220640445368,3.1809007803958513
onset,onset_01,4,1.3416202312933032,-1.6210739128981673,9.468172894397782,-0.04894239731362613,-0.9726232841793545,0.22717523812546522,12941.220640445368,3.1904009257478627
onset,onset_01,5,1.4291577103659199,-1.6210739128981673,9.468172894397782,-0.049753139345760165,-0.9887350118673832,0.14116551077670147,12941.220640445368,3.194307910058056
onset,onset_01,6,1.4832588477222797,-1.6210739128981673,9.468172894397782,-0.050063976807591774,-0.9949122277286189,0.08742572471696056,12941.220640445368,3.1958436463268716
onset,onset_01,7,1.5166951894385368,-1.6210739128981673,9.468172894397782,-0.05018287590309131,-0.9972750876435034,0.054074749483818095,12941.220640445368,3.1964367467901496
onset,onset_01,8,1.5373599850786395,-1.6210739128981673,9.468172894397782,-0.050228316098185746,-0.9981781123053989,0.03343011182110186,12941.220640445368,3.1966642492916204
onset,onset_01,9,1.5501315311547936,-1.6210739128981673,9.468172894397782,-0.05024567632475109,-0.9985231089034994,0.02066332491054402,12941.220640445368,3.1967512878759874
onset,onset_01,10,1.5580247807187424,-1.6210739128981673,9.468172894397782,-0.05025230786893474,-0.9986548963646191,0.012771198879420183,12941.220640445368,3.1967845541660718
onset,onset_01,11,1.562903077230948,-1.6210739128981673,9.468172894397782,-0.050254840970406355,-0.9987052362255111,0.007893167601504682,12941.220640445368,3.196797263752162
onset,onset_01,12,1.565918030282691,-1.6210739128981673,9.468172894397782,-0.0502558085403046,-0.9987244645646149,0.0048782771634600566,12941.220640445368,3.1968021188190168
onset,onset_01,13,1.5677813737431534,-1.6210739128981673,9.468172894397782,-0.05025617812075812,-0.9987318091691747,0.0030149484841206086,12941.220640445368,3.1968039733532683
onset,onset_01,14,1.568932983334434,-1.6210739128981673,9.468172894397782,-0.0502563192881689,-0.9987346145632344,0.0018633423821927913,12941.220640445368,3.196804681731635
onset,onset_01,15,1.5696447172036159,-1.6210739128981673,9.468172894397782,-0.050256373209356595,-0.9987356861291067,0.0011516093367357678,12941.220640445368,3.196804952309428
onset,onset_01,16,1.5700845929257148,-1.6210739128981673,9.468172894397782,-0.050256393805422676,-0.9987360954309498,0.0007117338090919139,12941.220640445368,3.1968050556611627
onset,onset_01,17,1.5703564510727976,-1.6210739128981673,9.468172894397782,-0.050256401672420625,-0.9987362517703571,0.0004398757079136694,12941.220640445368,3.196805095138015
onset,onset_01,18,1.5705244686478135,-1.6210739128981673,9.468172894397782,-0.050256404677346565,-0.998736311486699,0.0002718581437344463,12941.220640445368,3.1968051102168586
onset,onset_01,19,1.5706283092198807,-1.6210739128981673,9.468172894397782,-0.05025640582512615,-0.9987363342963121,0.00016801757422537421,12941.220640445368,3.196805115976484
onset,onset_01,20,1.5706924862228295,-1.6210739128981673,9.468172894397782,-0.050256406263538944,-0.9987363430088092,0.00010384057188047133,12941.220640445368,3.1968051181764037
onset,onset_01,21,1.5707321497919478,-1.6210739128981673,9.468172894397782,-0.050256406430997734,-0.998736346336687,6.417700290481352e-05,12941.220640445368,3.196805119016741
onset,onset_01,22,1.5707566632257781,-1.6210739128981673,9.468172894397782,-0.0502564064949613,-0.9987363476078231,3.966356910810361e-05,12941.220640445368,3.1968051193377187
onset,onset_01,23,1.5707718133610662,-1.6210739128981673,9.468172894397782,-0.050256406519393206,-0.998736348093354,2.4513433827970483e-05,12941.220640445368,3.1968051194603215
onset,onset_01,24,1.5707811766596085,-1.6210739128981673,9.468172894397782,-0.05025640652872536,-0.9987363482788102,1.515013528755952e-05,12941.220640445368,3.196805119507171
onset,onset_01,25,1.5707869634963543,-1.6210739128981673,9.468172894397782,-0.05025640653228994,-0.9987363483496483,9.363298542210877e-06,12941.220640445368,3.1968051195250173
onset,onset_01,26,1.5707905399581508,-1.6210739128981673,9.468172894397782,-0.050256406533651474,-0.998736348376706,5.786836745820325e-06,12941.220640445368,3.1968051195318723
onset,onset_01,27,1.5707905399581508,-0.7416294238611401,9.468172894397782,0.7373688780659734,-0.6754902942502136,5.786836745820325e-06,12941.220640445368,3.1200571313437098
onset,onset_01,28,1.5707905399581508,0.7416294238611392,9.468172894397782,0.7373688780659742,0.675490294250213,5.786836745820326e-06,12941.220640445368,3.1253950939062243
onset,onset_01,29,1.5707905399581508,1.6583338058675126,9.468172894397782,-0.08742572471549574,0.9961710408481482,5.786836745820326e-06,12941.220640445368,3.194826533848786
onset,onset_01,30,1.5707905399581508,2.224888271583419,9.468172894397782,-0.6084388609686734,0.7936007512784095,5.786836745820325e-06,12941.220640445368,3.1246454535141583
onset,onset_01,31,1.5707905399581508,1.4813811205244116,9.468172894397782,0.08929610694805468,0.9960051231045121,5.786836745820326e-06,12941.220640445368,3.195293780062668
onset,onset_01,32,1.5707905399581508,1.5573969771353884,9.468172894397782,0.013398948703934734,0.9999102300407482,5.786836745820325e-06,12941.220640445368,3.19739969391818
onset,onset_01,33,1.5707905399581508,1.5654657533858467,9.468172894397782,0.00533054816427786,0.999985792510464,5.786836745820325e-06,12941.220640445368,3.1974202540190717
onset,onset_01,34,1.5707905399581508,1.5656900073572526,9.468172894397782,0.005106297246801277,0.9999869627624852,5.786836745820326e-06,12941.220640445368,3.1974202605773065
onset,onset_01,35,1.5707905399581508,1.5656260225497864,9.468172894397782,0.0051702812095859195,0.9999866339900381,5.786836745820325e-06,12941.220640445368,3.197420261822448
onset,onset_01,36,1.5707905399581508,1.5656226419500547,9.468172894397782,0.005173661764102945,0.9999866165056727,5.786836745820325e-06,12941.220640445368,3.197420261819013
onset,onset_01,37,1.5707905399581508,1.5656294031495182,9.468172894397782,0.005166900655009805,0.9999866514629752,5.786836745820325e-06,12941.220640445368,3.1974202618189245
onset,onset_01,38,1.5707905399581508,1.5656260225497864,8.342310205260866,0.0051702812095859195,0.9999866339900381,5.786836745820325e-06,4197.776273049276,3.18666899229443
onset,onset_01,39,1.5707905399581508,1.5656260225497864,9.973010023033673,0.0051702812095859195,0.9999866339900381,5.786836745820325e-06,21439.92298441949,3.1981760639483796
onset,onset_01,40,1.5707905399581508,1.5656260225497864,10.980837935865528,0.0051702812095859195,0.9999866339900381,5.786836745820325e-06,58737.752128584805,3.1986089274662466
onset,onset_01,41,1.5707905399581508,1.5656260225497864,10.562426289620468,0.0051702812095859195,0.9999866339900381,5.786836745820325e-06,38654.802004413184,3.198502322849811
onset,onset_01,42,1.5707905399581508,1.5656260225497864,11.201394403168537,0.0051702812095859195,0.9999866339900381,5.786836745820325e-06,73232.48628224166,3.198634445838606
onset,onset_01,43,1.5707905399581508,1.5656260225497864,11.356885499277698,0.0051702812095859195,0.9999866339900381,5.786836745820325e-06,85552.49980387396,3.1986071527138162
onset,onset_01,44,1.5707905399581508,1.5656260225497864,11.16581470723527,0.0051702812095859195,0.9999866339900381,5.786836745820325e-06,70672.70484356633,3.1986255143530506
onset,onset_01,45,1.5707905399581508,1.5656260225497864,11.260786716934259,0.0051702812095859195,0.9999866339900381,5.786836745820325e-06,77713.69043691015,3.198608834762886
onset,onset_01,46,1.5707905399581508,1.5656260225497864,11.224080248356545,0.0051702812095859195,0.9999866339900381,5.786836745820325e-06,74912.81490210554,3.1986010333527273
onset,onset_01,47,1.5707905399581508,1.5656260225497864,11.187804168631416,0.0051702812095859195,0.9999866339900381,5.786836745820325e-06,72243.97190343698,3.1986498935193177
onset,onset_01,48,1.5707905399581508,1.5656260225497864,11.185593440069042,0.0051702812095859195,0.9999866339900381,5.786836745820325e-06,72084.43650100114,3.198651441594356
onset,onset_01,49,1.5707905399581508,1.5656260225497864,11.178038636380943,0.0051702812095859195,0.9999866339900381,5.786836745820325e-06,71541.90467540456,3.19865038578777
onset,onset_01,50,1.5707905399581508,1.5656260225497864,11.182628388572386,0.0051702812095859195,0.9999866339900381,5.786836745820325e-06,71871.018987982,3.1986524485960306
onset,onset_01,51,1.5707905399581508,1.5656260225497864,11.182485065028299,0.0051702812095859195,0.9999866339900381,5.786836745820325e-06,71860.71891696246,3.1986524568452515
onset,onset_01,52,1.5707905399581508,1.5656260225497864,11.182239590121172,0.0051702812095859195,0.9999866339900381,5.786836745820325e-06,71843.08107857221,3.1986524611361813
onset,onset_01,53,1.5707905399581508,1.5656260225497864,11.182277536751855,0.0051702812095859195,0.9999866339900381,5.786836745820325e-06,71845.80733316272,3.198652461293805
onset,onset_01,54,1.5707905399581508,1.5656260225497864,11.182280895509468,0.0051702812095859195,0.9999866339900381,5.786836745820325e-06,71846.04864622036,3.1986524612932015
onset,onset_01,55,1.5707905399581508,1.5656260225497864,11.182274177994241,0.0051702812095859195,0.9999866339900381,5.786836745820325e-06,71845.56602091562,3.1986524612920486
onset,onset_01,56,1.5707963267948966,1.5662521762578447,11.182614340655439,0.004544134898143636,0.9999896753657147,6.123233995736766e-17,71870.00935696797,3.198652397352051
onset,onset_01,57,1.5439060809017326,-1.343355942348461,9.61755553858373,0.22540305041718087,-0.9738945290973564,0.02688700535329731,15026.273861182022,3.181997700573011
onset,onset_01,58,1.5541772408670789,-0.2319845349834877,10.215354806582928,0.9730776540190884,-0.22987759929668336,0.016618320923031896,27319.467071176834,3.182308758435812
onset,onset_01,59,1.5605251668295501,0.4548807688928711,10.584815072656239,0.8982660352255664,0.43933203496092665,0.010270979370672584,39529.99669392867,3.1523165765337984
onset,onset_01,60,1.5490945842867354,-0.7819437621698446,9.919535406099248,0.7093781088128799,-0.7044940078103832,0.021700039085809926,20323.54623895495,3.119444148378411
onset,onset_01,61,1.5566019328266751,0.030374665404256485,10.356476070730354,0.9994380330671262,0.030366935471534778,0.014193917323333596,31460.122509193487,3.198139872105351
onset,onset_01,62,1.558100474869954,0.19252156850512692,10.443693808508813,0.9814457907258866,0.1913190630081528,0.012695510864936843,34327.216707052765,3.1880789709370347
onset,onset_01,63,1.5563567182016582,0.0038416814150257217,10.342204155597857,0.9998883721835182,0.0038412714736919596,0.014439106816544553,31014.31514024417,3.1983433323323087
onset,onset_01,64,1.5563563804181482,0.0038051321901835244,10.34218449601357,0.9998885070338507,0.003804726307643475,0.014439444564840075,31013.705417695015,3.1983432920916193
onset,onset_01,65,1.5563719642372091,0.0054913498112010295,10.343091501226095,0.9998808948311431,0.005490750954222419,0.014423862368705194,31041.8477708698,3.1983442231251655
onset,onset_01,66,1.5563718409918792,0.005478014283735844,10.34308432813481,0.9998809661866411,0.0054774170048615374,0.014423985601213898,31041.625105660674,3.1983442231834793
onset,onset_01,67,1.556371742607699,0.0054673688098831885,10.343078602005422,0.9998810230206087,0.0054667727901113764,0.014424083975158953,31041.447357807825,3.198344223145118
onset,onset_01,68,0.5999908074321633,0.005478014283735844,10.34308432813481,0.5646264144760781,0.0030930625030699665,0.8253408053890466,31041.625105660674,3.126268359784688
onset,onset_01,69,0.9708055193627332,0.005478014283735844,10.34308432813481,0.8253284217422582,0.004521206108250626,0.5646348864175504,31041.625105660674,3.160798944312331
onset,onset_01,70,1.1999816148643265,0.005478014283735844,10.34308432813481,0.932018439335232,0.005105661394804854,0.36237489008048024,31041.625105660674,3.181938620199951
onset,onset_01,71,1.3416202312933032,0.005478014283735844,10.34308432813481,0.9738392842406871,0.005334758872194036,0.22717523812546525,31041.625105660674,3.1917443860751886
onset,onset_01,72,1.4291577103659199,0.005478014283735844,10.34308432813481,0.9899711552485144,0.005423130375969628,0.14116551077670147,31041.625105660674,3.195786035862251
onset,onset_01,73,1.4832588477222797,0.005478014283735844,10.34308432813481,0.9961560940328883,0.005457011897887942,0.08742572471696057,31041.625105660674,3.197375801865551
onset,onset_01,74,1.5166951894385368,0.005478014283735844,10.34308432813481,0.9985219080594501,0.0054699719905566225,0.054074749483818095,31041.625105660674,3.1979899205453517
onset,onset_01,75,1.5373599850786395,0.005478014283735844,10.34308432813481,0.999426061707318,0.005474925006698861,0.03343011182110186,31041.625105660674,3.1982255071763728
onset,onset_01,76,1.5501315311547936,0.005478014283735844,10.34308432813481,0.9997714896295409,0.005476817284719068,0.02066332491054402,31041.625105660674,3.19831564180152
onset,onset_01,77,1.5580247807187424,0.005478014283735844,10.34308432813481,0.9999034418549259,0.0054775401281250274,0.012771198879420182,31041.625105660674,3.1983500918686425
onset,onset_01,78,1.562903077230948,0.005478014283735844,10.34308432813481,0.9999538446520799,0.005477816238129678,0.00789316760150468,31041.625105660674,3.1983632537917237
onset,onset_01,79,1.565918030282691,0.005478014283735844,10.34308432813481,0.9999730970309759,0.005477921703991231,0.0048782771634600566,31041.625105660674,3.1983682816613466
onset,onset_01,80,1.5677813737431534,0.005478014283735844,10.34308432813481,0.9999804508179598,0.0054779619885443305,0.0030149484841206086,31041.625105660674,3.198370202204112
onset,onset_01,81,1.568932983334434,0.005478014283735844,10.34308432813481,0.9999832597193995,0.005477977375900457,0.0018633423821927913,31041.625105660674,3.198370935796013
onset,onset_01,82,1.5696447172036159,0.005478014283735844,10.34308432813481,0.9999843326249724,0.005477983253351302,0.0011516093367357678,31041.625105660674,3.1983712160046256
onset,onset_01,83,1.5700845929257148,0.005478014283735844,10.34308432813481,0.9999847424385359,0.005477985498338313,0.0007117338090919139,31041.625105660674,3.1983713230349977
onset,onset_01,84,1.5703564510727976,0.005478014283735844,10.34308432813481,0.9999848989734029,0.0054779863558471285,0.0004398757079136694,31041.625105660674,3.198371363916993
onset,onset_01,85,1.5705244686478135,0.005478014283735844,10.34308432813481,0.9999849587644037,0.005477986683386361,0.00027185814373444626,31041.625105660674,3.1983713795325275
onset,onset_01,86,1.5706283092198807,0.005478014283735844,10.34308432813481,0.9999849816025342,0.005477986808495218,0.00016801757422537421,31041.625105660674,3.198371385497132
onset,onset_01,87,1.5706924862228295,0.005478014283735844,10.34308432813481,0.9999849903259239,0.005477986856282549,0.00010384057188047133,31041.625105660674,3.1983713877754094
onset,onset_01,88,1.5707321497919478,0.005478014283735844,10.34308432813481,0.9999849936579622,0.005477986874535685,6.417700290481352e-05,31041.625105660674,3.1983713886456324
onset,onset_01,89,1.5707566632257781,0.005478014283735844,10.34308432813481,0.9999849949306876,0.005477986881507762,3.966356910810361e-05,31041.625105660674,3.198371388978032
onset,onset_01,90,1.5707718133610662,0.005478014283735844,10.34308432813481,0.9999849954168255,0.00547798688417086,2.4513433827970483e-05,31041.625105660674,3.198371389104996
onset,onset_01,91,1.5707811766596085,0.005478014283735844,10.34308432813481,0.9999849956025136,0.005477986885188072,1.515013528755952e-05,31041.625105660674,3.198371389153491
onset,onset_01,92,1.5707869634963543,0.005478014283735844,10.34308432813481,0.9999849956734402,0.005477986885576613,9.363298542210877e-06,31041.625105660674,3.198371389172016
onset,onset_01,93,1.5707905399581508,0.005478014283735844,10.34308432813481,0.9999849957005317,0.005477986885725022,5.786836745820325e-06,31041.625105660674,3.1983713891790915
onset,onset_01,94,1.5707905399581508,-0.7416294238611403,10.34308432813481,0.7373688780659734,-0.6754902942502138,5.786836745820326e-06,31041.625105660674,3.119991300384125
onset,onset_01,95,1.5707905399581508,0.7416294238611394,10.34308432813481,0.737368878065974,0.6754902942502131,5.786836745820325e-06,31041.625105660674,3.1253510906027033
onset,onset_01,96,1.5707905399581508,1.6583338058675128,10.34308432813481,-0.08742572471549596,0.9961710408481482,5.786836745820326e-06,31041.625105660674,3.1958595668812966
onset,onset_01,97,1.5707905399581508,2.224888271583419,10.34308432813481,-0.6084388609686734,0.7936007512784095,5.786836745820325e-06,31041.625105660674,3.1246544174897686
onset,onset_01,98,1.5707905399581508,1.4815394840360607,10.34308432813481,0.08913837496007003,0.9960192518601187,5.786836745820326e-06,31041.625105660674,3.1963269008208854
onset,onset_01,99,1.5707905399581508,1.5576446863345095,10.34308432813481,0.013151261333112639,0.9999135184063974,5.786836745820326e-06,31041.625105660674,3.198467695760195
onset,onset_01,100,1.5707905399581508,1.565612057916013,10.34308432813481,0.005184245656203245,0.9999865616914503,5.786836745820325e-06,31041.625105660674,3.1984880863121616
onset,onset_01,101,1.5707905399581508,1.5658356851077069,10.34308432813481,0.004960621341914763,0.9999876960255135,5.786836745820325e-06,31041.625105660674,3.1984880929996677
onset,onset_01,102,1.5707905399581508,1.5657722928864326,10.34308432813481,0.005024012773202993,0.9999873795514458,5.786836745820325e-06,31041.625105660674,3.1984880942422134
onset,onset_01,103,1.5707905399581508,1.5657689364101952,10.34308432813481,0.005027369207051845,0.9999873626828334,5.786836745820325e-06,31041.625105660674,3.198488094238785
onset,onset_01,104,1.5707905399581508,1.56577564936267,10.34308432813481,0.005020656339297542,0.9999873964087924,5.786836745820325e-06,31041.625105660674,3.1984880942386815
onset,onset_01,105,1.554176724520559,-0.2318941349438941,9.37613154570571,0.9730984226358037,-0.22978963012696849,0.01661883719824517,11803.265927850905,3.180866910332501
onset,onset_01,106,1.5439052454355138,-1.343300072051408,8.778313704388287,0.22545745677559198,-0.9738819123572372,0.02688784051746832,6491.920640678759,3.1778869815366795
onset,onset_01,107,1.560524847709851,0.45499250948697734,9.74560329072097,0.8982169354509536,0.43943240355800456,0.010271298473538278,17078.972214227877,3.152408114567926
onset,onset_01,108,1.5495460638270226,-0.7329460034152955,9.106619087299023,0.7430387713590383,-0.6689109645908661,0.021248663660756534,9014.76517728776,3.1203094284515327
onset,onset_01,109,1.5566014918140973,0.030473216810335213,9.517257194418805,0.9994350292525942,0.030465431156628548,0.014194358291482963,13592.279061127874,3.1973203983637215
onset,onset_01,110,1.558100080416313,0.19262515773274802,9.604477642007875,0.9814259619508938,0.1914207282342008,0.012695905286787431,14831.041204518993,3.1873563968071372
onset,onset_01,111,1.5563799253203587,0.006499034069343157,9.504361641412432,0.9998749690309668,0.006498312979783144,0.014415902113284614,13418.124429576768,3.1975074117702853
onset,onset_01,112,1.5563656499714704,0.00495439698471789,9.503530791426194,0.9998836078683355,0.004953860864529358,0.014430175977287596,13406.980611140865,3.197506960214023
onset,onset_01,113,1.5563770472493574,0.006187617848588234,9.504194132704201,0.9998769027336988,0.006186935128881388,0.014418779885152848,13415.876965126883,3.1975074431956734
onset,onset_01,114,1.556376998973241,0.006182394222848275,9.504191322950755,0.9998769343422204,0.006181712141767657,0.014418828156250677,13415.839269873295,3.197507443195507
onset,onset_01,115,1.5563770955254739,0.006192841474328192,9.50419694245765,0.9998768710978919,0.006192158115833561,0.014418731614054986,13415.914660486409,3.1975074431784916
onset,onset_02,0,1.5153293674642143,-3.096747011051632,9.887162955958132,-0.9974582514475603,-0.0447616674172422,0.05543852224946023,19676.15855069094,3.1972766981746337
onset,onset_02,1,0.5999908074321633,-3.096747011051632,9.887162955958132,-0.5640672040207545,-0.025312927684651185,0.8253408053890466,19676.15855069094,3.126351585883086
onset,onset_02,2,0.9708055193627332,-3.096747011051632,9.887162955958132,-0.8245110099622189,-0.037000533662659874,0.5646348864175504,19676.15855069094,3.1605318397381352
onset,onset_02,3,1.1999816148643265,-3.096747011051632,9.887162955958132,-0.9310953609200744,-0.04178358424400941,0.36237489008048024,19676.15855069094,3.181407899179725
onset,onset_02,4,1.3416202312933032,-3.096747011051632,9.887162955958132,-0.9728747861308039,-0.04365846645933242,0.22717523812546522,19676.15855069094,3.1911061545383235
onset,onset_02,5,1.4291577103659199,-3.096747011051632,9.887162955958132,-0.9889906800063183,-0.044381678965460324,0.1411655107767015,19676.15855069094,3.195110439033526
onset,onset_02,6,1.4832588477222797,-3.096747011051632,9.887162955958132,-0.9951694931785262,-0.04465895771857733,0.08742572471696057,19676.15855069094,3.1966868435697195
onset,onset_02,7,1.5166951894385368,-3.096747011051632,9.887162955958132,-0.9975329640842118,-0.04476502020137006,0.0540747494838181,19676.15855069094,3.197296007361594
onset,onset_02,8,1.5373599850786395,-3.096747011051632,9.887162955958132,-0.9984362222511738,-0.04480555457120738,0.03343011182110186,19676.15855069094,3.197529723749206
onset,onset_02,9,1.5501315311547936,-3.096747011051632,9.887162955958132,-0.9987813080588573,-0.04482104054882251,0.02066332491054402,19676.15855069094,3.1976191472969955
onset,onset_02,10,1.5580247807187424,-3.096747011051632,9.887162955958132,-0.9989131295977174,-0.044826956136640166,0.012771198879420183,19676.15855069094,3.197653326238572
onset,onset_02,11,1.562903077230948,-3.096747011051632,9.887162955958132,-0.9989634824755435,-0.04482921575880228,0.007893167601504682,19676.15855069094,3.1976663846713462
onset,onset_02,12,1.565918030282691,-3.096747011051632,9.887162955958132,-0.9989827157867315,-0.04483007886768676,0.0048782771634600566,19676.15855069094,3.1976713730214215
onset,onset_02,13,1.5677813737431534,-3.096747011051632,9.887162955958132,-0.9989900622904668,-0.044830408547406594,0.003014948484120609,19676.15855069094,3.197673278470573
onset,onset_02,14,1.568932983334434,-3.096747011051632,9.887162955958132,-0.9989928684099483,-0.044830534474067464,0.0018633423821927913,19676.15855069094,3.197674006297415
onset,onset_02,15,1.5696447172036159,-3.096747011051632,9.887162955958132,-0.9989939402529071,-0.04483058257380294,0.0011516093367357678,19676.15855069094,3.197674284304035
onset,onset_02,16,1.5700845929257148,-3.096747011051632,9.887162955958132,-0.998994349660588,-0.04483060094627159,0.0007117338090919139,19676.15855069094,3.197674390493342
onset,onset_02,17,1.5703564510727976,-3.096747011051632,9.887162955958132,-0.9989945060404216,-0.04483060796393082,0.0004398757079136694,19676.15855069094,3.1976744310540406
onset,onset_02,18,1.5705244686478135,-3.096747011051632,9.887162955958132,-0.998994565772205,-0.04483061064443822,0.0002718581437344463,19676.15855069094,3.1976744465468583
onset,onset_02,19,1.5706283092198807,-3.096747011051632,9.887162955958132,-0.9989945885877164,-0.044830611668300956,0.00016801757422537424,19676.15855069094,3.1976744524645917
onset,onset_02,20,1.5706924862228295,-3.096747011051632,9.887162955958132,-0.9989945973024663,-0.044830612059381714,0.00010384057188047133,19676.15855069094,3.197674454724984
onset,onset_02,21,1.5707321497919478,-3.096747011051632,9.887162955958132,-0.9989946006312046,-0.04483061220876128,6.417700290481352e-05,19676.15855069094,3.1976744555883747
onset,onset_02,22,1.5707566632257781,-3.096747011051632,9.887162955958132,-0.9989946019026695,-0.0448306122658192,3.9663569108103616e-05,19676.15855069094,3.1976744559181287
onset,onset_02,23,1.5707718133610662,-3.096747011051632,9.887162955958132,-0.9989946023883258,-0.044830612287613376,2.4513433827970483e-05,19676.15855069094,3.1976744560441217
onset,onset_02,24,1.5707811766596085,-3.096747011051632,9.887162955958132,-0.9989946025738301,-0.044830612295938016,1.5150135287559522e-05,19676.15855069094,3.1976744560922317
onset,onset_02,25,1.5707869634963543,-3.096747011051632,9.887162955958132,-0.9989946026446864,-0.04483061229911774,9.363298542210877e-06,19676.15855069094,3.1976744561106147
onset,onset_02,26,1.5707905399581508,-3.096747011051632,9.887162955958132,-0.9989946026717511,-0.04483061230033229,5.786836745820325e-06,19676.15855069094,3.1976744561176047
onset,onset_02,27,1.5707905399581508,-0.7416294238611401,9.887162955958132,0.7373688780659734,-0.6754902942502136,5.786836745820325e-06,19676.15855069094,3.1200168354834186
onset,onset_02,28,1.5707905399581508,0.7416294238611396,9.887162955958132,0.7373688780659737,0.6754902942502132,5.786836745820325e-06,19676.15855069094,3.125377842254562
onset,onset_02,29,1.5707905399581508,1.658333805867513,9.887162955958132,-0.08742572471549617,0.9961710408481481,5.786836745820325e-06,19676.15855069094,3.1955890456452503
onset,onset_02,30,1.5707905399581508,2.2248882715834197,9.887162955958132,-0.6084388609686742,0.793600751278409,5.786836745820326e-06,19676.15855069094,3.124654638949699
onset,onset_02,31,1.5707905399581508,1.481466913504267,9.887162955958132,0.08921065637206795,0.9960127804180915,5.786836745820325e-06,19676.15855069094,3.1960541751362403
onset,onset_02,32,1.5707905399581508,1.5576204576336785,9.887162955958132,0.013175487934744481,0.9999131994749314,5.786836745820325e-06,19676.15855069094,3.1981875452276425
onset,onset_02,33,1.5707905399581508,1.5655788003605622,9.887162955958132,0.0052175027618556824,0.9999863887230879,5.786836745820325e-06,19676.15855069094,3.198207802784883
onset,onset_02,34,1.5707905399581508,1.565802891652221,9.887162955958132,0.004993414391237484,0.9999875328118996,5.786836745820325e-06,19676.15855069094,3.1982078094992974
onset,onset_02,35,1.5707905399581508,1.5657395779472152,9.887162955958132,0.005056727296848848,0.9999872146560465,5.786836745820325e-06,19676.15855069094,3.1982078107332597
onset,onset_02,36,1.5707905399581508,1.5657361754580297,9.887162955958132,0.005060129742503087,0.9999871974447981,5.786836745820325e-06,19676.15855069094,3.198207810729761
onset,onset_02,37,1.5707905399581508,1.5657429804364007,9.887162955958132,0.0050533248511360675,0.999987231855718,5.786836745820325e-06,19676.15855069094,3.198207810729665
onset,onset_02,38,1.5707905399581508,1.5657395779472152,8.342310205260866,0.005056727296848848,0.9999872146560465,5.786836745820325e-06,4197.776273049276,3.18666888567646
onset,onset_02,39,1.5707905399581508,1.5657395779472152,9.973010023033673,0.005056727296848848,0.9999872146560465,5.786836745820325e-06,21439.92298441949,3.1981760669933266
onset,onset_02,40,1.5707905399581508,1.5657395779472152,10.980837935865528,0.005056727296848848,0.9999872146560465,5.786836745820325e-06,58737.752128584805,3.1986089352557934
onset,onset_02,41,1.5707905399581508,1.5657395779472152,10.562426419895107,0.005056727296848848,0.9999872146560465,5.786836745820325e-06,38654.80704015389,3.1985023292151906
onset,onset_02,42,1.5707905399581508,1.5657395779472152,11.20139742602677,0.005056727296848848,0.9999872146560465,5.786836745820325e-06,73232.70765400027,3.1986344493343526
onset,onset_02,43,1.5707905399581508,1.5657395779472152,11.356792983414898,0.005056727296848848,0.9999872146560465,5.786836745820325e-06,85544.58520665845,3.198607286636315
onset,onset_02,44,1.5707905399581508,1.5657395779472152,11.165977670454433,0.005056727296848848,0.9999872146560465,5.786836745820325e-06,70684.22283353345,3.1986258895016872
onset,onset_02,45,1.5707905399581508,1.5657395779472152,11.2607532472483,0.005056727296848848,0.9999872146560465,5.786836745820325e-06,77711.08942762419,3.1986088222129134
onset,onset_02,46,1.5707905399581508,1.5657395779472152,11.224069332303232,0.005056727296848848,0.9999872146560465,5.786836745820325e-06,74911.99715428756,3.1986010304345123
onset,onset_02,47,1.5707905399581508,1.5657395779472152,11.187868283271351,0.005056727296848848,0.9999872146560465,5.786836745820325e-06,72248.60394817239,3.1986498500678926
onset,onset_02,48,1.5707905399581508,1.5657395779472152,11.185604303451347,0.005056727296848848,0.9999872146560465,5.786836745820325e-06,72085.21958604662,3.1986514439663227
onset,onset_02,49,1.5707905399581508,1.5657395779472152,11.178107596731245,0.005056727296848848,0.9999872146560465,5.786836745820325e-06,71546.83840032594,3.198650463322041
onset,onset_02,50,1.5707905399581508,1.5657395779472152,11.182620649381708,0.005056727296848848,0.9999872146560465,5.786836745820325e-06,71870.46276661415,3.1986524577419395
onset,onset_02,51,1.5707905399581508,1.5657395779472152,11.182483201846892,0.005056727296848848,0.9999872146560465,5.786836745820325e-06,71860.58502753185,3.1986524655181134
onset,onset_02,52,1.5707905399581508,1.5657395779472152,11.182240171480872,0.005056727296848848,0.9999872146560465,5.786836745820325e-06,71843.12284525641,3.198652469733501
onset,onset_02,53,1.5707905399581508,1.5657395779472152,11.182277575649621,0.005056727296848848,0.9999872146560465,5.786836745820325e-06,71845.81012780424,3.1986524698865426
onset,onset_02,54,1.5707905399581508,1.5657395779472152,11.18228092819261,0.005056727296848848,0.9999872146560465,5.786836745820325e-06,71846.05099437496,3.1986524698859267
onset,onset_02,55,1.5707905399581508,1.5657395779472152,11.182274223106635,0.005056727296848848,0.9999872146560465,5.786836745820325e-06,71845.56926204116,3.1986524698848053
onset,onset_02,56,1.5707963267948966,1.5662260633117813,11.182412708329553,0.004570247573048232,0.9999895563640258,6.123233995736766e-17,71855.51950068066,3.1986524142126087
onset,onset_02,57,0.5999908074321633,1.5657395779472152,11.182277575649621,0.0028552046429485816,0.5646276673757732,0.8253408053890466,71845.81012780424,3.1259352513268337
onset,onset_02,58,0.9708055193627332,1.5657395779472152,11.182277575649621,0.004173523379883885,0.8253302531367899,0.5646348864175504,71845.81012780424,3.1607828694233273
onset,onset_02,59,1.1999816148643265,1.5657395779472152,11.182277575649621,0.004713033799123456,0.9320205074737188,0.36237489008048024,71845.81012780424,3.182085344041944
onset,onset_02,60,1.3416202312933032,1.5657395779472152,11.182277575649621,0.004924513580240121,0.9738414451791607,0.22717523812546525,71845.81012780424,3.1919683697308288
onset,onset_02,61,1.4291577103659199,1.5657395779472152,11.182277575649621,0.005006089276700824,0.9899733519834293,0.14116551077670147,71845.81012780424,3.1960445342525245
onset,onset_02,62,1.4832588477222797,1.5657395779472152,11.182277575649621,0.005037365294755848,0.9961583044921131,0.08742572471696056,71845.81012780424,3.197648199010738
onset,onset_02,63,1.5166951894385368,1.5657395779472152,11.182277575649621,0.005049328750626505,0.9985241237683897,0.054074749483818095,71845.81012780424,3.1982676795531964
onset,onset_02,64,1.5373599850786395,1.5657395779472152,11.182277575649621,0.005053900877659787,0.9994282794225644,0.03343011182110185,71845.81012780424,3.1985053185937375
onset,onset_02,65,1.5501315311547936,1.5657395779472152,11.182277575649621,0.005055647638672111,0.9997737081112881,0.02066332491054402,71845.81012780424,3.1985962376192085
onset,onset_02,66,1.5580247807187424,1.5657395779472152,11.182277575649621,0.005056314895103811,0.9999056606294735,0.012771198879420182,71845.81012780424,3.1986309873559544
onset,onset_02,67,1.562903077230948,1.5657395779472152,11.182277575649621,0.005056569772128268,0.9999560635384708,0.00789316760150468,71845.81012780424,3.1986442637501638
onset,onset_02,68,1.565918030282691,1.5657395779472152,11.182277575649621,0.005056667127618912,0.9999753159600876,0.0048782771634600566,71845.81012780424,3.1986493353449195
onset,onset_02,69,1.5677813737431534,1.5657395779472152,11.182277575649621,0.005056704314272249,0.9999826697633896,0.003014948484120609,71845.81012780424,3.198651272589359
onset,onset_02,70,1.568932983334434,1.5657395779472152,11.182277575649621,0.005056718518333955,0.999985478671062,0.0018633423821927913,71845.81012780424,3.1986520125607574
onset,onset_02,71,1.5696447172036159,1.5657395779472152,11.182277575649621,0.005056723943806258,0.9999865515790158,0.0011516093367357678,71845.81012780424,3.198652295206115
onset,onset_02,72,1.5700845929257148,1.5657395779472152,11.182277575649621,0.005056726016152785,0.9999869613934886,0.0007117338090919139,71845.81012780424,3.1986524031672445
onset,onset_02,73,1.5703564510727976,1.5657395779472152,11.182277575649621,0.0050567268077187965,0.999987117928703,0.0004398757079136694,71845.81012780424,3.1986524444047637
onset,onset_02,74,1.5705244686478135,1.5657395779472152,11.182277575649621,0.005056727110070119,0.9999871777198366,0.00027185814373444626,71845.81012780424,3.1986524601560875
onset,onset_02,75,1.5706283092198807,1.5657395779472152,11.182277575649621,0.00505672722555805,0.9999872005580177,0.00016801757422537424,71845.81012780424,3.198652466172564
onset,onset_02,76,1.5706924862228295,1.5657395779472152,11.182277575649621,0.005056727269670514,0.9999872092814267,0.00010384057188047133,71845.81012780424,3.1986524684706534
onset,onset_02,77,1.5707321497919478,1.5657395779472152,11.182277575649621,0.005056727286519977,0.9999872126134725,6.417700290481352e-05,71845.81012780424,3.198652469348452
onset,onset_02,78,1.5707566632257781,1.5657395779472152,11.182277575649621,0.005056727292955898,0.9999872138862007,3.966356910810361e-05,71845.81012780424,3.1986524696837346
onset,onset_02,79,1.5707718133610662,1.5657395779472152,11.182277575649621,0.005056727295414201,0.9999872143723396,2.4513433827970483e-05,71845.81012780424,3.1986524698118064
onset,onset_02,80,1.5707811766596085,1.5657395779472152,11.182277575649621,0.00505672729635319,0.9999872145580281,1.515013528755952e-05,71845.81012780424,3.1986524698607193
onset,onset_02,81,1.5707869634963543,1.5657395779472152,11.182277575649621,0.005056727296711852,0.9999872146289549,9.363298542210877e-06,71845.81012780424,3.1986524698794043
onset,onset_02,82,1.5707905399581508,-0.7416294238611401,11.182277575649621,0.7373688780659734,-0.6754902942502136,5.786836745820325e-06,71845.81012780424,3.1196711081677932
onset,onset_02,83,1.5707905399581508,0.7416294238611396,11.182277575649621,0.7373688780659737,0.6754902942502132,5.786836745820325e-06,71845.81012780424,3.125027219144499
onset,onset_02,84,1.5707905399581508,1.658333805867513,11.182277575649621,-0.08742572471549617,0.9961710408481481,5.786836745820325e-06,71845.81012780424,3.1960135900803675
onset,onset_02,85,1.5707905399581508,2.2248882715834193,11.182277575649621,-0.6084388609686737,0.7936007512784092,5.786836745820325e-06,71845.81012780424,3.1244368580292665
onset,onset_02,86,1.5707905399581508,1.4818102750557909,11.182277575649621,0.0888686586263248,0.996043353213338,5.786836745820325e-06,71845.81012780424,3.1964932882618435
onset,onset_02,87,1.5707905399581508,1.5575247976754316,11.182277575649621,0.013271139529227581,0.999911934533291,5.786836745820325e-06,71845.81012780424,3.1986312026433477
onset,onset_02,88,1.5707905399581508,1.565646990697747,11.182277575649621,0.005149313340750741,0.9999867421814308,5.786836745820325e-06,71845.81012780424,3.198652463483055
onset,onset_02,89,1.5707905399581508,1.5658689230090665,11.182277575649621,0.004927383846779357,0.9999878603537841,5.786836745820325e-06,71845.81012780424,3.1986524699221435
onset,onset_02,90,1.5707905399581508,1.5658047183244164,11.182277575649621,0.004991587741807337,0.9999875419315625,5.786836745820325e-06,71845.81012780424,3.1986524712026427
onset,onset_02,91,1.5707905399581508,1.565801384990117,11.182277575649621,0.004994921034552166,0.9999875252873764,5.786836745820326e-06,71845.81012780424,3.198652471199248
onset,onset_02,92,1.5707905399581508,1.5658080516587158,11.182277575649621,0.004988254449007049,0.9999875585646376,5.786836745820325e-06,71845.81012780424,3.1986524711991446
onset,onset_02,93,1.5707905399581508,1.5658047183244164,8.342310205260866,0.004991587741807337,0.9999875419315625,5.786836745820325e-06,4197.776273049276,3.1866688215607586
onset,onset_02,94,1.5707905399581508,1.5658047183244164,9.973010023033673,0.004991587741807337,0.9999875419315625,5.786836745820325e-06,21439.92298441949,3.1981760651604367
onset,onset_02,95,1.5707905399581508,1.5658047183244164,10.980837935865528,0.004991587741807337,0.9999875419315625,5.786836745820325e-06,58737.752128584805,3.1986089361163987
onset,onset_02,96,1.5707905399581508,1.5658047183244164,10.562426493632964,0.004991587741807337,0.9999875419315625,5.786836745820325e-06,38654.809890476616,3.19850232926751
onset,onset_02,97,1.5707905399581508,1.5658047183244164,11.20139913918412,0.004991587741807337,0.9999875419315625,5.786836745820325e-06,73232.8331132592,3.1986344477598965
onset,onset_02,98,1.5707905399581508,1.5658047183244164,11.356740531107217,0.004991587741807337,0.9999875419315625,5.786836745820325e-06,85540.0983134297,3.1986073589401833
onset,onset_02,99,1.5707905399581508,1.5658047183244164,11.166070427796107,0.004991587741807337,0.9999875419315625,5.786836745820325e-06,70690.77961823205,3.1986261008449146
onset,onset_02,100,1.5707905399581508,1.5658047183244164,11.260734271039025,0.004991587741807337,0.9999875419315625,5.786836745820325e-06,77709.61477971995,3.1986088115469045
onset,onset_02,101,1.5707905399581508,1.5658047183244164,11.224063142825738,0.004991587741807337,0.9999875419315625,5.786836745820325e-06,74911.53348960205,3.1986010252366204
onset,onset_02,102,1.5707905399581508,1.5658047183244164,11.187904772212635,0.004991587741807337,0.9999875419315625,5.786836745820325e-06,72251.24027133771,3.198649821615255
onset,onset_02,103,1.5707905399581508,1.5658047183244164,11.185609924456378,0.004991587741807337,0.9999875419315625,5.786836745820325e-06,72085.6247785673,3.19865144205776
onset,onset_02,104,1.5707905399581508,1.5658047183244164,11.178146500855219,0.004991587741807337,0.9999875419315625,5.786836745820325e-06,71549.62192154188,3.198650503006342
onset,onset_02,105,1.5707905399581508,1.5658047183244164,11.1826161183818,0.004991587741807337,0.9999875419315625,5.786836745820325e-06,71870.13712229172,3.1986524593762344
onset,onset_02,106,1.5707905399581508,1.5658047183244164,11.182482095051549,0.004991587741807337,0.9999875419315625,5.786836745820325e-06,71860.50549261499,3.198652466881462
onset,onset_02,107,1.5707905399581508,1.5658047183244164,11.182240524150984,0.004991587741807337,0.9999875419315625,5.786836745820325e-06,71843.14818218304,3.1986524710523665
onset,onset_02,108,1.5707905399581508,1.5658047183244164,11.182277597917084,0.004991587741807337,0.9999875419315625,5.786836745820325e-06,71845.81172762814,3.198652471202653
onset,onset_02,109,1.5707905399581508,1.5658047183244164,11.182280931250418,0.004991587741807337,0.9999875419315625,5.786836745820325e-06,71846.0512140664,3.1986524712020312
onset,onset_02,110,1.5707905399581508,1.5658047183244164,11.18227426458375,0.004991587741807337,0.9999875419315625,5.786836745820325e-06,71845.57224198816,3.198652471200945
onset,onset_03,0,1.4638956064675073,-0.03190188966461305,10.190767471562866,0.9937856397880169,-0.03171439946539614,0.10669723059982071,26655.944731408188,3.196672089160402
onset,onset_03,1,0.5999908074321633,-0.03190188966461305,10.190767471562866,0.5643475876940951,-0.01800986461957832,0.8253408053890466,26655.944731408188,3.126112088539642
onset,onset_03,2,0.9708055193627332,-0.03190188966461305,10.190767471562866,0.8249208537255774,-0.02632546540717688,0.5646348864175504,26655.944731408188,3.1606059229757135
onset,onset_03,3,1.1999816148643265,-0.03190188966461305,10.190767471562866,0.9315581850936202,-0.029728552340140935,0.36237489008048024,26655.944731408188,3.181750820822388
onset,onset_03,4,1.3416202312933032,-0.03190188966461305,10.190767471562866,0.9733583778097589,-0.031062510043346366,0.22717523812546522,26655.944731408188,3.19153896499216
onset,onset_03,5,1.4291577103659199,-0.03190188966461305,10.190767471562866,0.9894822824923043,-0.031577067643668806,0.1411655107767015,26655.944731408188,3.1955707045823623
onset,onset_03,6,1.4832588477222797,-0.03190188966461305,10.190767471562866,0.9956641669977181,-0.031774348371830116,0.08742572471696056,26655.944731408188,3.1971562837764758
onset,onset_03,7,1.5166951894385368,-0.03190188966461305,10.190767471562866,0.9980288127255696,-0.031849810640758876,0.054074749483818095,26655.944731408188,3.197768746249983
onset,onset_03,8,1.5373599850786395,-0.03190188966461305,10.190767471562866,0.9989325198795336,-0.03187865039103607,0.03343011182110185,26655.944731408188,3.1980036919284034
onset,onset_03,9,1.5501315311547939,-0.03190188966461305,10.190767471562866,0.9992777772207255,-0.03188966849071324,0.020663324910543797,26655.944731408188,3.1980935805105686
onset,onset_03,10,1.5580247807187424,-0.03190188966461305,10.190767471562866,0.9994096642847694,-0.03189387736520885,0.012771198879420183,26655.944731408188,3.198127936419196
onset,onset_03,11,1.562903077230948,-0.03190188966461305,10.190767471562866,0.9994600421917493,-0.03189548506107627,0.00789316760150468,26655.944731408188,3.1981410623508806
onset,onset_03,12,1.565918030282691,-0.03190188966461305,10.190767471562866,0.9994792850633345,-0.03189609915338338,0.0048782771634600566,26655.944731408188,3.1981460764692065
onset,onset_03,13,1.5677813737431534,-0.03190188966461305,10.190767471562866,0.9994866352188326,-0.03189633371681263,0.0030149484841206086,26655.944731408188,3.1981479917588933
onset,onset_03,14,1.568932983334434,-0.03190188966461305,10.190767471562866,0.9994894427331659,-0.03189642331222184,0.0018633423821927913,26655.944731408188,3.1981487233442163
onset,onset_03,15,1.5696447172036159,-0.03190188966461305,10.190767471562866,0.999490515108911,-0.03189645753464507,0.0011516093367357678,26655.944731408188,3.1981490027863653
onset,onset_03,16,1.5700845929257148,-0.03190188966461305,10.190767471562866,0.9994909247200982,-0.03189647060645079,0.0007117338090919139,26655.944731408188,3.198149109523981
onset,onset_03,17,1.5703564510727976,-0.03190188966461305,10.190767471562866,0.9994910811776643,-0.03189647559943675,0.0004398757079136694,26655.944731408188,3.198149150294148
onset,onset_03,18,1.5705244686478135,-0.03190188966461305,10.190767471562866,0.9994911409391388,-0.03189647750658775,0.00027185814373444626,26655.944731408188,3.198149165866974
onset,onset_03,19,1.5706283092198807,-0.03190188966461305,10.190767471562866,0.9994911637659912,-0.03189647823505463,0.00016801757422537421,26655.944731408188,3.1981491718152637
onset,onset_03,20,1.5706924862228295,-0.03190188966461305,10.190767471562866,0.999491172485073,-0.03189647851330421,0.00010384057188047133,26655.944731408188,3.198149174087311
onset,onset_03,21,1.5707321497919478,-0.03190188966461305,10.190767471562866,0.999491175815466,-0.0318964786195861,6.417700290481352e-05,26655.944731408188,3.1981491749551516
onset,onset_03,22,1.5707566632257781,-0.03190188966461305,10.190767471562866,0.9994911770875629,-0.031896478660182165,3.966356910810361e-05,26655.944731408188,3.1981491752866367
onset,onset_03,23,1.5707718133610662,-0.03190188966461305,10.190767471562866,0.9994911775734606,-0.03189647867568848,2.4513433827970483e-05,26655.944731408188,3.1981491754132567
onset,onset_03,24,1.5707811766596085,-0.03190188966461305,10.190767471562866,0.999491177759057,-0.03189647868161137,1.515013528755952e-05,26655.944731408188,3.198149175461618
onset,onset_03,25,1.5707869634963543,-0.03190188966461305,10.190767471562866,0.9994911778299486,-0.03189647868387371,9.363298542210875e-06,26655.944731408188,3.1981491754800917
onset,onset_03,26,1.5707905399581508,-0.03190188966461305,10.190767471562866,0.9994911778570268,-0.03189647868473785,5.786836745820325e-06,26655.944731408188,3.198149175487147
onset,onset_03,27,1.5707905399581508,-0.7416294238611401,10.190767471562866,0.7373688780659734,-0.6754902942502136,5.786836745820325e-06,26655.944731408188,3.120008488617288
onset,onset_03,28,1.5707905399581508,0.7416294238611396,10.190767471562866,0.7373688780659737,0.6754902942502132,5.786836745820325e-06,26655.944731408188,3.1253665557329313
onset,onset_03,29,1.5707905399581508,1.658333805867513,10.190767471562866,-0.08742572471549617,0.9961710408481481,5.786836745820325e-06,26655.944731408188,3.1960155592633632
onset,onset_03,30,1.5707905399581508,2.2248882715834193,10.190767471562866,-0.6084388609686737,0.7936007512784092,5.786836745820325e-06,26655.944731408188,3.124679129682501
onset,onset_03,31,1.5707905399581508,1.4815655234332765,10.190767471562866,0.08911243918891903,0.9960215726319956,5.786836745820325e-06,26655.944731408188,3.196482022673255
onset,onset_03,32,1.5707905399581508,1.5577012661970038,10.190767471562866,0.013094686342714757,0.9999142609024528,5.786836745820325e-06,26655.944731408188,3.198625637502416
onset,onset_03,33,1.5707905399581508,1.5656378964326885,10.190767471562866,0.005158407485026134,0.9999866953108582,5.786836745820325e-06,26655.944731408188,3.198645897535193
onset,onset_03,34,1.5707905399581508,1.5658608533572966,10.190767471562866,0.004935453400426034,0.9999878205589531,5.786836745820326e-06,26655.944731408188,3.1986459042183064
onset,onset_03,35,1.5707905399581508,1.565797850347821,10.190767471562866,0.004998455632723275,0.9999875076258705,5.786836745820326e-06,26655.944731408188,3.1986459054471448
onset,onset_03,36,1.5707905399581508,1.565794493316771,10.190767471562866,0.005001812621807848,0.999987490840265,5.786836745820325e-06,26655.944731408188,3.1986459054437106
onset,onset_03,37,1.5707905399581508,1.565801207378871,10.190767471562866,0.0049950986435823705,0.9999875244002064,5.786836745820325e-06,26655.944731408188,3.1986459054436094
onset,onset_03,38,1.5707905399581508,1.565797850347821,8.342310205260866,0.004998455632723275,0.9999875076258705,5.786836745820326e-06,4197.776273049276,3.186668828422297
onset,onset_03,39,1.5707905399581508,1.565797850347821,9.973010023033673,0.004998455632723275,0.9999875076258705,5.786836745820326e-06,21439.92298441949,3.1981760654767712
onset,onset_03,40,1.5707905399581508,1.565797850347821,10.980837935865528,0.004998455632723275,0.9999875076258705,5.786836745820326e-06,58737.752128584805,3.1986089361497085
onset,onset_03,41,1.5707905399581508,1.565797850347821,10.562426485890422,0.004998455632723275,0.9999875076258705,5.786836745820326e-06,38654.80959119011,3.198502329385739
onset,onset_03,42,1.5707905399581508,1.565797850347821,11.201398959322535,0.004998455632723275,0.9999875076258705,5.786836745820326e-06,73232.81994148693,3.198634448048902
onset,onset_03,43,1.5707905399581508,1.565797850347821,11.356746038542791,0.004998455632723275,0.9999875076258705,5.786836745820326e-06,85540.56942130747,3.198607351474725
onset,onset_03,44,1.5707905399581508,1.565797850347821,11.166060676548454,0.004998455632723275,0.9999875076258705,5.786836745820326e-06,70690.09029829409,3.198626078704832
onset,onset_03,45,1.5707905399581508,1.565797850347821,11.260736263531651,0.004998455632723275,0.9999875076258705,5.786836745820326e-06,77709.76961570862,3.198608812790295
onset,onset_03,46,1.5707905399581508,1.565797850347821,11.224063792729625,0.004998455632723275,0.9999875076258705,5.786836745820326e-06,74911.58217491469,3.1986010259056363
onset,onset_03,47,1.5707905399581508,1.565797850347821,11.18790093640689,0.004998455632723275,0.9999875076258705,5.786836745820326e-06,72250.96313014677,3.1986498247351385
onset,onset_03,48,1.5707905399581508,1.565797850347821,11.185609352873469,0.004998455632723275,0.9999875076258705,5.786836745820326e-06,72085.58357566797,3.198651442371316
onset,onset_03,49,1.5707905399581508,1.565797850347821,11.178142422952384,0.004998455632723275,0.9999875076258705,5.786836745820326e-06,71549.33014973071,3.198650498987863
onset,onset_03,50,1.5707905399581508,1.565797850347821,11.182616598890931,0.004998455632723275,0.9999875076258705,5.786836745820326e-06,71870.17165655717,3.1986524593281436
onset,onset_03,51,1.5707905399581508,1.565797850347821,11.182482212959473,0.004998455632723275,0.9999875076258705,5.786836745820326e-06,71860.51396553846,3.198652466861904
onset,onset_03,52,1.5707905399581508,1.565797850347821,11.18224048595652,0.004998455632723275,0.9999875076258705,5.786836745820326e-06,71843.14543817252,3.1986524710375357
onset,onset_03,53,1.5707905399581508,1.565797850347821,11.182277595552462,0.004998455632723275,0.9999875076258705,5.786836745820326e-06,71845.81155773993,3.1986524711881192
onset,onset_03,54,1.5707905399581508,1.565797850347821,11.182280943592266,0.004998455632723275,0.9999875076258705,5.786836745820326e-06,71846.05210077949,3.198652471187487
onset,onset_03,55,1.5707905399581508,1.565797850347821,11.182274247512655,0.004998455632723275,0.9999875076258705,5.786836745820326e-06,71845.5710155056,3.198652471186388
onset,onset_03,56,1.5707963267948966,1.5658843430118072,11.182331271690629,0.004911964030729098,0.9999879362319132,6.123233995736766e-17,71849.66806694817,3.1986524689453804
onset,onset_03,57,1.376142689606468,-1.3434964421462547,9.376810227415708,0.2210919309409957,-0.9558788940867732,0.19342672491729146,11811.279307513896,3.177798420374303
onset,onset_03,58,1.4504937629786572,-0.23221186843173092,10.066457898925524,0.9661261185421749,-0.22846728730007404,0.12001258977447687,23540.0357363661,3.180584082088933
onset,onset_03,59,1.4964452534227073,0.45459976929728274,10.492683600180813,0.8959546700091758,0.4378896279152683,0.07428258916446528,36050.77355001041,3.1522873052987603
onset,onset_03,60,1.4167680581740474,-0.736291416811611,9.753633177860685,0.732191912688836,-0.6635942461676624,0.15341994474720697,17216.66652860639,3.1208416565527926
onset,onset_03,61,1.4680456704945684,0.03012683331177257,10.229261629926285,0.9942744086577406,0.029963405113723397,0.10256994999653296,27702.048151415598,3.196949760804622
onset,onset_03,62,1.478893345906796,0.19226106755377903,10.32987986918005,0.9774323518986597,0.1902724152294379,0.09177366433030193,30634.431542835915,3.187214890120925
onset,onset_03,63,1.466505417619926,0.007105521290608818,10.214974925506887,0.9945415235741752,0.00706685490202745,0.10410195698713877,27309.090893610497,3.197140030128274
onset,onset_03,64,1.4662868327934373,0.0038384541897917845,10.212947429335305,0.9945365249943279,0.0038175016399640566,0.10431935167281133,27253.777908754942,3.1971394997278177
onset,onset_03,65,1.4664130668203201,0.005725204715241405,10.21411832033602,0.9945407126487182,0.00569401139040161,0.10419380556667268,27285.70780160794,3.1971406524893777
onset,onset_03,66,1.466412708955707,0.0057198559098246005,10.21411500094215,0.9945407058039208,0.005688691572292089,0.1041941614834264,27285.61722974707,3.1971406524947286
onset,onset_03,67,1.4664123510910887,0.0057145071043283036,10.214111681548232,0.9945406989305402,0.005683371754338904,0.10419451740017208,27285.526658185485,3.1971406524814867
onset,onset_03,68,1.466412708955707,0.0057198559098246005,8.342310205260866,0.9945407058039208,0.005688691572292089,0.1041941614834264,4197.776273049276,3.185516924011071
onset,onset_03,69,1.466412708955707,0.0057198559098246005,9.973010023033673,0.9945407058039208,0.005688691572292089,0.1041941614834264,21439.92298441949,3.196723956999974
onset,onset_03,70,1.466412708955707,0.0057198559098246005,10.980837935865528,0.9945407058039208,0.005688691572292089,0.1041941614834264,58737.752128584805,3.196749345745922
onset,onset_03,71,1.466412708955707,0.0057198559098246005,10.48177758810756,0.9945407058039208,0.005688691572292089,0.1041941614834264,35659.73956493171,3.1970949742200174
onset,onset_03,72,1.466412708955707,0.0057198559098246005,10.485852326676397,0.9945407058039208,0.005688691572292089,0.1041941614834264,35805.34012173741,3.197096835018471
onset,onset_03,73,1.466412708955707,0.0057198559098246005,10.582161010590992,0.9945407058039208,0.005688691572292089,0.1041941614834264,39425.22073172118,3.1969343173346734
onset,onset_03,74,1.466412708955707,0.0057198559098246005,10.522638970520003,0.9945407058039208,0.005688691572292089,0.1041941614834264,37147.02516101131,3.1970180038200264
onset,onset_03,75,1.466412708955707,0.0057198559098246005,10.487403983734524,0.9945407058039208,0.005688691572292089,0.1041941614834264,35860.9408559362,3.1970967009249467
onset,onset_03,76,1.466412708955707,0.0057198559098246005,10.486180500334983,0.9945407058039208,0.005688691572292089,0.1041941614834264,35817.09241949388,3.1970968441206566
onset,onset_03,77,1.466412708955707,0.0057198559098246005,10.48616504588479,0.9945407058039208,0.005688691572292089,0.1041941614834264,35816.5388903003,3.1970968441479717
onset,onset_03,78,1.466412708955707,0.0057198559098246005,10.486161708516303,0.9945407058039208,0.005688691572292089,0.1041941614834264,35816.419357511506,3.197096844147971
onset,onset_03,79,1.466412708955707,0.0057198559098246005,10.486168383253277,0.9945407058039208,0.005688691572292089,0.1041941614834264,35816.65842348794,3.197096844145876
onset,onset_03,80,1.466412708955707,-0.7416294238611403,10.48616504588479,0.7333553609117496,-0.6718135837676723,0.1041941614834264,35816.5388903003,3.120276678983505
onset,onset_03,81,1.466412708955707,0.7416294238611394,10.48616504588479,0.7333553609117502,0.6718135837676718,0.1041941614834264,35816.5388903003,3.125648762805966
onset,onset_03,82,1.466412708955707,1.6583338058675128,10.48616504588479,-0.08694986432010414,0.9907488570810875,0.1041941614834264,35816.5388903003,3.1946656548313905
onset,onset_03,83,1.466412708955707,2.224888271583419,10.48616504588479,-0.6051271131061935,0.7892811626388468,0.1041941614834264,35816.5388903003,3.1248550390107823
onset,onset_03,84,1.466412708955707,1.4812596205948836,10.48616504588479,0.08893042122685633,0.9905730447035088,0.1041941614834264,35816.5388903003,3.1951361496618316
onset,onset_03,85,1.466412708955707,1.5571901883065937,10.48616504588479,0.013531662415962322,0.9944649168397175,0.1041941614834264,35816.5388903003,3.1972326758785568
onset,onset_03,86,1.466412708955707,1.5653573336793039,10.48616504588479,0.005409361869982018,0.9945422643190813,0.1041941614834264,35816.5388903003,3.197253644363146
onset,onset_03,87,1.466412708955707,1.5655845111326,10.48616504588479,0.005183424153534454,0.9945434675401625,0.1041941614834264,35816.5388903003,3.1972536510068297
onset,onset_03,88,1.466412708955707,1.5655192814726653,10.48616504588479,0.005248297874639001,0.9945431273113222,0.1041941614834264,35816.5388903003,3.197253652295097
onset,onset_03,89,1.466412708955707,1.5655159250037676,10.48616504588479,0.005251636027683681,0.9945431096899715,0.1041941614834264,35816.5388903003,3.1972536522917374
onset,onset_03,90,1.466412708955707,1.565522637941563,10.48616504588479,0.005244959721535194,0.9945431449214686,0.1041941614834264,35816.5388903003,3.197253652291632
onset,onset_03,91,1.4106320982122071,0.7317971921986658,9.968768772100272,0.7344526528538533,0.6596554580505045,0.15948033540257048,21349.183451633944,3.1263695325520007
onset,onset_03,92,1.3116451611661977,-0.7477060772138122,9.050609725465664,0.7087657551879045,-0.6572532522306945,0.2562601543453343,8523.733477841557,3.121584973113528
onset,onset_03,93,1.471809389748887,1.6461804991621696,10.53622226999866,-0.07494412234649288,0.9922786534079782,0.09882536373099582,37655.04682263621,3.1953220406803133
onset,onset_03,94,1.5096190352582166,2.2113004616111436,10.88692781873488,-0.5964817719957658,0.8002946341929872,0.06113913770003949,53472.76932536594,3.125744181578087
onset,onset_03,95,1.4600201932730608,1.4699738677596457,10.426870897788794,0.10003479781769323,0.9888234426675026,0.11054971034227867,33754.56335870347,3.1941959605335604
onset,onset_03,96,1.468201319277267,1.592252655566487,10.502755404134595,-0.02134186833583396,0.9945127790369752,0.10241512089573696,36415.70454539369,3.197069515940897
onset,onset_03,97,1.4665886341746157,1.5681487388971977,10.487796850404584,0.002633222425020916,0.9945718042403455,0.1040191922183799,35875.03219218242,3.197256580529129
onset,onset_03,98,1.4665729039293873,1.5679136275790948,10.487650943607251,0.0028670527207735517,0.9945695212876662,0.10403483711872111,35869.79816298057,3.1972565088655904
onset,onset_03,99,1.466611538895461,1.568491083153795,10.488009304464509,0.00229274182411728,0.9945750296905383,0.10399641172171722,35882.65479811971,3.19725661821059
onset,onset_03,100,1.4666110050778962,1.568483104476445,10.488004353008881,0.002300677088887618,0.9945749558507296,0.10399694264473348,35882.47712718653,3.1972566182317568
onset,onset_03,101,1.4666106571488517,1.5684779041725028,10.48800112577295,0.002305849097031301,0.9945749076895415,0.10399728868716707,35882.36132615392,3.1972566182224478
onset,onset_03,102,1.3624314701976417,1.5711683586050689,9.7937311104653,-0.00036398492817680167,0.9783704012178612,0.20686040108192127,17921.046987524176,3.1930848398328426
onset,onset_03,103,1.4666110050778962,1.568483104476445,8.342310205260866,0.002300677088887618,0.9945749558507296,0.10399694264473348,4197.776273049276,3.185510054605342
onset,onset_03,104,1.4666110050778962,1.568483104476445,9.973010023033673,0.002300677088887618,0.9945749558507296,0.10399694264473348,21439.92298441949,3.1967770022541333
onset,onset_03,105,1.4666110050778962,1.568483104476445,10.980837935865528,0.002300677088887618,0.9945749558507296,0.10399694264473348,58737.752128584805,3.1971880503709342
onset,onset_03,106,1.4666110050778962,1.568483104476445,10.559685792188256,0.002300677088887618,0.9945749558507296,0.10399694264473348,38549.01364135483,3.1970881385427403
onset,onset_03,107,1.4666110050778962,1.568483104476445,11.178124315660154,0.002300677088887618,0.9945749558507296,0.10399694264473348,71548.0345968304,3.197229973990695
onset,onset_03,108,1.4666110050778962,1.568483104476445,11.72563952903698,0.002300677088887618,0.9945749558507296,0.10399694264473348,123703.08890876273,3.1971068320207623
onset,onset_03,109,1.4666110050778962,1.568483104476445,11.260399071704338,0.002300677088887618,0.9945749558507296,0.10399694264473348,77683.57093373076,3.1971869561696087
onset,onset_03,110,1.4666110050778962,1.568483104476445,11.119874510498606,0.002300677088887618,0.9945749558507296,0.10399694264473348,67499.43527292635,3.1971951179446765
onset,onset_03,111,1.4666110050778962,1.568483104476445,11.209550476052925,0.002300677088887618,0.9945749558507296,0.10399694264473348,73832.21818182024,3.1971912751308156
onset,onset_03,112,1.4666110050778962,1.568483104476445,11.163662435619273,0.002300677088887618,0.9945749558507296,0.10399694264473348,70520.76155717057,3.1972032996981827
onset,onset_03,113,1.4666110050778962,1.568483104476445,11.190128040794287,0.002300677088887618,0.9945749558507296,0.10399694264473348,72412.05288239084,3.1972240981673905
onset,onset_03,114,1.4666110050778962,1.568483104476445,11.181350865220027,0.002300677088887618,0.9945749558507296,0.10399694264473348,71779.26070702002,3.197230478017855
onset,onset_03,115,1.4666110050778962,1.568483104476445,11.180799289049174,0.002300677088887618,0.9945749558507296,0.10399694264473348,71739.67989417266,3.1972305500178693
onset,onset_03,116,1.4666110050778962,1.568483104476445,11.18046621780403,0.002300677088887618,0.9945749558507296,0.10399694264473348,71715.78944849515,3.197230563993408
onset,onset_03,117,1.4666110050778962,1.568483104476445,11.180423217550839,0.002300677088887618,0.9945749558507296,0.10399694264473348,71712.70571769215,3.1972305641280814
onset,onset_03,118,1.4666110050778962,1.568483104476445,11.180429550356225,0.002300677088887618,0.9945749558507296,0.10399694264473348,71713.15986173916,3.1972305641324996
onset,onset_03,119,1.4666110050778962,1.568483104476445,11.180432893959884,0.002300677088887618,0.9945749558507296,0.10399694264473348,71713.39964252373,3.197230564131448
onset,onset_03,120,1.4666110050778962,-0.7416294238611401,11.180429550356225,0.733370581491644,-0.671827527065657,0.10399694264473348,71713.15986173916,3.1199758508485864
onset,onset_03,121,1.4666110050778962,0.7416294238611396,11.180429550356225,0.7333705814916444,0.6718275270656566,0.10399694264473348,71713.15986173916,3.125346587502832
onset,onset_03,122,1.4666110050778962,1.658333805867513,11.180429550356225,-0.08695166893956613,0.990769419789071,0.10399694264473348,71713.15986173916,3.1946395318931073
onset,onset_03,123,1.4666110050778962,2.2248882715834193,11.180429550356225,-0.6051396723456325,0.7892975439426939,0.10399694264473348,71713.15986173916,3.1246366212866845
onset,onset_03,124,1.4666110050778962,1.4814763405368354,11.180429550356225,0.08871758347711853,0.9906128538952685,0.10399694264473348,71713.15986173916,3.195121081222232
onset,onset_03,125,1.4666110050778962,1.5570432977036346,11.180429550356225,0.013678023698269681,0.9944835582292236,0.10399694264473347,71713.15986173916,3.197211402418638
onset,onset_03,126,1.4666110050778962,1.5653666825593366,11.180429550356225,0.005400176090206792,0.994562956287204,0.10399694264473348,71713.15986173916,3.197233207177512
onset,onset_03,127,1.4666110050778962,1.56559294133848,11.180429550356225,0.005175147353630395,0.9945641526670949,0.10399694264473348,71713.15986173916,3.1972332136166868
onset,onset_03,128,1.4666110050778962,1.5655267619173132,11.180429550356225,0.005240967022186182,0.9945638080008846,0.10399694264473348,71713.15986173916,3.1972332149458635
onset,onset_03,129,1.4666110050778962,1.5655234285401303,11.180429550356225,0.0052442822784616325,0.9945637905252392,0.10399694264473348,71713.15986173916,3.197233214942537
onset,onset_03,130,1.4666110050778962,1.5655300952944962,11.180429550356225,0.005237651765852495,0.994563825465479,0.10399694264473347,71713.15986173916,3.197233214942432
onset,onset_03,131,1.4107076494235333,0.7299700720147347,10.661894749067972,0.7356656727457482,0.6583204573645864,0.15940575070814572,42697.46155410489,3.126322735976726
onset,onset_03,132,1.3117674055940145,-0.7488352995890122,9.744168808057365,0.7080460591030762,-0.6580745088085416,0.25614199000749555,17054.490288321642,3.121525760699032
onset,onset_03,133,1.471856082965378,1.6439220544117688,11.229080572970007,-0.07270326366381494,0.9924499808902064,0.09877889897978652,75288.341389044,3.195472014391342
onset,onset_03,134,1.509647893253052,2.2087754436184817,11.579620690078578,-0.5944601648480857,0.8017996255474599,0.061110333665755454,106896.96334182692,3.1254955973875687
onset,onset_03,135,1.460039104730542,1.4673001843473437,11.119471509451294,0.10267845392124153,0.9885545265578527,0.11053091478099338,67472.23841036853,3.194156035096753
onset,onset_03,136,1.468641968754526,1.5958824582273725,11.199267871136037,-0.024952734521144927,0.9944737792819487,0.10197677853607372,73076.92052075447,3.1969905737734856
onset,onset_03,137,1.4667680771858613,1.5678744322686016,11.181886481757537,0.0029060944528576647,0.9945896939369551,0.10384072095967582,71817.71716414276,3.1972355794447824
onset,onset_03,138,1.4667316478232202,1.5673299426345293,11.181548579102195,0.0034476246587424007,0.9945841806777338,0.1038769533140704,71793.4538663596,3.1972353651701764
onset,onset_03,139,1.4667909824836125,1.5682167851478934,11.182098941168585,0.0025655997785374246,0.9945930087948629,0.10381793946210982,71832.97713503904,3.1972356115408447
onset,onset_03,140,1.4667888077702873,1.5681842809046989,11.182078769489644,0.0025979276804757112,0.9945926991007391,0.10382010242372991,71831.52815790112,3.1972356118904037
onset,onset_03,141,1.4667891556990278,1.5681894812040977,11.182081996722754,0.002592755594789551,0.994592748719107,0.10381975637515801,71831.7599753612,3.197235611882324
onset,onset_03,142,1.4667884598415466,1.5681790806053,11.182075542256534,0.002603099765715612,0.994592649455355,0.10382044847228944,71831.29634118917,3.19723561188025
onset,onset_04,0,1.4968220141868755,-1.5076078508098105,10.635161642342053,0.0629737385760718,-0.995274878462018,0.07390686403959999,41571.14776750946,3.196408141212522
onset,onset_04,1,0.5999908074321633,-1.5076078508098105,10.635161642342053,0.03565468000051891,-0.5635080290056393,0.8253408053890466,41571.14776750946,3.1259173046199904
onset,onset_04,2,0.9708055193627332,-1.5076078508098105,10.635161642342053,0.05211732929614875,-0.8236936499860107,0.5646348864175504,41571.14776750946,3.160069591572626
onset,onset_04,3,1.1999816148643265,-1.5076078508098105,10.635161642342053,0.058854524615034036,-0.9301723410054172,0.36237489008048024,41571.14776750946,3.1809020139618784
onset,onset_04,4,1.3416202312933032,-1.5076078508098105,10.635161642342053,0.0614954014926044,-0.9719103491464126,0.22717523812546525,41571.14776750946,3.1905694717952944
onset,onset_04,5,1.4291577103659199,-1.5076078508098105,10.635161642342053,0.06251408691689055,-0.9880102669021716,0.14116551077670147,41571.14776750946,3.19455787417387
onset,onset_04,6,1.4832588477222797,-1.5076078508098105,10.635161642342053,0.06290464961024998,-0.994182954850427,0.08742572471696057,41571.14776750946,3.196127971085025
onset,onset_04,7,1.5166951894385368,-1.5076078508098105,10.635161642342053,0.06305404457282193,-0.9965440827837326,0.054074749483818095,41571.14776750946,3.196734724406518
onset,onset_04,8,1.5373599850786395,-1.5076078508098105,10.635161642342053,0.0631111395088,-0.9974464455265403,0.03343011182110186,41571.14776750946,3.1969675219364952
onset,onset_04,9,1.5501315311547936,-1.5076078508098105,10.635161642342053,0.06313295237783045,-0.9977911892413662,0.02066332491054402,41571.14776750946,3.1970565948973326
onset,onset_04,10,1.5580247807187424,-1.5076078508098105,10.635161642342053,0.06314128481544024,-0.9979228801019835,0.012771198879420182,41571.14776750946,3.197090639989222
onset,onset_04,11,1.562903077230948,-1.5076078508098105,10.635161642342053,0.06314446762013655,-0.9979731830636454,0.00789316760150468,41571.14776750946,3.1971036473054064
onset,onset_04,12,1.565918030282691,-1.5076078508098105,10.635161642342053,0.06314568335746513,-0.9979923973083339,0.0048782771634600566,41571.14776750946,3.19710861613212
onset,onset_04,13,1.5677813737431534,-1.5076078508098105,10.635161642342053,0.06314614772986252,-0.9979997365292822,0.003014948484120609,41571.14776750946,3.197110514124206
onset,onset_04,14,1.568932983334434,-1.5076078508098105,10.635161642342053,0.06314632510463529,-0.9980025398669817,0.0018633423821927913,41571.14776750946,3.1971112391027674
onset,onset_04,15,1.5696447172036159,-1.5076078508098105,10.635161642342053,0.0631463928558136,-0.9980036106473938,0.001151609336735768,41571.14776750946,3.1971115160214114
onset,onset_04,16,1.5700845929257148,-1.5076078508098105,10.635161642342053,0.06314641873446732,-0.9980040196492178,0.0007117338090919139,41571.14776750946,3.1971116217951314
onset,onset_04,17,1.5703564510727976,-1.5076078508098105,10.635161642342053,0.06314642861923439,-0.9980041758740279,0.0004398757079136694,41571.14776750946,3.1971116621971314
onset,onset_04,18,1.5705244686478135,-1.5076078508098105,10.635161642342053,0.06314643239487958,-0.9980042355465976,0.00027185814373444626,41571.14776750946,3.1971116776293242
onset,onset_04,19,1.5706283092198807,-1.5076078508098105,10.635161642342053,0.06314643383704774,-0.9980042583394914,0.00016801757422537424,41571.14776750946,3.1971116835239006
onset,onset_04,20,1.5706924862228295,-1.5076078508098105,10.635161642342053,0.06314643438790694,-0.9980042670456021,0.00010384057188047133,41571.14776750946,3.19711168577543
onset,onset_04,21,1.5707321497919478,-1.5076078508098105,10.635161642342053,0.06314643459831645,-0.9980042703710406,6.417700290481352e-05,41571.14776750946,3.197111686635436
onset,onset_04,22,1.5707566632257781,-1.5076078508098105,10.635161642342053,0.06314643467868572,-0.9980042716412449,3.966356910810361e-05,41571.14776750946,3.197111686963929
onset,onset_04,23,1.5707718133610662,-1.5076078508098105,10.635161642342053,0.06314643470938405,-0.9980042721264198,2.4513433827970483e-05,41571.14776750946,3.1971116870894014
onset,onset_04,24,1.5707811766596085,-1.5076078508098105,10.635161642342053,0.06314643472110977,-0.9980042723117402,1.515013528755952e-05,41571.14776750946,3.197111687137325
onset,onset_04,25,1.5707869634963543,-1.5076078508098105,10.635161642342053,0.06314643472558862,-0.9980042723825263,9.363298542210877e-06,41571.14776750946,3.1971116871556355
onset,onset_04,26,1.5707905399581508,-1.5076078508098105,10.635161642342053,0.06314643472729936,-0.9980042724095641,5.786836745820325e-06,41571.14776750946,3.197111687162628
onset,onset_04,27,1.5707905399581508,-0.7416294238611401,10.635161642342053,0.7373688780659734,-0.6754902942502136,5.786836745820325e-06,41571.14776750946,3.119935271046769
onset,onset_04,28,1.5707905399581508,0.7416294238611394,10.635161642342053,0.737368878065974,0.6754902942502131,5.786836745820325e-06,41571.14776750946,3.1253009213340706
onset,onset_04,29,1.5707905399581508,1.6583338058675128,10.635161642342053,-0.08742572471549596,0.9961710408481482,5.786836745820326e-06,41571.14776750946,3.195915155357194
onset,onset_04,30,1.5707905399581508,2.224888271583419,10.635161642342053,-0.6084388609686734,0.7936007512784095,5.786836745820325e-06,41571.14776750946,3.1246182224958834
onset,onset_04,31,1.5707905399581508,1.4815762756079531,10.635161642342053,0.08910172978583752,0.996022530726933,5.786836745820325e-06,41571.14776750946,3.196383880552459
onset,onset_04,32,1.5707905399581508,1.5576424672401654,10.635161642342053,0.013153480235513498,0.9999134892200457,5.786836745820325e-06,41571.14776750946,3.198526135455544
onset,onset_04,33,1.5707905399581508,1.56562249990931,10.635161642342053,0.005173803802946613,0.9999866157707918,5.786836745820325e-06,41571.14776750946,3.198546617101359
onset,onset_04,34,1.5707905399581508,1.5658462367531991,10.635161642342053,0.004950069825973745,0.9999877483125634,5.786836745820326e-06,41571.14776750946,3.1985466237936486
onset,onset_04,35,1.5707905399581508,1.5657827355952423,10.635161642342053,0.0050135701959112405,0.9999874319612239,5.786836745820325e-06,41571.14776750946,3.198546625042143
onset,onset_04,36,1.5707905399581508,1.5657793566761595,10.635161642342053,0.0050169490724989805,0.9999874150150674,5.786836745820325e-06,41571.14776750946,3.1985466250386647
onset,onset_04,37,1.5707905399581508,1.565786114514325,10.635161642342053,0.00501019131926626,0.9999874488959634,5.786836745820325e-06,41571.14776750946,3.1985466250385604
onset,onset_04,38,1.5707905399581508,1.5657827355952423,8.342310205260866,0.0050135701959112405,0.9999874319612239,5.786836745820325e-06,4197.776273049276,3.1866688434385337
onset,onset_04,39,1.5707905399581508,1.5657827355952423,9.973010023033673,0.0050135701959112405,0.9999874319612239,5.786836745820325e-06,21439.92298441949,3.1981760660707272
onset,onset_04,40,1.5707905399581508,1.5657827355952423,10.980837935865528,0.0050135701959112405,0.9999874319612239,5.786836745820325e-06,58737.752128584805,3.1986089361200225
onset,onset_04,41,1.5707905399581508,1.5657827355952423,10.562426468829715,0.0050135701959112405,0.9999874319612239,5.786836745820325e-06,38654.80893171175,3.1985023295431976
onset,onset_04,42,1.5707905399581508,1.5657827355952423,11.201398562741167,0.0050135701959112405,0.9999874319612239,5.786836745820325e-06,73232.79089872073,3.1986344485830087
onset,onset_04,43,1.5707905399581508,1.5657827355952423,11.356758182053737,0.0050135701959112405,0.9999874319612239,5.786836745820325e-06,85541.60819045565,3.1986073349085005
onset,onset_04,44,1.5707905399581508,1.5657827355952423,11.166039185474116,0.0050135701959112405,0.9999874319612239,5.786836745820325e-06,70688.57110863304,3.198626029844574
onset,onset_04,45,1.5707905399581508,1.5657827355952423,11.260740656839324,0.0050135701959112405,0.9999874319612239,5.786836745820325e-06,77710.1110193857,3.1986088154289765
onset,onset_04,46,1.5707905399581508,1.5657827355952423,11.224065225723068,0.0050135701959112405,0.9999874319612239,5.786836745820325e-06,74911.68952279766,3.198601027278033
onset,onset_04,47,1.5707905399581508,1.5657827355952423,11.187892482446184,0.0050135701959112405,0.9999874319612239,5.786836745820325e-06,72250.35232592533,3.1986498315039538
onset,onset_04,48,1.5707905399581508,1.5657827355952423,11.185608077078495,0.0050135701959112405,0.9999874319612239,5.786836745820325e-06,72085.49160930145,3.1986514429683424
onset,onset_04,49,1.5707905399581508,1.5657827355952423,11.178133425607784,0.0050135701959112405,0.9999874319612239,5.786836745820325e-06,71548.68639864755,3.1986504900038413
onset,onset_04,50,1.5707905399581508,1.5657827355952423,11.182617654451104,0.0050135701959112405,0.9999874319612239,5.786836745820325e-06,71870.24751988801,3.198652459119171
onset,onset_04,51,1.5707905399581508,1.5657827355952423,11.182482471518549,0.0050135701959112405,0.9999874319612239,5.786836745820325e-06,71860.53254572899,3.198652466715754
onset,onset_04,52,1.5707905399581508,1.5657827355952423,11.182240403926349,0.0050135701959112405,0.9999874319612239,5.786836745820325e-06,71843.13954486726,3.198652470901767
onset,onset_04,53,1.5707905399581508,1.5657827355952423,11.182277590092424,0.0050135701959112405,0.9999874319612239,5.786836745820325e-06,71845.81116545909,3.1986524710529807
onset,onset_04,54,1.5707905399581508,1.5657827355952423,11.182280931540799,0.0050135701959112405,0.9999874319612239,5.786836745820325e-06,71846.05123492914,3.1986524710523696
onset,onset_04,55,1.5707905399581508,1.5657827355952423,11.182274248644049,0.0050135701959112405,0.9999874319612239,5.786836745820325e-06,71845.57109679122,3.198652471051266
onset,onset_04,56,1.5707963267948966,1.5660231785322094,11.182320393036482,0.004773130138312665,0.9999886085494588,6.123233995736766e-17,71848.88644351024,3.198652456205504
onset,onset_04,57,1.5007730256850587,-1.3434434116963072,10.664385712686315,0.22484697985018917,-0.9718788925125894,0.06996609136396909,42803.951954224416,3.182378673810068
onset,onset_04,58,1.5275195467045486,-0.23212606336127672,10.862219156627766,0.9722683183162959,-0.22983169154316843,0.04326327265485088,52167.71816599635,3.1818380867854272
onset,onset_04,59,1.4842427666142004,-2.0302753052547624,10.54211792021905,-0.44182104706759695,-0.8929285147925051,0.08644553105015552,37877.70351578835,3.151642623369038
onset,onset_04,60,1.5139136059297478,-0.7974525973219662,10.76158139070745,0.6974020461696403,-0.7144216054665337,0.05685205045571872,47173.20834972846,3.119455431127438
onset,onset_04,61,1.494459028562832,-1.6057898504781873,10.617683571693238,-0.034884492220646476,-0.9964772951624901,0.07626317871788083,40850.87711631432,3.197521820918054
onset,onset_04,62,1.490556763736427,-1.7679288664728825,10.588820061212127,-0.1952280485312472,-0.9774770725401607,0.08015348853916772,39688.63133121489,3.1871405455538637
onset,onset_04,63,1.495194229953916,-1.5752422491719742,10.623121565781616,-0.004433208094837768,-0.9971336675583786,0.07553009789193134,41073.62905751695,3.1978023518523315
onset,onset_04,64,1.4952148944418553,-1.57438364016168,10.623274412830897,-0.003577064212766438,-0.9971386669700305,0.07550949241551351,41079.90752033167,3.1978020516367422
onset,onset_04,65,1.495190700373944,-1.5753889031406294,10.623095458873694,-0.004579440431910435,-0.99713274009503,0.0755336173892669,41072.55676606227,3.1978023582711557
onset,onset_04,66,1.4951909480570234,-1.575378611914237,10.62309729088753,-0.004569178798623299,-0.9971328058784573,0.0755333704137524,41072.63201162349,3.197802358247716
onset,onset_04,67,1.4951904526908646,-1.5753991943670222,10.623093626859855,-0.004589702064327667,-0.9971326742059375,0.07553386436477677,41072.481520638816,3.1978023582301396
onset,onset_04,68,0.5999908074321633,-1.5753889031406294,10.623095458873694,-0.002593119707738991,-0.5646289318569685,0.8253408053890466,41072.55676606227,3.1262759117960135
onset,onset_04,69,0.9708055193627332,-1.5753889031406294,10.623095458873694,-0.003790427335502635,-0.8253321014602875,0.5646348864175504,41072.55676606227,3.1609099823461033
onset,onset_04,70,1.1999816148643265,-1.5753889031406294,10.623095458873694,-0.004280415016111016,-0.932022594729575,0.36237489008048024,41072.55676606227,3.1820820470513924
onset,onset_04,71,1.3416202312933032,-1.5753889031406294,10.623095458873694,-0.004472482645853879,-0.9738436260928244,0.22717523812546522,41072.55676606227,3.1918989376993
onset,onset_04,72,1.4291577103659199,-1.5753889031406294,10.623095458873694,-0.004546570346252941,-0.9899755690244277,0.14116551077670147,41072.55676606227,3.195952828916337
onset,onset_04,73,1.4832588477222797,-1.5753889031406294,10.623095458873694,-0.004574975476161362,-0.9961605353842857,0.08742572471696056,41072.55676606227,3.1975492458184975
onset,onset_04,74,1.5166951894385368,-1.5753889031406294,10.623095458873694,-0.004585840782530026,-0.9985263599588043,0.054074749483818095,41072.55676606227,3.1981662242875397
onset,onset_04,75,1.5373599850786395,-1.5753889031406294,10.623095458873694,-0.004589993224893683,-0.9994305176378316,0.03343011182110185,41072.55676606227,3.19840295099938
onset,onset_04,76,1.5501315311547936,-1.5753889031406294,10.623095458873694,-0.0045915796472249,-0.9997759471001413,0.02066332491054402,41072.55676606227,3.1984935281101428
onset,onset_04,77,1.5580247807187424,-1.5753889031406294,10.623095458873694,-0.004592185654856412,-0.9999078999138339,0.012771198879420182,41072.55676606227,3.1985281482173447
onset,onset_04,78,1.562903077230948,-1.5753889031406294,10.623095458873694,-0.004592417136209878,-0.9999583029357083,0.007893167601504682,41072.55676606227,3.1985413752397203
onset,onset_04,79,1.565918030282691,-1.5753889031406294,10.623095458873694,-0.004592505555245643,-0.9999775554004408,0.0048782771634600566,41072.55676606227,3.198546427996911
onset,onset_04,80,1.5677813737431534,-1.5753889031406294,10.623095458873694,-0.00459253932846182,-0.9999849092202115,0.003014948484120609,41072.55676606227,3.198548358049077
onset,onset_04,81,1.568932983334434,-1.5753889031406294,10.623095458873694,-0.00459255222870434,-0.9999877181341746,0.0018633423821927913,41072.55676606227,3.198549095273709
onset,onset_04,82,1.5696447172036159,-1.5753889031406294,10.623095458873694,-0.0045925571561617065,-0.9999887910445311,0.0011516093367357678,41072.55676606227,3.1985493768699653
onset,onset_04,83,1.5700845929257148,-1.5753889031406294,10.623095458873694,-0.004592559038283408,-0.9999892008599217,0.0007117338090919139,41072.55676606227,3.198549484430386
onset,onset_04,84,1.5703564510727976,-1.5753889031406294,10.623095458873694,-0.004592559757189995,-0.9999893573954867,0.0004398757079136694,41072.55676606227,3.1985495255148426
onset,onset_04,85,1.5705244686478135,-1.5753889031406294,10.623095458873694,-0.004592560031787886,-0.999989417186754,0.00027185814373444626,41072.55676606227,3.1985495412077114
onset,onset_04,86,1.5706283092198807,-1.5753889031406294,10.623095458873694,-0.004592560136674949,-0.9999894400249864,0.00016801757422537421,41072.55676606227,3.1985495472018566
onset,onset_04,87,1.5706924862228295,-1.5753889031406294,10.623095458873694,-0.004592560176738243,-0.9999894487484149,0.00010384057188047133,41072.55676606227,3.1985495494914127
onset,onset_04,88,1.5707321497919478,-1.5753889031406294,10.623095458873694,-0.004592560192041059,-0.9999894520804682,6.417700290481352e-05,41072.55676606227,3.1985495503659473
onset,onset_04,89,1.5707566632257781,-1.5753889031406294,10.623095458873694,-0.004592560197886214,-0.9999894533531992,3.966356910810361e-05,41072.55676606227,3.1985495506999886
onset,onset_04,90,1.5707718133610662,-1.5753889031406294,10.623095458873694,-0.004592560200118866,-0.9999894538393392,2.4513433827970483e-05,41072.55676606227,3.1985495508275834
onset,onset_04,91,1.5707811766596085,-1.5753889031406294,10.623095458873694,-0.004592560200971662,-0.9999894540250281,1.515013528755952e-05,41072.55676606227,3.198549550876319
onset,onset_04,92,1.5707869634963543,-1.5753889031406294,10.623095458873694,-0.004592560201297402,-0.9999894540959551,9.363298542210877e-06,41072.55676606227,3.1985495508949353
onset,onset_04,93,1.5707905399581508,-1.5753889031406294,10.623095458873694,-0.004592560201421823,-0.9999894541230467,5.786836745820325e-06,41072.55676606227,3.1985495509020434
onset,onset_04,94,1.5707905399581508,-1.5753889031406294,8.342310205260866,-0.004592560201421823,-0.9999894541230467,5.786836745820325e-06,4197.776273049276,3.1866683817855783
onset,onset_04,95,1.5707905399581508,-1.5753889031406294,9.973010023033673,-0.004592560201421823,-0.9999894541230467,5.786836745820325e-06,21439.92298441949,3.1981759969729153
onset,onset_04,96,1.5707905399581508,-1.5753889031406294,10.980837935865528,-0.004592560201421823,-0.9999894541230467,5.786836745820325e-06,58737.752128584805,3.198608883979078
onset,onset_04,97,1.5707905399581508,-1.5753889031406294,10.562426929433707,-0.004592560201421823,-0.9999894541230467,5.786836745820325e-06,38654.826736275165,3.198502272317031
onset,onset_04,98,1.5707905399581508,-1.5753889031406294,11.201409301119842,-0.004592560201421823,-0.9999894541230467,5.786836745820325e-06,73233.57730438319,3.198634381153224
onset,onset_04,99,1.5707905399581508,-1.5753889031406294,11.356429067705449,-0.004592560201421823,-0.9999894541230467,5.786836745820325e-06,85513.45985208963,3.198607729463727
onset,onset_04,100,1.5707905399581508,-1.5753889031406294,11.166625792082321,-0.004592560201421823,-0.9999894541230467,5.786836745820325e-06,70730.0496561756,3.1986273282071274
onset,onset_04,101,1.5707905399581508,-1.5753889031406294,11.260621583027469,-0.004592560201421823,-0.9999894541230467,5.786836745820325e-06,77700.85833113424,3.198608691053692
onset,onset_04,102,1.5707905399581508,-1.5753889031406294,11.224026380257115,-0.004592560201421823,-0.9999894541230467,5.786836745820325e-06,74908.77959983183,3.19860093730478
onset,onset_04,103,1.5707905399581508,-1.5753889031406294,11.188123182915499,-0.004592560201421823,-0.9999894541230467,5.786836745820325e-06,72267.02243894259,3.1986495917935747
onset,onset_04,104,1.5707905399581508,-1.5753889031406294,11.185634828724401,-0.004592560201421823,-0.9999894541230467,5.786836745820325e-06,72087.42004064222,3.1986513782948935
onset,onset_04,105,1.5707905399581508,-1.5753889031406294,11.178374022820519,-0.004592560201421823,-0.9999894541230467,5.786836745820325e-06,71565.90288420602,3.1986506703694384
onset,onset_04,106,1.5707905399581508,-1.5753889031406294,11.182587260593706,-0.004592560201421823,-0.9999894541230467,5.786836745820325e-06,71868.06313902984,3.1986524118739306
onset,onset_04,107,1.5707905399581508,-1.5753889031406294,11.182474814432672,-0.004592560201421823,-0.9999894541230467,5.786836745820325e-06,71859.98230556671,3.1986524177551754
onset,onset_04,108,1.5707905399581508,-1.5753889031406294,11.182242943097613,-0.004592560201421823,-0.9999894541230467,5.786836745820325e-06,71843.32196713432,3.198652421640265
onset,onset_04,109,1.5707905399581508,-1.5753889031406294,11.18227773123578,-0.004592560201421823,-0.9999894541230467,5.786836745820325e-06,71845.82130601876,3.1986524217722607
onset,onset_04,110,1.5707905399581508,-1.5753889031406294,11.182281072863127,-0.004592560201421823,-0.9999894541230467,5.786836745820325e-06,71846.06138838109,3.198652421771572
onset,onset_04,111,1.5707905399581508,-1.5753889031406294,11.182274389608434,-0.004592560201421823,-0.9999894541230467,5.786836745820325e-06,71845.58122445869,3.1986524217706056
onset,onset_04,112,1.5563961158816757,-2.173476900597251,11.075807865995074,-0.5667940431559054,-0.8237336710987376,0.01439971323251325,64589.547029887355,3.1340312506454207
onset,onset_04,113,1.5474962960921381,-2.5432642131962044,11.00997941682445,-0.8260540154251514,-0.5631091993617447,0.023297922528817336,60474.64207047201,3.1342819183658768
onset,onset_04,114,1.541995904968455,-2.7718053409908396,10.96929519781031,-0.9320175642810568,-0.36126724856520004,0.02879644050462093,58063.655586128894,3.1645777814587808
onset,onset_04,115,1.5385964763026005,-2.913051525795158,10.944150967653826,-0.973493057127583,-0.22643938624321694,0.03219428648359132,56621.89164849576,3.1837971239002303
onset,onset_04,116,1.5364955138447718,-3.0003464687854753,10.92861097879617,-0.9894589734889804,-0.14069419092733731,0.03429408726639892,55748.789651303334,3.192502194825057
onset,onset_04,117,1.535197047636746,-3.0542977105994757,10.919006737497343,-0.9955610406010357,-0.08712887596797968,0.035591760422034865,55215.92778632938,3.196009975262649
onset,onset_04,118,1.534394551386943,-3.0876414117757927,10.913070989938513,-0.997883477172576,-0.05388934882605382,0.036393736673677804,54889.15077014787,3.197349708856212
onset,onset_04,119,1.5338985814287205,-3.108248952413476,10.909402496198517,-0.9987638840547729,-0.03331483191429147,0.036889373569455104,54688.159157799215,3.197844885889715
onset,onset_04,120,1.53359205513714,-3.1209851129521096,10.907135242379683,-0.9990958199897867,-0.020591822708709726,0.03719568948774717,54564.30767453214,3.1980213260311503
onset,onset_04,121,1.533199034264756,-3.1373151213827373,10.90422822233517,-0.9992841628875303,-0.004274496261338365,0.0375884355072108,54405.91847024568,3.1981013606740984
onset,onset_04,122,1.5332040578133228,-3.137106393052476,10.904265379538273,-0.9992834377237273,-0.004483075928554399,0.03758341550828602,54407.94007956671,3.198101377924848
onset,onset_04,123,1.533204763188662,-3.1370770847229528,10.904270596920846,-0.999283332412975,-0.004512363374612832,0.03758271063128943,54408.22394734559,3.1981013781871153
onset,onset_04,124,1.5332045106317098,-3.1370875784586607,10.904268728856897,-0.9992833702177935,-0.00450187711641573,0.03758296300981413,54408.122309398845,3.198101378154338
onset,onset_04,125,1.5332050157456145,-3.137066590987245,10.904272464984794,-0.9992832944980523,-0.004522849632511959,0.03758245825276211,54408.325585482205,3.198101378151706
onset,onset_04,126,1.533168674261945,-3.141592653589793,10.904003661530234,-0.9992921634036367,-1.2237799493252976e-16,0.03761877403743311,54393.70240507676,3.198094727426407
onset,onset_04,127,0.5999908074321633,-3.1370770847229528,10.904270596920846,-0.5646291298724118,-0.0025496390495412025,0.8253408053890466,54408.22394734559,3.126016529677131
onset,onset_04,128,0.9708055193627332,-3.1370770847229528,10.904270596920846,-0.8253323909043678,-0.0037268705799441935,0.5646348864175504,54408.22394734559,3.1606082821354167
onset,onset_04,129,1.1999816148643265,-3.1370770847229528,10.904270596920846,-0.932022921590026,-0.0042086422931994,0.36237489008048024,54408.22394734559,3.181791703732499
onset,onset_04,130,1.3416202312933032,-3.1370770847229528,10.904270596920846,-0.9738439676199167,-0.0043974893901859895,0.22717523812546522,54408.22394734559,3.1916303435045106
onset,onset_04,131,1.4291577103659199,-3.1370770847229528,10.904270596920846,-0.9899759162089947,-0.004470334810111807,0.1411655107767015,54408.22394734559,3.1956887511573684
onset,onset_04,132,1.4832588477222797,-3.1370770847229528,10.904270596920846,-0.9961608847379212,-0.004498263651270069,0.08742572471696057,54408.22394734559,3.1972860783190593
onset,onset_04,133,1.5166951894385368,-3.1370770847229528,10.904270596920846,-0.9985267101421348,-0.004508946771420711,0.054074749483818095,54408.22394734559,3.1979032653023975
onset,onset_04,134,1.5373599850786395,-3.1370770847229528,10.904270596920846,-0.9994308681382503,-0.004513029586868742,0.03343011182110186,54408.22394734559,3.1981400499569674
onset,onset_04,135,1.5501315311547936,-3.1370770847229528,10.904270596920846,-0.9997762977217022,-0.004514589408543253,0.02066332491054402,54408.22394734559,3.1982306459499568
onset,onset_04,136,1.5580247807187424,-3.1370770847229528,10.904270596920846,-0.9999082505816707,-0.004515185254819464,0.012771198879420183,54408.22394734559,3.1982652727906
onset,onset_04,137,1.562903077230948,-3.1370770847229528,10.904270596920846,-0.9999586536212213,-0.004515412854762603,0.00789316760150468,54408.22394734559,3.1982785023147806
onset,onset_04,138,1.565918030282691,-3.1370770847229528,10.904270596920846,-0.9999779060927056,-0.004515499791214336,0.0048782771634600566,54408.22394734559,3.198283556017331
onset,onset_04,139,1.5677813737431534,-3.1370770847229528,10.904270596920846,-0.9999852599150554,-0.004515532998131292,0.0030149484841206086,54408.22394734559,3.198285486429085
onset,onset_04,140,1.568932983334434,-3.1370770847229528,10.904270596920846,-0.9999880688300036,-0.004515545682066391,0.0018633423821927913,54408.22394734559,3.1982862237908622
onset,onset_04,141,1.5696447172036159,-3.1370770847229528,10.904270596920846,-0.9999891417407364,-0.004515550526901623,0.0011516093367357678,54408.22394734559,3.1982865054394667
onset,onset_04,142,1.5700845929257148,-3.1370770847229528,10.904270596920846,-0.9999895515562707,-0.0045155523774644685,0.0007117338090919139,54408.22394734559,3.1982866130198717
onset,onset_04,143,1.5703564510727976,-3.1370770847229528,10.904270596920846,-0.9999897080918905,-0.004515553084316644,0.0004398757079136694,54408.22394734559,3.198286654111971
onset,onset_04,144,1.5705244686478135,-3.1370770847229528,10.904270596920846,-0.999989767883179,-0.0045155533543101605,0.0002718581437344463,54408.22394734559,3.198286669807754
onset,onset_04,145,1.5706283092198807,-3.1370770847229528,10.904270596920846,-0.9999897907214191,-0.0045155534574385075,0.00016801757422537421,54408.22394734559,3.198286675803007
onset,onset_04,146,1.5706924862228295,-3.1370770847229528,10.904270596920846,-0.9999897994448508,-0.004515553496830031,0.00010384057188047133,54408.22394734559,3.1982866780929906
onset,onset_04,147,1.5707321497919478,-3.1370770847229528,10.904270596920846,-0.9999898027769052,-0.004515553511876255,6.417700290481352e-05,54408.22394734559,3.1982866789676883
onset,onset_04,148,1.5707566632257781,-3.1370770847229528,10.904270596920846,-0.9999898040496368,-0.004515553517623402,3.9663569108103616e-05,54408.22394734559,3.198286679301789
onset,onset_04,149,1.5707718133610662,-3.1370770847229528,10.904270596920846,-0.9999898045357769,-0.0045155535198186155,2.4513433827970483e-05,54408.22394734559,3.198286679429414
onset,onset_04,150,1.5707811766596085,-3.1370770847229528,10.904270596920846,-0.9999898047214659,-0.004515553520657112,1.515013528755952e-05,54408.22394734559,3.1982866794781613
onset,onset_04,151,1.5707869634963543,-3.1370770847229528,10.904270596920846,-0.9999898047923929,-0.004515553520977391,9.363298542210877e-06,54408.22394734559,3.1982866794967753
onset,onset_04,152,1.5707905399581508,-3.1370770847229528,10.904270596920846,-0.9999898048194845,-0.004515553521099725,5.786836745820325e-06,54408.22394734559,3.1982866795038882
onset,onset_04,153,1.5707905399581508,-3.1370770847229528,8.342310205260866,-0.9999898048194845,-0.004515553521099725,5.786836745820325e-06,4197.776273049276,3.1866744780838725
onset,onset_04,154,1.5707905399581508,-3.1370770847229528,9.973010023033673,-0.9999898048194845,-0.004515553521099725,5.786836745820325e-06,21439.92298441949,3.198125421692368
onset,onset_04,155,1.5707905399581508,-3.1370770847229528,10.980837935865528,-0.9999898048194845,-0.004515553521099725,5.786836745820325e-06,58737.752128584805,3.198168454122453
onset,onset_04,156,1.5707905399581508,-3.1370770847229528,10.484994893272532,-0.9999898048194845,-0.004515553521099725,5.786836745820325e-06,35774.65258521982,3.198512490335105
onset,onset_04,157,1.5707905399581508,-3.1370770847229528,10.491764214626018,-0.9999898048194845,-0.004515553521099725,5.786836745820325e-06,36017.64422121612,3.198512037369717
onset,onset_04,158,1.5707905399581508,-3.1370770847229528,10.46227912881309,-0.9999898048194845,-0.004515553521099725,5.786836745820325e-06,34971.164476873455,3.198450868873927
onset,onset_04,159,1.5707905399581508,-3.1370770847229528,10.488024654824917,-0.9999898048194845,-0.004515553521099725,5.786836745820325e-06,35883.20561403088,3.198513353623451
onset,onset_04,160,1.5707905399581508,-3.1370770847229528,10.48802131531766,-0.9999898048194845,-0.004515553521099725,5.786836745820325e-06,35883.0857820054,3.1985133536545045
onset,onset_04,161,1.5707905399581508,-3.1370770847229528,10.487975162614267,-0.9999898048194845,-0.004515553521099725,5.786836745820325e-06,35881.42971880669,3.198513353866776
onset,onset_04,162,1.5707905399581508,-3.1370770847229528,10.486836801021354,-0.9999898048194845,-0.004515553521099725,5.786836745820325e-06,35840.60691727909,3.1985132297518883
onset,onset_04,163,1.5707905399581508,-3.1370770847229528,10.487971823106275,-0.9999898048194845,-0.004515553521099725,5.786836745820325e-06,35881.30989268543,3.1985133538664274
onset,onset_04,164,1.5707905399581508,-3.1370770847229528,10.48797850212226,-0.9999898048194845,-0.004515553521099725,5.786836745820325e-06,35881.54954532811,3.198513353864999
onset,onset_04,165,1.5707526051140541,-3.138653276644144,10.487694573566909,-0.9999956790789075,-0.002939372710169607,4.372168082856616e-05,35871.36319496824,3.1985124311436177
onset,onset_04,166,1.5707255836292484,-3.1397760187316344,10.487494706324524,-0.9999983474170563,-0.0018166338544149945,7.07431655892005e-05,35864.19440095329,3.19851082673522
onset,onset_04,167,1.5707693053100906,-3.1379593838734756,10.487818098315941,-0.9999933993177671,-0.0036332617214101933,2.7021484802706478e-05,35875.794469784756,3.198513028697081
onset,onset_04,168,1.57077962659886,-3.1375305345566544,10.487894440809294,-0.999991749466378,-0.004062107861205143,1.670019603578593e-05,35878.53342193348,3.1985132475203395
onset,onset_04,169,1.5707860055061271,-3.1372654911028066,10.487941623064973,-0.99999063779375,-0.004327148982895314,1.0321288769310594e-05,35880.226292007195,3.1985133252851967
onset,onset_04,170,1.5707941138372554,-3.136928590126329,10.488001597185365,-0.9999891232732732,-0.004664046553529934,2.2129576411939208e-06,35882.37824154851,3.1985133607605976
onset,onset_04,171,1.5707943658367738,-3.1369181195519973,10.488003461126194,-0.999989074383737,-0.004674517013722525,1.960958122830837e-06,35882.445124240694,3.198513360726581
onset,onset_04,172,1.570793861837737,-3.1369390607006604,10.487999733244536,-0.9999891720531139,-0.004653576092825724,2.464957159556863e-06,35882.31135898099,3.198513360726096
onset,onset_04,173,1.5707963267948966,-3.1369285813841654,10.48797709062572,-0.9999891232349477,-0.004664055295609705,6.123233995736766e-17,35881.49889868079,3.1985133608317375
onset,onset_04,174,1.4522828373189802,-3.137396762198959,11.800409757539779,-0.9929767513407008,-0.004166447053078653,0.11823625508202665,133306.96528998943,3.1944468017297534
onset,onset_04,175,1.4975509621734273,-3.1372179330405885,11.299105086724278,-0.997309213897554,-0.004362976945130242,0.0731798900465093,80749.34153806424,3.1971027895779347
onset,onset_04,176,1.5255282019404495,-3.137107410542536,10.98928176144122,-0.9989655250108426,-0.004480633221783035,0.04525266584129122,59235.82331608819,3.1978859052330035
onset,onset_04,177,1.5449513102788548,-3.137030680655264,10.774187918630068,-0.9996556338456141,-0.004560433582132712,0.025842139351581993,47771.663009940676,3.198183118099684
onset,onset_04,178,1.5548232281481804,-3.1369916822039308,10.664865110280656,-0.9998618496721904,-0.004600368221839172,0.015972419426301412,42824.47698525175,3.198295715373274
onset,onset_04,179,1.560924408925571,-3.136967579835498,10.59729989897513,-0.9999405779011314,-0.004624831899818932,0.009871757525871898,40026.61548603754,3.1983559494657703
onset,onset_04,180,1.5646951460175058,-3.1369526837525976,10.555542301931245,-0.9999706234139175,-0.004639866828496115,0.0061011429253219765,38389.61663693262,3.198319429922027
onset,onset_04,181,1.560365464122347,-3.1369697879152247,10.603489721095775,-0.9999349142020089,-0.004622597721385233,0.010430673522234039,40275.14148836143,3.1983526940870655
onset,onset_04,182,1.5614578997683077,-3.1369654723101985,10.59139195708089,-0.999945692289794,-0.004626963010358572,0.009338291299028122,39790.837733946726,3.198352274297372
onset,onset_04,183,1.5608951717661022,-3.1369676953352377,10.597623674803048,-0.9999402893888493,-0.004624715070105327,0.00990099325647863,40039.5772348425,3.198355955817274
onset,onset_04,184,1.5609002665373006,-3.1369676752086333,10.597567254692724,-0.9999403397255474,-0.004624735428746234,0.00989589873487716,40037.31826120395,3.198355956181745
onset,onset_04,185,1.5609007095081853,-3.136967673458702,10.597562349179755,-0.9999403441009045,-0.004624737198846658,0.009895455785681885,40037.12185810173,3.1983559561841184
onset,onset_04,186,1.5609008349527635,-3.13696767296314,10.597560959991375,-0.9999403453399228,-0.004624737700119985,0.009895330347245448,40037.0662390359,3.1983559561839416
onset,onset_04,187,1.5609005840636068,-3.1369676739542633,10.597563738368137,-0.9999403428618705,-0.004624736697573704,0.009895581224118391,40037.177477244906,3.1983559561839234
onset,onset_04,188,0.5999908074321633,-3.136967673458702,10.597562349179755,-0.5646288475336424,-0.0026114158210894735,0.8253408053890466,40037.12185810173,3.126214585646536
onset,onset_04,189,0.9708055193627332,-3.136967673458702,10.597562349179755,-0.8253319782027921,-0.0038171712177731496,0.5646348864175504,40037.12185810173,3.1607644046325274
onset,onset_04,190,1.1999816148643265,-3.136967673458702,10.597562349179755,-0.9320224555386114,-0.004310616073967369,0.36237489008048024,40037.12185810173,3.1819107927458203
onset,onset_04,191,1.3416202312933032,-3.136967673458702,10.597562349179755,-0.9738434806561862,-0.0045040388633329235,0.22717523812546522,40037.12185810173,3.1917301092498227
onset,onset_04,192,1.4291577103659199,-3.136967673458702,10.597562349179755,-0.9899754211785984,-0.004578649299709169,0.14116551077670147,40037.12185810173,3.1957788936774425
onset,onset_04,193,1.4832588477222797,-3.136967673458702,10.597562349179755,-0.9961603866147755,-0.0046072548459250165,0.08742572471696056,40037.12185810173,3.1973714537177638
onset,onset_04,194,1.5166951894385368,-3.136967673458702,10.597562349179755,-0.9985262108359749,-0.004618196813959671,0.054074749483818095,40037.12185810173,3.197986638280704
onset,onset_04,195,1.5373599850786395,-3.136967673458702,10.597562349179755,-0.9994303683799728,-0.004622378554452505,0.03343011182110186,40037.12185810173,3.1982226313866295
onset,onset_04,196,1.5501315311547936,-3.136967673458702,10.597562349179755,-0.999775797790695,-0.004623976170005039,0.02066332491054402,40037.12185810173,3.1983129211552264
onset,onset_04,197,1.5580247807187424,-3.136967673458702,10.597562349179755,-0.9999077505846813,-0.004624586453406884,0.012771198879420182,40037.12185810173,3.1983474304639077
onset,onset_04,198,1.562903077230948,-3.136967673458702,10.597562349179755,-0.9999581535990284,-0.00462481956800893,0.00789316760150468,40037.12185810173,3.198360615012583
onset,onset_04,199,1.565918030282691,-3.136967673458702,10.597562349179755,-0.9999774060608857,-0.004624908610897385,0.0048782771634600566,40037.12185810173,3.1983656515240115
onset,onset_04,200,1.5677813737431534,-3.136967673458702,10.597562349179755,-0.9999847598795581,-0.00462494262240514,0.0030149484841206086,40037.12185810173,3.1983675753675973
onset,onset_04,201,1.568932983334434,-3.136967673458702,10.597562349179755,-0.9999875687931018,-0.004624955613667099,0.0018633423821927913,40037.12185810173,3.1983683102202916
onset,onset_04,202,1.5696447172036159,-3.136967673458702,10.597562349179755,-0.999988641703298,-0.004624960575890821,0.0011516093367357678,40037.12185810173,3.198368590910481
onset,onset_04,203,1.5700845929257148,-3.136967673458702,10.597562349179755,-0.9999890515186275,-0.004624962471292091,0.0007117338090919139,40037.12185810173,3.1983686981248036
onset,onset_04,204,1.5703564510727976,-3.136967673458702,10.597562349179755,-0.999989208054169,-0.004624963195271023,0.0004398757079136694,40037.12185810173,3.198368739077062
onset,onset_04,205,1.5705244686478135,-3.136967673458702,10.597562349179755,-0.9999892678454275,-0.004624963471806377,0.00027185814373444626,40037.12185810173,3.1983687547194344
onset,onset_04,206,1.5706283092198807,-3.136967673458702,10.597562349179755,-0.9999892906836564,-0.004624963577433485,0.00016801757422537421,40037.12185810173,3.19836876069429
onset,onset_04,207,1.5706924862228295,-3.136967673458702,10.597562349179755,-0.9999892994070836,-0.00462496361777945,0.00010384057188047133,40037.12185810173,3.198368762976484
onset,onset_04,208,1.5707321497919478,-3.136967673458702,10.597562349179755,-0.9999893027391363,-0.004624963633190238,6.417700290481352e-05,40037.12185810173,3.1983687638482015
onset,onset_04,209,1.5707566632257781,-3.136967673458702,10.597562349179755,-0.9999893040118673,-0.004624963639076635,3.966356910810361e-05,40037.12185810173,3.1983687641811684
onset,onset_04,210,1.5707718133610662,-3.136967673458702,10.597562349179755,-0.9999893044980072,-0.004624963641325038,2.4513433827970483e-05,40037.12185810173,3.1983687643083503
onset,onset_04,211,1.5707811766596085,-3.136967673458702,10.597562349179755,-0.9999893046836961,-0.004624963642183852,1.515013528755952e-05,40037.12185810173,3.1983687643569327
onset,onset_04,212,1.5707869634963543,-3.136967673458702,10.597562349179755,-0.999989304754623,-0.00462496364251189,9.363298542210877e-06,40037.12185810173,3.1983687643754872
onset,onset_04,213,1.5707905399581508,-3.136967673458702,10.597562349179755,-0.9999893047817147,-0.004624963642637189,5.786836745820325e-06,40037.12185810173,3.198368764382573
onset,onset_04,214,1.570751599304024,-3.1385856567640853,10.597274320553169,-0.999995477988182,-0.003006992291142968,4.4727490857734966e-05,40025.59168147064,3.198367821635046
onset,onset_04,215,1.5707239561944333,-3.1397342273474425,10.597069855397958,-0.9999982705077005,-0.0018584251677281997,7.237060040016616e-05,40017.408679253014,3.1983661600259277
onset,onset_04,216,1.5707686836853059,-3.1378758011050922,10.597400686968603,-0.9999930921296877,-0.0037168439252386865,2.7643109587232185e-05,40030.64989160429,3.1983684365512035
onset,onset_04,217,1.5707792424136147,-3.137437086180728,10.597478785708379,-0.999991365496243,-0.004155555448233109,1.7084381281125637e-05,40033.77635699815,3.198368659231841
onset,onset_04,218,1.5707857680665875,-3.137165945446099,10.597527053384038,-0.9999902020877622,-0.004426693686020822,1.0558728308883091e-05,40035.70874096621,3.198368736754894
onset,onset_04,219,1.5707935236099586,-3.1368437027930227,10.597584418072836,-0.9999887237504285,-0.0047489329466265376,2.8031849380070714e-06,40038.00544281312,3.198368769183562
onset,onset_04,220,1.570793775609468,-3.136833232219055,10.5975862820136,-0.9999886739722335,-0.00475940340226829,2.5511854285261264e-06,40038.080071353106,3.1983687691495337
onset,onset_04,221,1.5707932716104491,-3.1368541733669906,10.597582554132071,-0.9999887734189281,-0.0047384624904638585,3.0551844474878376e-06,40037.93081441217,3.198368769149125
onset,onset_04,222,1.5013304421110907,-3.137118112754606,11.366826954992264,-0.9975782289098767,-0.0044637343118327805,0.06941003011832741,86407.25792211934,3.1970127306644867
onset,onset_04,223,1.4583981643179178,-3.1372877142817153,11.842264173911039,-0.9936807660300074,-0.00427776181527336,0.11216165109282862,139004.8597749039,3.1944239457966774
onset,onset_04,224,1.5278640490017237,-3.137013293246309,11.072990594183738,-0.9990680757171772,-0.004575124707371985,0.04291909035253318,64407.8368034689,3.1978612662161483
onset,onset_04,225,1.5538190896638095,-3.136910759331065,10.785561345524863,-0.9998449317036503,-0.004681202449606589,0.016976421594339063,48318.092021779674,3.1982458082368956
onset,onset_04,226,1.5634953179877509,-3.136872533940176,10.678405626787542,-0.9999622083064185,-0.004719976321304455,0.00730094394426857,43408.286141653414,3.198340105882478
onset,onset_04,227,1.5597993276509097,-3.1368871347402623,10.719335469256276,-0.9999284633503128,-0.004705216960021828,0.010996777493496137,45221.841550744386,3.1983970357478513
onset,onset_04,228,1.5598159072886413,-3.1368870692433446,10.719151864349689,-0.9999286452252695,-0.004705283309538495,0.010980198856764638,45213.539360935494,3.198397366217726
onset,onset_04,229,1.560845372631754,-3.1368830023989265,10.707751441058367,-0.999939399826591,-0.004709400604686207,0.00995078993757315,44701.012933891514,3.1984072487977664
onset,onset_04,230,1.5618575616894148,-3.1368790038034935,10.696542337434455,-0.9999489407224388,-0.004713444019341727,0.008938646069135164,44202.752391788956,3.1983912376165655
onset,onset_04,231,1.560816567317453,-3.136883116192686,10.708070434580847,-0.999939113315184,-0.0047092854659528,0.009979593821581005,44715.2745420251,3.1984073151548884
onset,onset_04,232,1.5607341417840792,-3.136883441810078,10.708983224872197,-0.9999382888875572,-0.0047089559787321334,0.010062015216384812,44756.10884424422,3.1984073831308537
onset,onset_04,233,1.5607443420705087,-3.1368834015144254,10.708870265670836,-0.9999383912800853,-0.004708996754987416,0.010051815445804763,44751.05351546145,3.1984073844499346
onset,onset_04,234,1.5607441370497797,-3.136883402324348,10.7088725360951,-0.9999383892230705,-0.004708995935409487,0.010052020456175806,44751.155119454554,3.1984073844503467
onset,onset_04,235,1.5607441701768505,-3.1368834021934813,10.708872169241923,-0.9999383895554441,-0.004708996067836442,0.010051987330778611,44751.13870235413,3.1984073844503564
onset,onset_04,236,1.560744203303921,-3.136883402062615,10.708871802388753,-0.9999383898878165,-0.004708996200262947,0.010051954205381847,44751.12228526005,3.1984073844503365
onset,onset_04,237,1.5506942265164456,-3.1368382142606337,10.929742741298481,-0.999786659544102,-0.004753460831800957,0.020100746447993978,55811.919758385346,3.198162366079187
onset,onset_04,238,0.5999908074321633,-3.1368834021934813,10.708872169241923,-0.5646286254614302,-0.0026589977991222473,0.8253408053890466,44751.13870235413,3.126144725068111
onset,onset_04,239,0.9708055193627332,-3.1368834021934813,10.708872169241923,-0.8253316535943366,-0.0038867229741669836,0.5646348864175504,44751.13870235413,3.1607282864344097
onset,onset_04,240,1.1999816148643265,-3.1368834021934813,10.708872169241923,-0.9320220889680945,-0.004389158770110516,0.36237489008048024,44751.13870235413,3.1819443986644154
onset,onset_04,241,1.3416202312933032,-3.1368834021934813,10.708872169241923,-0.9738430976371872,-0.004586105869484575,0.22717523812546525,44751.13870235413,3.191775915335452
onset,onset_04,242,1.4291577103659199,-3.1368834021934813,10.708872169241923,-0.9899750318148017,-0.00466207576463257,0.14116551077670147,44751.13870235413,3.195828499234386
onset,onset_04,243,1.4832588477222797,-3.1368834021934813,10.708872169241923,-0.9961599948183917,-0.004691202525608881,0.08742572471696057,44751.13870235413,3.1974224589432914
onset,onset_04,244,1.5166951894385368,-3.1368834021934813,10.708872169241923,-0.9985258181090969,-0.004702343864604857,0.054074749483818095,44751.13870235413,3.1980381666472275
onset,onset_04,245,1.5373599850786395,-3.1368834021934813,10.708872169241923,-0.9994299752974837,-0.004706601799582944,0.03343011182110186,44751.13870235413,3.1982743574685313
onset,onset_04,246,1.5501315311547936,-3.1368834021934813,10.708872169241923,-0.9997754045723463,-0.004708228524903256,0.02066332491054402,44751.13870235413,3.1983647224218785
onset,onset_04,247,1.5580247807187424,-3.1368834021934813,10.708872169241923,-0.9999073573144347,-0.004708849928131821,0.012771198879420183,44751.13870235413,3.1983992603979083
onset,onset_04,248,1.562903077230948,-3.1368834021934813,10.708872169241923,-0.999957760308958,-0.004709087290258824,0.007893167601504682,44751.13870235413,3.1984124558890428
onset,onset_04,249,1.565918030282691,-3.1368834021934813,10.708872169241923,-0.999977012763243,-0.004709177955576279,0.0048782771634600566,44751.13870235413,3.1984174965790246
onset,onset_04,250,1.5677813737431534,-3.1368834021934813,10.708872169241923,-0.9999843665790233,-0.004709212586799517,0.003014948484120609,44751.13870235413,3.198419422018521
onset,onset_04,251,1.568932983334434,-3.1368834021934813,10.708872169241923,-0.9999871754914621,-0.004709225814772127,0.0018633423821927913,44751.13870235413,3.198420157480772
onset,onset_04,252,1.5696447172036159,-3.1368834021934813,10.708872169241923,-0.9999882484012365,-0.004709230867411332,0.001151609336735768,44751.13870235413,3.1984204384037893
onset,onset_04,253,1.5700845929257148,-3.1368834021934813,10.708872169241923,-0.9999886582164046,-0.004709232797348251,0.0007117338090919139,44751.13870235413,3.1984205457070405
onset,onset_04,254,1.5703564510727976,-3.1368834021934813,10.708872169241923,-0.9999888147518846,-0.0047092335345186274,0.0004398757079136694,44751.13870235413,3.1984205866932673
onset,onset_04,255,1.5705244686478135,-3.1368834021934813,10.708872169241923,-0.9999888745431197,-0.004709233816092667,0.0002718581437344463,44751.13870235413,3.198420602348616
onset,onset_04,256,1.5706283092198807,-3.1368834021934813,10.708872169241923,-0.9999888973813394,-0.00470923392364438,0.00016801757422537421,44751.13870235413,3.1984206083284255
onset,onset_04,257,1.5706924862228295,-3.1368834021934813,10.708872169241923,-0.9999889061047633,-0.00470923396472548,0.00010384057188047135,44751.13870235413,3.1984206106125144
onset,onset_04,258,1.5707321497919478,-3.1368834021934813,10.708872169241923,-0.9999889094368147,-0.004709233980417064,6.417700290481352e-05,44751.13870235413,3.198420611484957
onset,onset_04,259,1.5707566632257781,-3.1368834021934813,10.708872169241923,-0.9999889107095451,-0.004709233986410715,3.966356910810361e-05,44751.13870235413,3.198420611818196
onset,onset_04,260,1.5707718133610662,-3.1368834021934813,10.708872169241923,-0.9999889111956849,-0.004709233988700087,2.4513433827970486e-05,44751.13870235413,3.198420611945487
onset,onset_04,261,1.5707811766596085,-3.1368834021934813,10.708872169241923,-0.9999889113813737,-0.004709233989574549,1.5150135287559522e-05,44751.13870235413,3.198420611994108
onset,onset_04,262,1.5707869634963543,-3.1368834021934813,10.708872169241923,-0.9999889114523006,-0.004709233989908563,9.363298542210877e-06,44751.13870235413,3.198420612012673
onset,onset_04,263,1.5707905399581508,-3.1368834021934813,10.708872169241923,-0.9999889114793922,-0.004709233990036145,5.786836745820325e-06,44751.13870235413,3.1984206120197696
onset,onset_04,264,1.5707508246042305,-3.138533574257904,10.708578410467178,-0.9999953199852496,-0.0030590745575975933,4.5502190650373146e-05,44737.99459337367,3.1984197303743707
onset,onset_04,265,1.5707227027038364,-3.1397020385884034,10.708370403885644,-0.9999982100777421,-0.001890613869955762,7.36240909937017e-05,44728.689763820046,3.1984180755149487
onset,onset_04,266,1.5707682048945024,-3.1378114235870136,10.70870696560445,-0.999992850762933,-0.0037812209908086696,2.8121900390494778e-05,44743.746262105225,3.1984203258862203
onset,onset_04,267,1.5707789465046247,-3.1373651099274045,10.70878641704871,-0.9999910637995643,-0.004227531069229748,1.738029027105959e-05,44747.3013585943,3.198420530759407
onset,onset_04,268,1.5707912299991302,-3.136854731006263,10.708877273202297,-0.9999887760528039,-0.004737904857411542,5.096795766363101e-06,44751.36711097567,3.1984206122784977
onset,onset_04,269,1.5707914819986057,-3.136844260433709,10.70887913714281,-0.9999887263906642,-0.004748375312190752,4.844796290857193e-06,44751.45052493958,3.1984206122447745
onset,onset_04,270,1.5707909779996547,-3.1368652015788174,10.708875409261784,-0.9999888256052486,-0.004727434402112628,5.3487952418686885e-06,44751.28369716724,3.198420612243627
onset,onset_04,271,1.5051682535208222,-3.1371139708508804,11.435594024275318,-0.9978372431387963,-0.004469026317932453,0.06558097291849456,92558.30268802459,3.1969266908437497
onset,onset_04,272,1.4646078736212755,-3.137274202329961,11.884764560034684,-0.9943580300703453,-0.0042941133813854835,0.10598900237708674,145039.9586064531,3.1943770343968545
onset,onset_04,273,1.53023594689535,-3.137014942350741,11.157991366431029,-0.9991670714715459,-0.004573930282384807,0.040549259533888604,70121.96530853867,3.1977682499581253
onset,onset_04,274,1.5553136213316374,-3.1369158744209837,10.880278177105795,-0.9998692105090172,-0.0046762015883298905,0.015482086900028887,53118.374178676015,3.1982575893910026
onset,onset_04,275,1.54573480205578,-3.136953715002956,10.986355176303901,-0.9996752199479242,-0.004637465217868347,0.02505890138099934,59062.718063157125,3.1980756991212016
onset,onset_04,276,1.5612274885807986,-3.1368925120240148,10.814787298388822,-0.9999431738775827,-0.004699909084091463,0.009568692190045575,49751.072412711954,3.1982675425106977
onset,onset_04,277,1.5590238985385656,-3.136901217181428,10.839190120115719,-0.9999197017617357,-0.004691094110667443,0.011772156334611745,50980.07352267552,3.198241321867516
onset,onset_04,278,1.5648824595457353,-3.1368780732686297,10.774311709388636,-0.9999713997191704,-0.004714480412900075,0.005913832777461015,47777.57706638796,3.1982659035808747
onset,onset_04,279,1.5620484234686678,-3.1368892689673267,10.805696166493092,-0.9999506768678617,-0.0047031873178884015,0.00874779175325397,49300.82856555453,3.1982852713437664
onset,onset_04,280,1.5630261500038114,-3.1368854065141334,10.794868704997311,-0.9999587335955947,-0.004707087591373327,0.007770098603078937,48769.90520551213,3.1982898761409992
onset,onset_04,281,1.5627881172690699,-3.1368863468489443,10.797504708191978,-0.9999568601754494,-0.004706138457580312,0.008008123929793397,48898.63241957265,3.1982910935165445
onset,onset_04,282,1.562714593753854,-3.1368866372994186,10.798318916461284,-0.999956270060669,-0.004705845236092985,0.008081645065727098,48938.46230315632,3.198291164868841
onset,onset_04,283,1.5627148730566325,-3.136886636196049,10.798315823428652,-0.9999562723126386,-0.004705846350036895,0.008081365772069518,48938.31093512956,3.1982911648784778
onset,onset_04,284,1.5627159907202657,-3.136886631780782,10.798303446286866,-0.9999562813233851,-0.004705850807613507,0.008080248144928321,48937.70522246484,3.198291164895544
onset,onset_04,285,1.562715957622476,-3.136886631911533,10.798303812815776,-0.9999562810565645,-0.00470585067560969,0.008080281241637434,48937.7231595519,3.1982911648955348
onset,onset_04,286,1.5627160238180553,-3.136886631650031,10.798303079757954,-0.9999562815902047,-0.00470585093961732,0.008080215048219198,48937.68728538427,3.198291164895523
onset,onset_05,0,1.4512565509392985,1.5860846575123801,11.91540056636395,-0.015178636151156751,0.9927475948938762,0.11925528012216086,149552.1688355672,3.1964558499778013
onset,onset_05,1,0.5999908074321633,1.5860846575123801,11.91540056636395,-0.008631988605497638,0.5645689007840181,0.8253408053890466,149552.1688355672,3.1242710729359464
onset,onset_05,2,0.9708055193627332,1.5860846575123801,11.91540056636395,-0.012617591649308781,0.8252443525533582,0.5646348864175504,149552.1688355672,3.159836426390198
onset,onset_05,3,1.1999816148643265,1.5860846575123801,11.91540056636395,-0.01424866485554099,0.9319235025413806,0.36237489008048024,149552.1688355672,3.1815246472231817
onset,onset_05,4,1.3416202312933032,1.5860846575123801,11.91540056636395,-0.014888020449683969,0.9737400875129503,0.22717523812546522,149552.1688355672,3.191558164109476
onset,onset_05,5,1.4291577103659199,1.5860846575123801,11.91540056636395,-0.015134643921690914,0.9898703153042405,0.14116551077670147,149552.1688355672,3.195701041207953
onset,onset_05,6,1.4832588477222797,1.5860846575123801,11.91540056636395,-0.015229199046537412,0.9960546240814884,0.08742572471696056,149552.1688355672,3.197329484134276
onset,onset_05,7,1.5166951894385368,1.5860846575123801,11.91540056636395,-0.015265367527494784,0.9984201971226909,0.054074749483818095,149552.1688355672,3.1979585229833347
onset,onset_05,8,1.5373599850786395,1.5860846575123801,11.91540056636395,-0.015279190196406327,0.9993242586721143,0.03343011182110185,149552.1688355672,3.19819985520113
onset,onset_05,9,1.5501315311547939,1.5860846575123801,11.91540056636395,-0.015284471086234014,0.9996696514085318,0.020663324910543797,149552.1688355672,3.1982921928237427
onset,onset_05,10,1.5580247807187424,1.5860846575123801,11.91540056636395,-0.01528648836717729,0.9998015901930655,0.012771198879420182,149552.1688355672,3.198327485672689
onset,onset_05,11,1.562903077230948,1.5860846575123801,11.91540056636395,-0.015287258923353133,0.9998519878561152,0.00789316760150468,149552.1688355672,3.1983409697061354
onset,onset_05,12,1.565918030282691,1.5860846575123801,11.91540056636395,-0.015287553253039095,0.999871238273935,0.0048782771634600566,149552.1688355672,3.1983461206398864
onset,onset_05,13,1.5677813737431534,1.5860846575123801,11.91540056636395,-0.015287665677473776,0.9998785913118512,0.0030149484841206086,149552.1688355672,3.198348088193205
onset,onset_05,14,1.568932983334434,1.5860846575123801,11.91540056636395,-0.015287708619859394,0.999881399927172,0.0018633423821927913,149552.1688355672,3.198348839742152
onset,onset_05,15,1.5696447172036159,1.5860846575123801,11.91540056636395,-0.015287725022401754,0.9998824727234572,0.001151609336735768,149552.1688355672,3.1983491268098483
onset,onset_05,16,1.5700845929257148,1.5860846575123801,11.91540056636395,-0.015287731287616981,0.9998828824952763,0.0007117338090919139,149552.1688355672,3.1983492364601602
onset,onset_05,17,1.5703564510727976,1.5860846575123801,11.91540056636395,-0.015287733680716478,0.9998830390141985,0.0004398757079136694,149552.1688355672,3.198349278342881
onset,onset_05,18,1.5705244686478135,1.5860846575123801,11.91540056636395,-0.01528773459479918,0.999883098799109,0.00027185814373444626,149552.1688355672,3.198349294340679
onset,onset_05,19,1.5706283092198807,1.5860846575123801,11.91540056636395,-0.015287734943947707,0.9998831216349131,0.00016801757422537421,149552.1688355672,3.1983493004512877
onset,onset_05,20,1.5706924862228295,1.5860846575123801,11.91540056636395,-0.01528773507731058,0.9998831303574142,0.00010384057188047133,149552.1688355672,3.1983493027853243
onset,onset_05,21,1.5707321497919478,1.5860846575123801,11.91540056636395,-0.015287735128250666,0.9998831336891132,6.417700290481352e-05,149552.1688355672,3.198349303676857
onset,onset_05,22,1.5707566632257781,1.5860846575123801,11.91540056636395,-0.015287735147708046,0.9998831349617089,3.966356910810361e-05,149552.1688355672,3.198349304017387
onset,onset_05,23,1.5707718133610662,1.5860846575123801,11.91540056636395,-0.015287735155140102,0.9998831354477972,2.4513433827970483e-05,149552.1688355672,3.1983493041474578
onset,onset_05,24,1.5707811766596085,1.5860846575123801,11.91540056636395,-0.015287735157978896,0.9998831356334664,1.515013528755952e-05,149552.1688355672,3.1983493041971474
onset,onset_05,25,1.5707869634963543,1.5860846575123801,11.91540056636395,-0.015287735159063221,0.9998831357043858,9.363298542210877e-06,149552.1688355672,3.1983493042161215
onset,onset_05,26,1.5707905399581508,1.5860846575123801,11.91540056636395,-0.015287735159477393,0.9998831357314746,5.786836745820325e-06,149552.1688355672,3.198349304223372
onset,onset_05,27,1.5707905399581508,-0.7416294238611401,11.91540056636395,0.7373688780659734,-0.6754902942502136,5.786836745820325e-06,149552.1688355672,3.118356980533913
onset,onset_05,28,1.5707905399581508,0.7416294238611396,11.91540056636395,0.7373688780659737,0.6754902942502132,5.786836745820325e-06,149552.1688355672,3.123714875492472
onset,onset_05,29,1.5707905399581508,1.658333805867513,11.91540056636395,-0.08742572471549617,0.9961710408481481,5.786836745820325e-06,149552.1688355672,3.195821896194396
onset,onset_05,30,1.5707905399581508,2.2248882715834193,11.91540056636395,-0.6084388609686737,0.7936007512784092,5.786836745820325e-06,149552.1688355672,3.1234846141045014
onset,onset_05,31,1.5707905399581508,1.4827008771110006,11.91540056636395,0.08798154524207816,0.996122104796058,5.786836745820325e-06,149552.1688355672,3.196346450136882
onset,onset_05,32,1.5707905399581508,1.5569629063438095,11.91540056636395,0.013832979253068601,0.9999043197483931,5.786836745820326e-06,149552.1688355672,3.198452871620572
onset,onset_05,33,1.5707905399581508,1.5656888548002426,11.91540056636395,0.0051074497887817795,0.9999869568765223,5.786836745820325e-06,149552.1688355672,3.1984774803278904
onset,onset_05,34,1.5707905399581508,1.5659069115105353,11.91540056636395,0.004889395802931299,0.9999880468161582,5.786836745820325e-06,149552.1688355672,3.1984774859890805
onset,onset_05,35,1.5707905399581508,1.5658394340833173,11.91540056636395,0.0049568724123968165,0.9999877146157345,5.786836745820325e-06,149552.1688355672,3.1984774874133604
onset,onset_05,36,1.5707905399581508,1.5658361004496988,11.91540056636395,0.0049602060050327815,0.9999876980857816,5.786836745820325e-06,149552.1688355672,3.1984774874099364
onset,onset_05,37,1.5707905399581508,1.5658427677169358,11.91540056636395,0.004953538819705764,0.9999877311345746,5.786836745820325e-06,149552.1688355672,3.19847748740984
onset,onset_05,38,1.5707905399581508,1.5658394340833173,8.342310205260866,0.0049568724123968165,0.9999877146157345,5.786836745820325e-06,4197.776273049276,3.186668786511074
onset,onset_05,39,1.5707905399581508,1.5658394340833173,9.973010023033673,0.0049568724123968165,0.9999877146157345,5.786836745820325e-06,21439.92298441949,3.1981760631176015
onset,onset_05,40,1.5707905399581508,1.5658394340833173,10.980837935865528,0.0049568724123968165,0.9999877146157345,5.786836745820325e-06,58737.752128584805,3.198608935500594
onset,onset_05,41,1.5707905399581508,1.5658394340833173,10.562426532627983,0.0049568724123968165,0.9999877146157345,5.786836745820325e-06,38654.811397821686,3.1985023282235296
onset,onset_05,42,1.5707905399581508,1.5658394340833173,11.201400045965912,0.0049568724123968165,0.9999877146157345,5.786836745820325e-06,73232.89951948888,3.1986344458547227
onset,onset_05,43,1.5707905399581508,1.5658394340833173,11.356712761760818,0.0049568724123968165,0.9999877146157345,5.786836745820325e-06,85537.72295378985,3.1986073961238097
onset,onset_05,44,1.5707905399581508,1.5658394340833173,11.166119635982144,0.0049568724123968165,0.9999877146157345,5.786836745820325e-06,70694.25826885489,3.198626212286456
onset,onset_05,45,1.5707905399581508,1.5658394340833173,11.260724224514512,0.0049568724123968165,0.9999877146157345,5.786836745820325e-06,77708.83407209182,3.1986088048302426
onset,onset_05,46,1.5707905399581508,1.5658394340833173,11.224059865816809,0.0049568724123968165,0.9999877146157345,5.786836745820325e-06,74911.28800424015,3.1986010214169243
onset,onset_05,47,1.5707905399581508,1.5658394340833173,11.187924128489144,0.0049568724123968165,0.9999877146157345,5.786836745820325e-06,72252.6387998576,3.198649805405695
onset,onset_05,48,1.5707905399581508,1.5658394340833173,11.185612739257246,0.0049568724123968165,0.9999877146157345,5.786836745820325e-06,72085.82768553213,3.1986514400668837
onset,onset_05,49,1.5707905399581508,1.5658394340833173,11.178167036352368,0.0049568724123968165,0.9999877146157345,5.786836745820325e-06,71551.0912436855,3.1986505227314868
onset,onset_05,50,1.5707905399581508,1.5658394340833173,11.182613678848332,0.0049568724123968165,0.9999877146157345,5.786836745820325e-06,71869.96179290075,3.198652459171202
onset,onset_05,51,1.5707905399581508,1.5658394340833173,11.182481494627089,0.0049568724123968165,0.9999877146157345,5.786836745820325e-06,71860.4623458227,3.198652466532367
onset,onset_05,52,1.5707905399581508,1.5658394340833173,11.182240717482317,0.0049568724123968165,0.9999877146157345,5.786836745820325e-06,71843.162071716,3.1986524706792574
onset,onset_05,53,1.5707905399581508,1.5658394340833173,11.182277609791347,0.0049568724123968165,0.9999877146157345,5.786836745820325e-06,71845.81258074424,3.1986524708280433
onset,onset_05,54,1.5707905399581508,1.5658394340833173,11.182280953998651,0.0049568724123968165,0.9999877146157345,5.786836745820325e-06,71846.05284843718,3.1986524708274144
onset,onset_05,55,1.5707905399581508,1.5658394340833173,11.182274265584043,0.0049568724123968165,0.9999877146157345,5.786836745820325e-06,71845.57231385479,3.198652470826329
onset,onset_05,56,1.5707963267948966,1.5658384539787977,11.182242118104847,0.0049578525049560306,0.9999877097737447,6.123233995736766e-17,71843.26269693789,3.198652470715382
onset,onset_05,57,1.426767633311545,1.5902322946236254,12.065595400836427,-0.019233512664008707,0.989458868670212,0.14353124816731547,173788.68755637013,3.1954608937270286
onset,onset_05,58,1.481781698866945,1.5809146766134499,11.72818447090676,-0.010078117412467112,0.9959898259020022,0.08889712171448451,124018.30701489399,3.197421745178984
onset,onset_05,59,1.5157822612394969,1.5751560719889732,11.519653048034515,-0.0043531355798028986,0.9984776186272561,0.05498631930823893,100675.026408552,3.1981638063321016
onset,onset_05,60,1.5367957644223447,1.5715970586032744,11.390773540977092,-0.000800268929150096,0.9994217161609695,0.033994011759478,88501.39034424588,3.198443294784371
onset,onset_05,61,1.5497828236120488,1.5693974673644966,11.311121625162272,0.0013985501403467264,0.999778246278424,0.02101195673762447,81725.52251616724,3.1985702454395377
onset,onset_05,62,1.5578092676051924,1.5680380452175755,11.261894033919667,0.002758045472334793,0.9999118655966857,0.012986694118526541,77799.79178827633,3.1985857784503486
onset,onset_05,63,1.556389558432682,1.5682784984111624,11.27060135971518,0.0025175644343487106,0.9998930549083578,0.014406270001312931,78480.17779475276,3.1985819833879954
onset,onset_05,64,1.5627698828017529,1.567197876125719,11.231469709347452,0.0035983269911515816,0.9999613140632758,0.008026357811080008,75468.43054737177,3.198604078399836
onset,onset_05,65,1.5658357115983363,1.5666786230706544,11.212666442677063,0.0041176414246071455,0.9999792185479736,0.004960594851694293,74062.6357096924,3.198606577018781
onset,onset_05,66,1.5654408166485876,1.566745505608034,11.215088402786249,0.004050752016954355,0.9999774548425471,0.005355484545678254,74242.22985610165,3.1986010364137365
onset,onset_05,67,1.567730497998313,1.5663577070338623,11.201045384775236,0.004438584326696833,0.9999854497403519,0.0030658239938085026,73206.93125738826,3.19863367270012
onset,onset_05,68,1.5689015403949198,1.5661593700155898,11.193863176006676,0.004636931838700794,0.9999874542472612,0.0018947852661951028,72683.0274391819,3.198643542561186
onset,onset_05,69,1.5696252843982899,1.5660367909970703,11.189424326873407,0.004759514564616792,0.9999879877685739,0.0011710421289571782,72361.11343823819,3.198648300665976
onset,onset_05,70,1.5700725827915265,1.5659610329973175,11.186680967238116,0.0048352736896482545,0.9999880480901036,0.0007237439401866148,72162.87292730508,3.198650678680647
onset,onset_05,71,1.57034902840166,1.5659142119785505,11.18498547774014,0.004882094933736731,0.9999879824643988,0.0004472983783211105,72040.62519826871,3.1986517439967126
onset,onset_05,72,1.5705198811847632,1.5658852749975647,11.183937607602823,0.004911031868556893,0.9999879025987328,0.00027644560661236776,71965.17551608809,3.198652186456103
onset,onset_05,73,1.5706254740117933,1.5658673909597836,11.183289988242166,0.004928915805601371,0.9999878382251997,0.0001708527822720913,71918.58456336064,3.1986523624111354
onset,onset_05,74,1.5706907339678662,1.5658563380165789,11.182889737465507,0.00493996865864192,0.9999877927053943,0.0001055928268342136,71889.80485396767,3.1986524305063204
onset,onset_05,75,1.5707310668388237,1.5658495069220026,11.182642368881506,0.0049467996867578025,0.9999877623821191,6.525995602661077e-05,71872.02377406783,3.1986524562984573
onset,onset_05,76,1.5707559939239393,1.5658452850733742,11.182489486688846,0.0049510214901926485,0.9999877428046122,4.03328709464086e-05,71861.03666137066,3.19865246584218
onset,onset_05,77,1.570771399709781,1.5658426758274264,11.182395000297507,0.004953630706631648,0.9999877303854597,2.4927085113068954e-05,71854.24709210468,3.1986524692575107
onset,onset_05,78,1.5707914352979653,1.5658392824414726,11.182272118514955,0.004957024052402114,0.9999877138688341,4.891496931322496e-06,71845.41805661298,3.198652470828512
onset,onset_05,79,1.5707910368513218,1.565839349925553,11.182274562258225,0.004956956569140842,0.9999877142013237,5.289943574774337e-06,71845.59362858436,3.198652470829116
onset,onset_05,80,1.5707906384046844,1.5658394174096324,11.18227700600146,0.00495688908587965,0.9999877145336499,5.688390212230134e-06,71845.76920098225,3.1986524708284145
onset,onset_05,81,1.5707910368513218,1.565839349925553,8.342310205260866,0.004956956569140842,0.9999877142013237,5.289943574774337e-06,4197.776273049276,3.186668786597375
onset,onset_05,82,1.5707910368513218,1.565839349925553,9.973010023033673,0.004956956569140842,0.9999877142013237,5.289943574774337e-06,21439.92298441949,3.198176063124154
onset,onset_05,83,1.5707910368513218,1.565839349925553,10.980837935865528,0.004956956569140842,0.9999877142013237,5.289943574774337e-06,58737.752128584805,3.1986089355037173
onset,onset_05,84,1.5707910368513218,1.565839349925553,10.56242653253768,0.004956956569140842,0.9999877142013237,5.289943574774337e-06,38654.811394331045,3.198502328227682
onset,onset_05,85,1.5707910368513218,1.565839349925553,11.201400043799461,0.004956956569140842,0.9999877142013237,5.289943574774337e-06,73232.89936083346,3.198634445860918
onset,onset_05,86,1.5707910368513218,1.565839349925553,11.35671282796695,0.004956956569140842,0.9999877142013237,5.289943574774337e-06,85537.72861691183,3.1986073960368278
onset,onset_05,87,1.5707910368513218,1.565839349925553,11.166119518569884,0.004956956569140842,0.9999877142013237,5.289943574774337e-06,70694.24996848278,3.198626212021878
onset,onset_05,88,1.5707910368513218,1.565839349925553,11.260724248464065,0.004956956569140842,0.9999877142013237,5.289943574774337e-06,77708.83593318373,3.1986088048478987
onset,onset_05,89,1.5707910368513218,1.565839349925553,11.224059873625785,0.004956956569140842,0.9999877142013237,5.289943574774337e-06,74911.28858922064,3.1986010214276726
onset,onset_05,90,1.5707910368513218,1.565839349925553,11.187924082302711,0.004956956569140842,0.9999877142013237,5.289943574774337e-06,72252.63546276606,3.1986498054460544
onset,onset_05,91,1.5707910368513218,1.565839349925553,11.185612732678518,0.004956956569140842,0.9999877142013237,5.289943574774337e-06,72085.82721129904,3.1986514400732005
onset,onset_05,92,1.5707910368513218,1.565839349925553,11.178166987438999,0.004956956569140842,0.9999877142013237,5.289943574774337e-06,71551.08774388063,3.1986505226862736
onset,onset_05,93,1.5707910368513218,1.565839349925553,11.182613684699566,0.004956956569140842,0.9999877142013237,5.289943574774337e-06,71869.96221342873,3.1986524591733345
onset,onset_05,94,1.5707910368513218,1.565839349925553,11.18248149607122,0.004956956569140842,0.9999877142013237,5.289943574774337e-06,71860.4624495987,3.1986524665348433
onset,onset_05,95,1.5707910368513218,1.565839349925553,11.182240717029618,0.004956956569140842,0.9999877142013237,5.289943574774337e-06,71843.16203919266,3.1986524706817945
onset,onset_05,96,1.5707910368513218,1.565839349925553,11.182277609668766,0.004956956569140842,0.9999877142013237,5.289943574774337e-06,71845.8125719373,3.1986524708305786
onset,onset_05,97,1.5707910368513218,1.565839349925553,11.182280943002146,0.004956956569140842,0.9999877142013237,5.289943574774337e-06,71846.0520583817,3.1986524708299577
onset,onset_05,98,1.5707910368513218,1.565839349925553,11.182274276335388,0.004956956569140842,0.9999877142013237,5.289943574774337e-06,71845.57308629132,3.1986524708288724
onset,onset_05,99,1.5707910368513218,-0.7416294238611401,11.182277609668766,0.7373688780680027,-0.6754902942520725,5.289943574774337e-06,71845.8125719373,3.119671108141131
onset,onset_05,100,1.5707910368513218,0.7416294238611396,11.182277609668766,0.737368878068003,0.6754902942520722,5.289943574774337e-06,71845.8125719373,3.1250272191108106
onset,onset_05,101,1.5707910368513218,1.658333805867513,11.182277609668766,-0.08742572471573677,0.9961710408508897,5.289943574774337e-06,71845.8125719373,3.1960135900802102
onset,onset_05,102,1.5707910368513218,2.2248882715834193,11.182277609668766,-0.6084388609703482,0.7936007512805933,5.289943574774337e-06,71845.8125719373,3.1244368580094353
onset,onset_05,103,1.5707910368513218,1.4818102750902995,11.182277609668766,0.0888686585921973,0.9960433532191458,5.289943574774337e-06,71845.8125719373,3.1964932882633743
onset,onset_05,104,1.5707910368513218,1.5575247976528022,11.182277609668766,0.013271139551891565,0.9999119345357425,5.289943574774337e-06,71845.8125719373,3.1986312026439485
onset,onset_05,105,1.5707910368513218,1.5656469907003052,11.182277609668766,0.00514931333820677,0.999986742184196,5.289943574774337e-06,71845.8125719373,3.1986524634837883
onset,onset_05,106,1.5707910368513218,1.5658689230106344,11.182277609668766,0.00492738384522508,0.9999878603565437,5.289943574774337e-06,71845.8125719373,3.1986524699228736
onset,onset_05,107,1.5707910368513218,1.5658047183038502,11.182277609668766,0.004991587762387034,0.9999875419342118,5.289943574774337e-06,71845.8125719373,3.19865247120338
onset,onset_05,108,1.5707910368513218,1.5658013849700032,11.182277609668766,0.004994921054679349,0.9999875252900279,5.289943574774337e-06,71845.8125719373,3.19865247119998
onset,onset_05,109,1.5707910368513218,1.565808051637697,11.182277609668766,0.004988254470039258,0.9999875585672848,5.289943574774337e-06,71845.8125719373,3.198652471199875
onset,onset_05,110,1.4267679403960614,1.590197610991656,12.065596564843675,-0.0191991954802781,0.9894595792310319,0.1435309442624114,173788.8898477798,3.195461424161815
onset,onset_05,111,1.4817818886556133,1.5808800128476346,11.72818635431005,-0.010043592818465253,0.9959901915199156,0.08889693267722334,124018.54059160153,3.197422074127354
onset,onset_05,112,1.5157823785353446,1.5751214205011164,11.519655376049013,-0.004318536870014446,0.9984777753200317,0.05498620218984681,100675.26078174583,3.19816400469495
onset,onset_05,113,1.5367958369151653,1.5715624147036131,11.390776143776426,-0.0007656450649107254,0.9994217457499717,0.033993939308555474,88501.62069590554,3.1984434237663506
onset,onset_05,114,1.5497828684150758,1.5693628281545982,11.311124397787975,0.001433181669374978,0.9997781981753452,0.02101191194448879,81725.74911076564,3.1985703201300737
onset,onset_05,115,1.557809295294986,1.56800340890611,11.26189691150384,0.0027926787304927815,0.9999117698279766,0.012986666431068066,77800.01566404793,3.19858582805609
onset,onset_05,116,1.556385749342014,1.568244511927234,11.270627768948037,0.0025515471420803687,0.9998929138858521,0.014410078696585385,78482.25042341098,3.198582013216568
onset,onset_05,117,1.5627698999149864,1.5671632416055832,11.231472651799525,0.003632960169752501,0.9999611889745513,0.008026340698397758,75468.65260993832,3.1986041133665943
onset,onset_05,118,1.5658357221748962,1.5666439896576216,11.212669425219703,0.004152274115648746,0.9999790753927387,0.004960584275264574,74062.85660499083,3.1986065889054975
onset,onset_05,119,1.5654285233016638,1.5667129560849642,11.215166847453393,0.004083300534894423,0.9999772565509351,0.005367777715901705,74248.05399154396,3.1986008961808943
onset,onset_05,120,1.5677305045349865,1.5663230743050567,11.201048392095208,0.004473216549008144,0.9999852954404006,0.0030658174571657976,73207.15141438575,3.1986336795855155
onset,onset_05,121,1.5689015444348062,1.5661247377096599,11.193866198639883,0.004671563707390449,0.999987293067583,0.0018947812263159294,72683.24713364623,3.1986435466216543
onset,onset_05,122,1.569625286895077,1.5660021589524917,11.189427358970715,0.004794146190340064,0.9999878223400951,0.0011710396321716692,72361.33284450803,3.1986483025057715
onset,onset_05,123,1.5700725843346257,1.565926401114263,11.186684005184556,0.004869905155884406,0.999987880036911,0.0007237423970878151,72163.092154581,3.1986506795319056
onset,onset_05,124,1.5703490293553477,1.5658795801953236,11.184988519301546,0.004916726297842458,0.999987812789499,0.00044729742463341056,72040.84431458723,3.198651744495247
onset,onset_05,125,1.5705198817741746,1.5658506432760344,11.1839406513984,0.004945663168182193,0.9999877319217368,0.00027644501720098174,71965.39456370435,3.198652186844492
onset,onset_05,126,1.5706254743760697,1.565832759276384,11.183293033418535,0.004963547064855723,0.9999876669289408,0.00017085241799570978,71918.80356846828,3.1986523627716266
onset,onset_05,127,1.5706907341930014,1.5658217063567454,11.182892783495253,0.0049745998927472794,0.9999876210264353,0.00010559260169897109,71890.02383278524,3.1986524308641746
onset,onset_05,128,1.5707310669779648,1.5658148752767336,11.18264541543867,0.004981430905244677,0.9999875904666481,6.525981688546802e-05,71872.24273663021,3.1986524566600174
onset,onset_05,129,1.5707559940099332,1.5658106534371066,11.18249253357197,0.004985652698997609,0.9999875707429725,4.033278495252999e-05,71861.25561388413,3.1986524662079856
onset,onset_05,130,1.5707713997629282,1.565808044196722,11.182398047382087,0.004988261909441899,0.9999875582334842,2.49270319658046e-05,71854.46603840652,3.198652469626689
onset,onset_05,131,1.5707914710799171,1.565804644759455,11.182274946468498,0.004991661305877036,0.9999875415693085,4.855714979476974e-06,71845.62123240477,3.198652471202785
onset,onset_05,132,1.5707911498561082,1.5658046991644643,11.182276916590556,0.004991606901537399,0.9999875418392671,5.176938788358592e-06,71845.7627771874,3.1986524712033684
onset,onset_05,133,1.5707910871839261,1.5658047097791215,11.18227730097006,0.004991596287010856,0.9999875418919248,5.239610970468389e-06,71845.79039323138,3.1986524712033866
onset,onset_05,134,1.57079108197839,1.5658047106607724,11.182277332896529,0.004991595405370729,0.9999875418962985,5.244816506692612e-06,71845.79268701377,3.1986524712033884
onset,onset_05,135,1.5707835640410575,1.5658059839582024,11.182323441727078,0.0049903221234618225,0.9999875481835843,1.27627538388165e-05,71849.10548886858,3.19865247097265
onset,onset_05,136,1.5707882103818542,1.565805197017113,11.182294944902617,0.004991109054992932,0.9999875443046904,8.11641304229714e-06,71847.05804669473,3.1986524711696243
onset,onset_05,137,1.5707899851261153,1.5658048964323639,11.182284060084244,0.004991409636061843,0.9999875428172235,6.341668781236616e-06,71846.27600877344,3.198652471198439
onset,onset_05,138,1.5707906630181017,1.5658047816192062,11.182279902453587,0.004991524447809522,0.9999875422482065,5.663776794926221e-06,71845.97729911463,3.1986524712026534
onset,onset_05,139,1.5707909219497997,1.5658047377644824,11.182278314379989,0.004991568301994192,0.9999875420307367,5.404845096847412e-06,71845.86320250557,3.198652471203277
onset,onset_05,140,1.5707910208529077,1.5658047210134682,11.18227770778985,0.004991585052802282,0.9999875419476523,5.3059419889231225e-06,71845.8196215267,3.198652471203373
onset,onset_05,141,1.5707910655769095,1.565804713438657,11.18227743348969,0.0049915926275203165,0.9999875419100783,5.261217987088442e-06,71845.79991420949,3.1986524712033835
onset,onset_05,142,1.5707910788125208,1.565804711196969,11.182277352313362,0.004991594869180683,0.9999875418989582,5.247982375814981e-06,71845.79408203153,3.1986524712033853
onset,onset_05,143,1.5707910835016643,1.5658047104027786,11.18227732355402,0.004991595663361403,0.9999875418950185,5.243293232297123e-06,71845.79201579382,3.1986524712033875
onset,onset_05,144,1.5707910807691354,1.5658047108655813,11.182277340313098,0.004991595200564412,0.9999875418973143,5.246025761166927e-06,71845.79321986304,3.1986524712033853
onset,onset_05,145,1.570791082560229,1.5658047105622275,11.182277329328008,0.004991595503914466,0.9999875418958095,5.244234667671213e-06,71845.79243063052,3.1986524712033817
onset,onset_05,146,1.5707910815164958,1.5658047107390023,11.182277335729406,0.004991595327141825,0.9999875418966865,5.245278400771146e-06,71845.79289054408,3.1986524712033897
onset,onset_05,147,1.5707910812310295,1.5658047107873512,11.18227733748022,0.004991595278793538,0.9999875418969263,5.2455638670883935e-06,71845.79301633274,3.1986524712033875
onset,onset_05,148,1.5707910816463588,1.5658047107170079,11.182277334932934,0.00499159534913596,0.9999875418965773,5.245148537761913e-06,71845.7928333209,3.1986524712033884
onset,onset_05,149,1.5707910814074575,1.56580471075747,11.182277336398158,0.00499159530867438,0.9999875418967781,5.245387439105062e-06,71845.79293859111,3.1986524712033866
onset,onset_05,150,1.570791081566099,1.5658047107306012,11.182277335425182,0.004991595335542778,0.9999875418966447,5.245228797560718e-06,71845.79286868685,3.1986524712033897
onset,onset_05,151,1.5707910815412975,1.5658047107348019,11.182277335577293,0.0049915953313421895,0.9999875418966656,5.24525359905491e-06,71845.7928796154,3.198652471203386
onset,onset_05,152,1.5707910815967556,1.565804710725409,11.18227733523716,0.004991595340735006,0.9999875418966191,5.24519814097234e-06,71845.79285517825,3.1986524712033866
onset,onset_05,153,1.5707910815778088,1.565804710728618,11.182277335353364,0.004991595335542778,0.9999875418966447,5.245228797560718e-06,71845.79286868685,3.1986524712033897
onset,onset_05,154,1.5707910815850459,1.5658047107273922,11.182277335308978,0.004991595338751728,0.9999875418966289,5.245209850716626e-06,71845.79286033809,3.1986524712033875
onset,onset_05,155,1.5707910815733361,1.5658047107293755,11.182277335380794,0.004991595335542778,0.9999875418966447,5.245228797560718e-06,71845.79286868685,3.1986524712033897
onset,onset_05,156,1.5707910815705717,1.5658047107298436,11.18227733539775,0.004991595335542778,0.9999875418966447,5.245228797560718e-06,71845.79286868685,3.1986524712033897
onset,onset_05,157,1.5707910815688633,1.565804710730133,11.182277335408227,0.004991595335542778,0.9999875418966447,5.245228797560718e-06,71845.79286868685,3.1986524712033897
onset,onset_06,0,1.44818332537386,0.011371420225296358,8.419136727100156,0.9924282701971613,0.011285805360882561,0.12230600602924822,4532.988559444575,3.18681009028054
onset,onset_06,1,0.5999908074321633,0.011371420225296358,8.419136727100156,0.5645983805687854,0.006420562192271008,0.8253408053890466,4532.988559444575,3.1244745529852214
onset,onset_06,2,0.9708055193627332,0.011371420225296358,8.419136727100156,0.8252874438852752,0.00938509486093048,0.5646348864175504,4532.988559444575,3.155722762679594
onset,onset_06,3,1.1999816148643265,0.011371420225296358,8.419136727100156,0.9319721642799856,0.010598303941638835,0.36237489008048024,4532.988559444575,3.1743245022217152
onset,onset_06,4,1.3416202312933032,0.011371420225296358,8.419136727100156,0.9737909327652469,0.011073863229629196,0.22717523812546522,4532.988559444575,3.182796004383205
onset,onset_06,5,1.4291577103659199,0.011371420225296358,8.419136727100156,0.9899220028197985,0.011257304312844472,0.1411655107767015,4532.988559444575,3.186261398324452
onset,onset_06,6,1.4832588477222797,0.011371420225296358,8.419136727100156,0.9961066345197072,0.011327635390354031,0.08742572471696057,4532.988559444575,3.187620467340444
onset,onset_06,7,1.5166951894385368,0.011371420225296358,8.419136727100156,0.9984723310827401,0.011354537879687586,0.054074749483818095,4532.988559444575,3.188144863151029
onset,onset_06,8,1.5373599850786395,0.011371420225296358,8.419136727100156,0.9993764398390498,0.011364819323450523,0.03343011182110185,4532.988559444575,3.1883459408793726
onset,onset_06,9,1.5501315311547939,0.011371420225296358,8.419136727100156,0.9997218506106506,0.011368747303794195,0.020663324910543797,4532.988559444575,3.1884228593621744
onset,onset_06,10,1.5580247807187424,0.011371420225296358,8.419136727100156,0.9998537962845594,0.011370247778174726,0.012771198879420182,4532.988559444575,3.188452256205833
onset,onset_06,11,1.562903077230948,0.011371420225296358,8.419136727100156,0.9999041965791962,0.011370820925809152,0.00789316760150468,4532.988559444575,3.1884634872236175
onset,onset_06,12,1.565918030282691,0.011371420225296358,8.419136727100156,0.9999234480022046,0.011371039851266555,0.0048782771634600566,4532.988559444575,3.188467777444202
onset,onset_06,13,1.5677813737431534,0.011371420225296358,8.419136727100156,0.9999308014240703,0.011371123473721101,0.003014948484120609,4532.988559444575,3.1884694162142364
onset,onset_06,14,1.568932983334434,0.011371420225296358,8.419136727100156,0.999933610186047,0.011371155414710616,0.0018633423821927913,4532.988559444575,3.1884700421762133
onset,onset_06,15,1.5696447172036159,0.011371420225296358,8.419136727100156,0.9999346830383498,0.011371167615090869,0.0011516093367357678,4532.988559444575,3.1884702812735073
onset,onset_06,16,1.5700845929257148,0.011371420225296358,8.419136727100156,0.9999350928315658,0.011371172275222602,0.0007117338090919139,4532.988559444575,3.188470372600709
onset,onset_06,17,1.5703564510727976,0.011371420225296358,8.419136727100156,0.9999352493586608,0.0113711740552347,0.0004398757079136694,4532.988559444575,3.1884704074846204
onset,onset_06,18,1.5705244686478135,0.011371420225296358,8.419136727100156,0.999935309146693,0.011371174735138845,0.00027185814373444626,4532.988559444575,3.1884704208090913
onset,onset_06,19,1.5706283092198807,0.011371420225296358,8.419136727100156,0.9999353319836896,0.011371174994839124,0.00016801757422537421,4532.988559444575,3.1884704258985854
onset,onset_06,20,1.5706924862228295,0.011371420225296358,8.419136727100156,0.9999353407066461,0.011371175094035804,0.00010384057188047133,4532.988559444575,3.1884704278426015
onset,onset_06,21,1.5707321497919478,0.011371420225296358,8.419136727100156,0.999935344038519,0.011371175131925565,6.417700290481352e-05,4532.988559444575,3.18847042858515
onset,onset_06,22,1.5707566632257781,0.011371420225296358,8.419136727100156,0.9999353453111812,0.011371175146398165,3.966356910810361e-05,4532.988559444575,3.1884704288687775
onset,onset_06,23,1.5707718133610662,0.011371420225296358,8.419136727100156,0.9999353457972949,0.011371175151926207,2.4513433827970483e-05,4532.988559444575,3.1884704289771126
onset,onset_06,24,1.5707811766596085,0.011371420225296358,8.419136727100156,0.9999353459829738,0.01137117515403773,1.515013528755952e-05,4532.988559444575,3.188470429018493
onset,onset_06,25,1.5707869634963543,0.011371420225296358,8.419136727100156,0.9999353460538969,0.01137117515484426,9.363298542210875e-06,4532.988559444575,3.188470429034299
onset,onset_06,26,1.5707905399581508,0.011371420225296358,8.419136727100156,0.9999353460809871,0.011371175155152327,5.786836745820325e-06,4532.988559444575,3.188470429040338
onset,onset_06,27,1.5707905399581508,-0.7416294238611401,8.419136727100156,0.7373688780659734,-0.6754902942502136,5.786836745820325e-06,4532.988559444575,3.1199953267700873
onset,onset_06,28,1.5707905399581508,0.7416294238611396,8.419136727100156,0.7373688780659737,0.6754902942502132,5.786836745820325e-06,4532.988559444575,3.1252832329915963
onset,onset_06,29,1.5707905399581508,1.658333805867513,8.419136727100156,-0.08742572471549617,0.9961710408481481,5.786836745820325e-06,4532.988559444575,3.1861658050468544
onset,onset_06,30,1.5707905399581508,2.2248882715834193,8.419136727100156,-0.6084388609686737,0.7936007512784092,5.786836745820325e-06,4532.988559444575,3.1241222653410357
onset,onset_06,31,1.5707905399581508,1.479959236237892,8.419136727100156,0.09071222023728046,0.9958771475770171,5.786836745820325e-06,4532.988559444575,3.186632464714957
onset,onset_06,32,1.5707905399581508,1.555155646873145,8.419136727100156,0.015640042230437877,0.9998776870425417,5.786836745820326e-06,4532.988559444575,3.18845066560809
onset,onset_06,33,1.5707905399581508,1.5641096287587664,8.419136727100156,0.00668664820693325,0.9999776441012416,5.786836745820326e-06,4532.988559444575,3.1884724722253104
onset,onset_06,34,1.5707905399581508,1.5643452299014922,8.419136727100156,0.006451052147881417,0.9999791917298569,5.786836745820326e-06,4532.988559444575,3.1884724782389466
onset,onset_06,35,1.5707905399581508,1.5642760957263318,8.419136727100156,0.006520184869007653,0.9999787433519708,5.786836745820326e-06,4532.988559444575,3.1884724794941515
onset,onset_06,36,1.5707905399581508,1.5642727393596998,8.419136727100156,0.006523541164257773,0.9999787214622073,5.786836745820325e-06,4532.988559444575,3.188472479491244
onset,onset_06,37,1.5707905399581508,1.5642794520929637,8.419136727100156,0.006516828573684082,0.9999787652304692,5.786836745820326e-06,4532.988559444575,3.188472479491143
onset,onset_06,38,1.5707905399581508,1.5642760957263318,8.342310205260866,0.006520184869007653,0.9999787433519708,5.786836745820326e-06,4197.776273049276,3.186669758274966
onset,onset_06,39,1.5707905399581508,1.5642760957263318,9.973010023033673,0.006520184869007653,0.9999787433519708,5.786836745820326e-06,21439.92298441949,3.198175420273448
onset,onset_06,40,1.5707905399581508,1.5642760957263318,10.980837935865528,0.006520184869007653,0.9999787433519708,5.786836745820326e-06,58737.752128584805,3.198608222596283
onset,onset_06,41,1.5707905399581508,1.5642760957263318,10.562424571491404,0.006520184869007653,0.9999787433519708,5.786836745820326e-06,38654.73559053142,3.198501636383867
onset,onset_06,42,1.5707905399581508,1.5642760957263318,11.20135491961211,0.006520184869007653,0.9999787433519708,5.786836745820326e-06,73229.59486031937,3.198633796761188
onset,onset_06,43,1.5707905399581508,1.5642760957263318,11.358090674149475,0.006520184869007653,0.9999787433519708,5.786836745820326e-06,85655.66768203524,3.1986048127926714
onset,onset_06,44,1.5707905399581508,1.5642760957263318,11.163798225091368,0.006520184869007653,0.9999787433519708,5.786836745820326e-06,70530.33818434202,3.1986205747457785
onset,onset_06,45,1.5707905399581508,1.5642760957263318,11.261222650593023,0.006520184869007653,0.9999787433519708,5.786836745820326e-06,77747.57583567468,3.19860839525085
onset,onset_06,46,1.5707905399581508,1.5642760957263318,11.204666349679858,0.006520184869007653,0.9999787433519708,5.786836745820326e-06,73472.49148822912,3.1986277911158694
onset,onset_06,47,1.5707905399581508,1.5642760957263318,11.185898373329959,0.006520184869007653,0.9999787433519708,5.786836745820326e-06,72106.42079498565,3.198650545521903
onset,onset_06,48,1.5707905399581508,1.5642760957263318,11.177456867859227,0.006520184869007653,0.9999787433519708,5.786836745820326e-06,71500.29595177718,3.1986490417342486
onset,onset_06,49,1.5707905399581508,1.5642760957263318,11.18336466867538,0.006520184869007653,0.9999787433519708,5.786836745820326e-06,71923.9556749679,3.1986516266403022
onset,onset_06,50,1.5707905399581508,1.5642760957263318,11.182547630553199,0.006520184869007653,0.9999787433519708,5.786836745820326e-06,71865.21506121151,3.1986517384422526
onset,onset_06,51,1.5707905399581508,1.5642760957263318,11.182165225275064,0.006520184869007653,0.9999787433519708,5.786836745820326e-06,71837.73867754971,3.198651744645282
onset,onset_06,52,1.5707905399581508,1.5642760957263318,11.182275774804923,0.006520184869007653,0.9999787433519708,5.786836745820326e-06,71845.68074477448,3.198651745986207
onset,onset_06,53,1.5707905399581508,1.5642760957263318,11.182279149122232,0.006520184869007653,0.9999787433519708,5.786836745820326e-06,71845.92317530762,3.1986517459867123
onset,onset_06,54,1.5707905399581508,1.5642760957263318,11.182282523439591,0.006520184869007653,0.9999787433519708,5.786836745820326e-06,71846.16560666237,3.198651745984825
onset,onset_06,55,1.5707963267948966,1.564349389992655,11.182409564401267,0.0064468921433349655,0.9999792185749123,6.123233995736766e-17,71855.29359243553,3.198651812066019
onset,onset_06,56,1.420552424182706,-0.33859294193343614,7.796431811252894,0.9325971839815201,-0.3284183338571737,0.14967929187505122,2431.9089674855145,3.139384793445804
onset,onset_06,57,1.4779404883781337,0.3882663502313466,9.089760227804572,0.9215794353002791,0.376953432201718,0.09272245889191846,8864.06044220445,3.161855373496308
onset,onset_06,58,1.513408262599469,0.8374900978278723,9.88908114784959,0.6682278235009924,0.7417424080313537,0.05735656917019564,19713.937420454906,3.1257198473666308
onset,onset_06,59,1.4621359300960068,0.1880907526226867,8.733580164512759,0.9765693070829342,0.18588088287814192,0.10844669586483624,6207.913725848856,3.1817694108594927
onset,onset_06,60,1.4541757636353356,0.08726977111311718,8.554185552960629,0.9894277848053659,0.08656701314058597,0.11635639600410633,5188.425472481773,3.1868161752243096
onset,onset_06,61,1.4413327907797064,-0.07539531072942274,8.264749378730684,0.9888141892468116,-0.07469353734708872,0.12910218674658344,3884.499317649601,3.180672319864569
onset,onset_06,62,1.452227486011276,0.06259349539937076,8.510278115937705,0.9910343625232403,0.062113445041397035,0.11829121794640632,4965.543893199456,3.1872916019382544
onset,onset_06,63,1.4501015811391378,0.03566744845500991,8.462367575295334,0.9920938375878308,0.03540046885601281,0.1204019278293559,4733.251070485549,3.187306994059386
onset,onset_06,64,1.4467522012620573,-0.00675475066909903,8.386884141003096,0.9922937493685926,-0.006702798809900229,0.1237262601557761,4389.120485474663,3.1860996326060547
onset,onset_06,65,1.45110224433054,0.0483415358143795,8.484919061549176,0.9916853453463559,0.047976970988847845,0.11940848412074517,4841.205609427751,3.1873701611961724
onset,onset_06,66,1.4511066426579151,0.048397243654806577,8.485018184630942,0.9916831956871822,0.048032240971076924,0.11940411726131729,4841.685508431361,3.1873701560552186
onset,onset_06,67,1.451095307673272,0.04825367828054428,8.484762733293705,0.9916887293018536,0.047889803821052325,0.11941537114482433,4840.448851353328,3.1873701643698036
onset,onset_06,68,1.4510948972071895,0.04824847944537969,8.48475348280833,0.9916889293006464,0.047884645830134846,0.11941577867375869,4840.404075059121,3.1873701643682995
onset,onset_06,69,1.4510957181393545,0.048258877115708865,8.48477198377908,0.9916885292760659,0.047894961811176424,0.11941496361586981,4840.4936280617385,3.1873701643501513
onset,onset_06,70,0.5999908074321633,0.04825367828054428,8.484762733293705,0.5639776610907996,0.027235138154800286,0.8253408053890466,4840.448851353328,3.124611430309049
onset,onset_06,71,0.9708055193627332,0.04825367828054428,8.484762733293705,0.8243801228425889,0.03981027634013749,0.5646348864175504,4840.448851353328,3.15596662286959
onset,onset_06,72,1.1999816148643265,0.04825367828054428,8.484762733293705,0.9309475540522227,0.04495654171912965,0.36237489008048024,4840.448851353328,3.174686242468431
onset,onset_06,73,1.3416202312933032,0.04825367828054428,8.484762733293705,0.9727203469820492,0.046973798545145176,0.22717523812546522,4840.448851353328,3.183235260696476
onset,onset_06,74,1.4291577103659199,0.04825367828054428,8.484762733293705,0.9888336825376575,0.04775193028735437,0.1411655107767015,4840.448851353328,3.186737272582487
onset,onset_06,75,1.4832588477222797,0.04825367828054428,8.484762733293705,0.9950115148532739,0.04805026500559051,0.08742572471696057,4840.448851353328,3.188111512715951
onset,onset_06,76,1.5166951894385368,0.04825367828054428,8.484762733293705,0.9973746105694284,0.048164381650171804,0.0540747494838181,4840.448851353328,3.1886418860351937
onset,onset_06,77,1.5373599850786395,0.04825367828054428,8.484762733293705,0.998277725348542,0.04820799411477054,0.03343011182110186,4840.448851353328,3.1888452741872038
onset,onset_06,78,1.5501315311547939,0.04825367828054428,8.484762733293705,0.9986227563755291,0.04822465606494337,0.020663324910543797,4840.448851353328,3.1889230791765772
onset,onset_06,79,1.5580247807187424,0.04825367828054428,8.484762733293705,0.9987545569883598,0.04823102087005354,0.012771198879420183,4840.448851353328,3.188952815221478
onset,onset_06,80,1.562903077230948,0.04825367828054428,8.484762733293705,0.9988049018729109,0.048233452083168406,0.00789316760150468,4840.448851353328,3.188964175888187
onset,onset_06,81,1.565918030282691,0.04825367828054428,8.484762733293705,0.9988241321309043,0.048234380734725614,0.0048782771634600566,4840.448851353328,3.1889685156427507
onset,onset_06,82,1.5677813737431534,0.04825367828054428,8.484762733293705,0.9988314774684178,0.04823473544962972,0.003014948484120609,4840.448851353328,3.188970173334896
onset,onset_06,83,1.568932983334434,0.04825367828054428,8.484762733293705,0.9988342831424414,0.04823487093889627,0.0018633423821927913,4840.448851353328,3.188970806524743
onset,onset_06,84,1.5696447172036159,0.04825367828054428,8.484762733293705,0.9988353548152504,0.04823492269122446,0.0011516093367357678,4840.448851353328,3.1889710483828795
onset,onset_06,85,1.5700845929257148,0.04825367828054428,8.484762733293705,0.9988357641579397,0.04823494245885972,0.0007117338090919139,4840.448851353328,3.188971140764633
onset,onset_06,86,1.5703564510727976,0.04825367828054428,8.484762733293705,0.9988359205129489,0.04823495000942522,0.0004398757079136694,4840.448851353328,3.1889711760513424
onset,onset_06,87,1.5705244686478135,0.04825367828054428,8.484762733293705,0.9988359802352502,0.04823495289348472,0.0002718581437344463,4840.448851353328,3.1889711895296746
onset,onset_06,88,1.5706283092198807,0.04825367828054428,8.484762733293705,0.9988360030471396,0.04823495399509743,0.00016801757422537421,4840.448851353328,3.1889711946779413
onset,onset_06,89,1.5706924862228295,0.04825367828054428,8.484762733293705,0.9988360117605062,0.04823495441587605,0.00010384057188047133,4840.448851353328,3.1889711966444017
onset,onset_06,90,1.5707321497919478,0.04825367828054428,8.484762733293705,0.9988360150887161,0.04823495457659918,6.417700290481352e-05,4840.448851353328,3.18897119739553
onset,onset_06,91,1.5707566632257781,0.04825367828054428,8.484762733293705,0.9988360163599791,0.048234954637989956,3.966356910810361e-05,4840.448851353328,3.1889711976824278
onset,onset_06,92,1.5707718133610662,0.04825367828054428,8.484762733293705,0.9988360168455583,0.04823495466143914,2.4513433827970483e-05,4840.448851353328,3.1889711977920174
onset,onset_06,93,1.5707811766596085,0.04825367828054428,8.484762733293705,0.9988360170310332,0.048234954670395944,1.5150135287559522e-05,4840.448851353328,3.188971197833873
onset,onset_06,94,1.5707869634963543,0.04825367828054428,8.484762733293705,0.9988360171018782,0.048234954673817124,9.363298542210875e-06,4840.448851353328,3.1889711978498645
onset,onset_06,95,1.5707905399581508,0.04825367828054428,8.484762733293705,0.9988360171289387,0.048234954675123905,5.786836745820325e-06,4840.448851353328,3.188971197855968
onset,onset_06,96,1.5707905399581508,-0.7416294238611403,8.484762733293705,0.7373688780659734,-0.6754902942502138,5.786836745820326e-06,4840.448851353328,3.1198361830787578
onset,onset_06,97,1.5707905399581508,0.7416294238611394,8.484762733293705,0.737368878065974,0.6754902942502131,5.786836745820325e-06,4840.448851353328,3.1250688450646242
onset,onset_06,98,1.5707905399581508,1.6583338058675128,8.484762733293705,-0.08742572471549596,0.9961710408481482,5.786836745820326e-06,4840.448851353328,3.1871079257455954
onset,onset_06,99,1.5707905399581508,2.224888271583419,8.484762733293705,-0.6084388609686734,0.7936007512784095,5.786836745820325e-06,4840.448851353328,3.1240196590768554
onset,onset_06,100,1.5707905399581508,1.4803286598223528,8.484762733293705,0.09034431355018804,0.9959105908542483,5.786836745820325e-06,4840.448851353328,3.1875705351023726
onset,onset_06,101,1.5707905399581508,1.5556722536364689,8.484762733293705,0.015123496590763915,0.9998856333688277,5.786836745820326e-06,4840.448851353328,3.1894256874826077
onset,onset_06,102,1.5707905399581508,1.5644306361718354,8.484762733293705,0.006365647631270997,0.9999797390431203,5.786836745820325e-06,4840.448851353328,3.189446998508503
onset,onset_06,103,1.5707905399581508,1.5646626252581728,8.484762733293705,0.006133663076039171,0.9999811888949622,5.786836745820325e-06,4840.448851353328,3.189447004507746
onset,onset_06,104,1.5707905399581508,1.564594918406426,8.484762733293705,0.006201368640034447,0.9999807713118802,5.786836745820325e-06,4840.448851353328,3.189447005736998
onset,onset_06,105,1.5707905399581508,1.5645915625821174,8.484762733293705,0.006204724399780082,0.999980750495546,5.786836745820325e-06,4840.448851353328,3.1894470057340296
onset,onset_06,106,1.5707905399581508,1.5645982742307347,8.484762733293705,0.006198012880218973,0.9999807921169532,5.786836745820325e-06,4840.448851353328,3.1894470057339324
onset,onset_06,107,1.5236599988196438,0.9676542086689505,7.422603397611748,0.5666029518609554,0.8226426359936851,0.04711887506947893,1673.3843265910677,3.122519765468167
onset,onset_06,108,1.494528146026075,0.5986792624349369,6.766072225617193,0.8236792162255501,0.561913679439482,0.07619426236172064,867.8962897067846,3.1105543772531528
onset,onset_06,109,1.541664474001328,1.1956932664387359,7.828361976578185,0.3662129745799582,0.9300750681812138,0.02912773243851276,2510.813232289344,3.141759394236736
onset,onset_06,110,1.5527918516132124,1.3366291549029639,8.079134569606301,0.2319953605586591,0.972550269434947,0.018003502472290368,3226.4397690035994,3.1643332634181123
onset,onset_06,111,1.5596689491830118,1.4237323242085211,8.234120555544623,0.14652539148541294,0.9891443252770485,0.011127147984045321,3767.325286404364,3.17814265289888
onset,onset_06,112,1.5639192292250972,1.477565043367192,8.329907162634418,0.0930940784784639,0.9956335665428548,0.006877043361812376,4146.0326276504065,3.184447310179603
onset,onset_06,113,1.5665460467528112,1.5108354935140784,8.389106541482944,0.05992436892587242,0.9981938715686345,0.004250267245296876,4398.885716054999,3.187130877624445
onset,onset_06,114,1.5681695092671826,1.531397762525863,8.425693769724214,0.03938823645060253,0.9992205295503382,0.002626814506800366,4562.80921946826,3.188305687482943
onset,onset_06,115,1.5691728642805254,1.5441059436609648,8.44830592033147,0.02668717914414221,0.9996425155229786,0.0016234618012301028,4667.159494564476,3.1888504018739416
onset,onset_06,116,1.5697929717815537,1.5519600315376478,8.462280997965484,0.018835171924298632,0.9998220989644294,0.0010033548449930726,4732.841295985207,3.1891194817745787
onset,onset_06,117,1.5701762192938682,1.5568141247960663,8.470918070938724,0.01398174372371455,0.9999020583583078,0.0006201074612864297,4773.896233654451,3.1892604930785446
onset,onset_06,118,1.5704130792825821,1.5598141194143307,8.4762560755995,0.010981985816767409,0.9999396227317287,0.00038324750293269215,4799.447449582653,3.1893381241409835
onset,onset_06,119,1.5705594668061824,1.561668218054485,8.479555143911963,0.009127981722280024,0.9999583110545281,0.00023685998649945983,4815.307301563772,3.189382502927289
onset,onset_06,120,1.5706499392712963,1.5628141140325953,8.481594080260274,0.007982127911639303,0.9999681315945501,0.00014638752307753053,4825.1354227010925,3.1894085644052486
onset,onset_06,121,1.5707058543297827,1.563522316694639,8.482854212224428,0.007273945924529345,0.9999735404126552,9.047246499048212e-05,4831.219562683141,3.18942415163404
onset,onset_06,122,1.57074041173641,1.5639600100107054,8.483633016608586,0.006836263524159234,0.9999766309142102,5.5915058457380276e-05,4834.9836031947625,3.1894335871014943
onset,onset_06,123,1.570761769388269,1.564230519356683,8.484114344188582,0.006565760259257365,0.9999784445666835,3.455740662079416e-05,4837.311374317087,3.18943934304721
onset,onset_06,124,1.5707749691430377,1.5643977033267717,8.484411820992742,0.006398579804273541,0.9999795286506314,2.1357651857281825e-05,4838.750576299437,3.1894428716106265
onset,onset_06,125,1.5707831270401278,1.5645010287026606,8.484595671768579,0.006295256510509716,0.9999801845892915,1.3199754768444706e-05,4839.640266129549,3.189445041386555
onset,onset_06,126,1.5707881688978063,1.5645648872968605,8.484709297796902,0.006231399169237235,0.9999805846104426,8.157897090270316e-06,4840.190206474679,3.1894463781833053
onset,onset_06,127,1.570791284937218,1.5646043540785497,8.484779522544414,0.006191933149095463,0.9999808297854799,5.041857678507081e-06,4840.530119544855,3.18944720276583
onset,onset_06,128,1.5707932107554847,1.5646287458910602,8.484822923825227,0.006167541802390169,0.999980980528333,3.116039411888551e-06,4840.740209310906,3.189447711773542
onset,onset_06,129,1.57079440097663,1.564643820860239,8.484849747291925,0.006152467119247607,0.9999810733932106,1.925818266694891e-06,4840.87005648617,3.189448026123749
onset,onset_06,130,1.5707951365737516,1.5646531377035706,8.484866325106042,0.006143150451992265,0.999981130672528,1.1902211450364186e-06,4840.950308195328,3.1894482203135373
onset,onset_06,131,1.570795591197775,1.5646588958294176,8.484876570758624,0.006137392434698083,0.9999811660294214,7.355971217205476e-07,4840.99990714444,3.189448340295308
onset,onset_06,132,1.5707963267948966,1.5647146418788935,8.09206179255617,0.006081647425635818,0.9999815066112925,6.123233995736767e-17,3268.4194308448527,3.174859790075716
onset,onset_06,133,0.5999908074321633,1.5646588958294176,8.484876570758624,0.003465385880266622,0.5646242521008645,0.8253408053890466,4840.99990714444,3.1245457276914133
onset,onset_06,134,0.9708055193627332,1.5646588958294176,8.484876570758624,0.005065440415043728,0.8253252609448238,0.5646348864175504,4840.99990714444,3.1560689585192376
onset,onset_06,135,1.1999816148643265,1.5646588958294176,8.484876570758624,0.005720248746806169,0.9320148699422315,0.3623748900804803,4840.99990714444,3.1749803057840453
onset,onset_06,136,1.3416202312933032,1.5646588958294176,8.484876570758624,0.005976923535162753,0.973835554684513,0.22717523812546525,4840.99990714444,3.1836352578153293
onset,onset_06,137,1.4291577103659199,1.5646588958294176,8.484876570758624,0.006075932643804402,0.9899673639113872,0.14116551077670147,4840.99990714444,3.1871837980194386
onset,onset_06,138,1.4832588477222797,1.5646588958294176,8.484876570758624,0.006113892609870763,0.9961522790090225,0.08742572471696057,4840.99990714444,3.1885767867206343
onset,onset_06,139,1.5166951894385368,1.5646588958294176,8.484876570758624,0.0061284127568436795,0.9985180839751197,0.054074749483818095,4840.99990714444,3.189114469433404
onset,onset_06,140,1.5373599850786395,1.5646588958294176,8.484876570758624,0.006133961985864112,0.9994222341603096,0.03343011182110186,4840.99990714444,3.189320671456292
onset,onset_06,141,1.5501315311547936,1.5646588958294176,8.484876570758624,0.006136082044390654,0.9997676607596316,0.02066332491054402,4840.99990714444,3.1893995544668843
onset,onset_06,142,1.5580247807187424,1.5646588958294176,8.484876570758624,0.006136891899131763,0.9998996124796732,0.012771198879420182,4840.99990714444,3.1894297027498157
onset,onset_06,143,1.562903077230948,1.5646588958294176,8.484876570758624,0.006137201245519226,0.9999500150837974,0.007893167601504682,4840.99990714444,3.1894412209461507
onset,onset_06,144,1.565918030282691,1.5646588958294176,8.484876570758624,0.006137319406696735,0.9999692673889616,0.0048782771634600566,4840.99990714444,3.189445620881706
onset,onset_06,145,1.5677813737431534,1.5646588958294176,8.484876570758624,0.006137364540450536,0.9999766211477825,0.003014948484120609,4840.99990714444,3.1894473015624087
onset,onset_06,146,1.568932983334434,1.5646588958294176,8.484876570758624,0.00613738178003965,0.9999794300384648,0.0018633423821927916,4840.99990714444,3.1894479435333176
onset,onset_06,147,1.5696447172036159,1.5646588958294176,8.484876570758624,0.006137388364980998,0.9999805029399288,0.0011516093367357678,4840.99990714444,3.189448188745551
onset,onset_06,148,1.5700845929257148,1.5646588958294176,8.484876570758624,0.006137390880205402,0.9999809127519228,0.000711733809091914,4840.99990714444,3.1894482824084625
onset,onset_06,149,1.5703564510727976,1.5646588958294176,8.484876570758624,0.0061373918409357246,0.9999810692861902,0.0004398757079136694,4840.99990714444,3.1894483181845357
onset,onset_06,150,1.5705244686478135,1.5646588958294176,8.484876570758624,0.006137392207902068,0.9999811290769622,0.0002718581437344463,4840.99990714444,3.189448331849783
onset,onset_06,151,1.5706283092198807,1.5646588958294176,8.484876570758624,0.00613739234807074,0.9999811519150051,0.00016801757422537424,4840.99990714444,3.1894483370694435
onset,onset_06,152,1.5706924862228295,1.5646588958294176,8.484876570758624,0.006137392401610408,0.9999811606383614,0.00010384057188047133,4840.99990714444,3.189448339063177
onset,onset_06,153,1.5707321497919478,1.5646588958294176,8.484876570758624,0.0061373924220607425,0.9999811639703869,6.417700290481352e-05,4840.99990714444,3.189448339824712
onset,onset_06,154,1.5707566632257781,1.5646588958294176,8.484876570758624,0.006137392429872076,0.9999811652431075,3.9663569108103616e-05,4840.99990714444,3.1894483401155975
onset,onset_06,155,1.5707718133610662,1.5646588958294176,8.484876570758624,0.0061373924328557376,0.9999811657292434,2.4513433827970483e-05,4840.99990714444,3.1894483402267038
onset,onset_06,156,1.5707811766596085,1.5646588958294176,8.484876570758624,0.006137392433995397,0.9999811659149309,1.5150135287559522e-05,4840.99990714444,3.189448340269142
onset,onset_06,157,1.5707869634963543,1.5646588958294176,8.484876570758624,0.006137392434430707,0.9999811659858572,9.363298542210877e-06,4840.99990714444,3.1894483402853524
onset,onset_06,158,1.5707905399581508,1.5646588958294176,8.484876570758624,0.006137392434596981,0.9999811660129486,5.786836745820325e-06,4840.99990714444,3.1894483402915452
onset,onset_06,159,1.5707905399581508,-0.7416294238611398,8.484876570758624,0.7373688780659736,-0.6754902942502133,5.786836745820325e-06,4840.99990714444,3.119835903020681
onset,onset_06,160,1.5707905399581508,0.7416294238611396,8.484876570758624,0.7373688780659737,0.6754902942502132,5.786836745820325e-06,4840.99990714444,3.1250684999131026
onset,onset_06,161,1.5707905399581508,1.658333805867513,8.484876570758624,-0.08742572471549617,0.9961710408481481,5.786836745820325e-06,4840.99990714444,3.187109214347581
onset,onset_06,162,1.5707905399581508,2.2248882715834193,8.484876570758624,-0.6084388609686737,0.7936007512784092,5.786836745820325e-06,4840.99990714444,3.124019455634444
onset,onset_06,163,1.5707905399581508,1.4803291278512665,8.484876570758624,0.09034384743522623,0.9959106331378902,5.786836745820325e-06,4840.99990714444,3.187571813460789
onset,onset_06,164,1.5707905399581508,1.555673082060717,8.484876570758624,0.015122668261254725,0.9998856458971559,5.786836745820325e-06,4840.99990714444,3.1894270241472786
onset,onset_06,165,1.5707905399581508,1.5644311143386704,8.484876570758624,0.006365169474123371,0.9999797420868476,5.786836745820325e-06,4840.99990714444,3.189448334144249
onset,onset_06,166,1.5707905399581508,1.5646631003512121,8.484876570758624,0.0061331879919361496,0.9999811918089101,5.786836745820325e-06,4840.99990714444,3.189448340143674
onset,onset_06,167,1.5707905399581508,1.5645953956711323,8.484876570758624,0.006200891384504715,0.9999807742714608,5.786836745820325e-06,4840.99990714444,3.1894483413728847
onset,onset_06,168,1.5707905399581508,1.5645920623368572,8.484876570758624,0.006204224654659526,0.9999807535962616,5.786836745820326e-06,4840.99990714444,3.1894483413699564
onset,onset_06,169,1.5707905399581508,1.5645987290054075,8.484876570758624,0.0061975581142807825,0.9999807949355491,5.786836745820325e-06,4840.99990714444,3.1894483413698578
onset,onset_06,170,1.5236580694177926,0.9676302487325864,7.42267375303426,0.5666226105928198,0.8226289851159643,0.04712080232823448,1673.5020623940188,3.1225205711918895
onset,onset_06,171,1.494525024188302,0.5986401994777215,6.7661157076595995,0.8237009691012793,0.5618813696198148,0.07619737512391465,867.9340284305307,3.1105550777777804
onset,onset_06,172,1.5416632815654059,1.1956786406825906,7.828448940662997,0.366226564866142,0.9300696796216303,0.02912892436846061,2511.031592358829,3.1417616529994565
onset,onset_06,173,1.5527911146472833,1.3366202979874513,8.079231798408921,0.23200397126634437,0.9725482017273992,0.01800423931877002,3226.753487130036,3.1643375374917464
onset,onset_06,174,1.5596684937130192,1.423727032632595,8.234224128291734,0.14653062487297014,0.9891435448994924,0.011127603425839256,3767.7154988408765,3.178146681262905
onset,onset_06,175,1.5639189477291608,1.4775619552923118,8.330014656154846,0.09309715288879582,0.995633277129131,0.006877324851091869,4146.4783232476275,3.184450362538795
onset,onset_06,176,1.566545872778755,1.5108337672777388,8.389216458174545,0.05992609200000542,0.9981937673854016,0.004250441217781676,4399.369253593574,3.1871332203707388
onset,onset_06,177,1.5681694017453025,1.5313968779520286,8.42580518401796,0.03938912032379702,0.9992204944259173,0.002626922028309457,4563.317609955405,3.188307611974534
onset,onset_06,178,1.569172797828349,1.5441055792631657,8.448418260194243,0.026687543408793743,0.9996425056903165,0.0016235282533189558,4667.68383207309,3.1888520856845677
onset,onset_06,179,1.56979293071185,1.5519599886263187,8.462393909861376,0.018835214827217634,0.9998220981149852,0.0010033959146760365,4733.375720239752,3.189121025636347
onset,onset_06,180,1.5701761939113954,1.5568142805743026,8.471031336370526,0.013981587960515176,0.9999020605206085,0.0006201328437543396,4774.436981696184,3.1892619542980722
onset,onset_06,181,1.5704130635953513,1.5598143979894716,8.476369559528509,0.01098170725837961,0.9999396257849863,0.0003832631901623878,4799.992140642562,3.1893395358800487
onset,onset_06,182,1.5705594571109405,1.5616685725222865,8.479668762879674,0.009127627269234323,0.9999583142877446,0.00023686968174113047,4815.854442890817,3.1893838847260176
onset,onset_06,183,1.5706499332793074,1.5628145154046407,8.481707782686494,0.00798172655237737,0.9999681347973954,0.0001463935150663714,4825.684083496931,3.189409927951939
onset,onset_06,184,1.57070585062653,1.5635227470551014,8.48296796623084,0.007273515575451018,0.9999735435426463,9.047616824328248e-05,4831.769164523364,3.18942550399847
onset,onset_06,185,1.570740409447674,1.5639604582869948,8.483746802493311,0.0068358152583440565,0.9999766339785165,5.591734719346624e-05,4835.533787382687,3.1894349325928166
onset,onset_06,186,1.5707617679737522,1.5642309787055624,8.484228149775188,0.006565300920278437,0.9999784475825038,3.45588211375193e-05,4837.861918702557,3.1894406843052967
onset,onset_06,187,1.5707749682688184,1.564398169518888,8.48452563875578,0.006398113621700065,0.9999795316334716,2.1358526076645196e-05,4839.301343408878,3.1894442102580327
onset,onset_06,188,1.5707831264998307,1.56450149912413,8.484709497057066,0.006294786098361236,0.9999801875505976,1.320029506558502e-05,4840.191170931869,3.1894463784226117
onset,onset_06,189,1.5707881685638843,1.5645653603322136,8.484823127736373,0.0062309261430675755,0.999980587558,8.158231012271467e-06,4840.7411963918885,3.1894477142243147
onset,onset_06,190,1.570791284730843,1.564604828729372,8.48489335535835,0.0061914585073717145,0.9999808327243723,5.042064053646279e-06,4841.08116207207,3.1894485381921767
onset,onset_06,191,1.5707932106279379,1.5646292215402973,8.484936758415682,0.006167066162198958,0.999980983461806,3.116166958750511e-06,4841.291284355234,3.1894490468201235
onset,onset_06,192,1.5707944008978014,1.5646442971265302,8.484963582980328,0.00615199086196972,0.9999810763233099,1.925897095194175e-06,4841.42115162807,3.189449360935674
onset,onset_06,193,1.570795136525033,1.5646536143512226,8.484980161473013,0.006142673813333574,0.9999811336005326,1.1902698636211406e-06,4841.5014157585465,3.189449554980451
onset,onset_06,194,1.570795591167665,1.5646593727127633,8.484990407544974,0.006136915560333291,0.999981168956128,7.356272316351091e-07,4841.551022384586,3.1894496748726087
onset,onset_06,195,1.570795591137555,1.564659849596109,8.485104244331323,0.006136438685967103,0.9999811718826072,7.356573415496708e-07,4842.102200365491,3.18945100840029
onset,onset_06,196,1.5707956289040066,1.5640617013772813,8.342320329552779,0.006734574509371675,0.9999773224957108,6.978908900280325e-07,4197.818772776791,3.1866700879141776
onset,onset_06,197,1.5707951975837162,1.5708929882196132,9.973016280190187,-9.666142456600086e-05,0.9999999953276469,1.1292111804005877e-06,21440.057137792955,3.198167885289633
onset,onset_06,198,1.5707949310131166,1.5751149556750743,10.980841803000928,-0.004318615456048138,0.999990674735817,1.3957817799944926e-06,58737.97927586455,3.198581990277364
onset,onset_06,199,1.5707950427052189,1.5733459668156744,10.558566610006489,-0.0025496372583842953,0.9999967496688186,1.284089677760875e-06,38505.89440580359,3.1984861605519446
onset,onset_06,200,1.5707948913248997,1.575743540976639,11.130891351431488,-0.004947194001309967,0.999987762559849,1.435469996929572e-06,68247.17712810694,3.1985772610682397
onset,onset_06,201,1.570794920399173,1.5752830602037566,11.02097002196361,-0.00448671835529935,0.9999899346275553,1.4063957237184072e-06,61142.960869050185,3.1985832243263785
onset,onset_06,202,1.5707949185268721,1.5753127138613425,11.028048644258785,-0.004516371712433103,0.9999898011402777,1.4082680244772817e-06,61577.30425781696,3.198595227991894
onset,onset_06,203,1.5707949081366432,1.5754772751761106,11.067331062903705,-0.004680931286967962,0.9999890443801243,1.4186582533767528e-06,64044.34819419754,3.1986153448628385
onset,onset_06,204,1.5707949106790617,1.5754370081364513,11.057718920999502,-0.0046406646846750155,0.9999892320566652,1.4161158348788025e-06,63431.694007768296,3.1986280094780235
onset,onset_06,205,1.5707949122334925,1.5754123889342773,11.051842073163986,-0.004616045746195317,0.9999893460030802,1.4145614040725102e-06,63060.00883249535,3.1986331212748724
onset,onset_06,206,1.5707949146373497,1.5753743164442473,11.042753792031103,-0.004577973658453248,0.9999895210226897,1.4121575469591479e-06,62489.49815157256,3.198630003660626
onset,onset_06,207,1.5707949128756522,1.5754022183538712,11.049414254706578,-0.004605875273907998,0.9999893928992257,1.4139192444137293e-06,62907.0962762002,3.1986339635746774
onset,onset_06,208,1.5707949129974863,1.575400288736855,11.048953635978801,-0.004603945677350895,0.9999894017849396,1.413797410315364e-06,62878.12676200791,3.1986340042247585
onset,onset_06,209,1.570794913066888,1.5753991895458277,11.048691248174148,-0.004602846497970267,0.9999894068449513,1.4137280087197824e-06,62861.630472673314,3.198634008678228
onset,onset_06,210,1.5707949130549557,1.5753993785295168,11.048736360455878,-0.004603035479657395,0.9999894059750706,1.413739940952762e-06,62864.46636822363,3.1986340088964633
onset,onset_06,211,1.5707949130545484,1.5753993849805454,11.04873790038041,-0.004603041930617652,0.9999894059453762,1.4137403481825673e-06,62864.56317483205,3.198634008896658
onset,onset_06,212,1.5707949130545866,1.575399384374884,11.048737755803016,-0.004603041324962548,0.9999894059481641,1.4137403099908953e-06,62864.55408603801,3.19863400889666
onset,onset_06,213,1.5707949130545968,1.5753993842139942,11.04873771739704,-0.004603041164074507,0.9999894059489047,1.4137402997768436e-06,62864.551671663554,3.1986340088966556
onset,onset_06,214,1.5707949130545704,1.575399384632776,11.04873781736446,-0.004603041582851968,0.9999894059469769,1.4137403262001514e-06,62864.55795607086,3.1986340088966583
onset,onset_06,215,0.5999908074321633,1.575399384374884,11.048737755803016,-0.002599037715698115,0.5646289046468594,0.8253408053890466,62864.55408603801,3.126016050730808
onset,onset_06,216,0.9708055193627332,1.575399384374884,11.048737755803016,-0.0037990778343874494,0.8253320616865967,0.5646348864175504,62864.55408603801,3.1607846008238023
onset,onset_06,217,1.1999816148643265,1.575399384374884,11.048737755803016,-0.004290183763021581,0.9320225498143484,0.36237489008048024,62864.55408603801,3.1820775335538944
onset,onset_06,218,1.3416202312933032,1.575399384374884,11.048737755803016,-0.004482689728780369,0.9738435791621947,0.22717523812546522,62864.55408603801,3.1919538726874874
onset,onset_06,219,1.4291577103659199,1.575399384374884,11.048737755803016,-0.0045569465118482045,0.9899755213163814,0.14116551077670147,62864.55408603801,3.1960276080641017
onset,onset_06,220,1.4832588477222797,1.575399384374884,11.048737755803016,-0.004585416467836339,0.9961604873781789,0.08742572471696057,62864.55408603801,3.1976303133281405
onset,onset_06,221,1.5166951894385368,1.575399384374884,11.048737755803016,-0.0045963065709659755,0.9985263118386857,0.054074749483818095,62864.55408603801,3.1982494358114684
onset,onset_06,222,1.5373599850786395,1.575399384374884,11.048737755803016,-0.004600468490017841,0.9994304694741406,0.03343011182110185,62864.55408603801,3.1984869401708442
onset,onset_06,223,1.5501315311547936,1.575399384374884,11.048737755803016,-0.004602058532876084,0.9997758989198037,0.02066332491054402,62864.55408603801,3.1985778081019194
onset,onset_06,224,1.5580247807187424,1.575399384374884,11.048737755803016,-0.004602665923535913,0.9999078517271373,0.012771198879420182,62864.55408603801,3.198612538375691
onset,onset_06,225,1.562903077230948,1.575399384374884,11.048737755803016,-0.004602897933175245,0.9999582547465826,0.00789316760150468,62864.55408603801,3.1986258073436176
onset,onset_06,226,1.565918030282691,1.575399384374884,11.048737755803016,-0.0046029865540006,0.9999775072103874,0.0048782771634600566,62864.55408603801,3.1986308761029494
onset,onset_06,227,1.5677813737431534,1.575399384374884,11.048737755803016,-0.0046030204042938816,0.9999848610298037,0.0030149484841206086,62864.55408603801,3.198632812264526
onset,onset_06,228,1.568932983334434,1.575399384374884,11.048737755803016,-0.004603033333977286,0.9999876699436314,0.0018633423821927913,62864.55408603801,3.198633551822328
onset,onset_06,229,1.5696447172036159,1.575399384374884,11.048737755803016,-0.0046030382726800784,0.9999887428539362,0.0011516093367357678,62864.55408603801,3.1986338343097183
onset,onset_06,230,1.5700845929257148,1.575399384374884,11.048737755803016,-0.0046030401590971505,0.9999891526693071,0.0007117338090919139,62864.55408603801,3.1986339422105052
onset,onset_06,231,1.5703564510727976,1.575399384374884,11.048737755803016,-0.004603040879644423,0.9999893092048645,0.0004398757079136694,62864.55408603801,3.1986339834249753
onset,onset_06,232,1.5705244686478135,1.575399384374884,11.048737755803016,-0.004603041154869001,0.999989368996129,0.00027185814373444626,62864.55408603801,3.1986339991674986
onset,onset_06,233,1.5706283092198807,1.575399384374884,11.048737755803016,-0.004603041259995436,0.9999893918343602,0.00016801757422537421,62864.55408603801,3.1986340051806215
onset,onset_06,234,1.5706924862228295,1.575399384374884,11.048737755803016,-0.004603041300150162,0.9999894005577883,0.00010384057188047133,62864.55408603801,3.19863400747742
onset,onset_06,235,1.5707321497919478,1.575399384374884,11.048737755803016,-0.004603041315487903,0.9999894038898415,6.417700290481352e-05,62864.55408603801,3.198634008354719
onset,onset_06,236,1.5707566632257781,1.575399384374884,11.048737755803016,-0.004603041321346398,0.9999894051625724,3.966356910810361e-05,62864.55408603801,3.1986340086898153
onset,onset_06,237,1.5707718133610662,1.575399384374884,11.048737755803016,-0.004603041323584144,0.9999894056487124,2.4513433827970483e-05,62864.55408603801,3.1986340088178173
onset,onset_06,238,1.5707811766596085,1.575399384374884,11.048737755803016,-0.004603041324438887,0.9999894058344013,1.515013528755952e-05,62864.55408603801,3.1986340088667062
onset,onset_06,239,1.5707869634963543,1.575399384374884,11.048737755803016,-0.0046030413247653695,0.9999894059053281,9.363298542210875e-06,62864.55408603801,3.1986340088853824
onset,onset_06,240,1.5707905399581508,1.575399384374884,11.048737755803016,-0.004603041324890075,0.9999894059324199,5.786836745820325e-06,62864.55408603801,3.1986340088925145
onset,onset_06,241,1.5707905399581508,-0.7416294238611401,11.048737755803016,0.7373688780659734,-0.6754902942502136,5.786836745820325e-06,62864.55408603801,3.1197645526858686
onset,onset_06,242,1.5707905399581508,0.7416294238611396,11.048737755803016,0.7373688780659737,0.6754902942502132,5.786836745820325e-06,62864.55408603801,3.1251241110214187
onset,onset_06,243,1.5707905399581508,1.658333805867513,11.048737755803016,-0.08742572471549617,0.9961710408481481,5.786836745820325e-06,62864.55408603801,3.196025082599589
onset,onset_06,244,1.5707905399581508,2.2248882715834193,11.048737755803016,-0.6084388609686737,0.7936007512784092,5.786836745820325e-06,62864.55408603801,3.1245043594269806
onset,onset_06,245,1.5707905399581508,1.48173672514521,11.048737755803016,0.08894191728545077,0.9960368142373557,5.786836745820325e-06,62864.55408603801,3.1965011615388392
onset,onset_06,246,1.5707905399581508,1.5575712635373575,11.048737755803016,0.013224677745029502,0.9999125501087847,5.786836745820326e-06,62864.55408603801,3.1986415976410942
onset,onset_06,247,1.5707905399581508,1.5656427630633794,11.048737755803016,0.005153540919023195,0.9999867204030805,5.786836745820325e-06,62864.55408603801,3.198662590031524
onset,onset_06,248,1.5707905399581508,1.5658651465389233,11.048737755803016,0.004931160271042468,0.9999878417385353,5.786836745820325e-06,62864.55408603801,3.1986625965493793
onset,onset_06,249,1.5707905399581508,1.565801220315002,11.048737755803016,0.004995085707612701,0.9999875244648236,5.786836745820325e-06,62864.55408603801,3.198662597818051
onset,onset_06,250,1.5707905399581508,1.565797886839305,11.048737755803016,0.00499841914169508,0.9999875078082708,5.786836745820325e-06,62864.55408603801,3.1986625978146535
onset,onset_06,251,1.5707905399581508,1.5658045537906993,11.048737755803016,0.004991752273474593,0.9999875411102644,5.786836745820325e-06,62864.55408603801,3.1986625978145575
onset,onset_06,252,1.5707912558102486,1.5544634949048688,8.342310205260866,0.016332105737993225,0.9998666222534124,5.070984648009678e-06,4197.776273049276,3.1866475422170852
onset,onset_06,253,1.5707908244889353,1.561294797947346,9.973010023033673,0.009501385883218506,0.9999548607992377,5.50230596133588e-06,21439.92298441949,3.198170029262869
onset,onset_06,254,1.5707905579177035,1.5655167754150472,10.980837935865528,0.005279526853056635,0.9999860631843466,5.768877193086755e-06,58737.752128584805,3.198608912428199
onset,onset_06,255,1.5707906682854278,1.56376876216688,10.563569829396497,0.007027506783383977,0.9999753067533171,5.658509468795486e-06,38699.030591794464,3.1985012969763056
onset,onset_06,256,1.5707904996653168,1.5664393815908624,11.201073184312659,0.0043569314193455735,0.9999905085122817,5.82712957977788e-06,73208.96640450128,3.198634839444189
onset,onset_06,257,1.570790457987623,1.567099476389939,11.358644362442822,0.003696841984273601,0.9999931666391028,5.868807273517805e-06,85703.1073546734,3.1986042987985672
onset,onset_06,258,1.570790509911139,1.566277107399255,11.162336724659543,0.004519204012652226,0.999989788328489,5.816883757587384e-06,70427.33335376576,3.1986186117368574
onset,onset_06,259,1.5707904837458544,1.5666915153683125,11.261260018711017,0.004104799899202883,0.999991575256335,5.8430490421925785e-06,77750.48117054535,3.198608900050429
onset,onset_06,260,1.570790493584623,1.5665356881241363,11.22406250937757,0.004260625780107443,0.9999909234757761,5.833210273504094e-06,74911.48603704339,3.198600855510517
onset,onset_06,261,1.5707905035788727,1.5663773983651652,11.186277173329007,0.0044189140483206395,0.9999902365346992,5.8232160238541715e-06,72133.73988102235,3.19865092843963
onset,onset_06,262,1.5707905039076837,1.5663721906263581,11.18503403440353,0.0044241217362222035,0.9999902135085909,5.822887212875733e-06,72044.12333558516,3.1986516503163367
onset,onset_06,263,1.5707905062007996,1.5663358720653648,11.176364433534513,0.004460439938858488,0.9999900521713566,5.8205940969564e-06,71422.22922340286,3.1986482723729304
onset,onset_06,264,1.5707905045278256,1.5663623687673727,11.182689459209293,0.0044339434988725866,0.9999901700072606,5.822267070937941e-06,71875.40833091534,3.1986523571922914
onset,onset_06,265,1.5707905047301287,1.5663591646756496,11.181924610723366,0.004437147559076681,0.9999901557953671,5.822064767874754e-06,71820.45555163198,3.198652362510658
onset,onset_06,266,1.5707905046386852,1.5663606129638072,11.182270331476795,0.004435699285171646,0.9999901622205861,5.822156211394176e-06,71845.28966622401,3.1986523752663336
onset,onset_06,267,1.5707905046364243,1.5663606487721433,11.182278879281897,0.004435663477187843,0.9999901623794205,5.822158472252343e-06,71845.90378838226,3.1986523752608376
onset,onset_06,268,1.5707905046409463,1.5663605771554712,11.182261783671693,0.004435735093155444,0.9999901620617505,5.822153950313965e-06,71844.67554931513,3.198652375256503
onset,onset_06,269,1.5707878093269758,1.5672620867954674,12.611537753638338,0.003534232641693921,0.9999937545440407,8.517467920701618e-06,299999.9999999999,3.197837824102438
onset,onset_06,270,0.5999908074321633,1.5663606129638072,11.182270331476795,0.00250455056210775,0.564629331673658,0.8253408053890466,71845.28966622401,3.125933388621465
onset,onset_06,271,0.9708055193627332,1.5663606129638072,11.182270331476795,0.0036609636205492332,0.8253326858822502,0.5646348864175504,71845.28966622401,3.1607808759209597
onset,onset_06,272,1.1999816148643265,1.5663606129638072,11.182270331476795,0.0041342155561352005,0.9320232546996321,0.36237489008048024,71845.28966622401,3.1820842109115364
onset,onset_06,273,1.3416202312933032,1.5663606129638072,11.182270331476795,0.004319723031397352,0.9738443156765717,0.22717523812546522,71845.28966622401,3.1919678196969965
onset,onset_06,274,1.4291577103659199,1.5663606129638072,11.182270331476795,0.004391280233760961,0.989976270031288,0.14116551077670147,71845.28966622401,3.1960442572381225
onset,onset_06,275,1.4832588477222797,1.5663606129638072,11.182270331476795,0.004418715173947704,0.9961612407707529,0.08742572471696057,71845.28966622401,3.1976480334586506
onset,onset_06,276,1.5166951894385368,1.5663606129638072,11.182270331476795,0.004429209370992249,0.9985270670205241,0.054074749483818095,71845.28966622401,3.1982675576506256
onset,onset_06,277,1.5373599850786395,1.5663606129638072,11.182270331476795,0.004433219984858234,0.9994312253397902,0.03343011182110185,71845.28966622401,3.19850521352476
onset,onset_06,278,1.5501315311547936,1.5663606129638072,11.182270331476795,0.004434752222236066,0.9997766550467003,0.02066332491054402,71845.28966622401,3.1985961390038713
onset,onset_06,279,1.5580247807187424,1.5663606129638072,11.182270331476795,0.004435337531410037,0.9999086079538293,0.012771198879420182,71845.28966622401,3.1986308912091848
onset,onset_06,280,1.562903077230948,1.5663606129638072,11.182270331476795,0.00443556110641593,0.9999590110113944,0.00789316760150468,71845.28966622401,3.1986441685468012
onset,onset_06,281,1.565918030282691,1.5663606129638072,11.182270331476795,0.00443564650546059,0.9999782634897597,0.0048782771634600566,71845.28966622401,3.1986492405019864
onset,onset_06,282,1.5677813737431534,1.5663606129638072,11.182270331476795,0.004435679125137693,0.9999856173147377,0.0030149484841206086,71845.28966622401,3.1986511778841105
onset,onset_06,283,1.568932983334434,1.5663606129638072,11.182270331476795,0.004435691584766749,0.9999884262306897,0.0018633423821927913,71845.28966622401,3.1986519179080957
onset,onset_06,284,1.5696447172036159,1.5663606129638072,11.182270331476795,0.00443569634392464,0.999989499141806,0.0011516093367357678,71845.28966622401,3.1986522005735454
onset,onset_06,285,1.5700845929257148,1.5663606129638072,11.182270331476795,0.004435698161761646,0.9999899089574869,0.0007117338090919139,71845.28966622401,3.19865230854235
onset,onset_06,286,1.5703564510727976,1.5663606129638072,11.182270331476795,0.004435698856113662,0.9999900654931626,0.0004398757079136694,71845.28966622401,3.1986523497827917
onset,onset_06,287,1.5705244686478135,1.5663606129638072,11.182270331476795,0.004435699121332542,0.9999901252844724,0.0002718581437344463,71845.28966622401,3.198652365535249
onset,onset_06,288,1.5706283092198807,1.5663606129638072,11.182270331476795,0.00443569922263714,0.9999901481227208,0.00016801757422537421,71845.28966622401,3.198652371552148
onset,onset_06,289,1.5706924862228295,1.5663606129638072,11.182270331476795,0.004435699261332054,0.9999901568461556,0.00010384057188047133,71845.28966622401,3.1986523738504027
onset,onset_06,290,1.5707321497919478,1.5663606129638072,11.182270331476795,0.004435699276112196,0.9999901601782111,6.417700290481352e-05,71845.28966622401,3.1986523747282596
onset,onset_06,291,1.5707566632257781,1.5663606129638072,11.182270331476795,0.004435699281757708,0.9999901614509431,3.966356910810361e-05,71845.28966622401,3.1986523750635603
onset,onset_06,292,1.5707718133610662,1.5663606129638072,11.182270331476795,0.004435699283914101,0.9999901619370835,2.4513433827970483e-05,71845.28966622401,3.1986523751916414
onset,onset_06,293,1.5707811766596085,1.5663606129638072,11.182270331476795,0.00443569928473777,0.9999901621227725,1.515013528755952e-05,71845.28966622401,3.1986523752405605
onset,onset_06,294,1.5707869634963543,1.5663606129638072,11.182270331476795,0.004435699285052384,0.9999901621936994,9.363298542210875e-06,71845.28966622401,3.198652375259252
onset,onset_06,295,1.5707905399581508,1.5663606129638072,11.182270331476795,0.004435699285172555,0.9999901622207911,5.786836745820325e-06,71845.28966622401,3.198652375266387
onset,onset_06,296,1.5707905399581508,-0.7416294238611401,11.182270331476795,0.7373688780659734,-0.6754902942502136,5.786836745820325e-06,71845.28966622401,3.119671113811592
onset,onset_06,297,1.5707905399581508,0.7416294238611396,11.182270331476795,0.7373688780659737,0.6754902942502132,5.786836745820325e-06,71845.28966622401,3.125027226285311
onset,onset_06,298,1.5707905399581508,1.658333805867513,11.182270331476795,-0.08742572471549617,0.9961710408481481,5.786836745820325e-06,71845.28966622401,3.1960135902589224
onset,onset_06,299,1.5707905399581508,2.2248882715834193,11.182270331476795,-0.6084388609686737,0.7936007512784092,5.786836745820325e-06,71845.28966622401,3.124436862229292
onset,onset_06,300,1.5707905399581508,1.4818102677355163,11.182270331476795,0.08886866591763566,0.996043352562795,5.786836745820325e-06,71845.28966622401,3.196493288079071
onset,onset_06,301,1.5707905399581508,1.557524802583823,11.182270331476795,0.01327113462126837,0.9999119345984309,5.786836745820325e-06,71845.28966622401,3.198631202664963
onset,onset_06,302,1.5707905399581508,1.5656469901949164,11.182270331476795,0.00514931384357474,0.9999867421788415,5.786836745820325e-06,71845.28966622401,3.1986524634763143
onset,onset_06,303,1.5707905399581508,1.5658689227202682,11.182270331476795,0.004927384135574171,0.9999878603523611,5.786836745820326e-06,71845.28966622401,3.1986524699154226
onset,onset_06,304,1.5707905399581508,1.5658047180321897,11.182270331476795,0.004991588034030385,0.9999875419301039,5.786836745820326e-06,71845.28966622401,3.198652471195929
onset,onset_06,305,1.5707905399581508,1.565801384690611,11.182270331476795,0.004994921334054404,0.9999875252858803,5.786836745820325e-06,71845.28966622401,3.198652471192524
onset,onset_06,306,1.5707905399581508,1.5658080513737682,11.182270331476795,0.004988254733951125,0.9999875585632162,5.786836745820325e-06,71845.28966622401,3.1986524711924327
onset,onset_06,307,1.570791291129714,1.5539075999732512,8.342310205260866,0.01688792397350708,0.9998573888302807,5.035665182657728e-06,4197.776273049276,3.1866448229474917
onset,onset_06,308,1.5707908598084008,1.5607389030157284,9.973010023033673,0.010057254225500849,0.9999494245248386,5.466986495761966e-06,21439.92298441949,3.1981684197908034
onset,onset_06,309,1.570790593237169,1.5649608804834296,10.980837935865528,0.0058354131929027366,0.9999829738150517,5.733557727512892e-06,58737.752128584805,3.198608721313968
onset,onset_06,310,1.570790703528308,1.5632140801980092,10.563859375639373,0.007582173945831203,0.9999712548901764,5.6232665886262855e-06,38710.23737306765,3.1985006160190492
onset,onset_06,311,1.570790534329485,1.565893865310384,11.20355067131862,0.0049024418467223455,0.9999879829429886,5.792465411575939e-06,73390.56552933728,3.198630691805777
onset,onset_06,312,1.5707905118206271,1.5662503624867827,11.28865008456014,0.0045459486503947885,0.9999896671051428,5.814974269464241e-06,79909.50489448712,3.1986253456318146
onset,onset_06,313,1.5707905389131,1.5658212696333174,11.186221362894234,0.004975036638420699,0.9999876244118958,5.787881796532941e-06,72129.71417797694,3.198651066670231
onset,onset_06,314,1.570790559663048,1.565492630221612,11.107771874495203,0.005303671708443576,0.9999859354176684,5.76713184855122e-06,66687.43774398637,3.198619238425726
onset,onset_06,315,1.570790546838875,1.5656957405480887,11.156256324725843,0.005100564130626484,0.999986992021467,5.779956021607819e-06,70000.40625978322,3.1986127772761344
onset,onset_06,316,1.5707905419404766,1.5657733217893368,11.174775736788098,0.0050229838832813985,0.9999873847201493,5.78485441996134e-06,71308.85104583165,3.198645816164919
onset,onset_06,317,1.5707905393587347,1.5658142116323945,11.184536548043065,0.004982094551872646,0.9999875892731779,5.787436161892648e-06,72008.29128059231,3.1986519774326596
onset,onset_06,318,1.5707905398342097,1.565806681019848,11.182738916108,0.004989625070817382,0.9999875517266021,5.786960686899944e-06,71878.96315360928,3.1986524492993995
onset,onset_06,319,1.5707905400312165,1.5658035608108207,11.181994091253832,0.004992745240979253,0.9999875361530624,5.786763680044674e-06,71825.4458483443,3.198652462658792
onset,onset_06,320,1.5707905399573736,1.5658047303396945,11.182273269400309,0.004991575726678919,0.9999875419915377,5.786837522976442e-06,71845.5007424999,3.19865247119998
onset,onset_06,321,1.5707905399551132,1.5658047661397336,11.182281815224846,0.004991539927085758,0.9999875421702357,5.7868397833905205e-06,71846.1147241665,3.19865247120148
onset,onset_06,322,1.570790539952853,1.5658048019397732,11.18229036104951,0.004991504127492146,0.9999875423489324,5.786842043582554e-06,71846.7287110893,3.1986524711876743
onset,onset_06,323,1.5707905752715412,1.56524891931566,11.182293298972896,0.005547379026785543,0.9999846131580492,5.751523355386859e-06,71846.9397915838,3.1986523753051475
onset,onset_06,324,1.5707308729734655,2.504906032182815,11.162880063040872,-0.8040700842414054,0.5945345198925093,6.54538213844079e-05,70465.60962461335,3.1257387115456514
onset,onset_06,325,1.5707558741085585,2.1114120599709665,11.171009614997402,-0.5146640134276546,0.8573919475048266,4.045268632703889e-05,71040.79830450453,3.136533414853728
onset,onset_06,326,1.5707713256598035,1.868219410775837,11.176033954419848,-0.2930574061920926,0.9560948467860844,2.5001135090529048e-05,71398.62956813314,3.1732716498032145
onset,onset_06,327,1.5707808752436516,1.7179180877591174,11.179139166953934,-0.14659159787978226,0.9891971002749158,1.5451551244384634e-05,71620.682069264,3.191640986207263
onset,onset_06,328,1.5707867772110484,1.6250267615807077,11.181058293842293,-0.054203857282120245,0.9985298902709648,9.549583848050179e-06,71758.2632216036,3.1975656065236326
onset,onset_06,329,1.570792258457637,1.5387571788254406,11.182840616075426,0.032033666848894186,0.9994867903937815,4.068337259571836e-06,71886.27361355103,3.198425909272518
onset,onset_06,330,1.5707905726650582,1.5652899428671572,11.182292451429815,0.0055063561018547855,0.9999848398897704,5.754129838416226e-06,71846.8788982329,3.198652388938763
onset,onset_06,331,1.5707905403389946,1.565798724214682,11.182281940050503,0.0049975817767769545,0.9999875119934756,5.786455902019391e-06,71846.12369240556,3.198652471190326
onset,onset_06,332,1.5707905399178625,1.565805352428267,11.182281803112174,0.004990953645855504,0.9999875450965462,5.786877034037531e-06,71846.1138539181,3.1986524712013513
onset,onset_06,333,1.5707905399582045,1.5658047174848269,11.182281816230052,0.004991588581386387,0.9999875419273716,5.786836692085531e-06,71846.11479638668,3.1986524712014783
onset,onset_06,334,1.5707905399584718,1.5658047132794066,11.182281816316936,0.00499159278675423,0.9999875419063798,5.7868364247438264e-06,71846.11480262892,3.1986524712014806
onset,onset_06,335,1.5707905401038185,1.5658024256602427,11.182281863578952,0.004993880377405675,0.9999875304849009,5.786691078120204e-06,71846.11819822127,3.19865247119985
onset,onset_06,336,1.5707905400139892,1.5658038394866394,11.18228183436942,0.004992466568633787,0.9999875375443807,5.786780907375347e-06,71846.11609962977,3.1986524712012407
onset,onset_06,337,1.5707905399796775,1.5658043795202687,11.18228182321237,0.004991926541733833,0.9999875402403345,5.786815219039967e-06,71846.11529803916,3.1986524712014464
onset,onset_06,338,1.5707905399673299,1.5658045738609616,11.182281819197309,0.004991732203462305,0.9999875412104501,5.786827566718402e-06,71846.11500957255,3.1986524712014734
onset,onset_06,339,1.570790539962499,1.5658046498916423,11.18228181762652,0.0049916561737289,0.9999875415899719,5.786832397520827e-06,71846.11489671754,3.1986524712014757
onset,onset_06,340,1.570790539960212,1.5658046858901067,11.182281816882796,0.00499162017571295,0.9999875417696633,5.7868346845802585e-06,71846.11484328378,3.198652471201482
onset,onset_06,341,1.5707905399594437,1.5658046979817388,11.182281816632983,0.004991608084231449,0.99998754183002,5.786835452854591e-06,71846.11482533571,3.1986524712014788
onset,onset_06,342,1.5707905399610855,1.5658046721399168,11.182281817166874,0.0049916339257315215,0.9999875417010274,5.786833811056782e-06,71846.11486369373,3.198652471201476
onset,onset_06,343,1.5707905399605457,1.5658046806380015,11.182281816991305,0.004991625427752713,0.9999875417434467,5.7868343508472164e-06,71846.11485107972,3.1986524712014757
onset,onset_06,344,1.5707905399599185,1.565804690508699,11.182281816787377,0.0049916155571780915,0.9999875417927175,5.786834978123225e-06,71846.11483642831,3.1986524712014766
onset,onset_06,345,1.5707905399603395,1.565804683883981,11.182281816924242,0.004991622181813667,0.9999875417596494,5.786834557126654e-06,71846.11484626151,3.1986524712014797
onset,onset_06,346,1.5707905399600943,1.5658046877429306,11.182281816844517,0.004991618322912138,0.9999875417789118,5.786834802263898e-06,71846.1148405336,3.1986524712014766
onset,onset_06,347,0.5999908074321633,1.5658046858901067,11.182281816882796,0.002818442891000424,0.564627852075533,0.8253408053890466,71846.11484328378,3.1259350545419546
onset,onset_06,348,0.9708055193627332,1.5658046858901067,11.182281816882796,0.00411978781608812,0.8253305231170057,0.5646348864175504,71846.11484328378,3.160782669456608
onset,onset_06,349,1.1999816148643265,1.5658046858901067,11.182281816882796,0.0046523518512026464,0.9320208123542159,0.36237489008048024,71846.11484328378,3.1820852248429303
onset,onset_06,350,1.3416202312933032,1.5658046858901067,11.182281816882796,0.0048611087566492045,0.973841763740031,0.22717523812546525,71846.11484328378,3.1919683171281212
onset,onset_06,351,1.4291577103659199,1.5658046858901067,11.182281816882796,0.004941634137670806,0.9899736758213333,0.1411655107767015,71846.11484328378,3.196044513051436
onset,onset_06,352,1.4832588477222797,1.5658046858901067,11.182281816882796,0.004972507466125101,0.9961586303532253,0.08742572471696057,71846.11484328378,3.197648191427202
onset,onset_06,353,1.5166951894385368,1.5658046858901067,11.182281816882796,0.004984316888344179,0.9985244504034034,0.0540747494838181,71846.11484328378,3.1982676774263123
onset,onset_06,354,1.5373599850786395,1.5658046858901067,11.182281816882796,0.004988830147653115,0.9994286063533435,0.03343011182110186,71846.11484328378,3.1985053185878303
onset,onset_06,355,1.5501315311547936,1.5658046858901067,11.182281816882796,0.004990554418510413,0.999774035155063,0.02066332491054402,71846.11484328378,3.198596238428731
onset,onset_06,356,1.5580247807187424,1.5658046858901067,11.182281816882796,0.004991213083783687,0.9999059877164126,0.012771198879420183,71846.11484328378,3.1986309884777073
onset,onset_06,357,1.562903077230948,1.5658046858901067,11.182281816882796,0.004991464679177886,0.9999563906418976,0.007893167601504682,71846.11484328378,3.1986442649912865
onset,onset_06,358,1.565918030282691,1.5658046858901067,11.182281816882796,0.004991560781182756,0.9999756430698121,0.0048782771634600566,71846.11484328378,3.198649336631657
onset,onset_06,359,1.5677813737431534,1.5658046858901067,11.182281816882796,0.00499159748904501,0.9999829968755196,0.003014948484120609,71846.11484328378,3.1986512738935198
onset,onset_06,360,1.568932983334434,1.5658046858901067,11.182281816882796,0.004991611510224485,0.999985805784111,0.0018633423821927913,71846.11484328378,3.1986520138715737
onset,onset_06,361,1.5696447172036159,1.5658046858901067,11.182281816882796,0.0049916168658419476,0.9999868786924158,0.001151609336735768,71846.11484328378,3.198652296519475
onset,onset_06,362,1.5700845929257148,1.5658046858901067,11.182281816882796,0.004991618911506292,0.9999872885070226,0.0007117338090919139,71846.11484328378,3.198652404481582
onset,onset_06,363,1.5703564510727976,1.5658046858901067,11.182281816882796,0.0049916196928806176,0.9999874450422882,0.00043987570791366947,71846.11484328378,3.19865244571946
onset,onset_06,364,1.5705244686478135,1.5658046858901067,11.182281816882796,0.004991619991339062,0.9999875048334413,0.0002718581437344463,71846.11484328378,3.1986524614709415
onset,onset_06,365,1.5706283092198807,1.5658046858901067,11.182281816882796,0.004991620105340045,0.9999875276716299,0.00016801757422537424,71846.11484328378,3.198652467487471
onset,onset_06,366,1.5706924862228295,1.5658046858901067,11.182281816882796,0.004991620148884547,0.9999875363950418,0.00010384057188047135,71846.11484328378,3.1986524697855803
onset,onset_06,367,1.5707321497919478,1.5658046858901067,11.182281816882796,0.004991620165517065,0.9999875397270885,6.417700290481352e-05,71846.11484328378,3.198652470663379
onset,onset_06,368,1.5707566632257781,1.5658046858901067,11.182281816882796,0.004991620171870123,0.9999875409998172,3.9663569108103616e-05,71846.11484328378,3.1986524709986646
onset,onset_06,369,1.5707718133610662,1.5658046858901067,11.182281816882796,0.004991620174296774,0.9999875414859563,2.4513433827970483e-05,71846.11484328378,3.198652471126736
onset,onset_06,370,1.5707811766596085,1.5658046858901067,11.182281816882796,0.004991620175223673,0.9999875416716449,1.5150135287559522e-05,71846.11484328378,3.198652471175651
onset,onset_06,371,1.5707869634963543,1.5658046858901067,11.182281816882796,0.004991620175577717,0.9999875417425717,9.363298542210877e-06,71846.11484328378,3.1986524711943445
onset,onset_06,372,1.570791291132752,1.553907519716679,8.342310205260866,0.016888004218633814,0.9998573874749106,5.0356621446434425e-06,4197.776273049276,3.186644822543599
onset,onset_06,373,1.5707908598114386,1.560738822759156,9.973010023033673,0.010057334478014079,0.9999494237176746,5.466983457969726e-06,21439.92298441949,3.198168419544762
onset,onset_06,374,1.5707905932402069,1.5649608002268574,10.980837935865528,0.005835493448108531,0.9999829733467183,5.733554689720653e-06,58737.752128584805,3.1986087212725485
onset,onset_06,375,1.5707907035313349,1.5632140001165225,10.563859417434031,0.007582254025016003,0.9999712542829815,5.623263561714232e-06,38710.23899094883,3.198500615908408
onset,onset_06,376,1.570790534332432,1.5658937864945974,11.203551015248479,0.00490252066156176,0.9999879825565957,5.792462464599943e-06,73390.59077054846,3.19863069116251
onset,onset_06,377,1.5707905118260843,1.566250243912883,11.288640937833867,0.004546067223069355,0.9999896665661049,5.814968812273986e-06,79908.77398746186,3.1986253257117525
onset,onset_06,378,1.570790538953031,1.5658206050619288,11.186081881149907,0.004975701201583726,0.9999876211054083,5.787841865585505e-06,72119.65410124042,3.1986511563716356
onset,onset_06,379,1.570790559688887,1.565492188838623,11.107685670036398,0.005304113085224017,0.9999859330766206,5.767106009664635e-06,66681.68923728357,3.198619117333015
onset,onset_06,380,1.5707905468734231,1.5656951612270829,11.156137193093759,0.005101143444095668,0.9999869890664355,5.779921473465694e-06,69992.06749385418,3.198612739173285
onset,onset_06,381,1.5707905419783517,1.565772689780697,11.174644028094972,0.005023615883947298,0.9999873815453806,5.784816544924901e-06,71299.45966872871,3.1986455805746385
onset,onset_06,382,1.5707905393423347,1.5658144392349167,11.184610037063532,0.004981866952175067,0.9999875904070892,5.787452561885123e-06,72013.5832938341,3.198651946273146
onset,onset_06,383,1.5707905398383377,1.5658065834993489,11.182734795037353,0.004989722590102628,0.9999875512400067,5.786956558868695e-06,71878.66693593444,3.1986524496868327
onset,onset_06,384,1.5707905406557503,1.565793637250829,11.179644397060418,0.005002668677039282,0.999987486558021,5.786139146286643e-06,71656.8761364886,3.1986516923853325
onset,onset_06,385,1.5707905399336548,1.565805073859095,11.182374428929812,0.004991232211557711,0.9999875437061817,5.78686124178114e-06,71852.76896717084,3.1986524702387724
onset,onset_06,386,1.57079053996575,1.56580456553171,11.182253086139339,0.004991740532610043,0.9999875411688726,5.786829146565766e-06,71844.05068064242,3.1986524711356146
onset,onset_06,387,1.5707905399591877,1.5658046694653867,11.182277896139139,0.004991636600228355,0.9999875416876772,5.786835708872021e-06,71845.83315363695,3.1986524712026916
onset,onset_06,388,1.5707905399569275,1.5658047052654258,11.182286441963692,0.004991600800635204,0.9999875418663773,5.786837969064054e-06,71846.44713814545,3.198652471195901
onset,onset_06,389,1.5707905399614481,1.5658046336653475,11.182269350314586,0.004991672399821498,0.9999875415089757,5.786833448457942e-06,71845.21917437545,3.1986524711941726
onset,onset_06,390,1.5707308729721876,2.5049060197516093,11.162876142214708,-0.8040700768506243,0.59453452988807,6.54538226622746e-05,70465.33334174915,3.125738713721429
onset,onset_06,391,1.5707558741077687,2.1114120398568526,11.171005694329969,-0.5146639961819751,0.857391957856837,4.045268711685154e-05,71040.51977770618,3.1365334157560807
onset,onset_06,392,1.5707713256593154,1.868219385913425,11.176030033850513,-0.29305738242126866,0.9560948540721981,2.5001135578583093e-05,71398.34964540416,3.173271649805835
onset,onset_06,393,1.57078087524335,1.7179180599620958,11.17913524644523,-0.14659157038304907,0.9891971043497253,1.5451551545921207e-05,71620.40128030689,3.191640986252855
onset,onset_06,394,1.570786777210862,1.6250267319699976,11.181054373371056,-0.05420382771494111,0.9985298918759791,9.549584034567647e-06,71757.98189594812,3.197565606598637
onset,onset_06,395,1.570792258457604,1.5387571468016783,11.182836695654045,0.03203369885622157,0.9994867893679423,4.068337292656482e-06,71885.99178961938,3.198425909196538
onset,onset_06,396,1.570790572664737,1.5652899153758342,11.182288530914793,0.005506383592761008,0.999984839738393,5.7541301594927245e-06,71846.59722201705,3.1986523889399727
onset,onset_06,397,1.5707905403386724,1.5657986967403767,11.18227801953513,0.0049976092507391275,0.9999875118561701,5.786456224206113e-06,71845.84201912524,3.1986524711915347
onset,onset_06,398,1.5707905399175417,1.5658053249323645,11.182277882597248,0.004990981141415487,0.9999875449593151,5.786877354891985e-06,71845.83218070852,3.198652471202567
onset,onset_06,399,1.5707905399577786,1.565804691644183,11.182277895680928,0.004991614421708308,0.9999875417983854,5.786837117967083e-06,71845.83312071639,3.1986524712026934
onset,onset_06,400,1.5707905399580766,1.5658046869539026,11.182277895777828,0.004991619111930262,0.9999875417749733,5.786836819983223e-06,71845.83312767827,3.1986524712026934
onset,onset_06,401,1.5707905399579276,1.5658046892990427,11.182277895729378,0.004991616766819396,0.9999875417866794,5.786836968975153e-06,71845.83312419734,3.1986524712026934
onset,onset_06,402,1.5707905399578705,1.5658046901948066,11.182277895710872,0.004991615871066648,0.9999875417911507,5.7868370260406166e-06,71845.83312286774,3.1986524712026885
onset,onset_06,403,1.5707905399579845,1.565804688403279,11.182277895747884,0.004991617662571922,0.9999875417822081,5.786836912131734e-06,71845.83312552691,3.198652471202692
onset,onset_06,404,1.5707905399579059,1.5658046896411941,11.182277895722308,0.004991616424672241,0.9999875417883872,5.786836990735524e-06,71845.83312368939,3.198652471202694
onset,onset_06,405,1.5707905399578923,1.5658046898526554,11.18227789571794,0.004991616213213582,0.9999875417894428,5.786837004280245e-06,71845.83312337556,3.198652471202689
onset,onset_06,406,1.570790539957914,1.565804689510504,11.182277895725008,0.004991616555360737,0.9999875417877349,5.786836982519874e-06,71845.83312388338,3.198652471202692
onset,onset_06,407,1.5707905399579007,1.565804689721965,11.18227789572064,0.0049916163439023015,0.9999875417887905,5.78683699584255e-06,71845.83312356955,3.198652471202693
onset,onset_06,408,1.570790539957909,1.565804689591275,11.18227789572334,0.004991616424672241,0.9999875417883872,5.786836990735524e-06,71845.83312368939,3.198652471202694
onset,onset_06,409,1.5707905399579074,1.5658046896162345,11.182277895722825,0.004991616424672241,0.9999875417883872,5.786836990735524e-06,71845.83312368939,3.198652471202694
onset,onset_06,410,1.5707905399579067,1.5658046896257682,11.182277895722628,0.004991616424672241,0.9999875417883872,5.786836990735524e-06,71845.83312368939,3.198652471202694
onset,onset_07,0,1.5586834186862162,1.464983497231537,9.52106894026854,0.10560773908111258,0.9943340937929368,0.01211261190474027,13644.188243882742,3.1945143048643527
onset,onset_07,1,0.5999908074321633,1.464983497231537,9.52106894026854,0.05963418854728011,0.5614769082661079,0.8253408053890466,13644.188243882742,3.1261508346268947
onset,onset_07,2,0.9708055193627332,1.464983497231537,9.52106894026854,0.08716877116221451,0.8207247104689303,0.5646348864175504,13644.188243882742,3.159319736770367
onset,onset_07,3,1.1999816148643265,1.464983497231537,9.52106894026854,0.09843705840866886,0.9268196073514027,0.36237489008048024,13644.188243882742,3.1792262509383553
onset,onset_07,4,1.3416202312933032,1.464983497231537,9.52106894026854,0.10285405358699863,0.9684071740974253,0.22717523812546522,13644.188243882742,3.18837289163097
onset,onset_07,5,1.4291577103659199,1.464983497231537,9.52106894026854,0.10455785456519737,0.9844490609553529,0.1411655107767015,13644.188243882742,3.1921311328183255
onset,onset_07,6,1.4832588477222797,1.464983497231537,9.52106894026854,0.10521108968874887,0.9905994999313397,0.08742572471696056,13644.188243882742,3.1936077909715257
onset,onset_07,7,1.5166951894385368,1.464983497231537,9.52106894026854,0.10546096003861323,0.9929521173631669,0.0540747494838181,13644.188243882742,3.1941779760383953
onset,onset_07,8,1.5373599850786395,1.464983497231537,9.52106894026854,0.10555645409934132,0.9938512276098482,0.03343011182110186,13644.188243882742,3.1943966734345866
onset,onset_07,9,1.5501315311547936,1.464983497231537,9.52106894026854,0.10559293718499796,0.9941947287228425,0.02066332491054402,13644.188243882742,3.194480341081889
onset,onset_07,10,1.5580247807187424,1.464983497231537,9.52106894026854,0.10560687359265813,0.9943259449140239,0.012771198879420182,13644.188243882742,3.194512318663271
onset,onset_07,11,1.562903077230948,1.464983497231537,9.52106894026854,0.10561219698850315,0.9943760665625839,0.007893167601504682,13644.188243882742,3.1945245358420666
onset,onset_07,12,1.565918030282691,1.464983497231537,9.52106894026854,0.10561423036838695,0.9943952115510261,0.0048782771634600566,13644.188243882742,3.194529202802013
onset,onset_07,13,1.5677813737431534,1.464983497231537,9.52106894026854,0.1056150070538347,0.9944025243183249,0.003014948484120609,13644.188243882742,3.1945309854823534
onset,onset_07,14,1.568932983334434,1.464983497231537,9.52106894026854,0.10561530372177967,0.9944053175516123,0.0018633423821927913,13644.188243882742,3.194531666414424
onset,onset_07,15,1.5696447172036159,1.464983497231537,9.52106894026854,0.1056154170389246,0.99440638447248,0.001151609336735768,13644.188243882742,3.1945319265085974
onset,onset_07,16,1.5700845929257148,1.464983497231537,9.52106894026854,0.10561546032223314,0.9944067920000887,0.0007117338090919139,13644.188243882742,3.1945320258559278
onset,onset_07,17,1.5703564510727976,1.464983497231537,9.52106894026854,0.10561547685498741,0.9944069476617987,0.0004398757079136694,13644.188243882742,3.194532063803296
onset,onset_07,18,1.5705244686478135,1.464983497231537,9.52106894026854,0.10561548316993787,0.9944070071192833,0.0002718581437344463,13644.188243882742,3.1945320782978692
onset,onset_07,19,1.5706283092198807,1.464983497231537,9.52106894026854,0.10561548558203432,0.9944070298300218,0.00016801757422537424,13644.188243882742,3.194532083834352
onset,onset_07,20,1.5706924862228295,1.464983497231537,9.52106894026854,0.1056154865033732,0.9944070385047521,0.00010384057188047135,13644.188243882742,3.1945320859490347
onset,onset_07,21,1.5707321497919478,1.464983497231537,9.52106894026854,0.10561548685529332,0.9944070418182042,6.417700290481352e-05,13644.188243882742,3.1945320867568174
onset,onset_07,22,1.5707566632257781,1.464983497231537,9.52106894026854,0.10561548698971486,0.9944070430838303,3.9663569108103616e-05,13644.188243882742,3.1945320870653306
onset,onset_07,23,1.5707718133610662,1.464983497231537,9.52106894026854,0.10561548704105932,0.9944070435672565,2.4513433827970486e-05,13644.188243882742,3.194532087183209
onset,onset_07,24,1.5707811766596085,1.464983497231537,9.52106894026854,0.10561548706067116,0.9944070437519088,1.5150135287559522e-05,13644.188243882742,3.1945320872281884
onset,onset_07,25,1.5707869634963543,1.464983497231537,9.52106894026854,0.1056154870681622,0.9944070438224397,9.363298542210877e-06,13644.188243882742,3.1945320872453835
onset,onset_07,26,1.5707905399581508,1.464983497231537,9.52106894026854,0.10561548707102354,0.9944070438493802,5.786836745820326e-06,13644.188243882742,3.1945320872519796
onset,onset_07,27,1.5707905399581508,-0.7416294238611401,9.52106894026854,0.7373688780659734,-0.6754902942502136,5.786836745820325e-06,13644.188243882742,3.1200115187231057
onset,onset_07,28,1.5707905399581508,0.7416294238611396,9.52106894026854,0.7373688780659737,0.6754902942502132,5.786836745820325e-06,13644.188243882742,3.125341026829483
onset,onset_07,29,1.5707905399581508,1.658333805867513,9.52106894026854,-0.08742572471549617,0.9961710408481481,5.786836745820325e-06,13644.188243882742,3.194965648491156
onset,onset_07,30,1.5707905399581508,2.2248882715834193,9.52106894026854,-0.6084388609686737,0.7936007512784092,5.786836745820325e-06,13644.188243882742,3.124610769714983
onset,onset_07,31,1.5707905399581508,1.4814344023571129,9.52106894026854,0.08924303784298718,0.9960098795509349,5.786836745820325e-06,13644.188243882742,3.1954309050325973
onset,onset_07,32,1.5707905399581508,1.5575036825791304,9.52106894026854,0.013292252763057958,0.9999116540889978,5.786836745820326e-06,13644.188243882742,3.197543047279849
onset,onset_07,33,1.5707905399581508,1.5655218737312786,9.52106894026854,0.005274428607810377,0.999986090087944,5.786836745820325e-06,13644.188243882742,3.1975634116577485
onset,onset_07,34,1.5707905399581508,1.5657457280951388,9.52106894026854,0.0050505772274614105,0.9999872457367555,5.786836745820326e-06,13644.188243882742,3.1975634182493926
onset,onset_07,35,1.5707905399581508,1.5656821405169934,9.52106894026854,0.005114163984340542,0.9999869225611172,5.786836745820325e-06,13644.188243882742,3.197563419482554
onset,onset_07,36,1.5707905399581508,1.5656788056900577,9.52106894026854,0.005117498767636812,0.9999869055007049,5.786836745820325e-06,13644.188243882742,3.197563419479214
onset,onset_07,37,1.5707905399581508,1.5656854753439289,9.52106894026854,0.005110829200987621,0.9999869396104086,5.786836745820326e-06,13644.188243882742,3.1975634194791054
onset,onset_07,38,1.5707905399581508,1.5656821405169934,8.342310205260866,0.005114163984340542,0.9999869225611172,5.786836745820325e-06,4197.776273049276,3.1866689404231074
onset,onset_07,39,1.5707905399581508,1.5656821405169934,9.973010023033673,0.005114163984340542,0.9999869225611172,5.786836745820325e-06,21439.92298441949,3.198176066444357
onset,onset_07,40,1.5707905399581508,1.5656821405169934,10.980837935865528,0.005114163984340542,0.9999869225611172,5.786836745820325e-06,58737.752128584805,3.198608932314781
onset,onset_07,41,1.5707905399581508,1.5656821405169934,10.562426354278065,0.005114163984340542,0.9999869225611172,5.786836745820325e-06,38654.80450373986,3.1985023269921378
onset,onset_07,42,1.5707905399581508,1.5656821405169934,11.201395902753685,0.005114163984340542,0.9999869225611172,5.786836745820325e-06,73232.59610067276,3.1986344485575327
onset,onset_07,43,1.5707905399581508,1.5656821405169934,11.356839609684435,0.005114163984340542,0.9999869225611172,5.786836745820325e-06,85548.5739245345,3.198607220143673
onset,onset_07,44,1.5707905399581508,1.5656821405169934,11.165895434042884,0.005114163984340542,0.9999869225611172,5.786836745820325e-06,70678.41025570054,3.1986257007853065
onset,onset_07,45,1.5707905399581508,1.5656821405169934,11.260770115463954,0.005114163984340542,0.9999869225611172,5.786836745820325e-06,77712.40028609529,3.198608829521333
onset,onset_07,46,1.5707905399581508,1.5656821405169934,11.224074833953742,0.005114163984340542,0.9999869225611172,5.786836745820325e-06,74912.40929504858,3.1986010328865455
onset,onset_07,47,1.5707905399581508,1.5656821405169934,11.187835930322711,0.005114163984340542,0.9999869225611172,5.786836745820325e-06,72246.26653061091,3.198649873026175
onset,onset_07,48,1.5707905399581508,1.5656821405169934,11.185598977994314,0.005114163984340542,0.9999869225611172,5.786836745820325e-06,72084.83570032913,3.198651443671933
onset,onset_07,49,1.5707905399581508,1.5656821405169934,11.178072893903694,0.005114163984340542,0.9999869225611172,5.786836745820325e-06,71544.3555658121,3.198650425431649
onset,onset_07,50,1.5707905399581508,1.5656821405169934,11.182624590736724,0.005114163984340542,0.9999869225611172,5.786836745820325e-06,71870.74603418134,3.1986524541159356
onset,onset_07,51,1.5707905399581508,1.5656821405169934,11.182484155208911,0.005114163984340542,0.9999869225611172,5.786836745820325e-06,71860.65353671691,3.198652462131394
onset,onset_07,52,1.5707905399581508,1.5656821405169934,11.18223987185948,0.005114163984340542,0.9999869225611172,5.786836745820325e-06,71843.10131952312,3.198652466385324
onset,onset_07,53,1.5707905399581508,1.5656821405169934,11.182277556162257,0.005114163984340542,0.9999869225611172,5.786836745820325e-06,71845.80872771876,3.198652466540727
onset,onset_07,54,1.5707905399581508,1.5656821405169934,11.182280914135294,0.005114163984340542,0.9999869225611172,5.786836745820325e-06,71846.04998441238,3.1986524665401137
onset,onset_07,55,1.5707905399581508,1.5656821405169934,11.182274198189218,0.005114163984340542,0.9999869225611172,5.786836745820325e-06,71845.56747183514,3.198652466538972
onset,onset_07,56,1.5707963267948966,1.565730271414184,11.183071563494385,0.005066033710758433,0.9999871675688852,6.123233995736767e-17,71902.87748013697,3.1986524052345193
onset,onset_07,57,1.5461158644063482,1.3604552913125412,7.796684672405945,0.208729843517063,0.977661930766168,0.02467795688282903,2432.523980544326,3.1500469758173875
onset,onset_07,58,1.5555429621807102,1.4388633566714104,9.09016936574464,0.13153525544421463,0.9911941431863723,0.015252773133385274,8867.68780763022,3.193483381732729
onset,onset_07,59,1.5613692290205345,1.4873222060553148,9.88958687015569,0.08337350937257705,0.996473778077004,0.009426958143681715,19723.909719744042,3.196315129361455
onset,onset_07,60,1.5593554607358044,1.470573077207183,9.613279302909158,0.1000490001919434,0.9949167351368353,0.011440616471718556,14962.155163878553,3.1948203338743917
onset,onset_07,61,1.5649700599550724,1.5172714220302796,10.383654059083335,0.05349844301228962,0.9985509359036557,0.005826233877401353,32326.870231304947,3.1977361563713336
onset,onset_07,62,1.5663563891479415,1.5288019473908014,10.573871200543536,0.04198162365287232,0.9991085178090987,0.004439923059520083,39099.744074527654,3.198093304932459
onset,onset_07,63,1.5680522944211481,1.5429073120201644,10.806565033231987,0.027885294598179476,0.9996073632433904,0.0027440289301201076,49343.68303040864,3.198439609518677
onset,onset_07,64,1.56910042152169,1.5516249067848213,10.950377730805933,0.01917021807596891,0.999814796173262,0.0016959044602761063,56975.56272730835,3.1985268717618793
onset,onset_07,65,1.5695208181215574,1.555121474325331,11.008060018618723,0.01567419783927002,0.9998763386542368,0.0012755083274802988,60358.67847674851,3.1985728373593374
onset,onset_07,66,1.5700080190818277,1.559173674233522,11.074908480337598,0.011622387275520727,0.999932147040536,0.0007883076314226592,64531.48223290263,3.1986161562952233
onset,onset_07,67,1.5703091258346262,1.5616780715059932,11.116223101775509,0.00911812785472311,0.9999583103208193,0.00048720094099633237,67253.41667673342,3.1986165231878316
onset,onset_07,68,1.5701640490119402,1.5604714230477401,11.09631722469708,0.010324718238968314,0.9999464987778818,0.0006322777408282805,65927.9148378155,3.19859036361898
onset,onset_07,69,1.5704952200420979,1.5632258741417129,11.141756942056473,0.007570379997553081,0.9999712989288336,0.0003011067482487811,68992.76631412022,3.198610446003397
onset,onset_07,70,1.570167334748366,1.5604987515259845,11.096768058015558,0.01029739124031606,0.9999467826353068,0.0006289920050558226,65957.64403939592,3.1985909939162998
onset,onset_07,71,1.570380207496771,1.5622692795049615,11.125976160899526,0.008526943217705708,0.999963558378055,0.00041611928611675876,67912.5522953445,3.1986067488584937
onset,onset_07,72,1.5702549664589767,1.5612276113572416,11.108791936311825,0.009568568017088183,0.9999540736629446,0.0005413603094771184,66755.49775968745,3.198614059879051
onset,onset_07,73,1.5703362766135887,1.5619038928671782,11.119948438866597,0.008892315791735668,0.9999603567510593,0.00046005016507998775,67504.42558047676,3.198613173683483
onset,onset_07,74,1.5702884387939375,1.5615060110397474,11.113384649144406,0.009290180916382928,0.999956716357434,0.0005078879791241138,67062.79170717568,3.1986173176211325
onset,onset_07,75,1.5702756534996654,1.5613996718234875,11.111630388942928,0.009396515415382738,0.9999557162181697,0.0005206732717054473,66945.24925085437,3.1986167625182707
onset,onset_07,76,1.5702909271203604,1.5615267072142713,11.11372607046165,0.009269485647362645,0.999956909675124,0.0005053996530205646,67085.6922830084,3.1986173278877685
onset,onset_07,77,1.5702904848855948,1.561523029012005,11.113665391776252,0.009273163688997816,0.9999568753497231,0.0005058418877297317,67081.62173489058,3.198617328322743
onset,onset_07,78,1.5702905252500827,1.5615233647358389,11.113670930155987,0.009272827979830747,0.9999568784833052,0.0005058015232469211,67081.99325941382,3.1986173283233215
onset,onset_07,79,1.57029056561457,1.5615237004596678,11.113676468535642,0.00927249227066749,0.9999568816167729,0.0005057611587647759,67082.36478598935,3.198617328315797
onset,onset_07,80,0.5999908074321633,1.5615233647358389,11.113670930155987,0.005235762842907426,0.5646106107285026,0.8253408053890466,67081.99325941382,3.126007372508479
onset,onset_07,81,0.9708055193627332,1.5615233647358389,11.113670930155987,0.007653244292092226,0.8253053210128029,0.5646348864175504,67081.99325941382,3.1608263233583314
onset,onset_07,82,1.1999816148643265,1.5615233647358389,11.113670930155987,0.008642577443182519,0.9319923523797277,0.36237489008048024,67081.99325941382,3.182080756731224
onset,onset_07,83,1.3416202312933032,1.5615233647358389,11.113670930155987,0.009030380812279507,0.9738120267305305,0.22717523812546522,67081.99325941382,3.191940959294743
onset,onset_07,84,1.4291577103659199,1.5615233647358389,11.113670930155987,0.00917997114075844,0.9899434462114529,0.14116551077670147,67081.99325941382,3.1960126851920756
onset,onset_07,85,1.4832588477222797,1.5615233647358389,11.113670930155987,0.009237323882044783,0.996128211880987,0.08742572471696057,67081.99325941382,3.197614411945225
onset,onset_07,86,1.5166951894385368,1.5615233647358389,11.113670930155987,0.009259262000517321,0.9984939596890249,0.054074749483818095,67081.99325941382,3.1982330876784864
onset,onset_07,87,1.5373599850786395,1.5615233647358389,11.113670930155987,0.009267646188632536,0.9993980880298656,0.03343011182110186,67081.99325941382,3.1984704094633525
onset,onset_07,88,1.5501315311547936,1.5615233647358389,11.113670930155987,0.009270849330805322,0.9997435062836502,0.02066332491054402,67081.99325941382,3.1985612058764157
onset,onset_07,89,1.5580247807187424,1.5615233647358389,11.113670930155987,0.00927207291960846,0.9998754548157264,0.012771198879420182,67081.99325941382,3.198595908571428
onset,onset_07,90,1.562903077230948,1.5615233647358389,11.113670930155987,0.009272540303148712,0.9999258562021192,0.00789316760150468,67081.99325941382,3.1986091669670165
onset,onset_07,91,1.565918030282691,1.5615233647358389,11.113670930155987,0.009272718829847919,0.9999451080421461,0.0048782771634600566,67081.99325941382,3.198614231682496
onset,onset_07,92,1.5677813737431534,1.5615233647358389,11.113670930155987,0.009272787021281507,0.9999524616232994,0.0030149484841206086,67081.99325941382,3.1986161662986388
onset,onset_07,93,1.568932983334434,1.5615233647358389,11.113670930155987,0.009272813068135516,0.9999552704461186,0.0018633423821927913,67081.99325941382,3.1986169052660283
onset,onset_07,94,1.5696447172036159,1.5615233647358389,11.113670930155987,0.009272823017154883,0.9999563433216613,0.0011516093367357678,67081.99325941382,3.198617187527878
onset,onset_07,95,1.5700845929257148,1.5615233647358389,11.113670930155987,0.009272826817343068,0.9999567531237542,0.000711733809091914,67081.99325941382,3.1986172953425136
onset,onset_07,96,1.5703564510727976,1.5615233647358389,11.113670930155987,0.009272828268885926,0.9999569096542398,0.0004398757079136694,67081.99325941382,3.198617336524076
onset,onset_07,97,1.5705244686478135,1.5615233647358389,11.113670930155987,0.009272828823325984,0.9999569694435672,0.0002718581437344463,67081.99325941382,3.198617352254032
onset,onset_07,98,1.5706283092198807,1.5615233647358389,11.113670930155987,0.009272829035103241,0.9999569922810583,0.00016801757422537421,67081.99325941382,3.1986173582623465
onset,onset_07,99,1.5706924862228295,1.5615233647358389,11.113670930155987,0.009272829115994956,0.9999570010042038,0.00010384057188047133,67081.99325941382,3.198617360557317
onset,onset_07,100,1.5707321497919478,1.5615233647358389,11.113670930155987,0.009272829146892843,0.9999570043361489,6.417700290481352e-05,67081.99325941382,3.1986173614339175
onset,onset_07,101,1.5707566632257781,1.5615233647358389,11.113670930155987,0.009272829158694786,0.9999570056088387,3.966356910810361e-05,67081.99325941382,3.1986173617687443
onset,onset_07,102,1.5707718133610662,1.5615233647358389,11.113670930155987,0.009272829163202727,0.999957006094963,2.4513433827970486e-05,67081.99325941382,3.198617361896638
onset,onset_07,103,1.5707811766596085,1.5615233647358389,11.113670930155987,0.009272829164924607,0.9999570062806458,1.515013528755952e-05,67081.99325941382,3.1986173619454896
onset,onset_07,104,1.5707869634963543,1.5615233647358389,11.113670930155987,0.009272829165582306,0.9999570063515704,9.363298542210875e-06,67081.99325941382,3.198617361964153
onset,onset_07,105,1.5707905399581508,1.5615233647358389,11.113670930155987,0.009272829165833526,0.9999570063786611,5.786836745820325e-06,67081.99325941382,3.198617361971278
onset,onset_07,106,1.5707905399581508,1.5615233647358389,8.342310205260866,0.009272829165833526,0.9999570063786611,5.786836745820325e-06,4197.776273049276,3.186668454190433
onset,onset_07,107,1.5707905399581508,1.5615233647358389,9.973010023033673,0.009272829165833526,0.9999570063786611,5.786836745820325e-06,21439.92298441949,3.198170635937826
onset,onset_07,108,1.5707905399581508,1.5615233647358389,10.980837935865528,0.009272829165833526,0.9999570063786611,5.786836745820325e-06,58737.752128584805,3.1986032860925504
onset,onset_07,109,1.5707905399581508,1.5615233647358389,10.562420099415265,0.009272829165833526,0.9999570063786611,5.786836745820325e-06,38654.562723997275,3.1984967458320925
onset,onset_07,110,1.5707905399581508,1.5615233647358389,11.201254101469095,0.009272829165833526,0.9999570063786611,5.786836745820325e-06,73222.21236070307,3.198629000866893
onset,onset_07,111,1.5707905399581508,1.5615233647358389,11.361154581519333,0.009272829165833526,0.9999570063786611,5.786836745820325e-06,85918.51117194844,3.198596327077697
onset,onset_07,112,1.5707905399581508,1.5615233647358389,11.16015677058894,0.009272829165833526,0.9999570063786611,5.786836745820325e-06,70273.97222258421,3.1986099421377063
onset,onset_07,113,1.5707905399581508,1.5615233647358389,11.262330650030862,0.009272829165833526,0.9999570063786611,5.786836745820325e-06,77833.76784752635,3.19860411999182
onset,onset_07,114,1.5707905399581508,1.5615233647358389,11.207901944371358,0.009272829165833526,0.9999570063786611,5.786836745820325e-06,73710.6037012314,3.1986157004620672
onset,onset_07,115,1.5707905399581508,1.5615233647358389,11.18519763241202,0.009272829165833526,0.9999570063786611,5.786836745820325e-06,72055.91057484438,3.198645978985798
onset,onset_07,116,1.5707905399581508,1.5615233647358389,11.175632874303194,0.009272829165833526,0.9999570063786611,5.786836745820325e-06,71369.99873946882,3.1986415732073485
onset,onset_07,117,1.5707905399581508,1.5615233647358389,11.184302473776333,0.009272829165833526,0.9999570063786611,5.786836745820325e-06,71991.43796515286,3.198646382559399
onset,onset_07,118,1.5707905399581508,1.5615233647358389,11.182605923403006,0.009272829165833526,0.9999570063786611,5.786836745820325e-06,71869.40441150287,3.198646771938789
onset,onset_07,119,1.5707905399581508,1.5615233647358389,11.1799424556521,0.009272829165833526,0.9999570063786611,5.786836745820325e-06,71678.2372673503,3.198646174978668
onset,onset_07,120,1.5707905399581508,1.5615233647358389,11.182351258604218,0.009272829165833526,0.9999570063786611,5.786836745820325e-06,71851.10413440646,3.198646782550982
onset,onset_07,121,1.5707905399581508,1.5615233647358389,11.182262159477856,0.009272829165833526,0.9999570063786611,5.786836745820325e-06,71844.70254899205,3.198646783093222
onset,onset_07,122,1.5707905399581508,1.5615233647358389,11.182277313841416,0.009272829165833526,0.9999570063786611,5.786836745820325e-06,71845.7913179841,3.1986467831182157
onset,onset_07,123,1.5707905399581508,1.5615233647358389,11.182280648192346,0.009272829165833526,0.9999570063786611,5.786836745820325e-06,71846.03087746461,3.1986467831172485
onset,onset_07,124,1.5707905399581508,1.5615233647358389,11.182273979490486,0.009272829165833526,0.9999570063786611,5.786836745820325e-06,71845.55175930234,3.198646783116853
onset,onset_07,125,1.5555429628552884,1.4347045865009287,9.090169215982126,0.13565625472534135,0.9906385483546514,0.01525277245888558,8867.686479583104,3.1931740465499336
onset,onset_07,126,1.5461158654978384,1.3562965246096457,7.7966845798476205,0.21279389466281526,0.976785420085791,0.024677955791671213,2432.5237553939924,3.1498528078187795
onset,onset_07,127,1.5613692294374466,1.4831634337417468,9.889586685039038,0.08751688399921474,0.9961184304504588,0.00942695772678818,19723.90606852027,3.196114205185177
onset,onset_07,128,1.5593969288228096,1.466759204232175,9.618968864288973,0.1038427985838349,0.9945283970489389,0.011399151088808852,15047.52589476918,3.194610005949584
onset,onset_07,129,1.5649700602127383,1.5131126483922115,10.38365385211663,0.05765071571255126,0.9983198134764425,0.005826233619739837,32326.86354071982,3.197607627302738
onset,onset_07,130,1.5664914307799584,1.5257663543073101,10.592399914658497,0.045014339054007625,0.9989770654345931,0.00430488271846861,39830.96543047044,3.198067126357399
onset,onset_07,131,1.5681357547396308,1.5394427013217415,10.818016315764538,0.03134837774395517,0.9995049777694274,0.0026605689163932953,49911.97913548645,3.1983741500189766
onset,onset_07,132,1.569876585675485,1.5539217264749978,11.0568743633963,0.016873792347913603,0.9998572044088652,0.000919740989739771,63378.14490414433,3.198613870196348
onset,onset_07,133,1.569211647426656,1.5483912309904186,10.96563870768741,0.02240319320589078,0.9997477610515473,0.0015846787049972908,57851.734083533695,3.198523173968137
onset,onset_07,134,1.5702278955222493,1.5568436782872752,11.105077311990373,0.013952193549387825,0.999902501837596,0.0005684312420359749,66507.98615503791,3.198589941639361
onset,onset_07,135,1.5698830093352438,1.5539751540246292,11.05775574871469,0.01682037250247258,0.9998581103938339,0.0009133173326790216,63434.03009514525,3.1986133345116903
onset,onset_07,136,1.569622601864852,1.5518092651745163,11.022025443901388,0.018985907730277453,0.9998190624698444,0.0011737246605514544,61207.526557320605,3.19855149892554
onset,onset_07,137,1.5697795724924155,1.5531148380581328,11.043563260620452,0.01768055830334066,0.9998431697366977,0.001016754127296164,62540.101915806124,3.1986094781494745
onset,onset_07,138,1.5698462769574726,1.5536696395655651,11.052715727964475,0.01712584223636205,0.9998528906460556,0.000950049694505716,63115.1255849327,3.198615548530556
onset,onset_07,139,1.5698251322186314,1.5534937722833189,11.049814474928791,0.017301683029700726,0.9998498429993032,0.0009711944235903762,62932.278007033456,3.1986154391890653
onset,onset_07,140,1.5698379018593935,1.5535999813045305,11.051566587324409,0.01719549007098548,0.999851687273239,0.0009584247887716893,63042.6390856879,3.1986156636994374
onset,onset_07,141,1.569837449422073,1.553596218244484,11.051504508754455,0.017199252565340654,0.9998516221248328,0.0009588772258842889,63038.72561028008,3.198615664401448
onset,onset_07,142,1.5698371142768335,1.5535934307386692,11.051458523738914,0.0172020396519554,0.99985157385656,0.0009592123709697216,63035.8268401537,3.198615664536939
onset,onset_07,143,1.5698371430938014,1.553593670418237,11.051462477692512,0.017201800008437358,0.9998515780071457,0.0009591835540150554,63036.0760813808,3.198615664538205
onset,onset_07,144,1.5698371447746584,1.553593684398439,11.051462708321562,0.017201786030337948,0.9998515782492423,0.0009591818731588194,63036.09061933283,3.198615664538198
onset,onset_07,145,1.5698371414129446,1.5535936564380346,11.05146224706346,0.01720181398653698,0.999851577765049,0.0009591852348710692,63036.06154343201,3.198615664538195
terminal,terminal_00,0,1.5242978470524262,1.5707929796383313,11.625366813273999,3.3435387591854934e-06,0.9989191404509232,0.04648172575980417,111900.6623351488,4.1813464167967505
terminal,terminal_00,1,0.5999908074321633,1.5707929796383313,11.625366813273999,1.889921367071406e-06,0.5646348864143873,0.8253408053890466,111900.6623351488,0.9070033650339533
terminal,terminal_00,2,0.9708055193627332,1.5707929796383313,11.625366813273999,2.7625448953701044e-06,0.8253408053844232,0.5646348864175504,111900.6623351488,1.3302959280262485
terminal,terminal_00,3,1.1999816148643265,1.5707929796383313,11.625366813273999,3.1196584464413654e-06,0.9320324238080067,0.3623748900804803,111900.6623351488,1.7966052783461977
terminal,terminal_00,4,1.3416202312933032,1.5707929796383313,11.625366813273999,3.2596414623779096e-06,0.9738538962144234,0.22717523812546525,111900.6623351488,2.2900758498554747
terminal,terminal_00,5,1.4291577103659199,1.5707929796383313,11.625366813273999,3.313638170514249e-06,0.9899860092729457,0.1411655107767015,111900.6623351488,2.8161315780107845
terminal,terminal_00,6,1.4832588477222797,1.5707929796383313,11.625366813273999,3.334340439595059e-06,0.9961710408592475,0.08742572471696057,111900.6623351488,3.3880481686117894
terminal,terminal_00,7,1.5166951894385368,1.5707929796383313,11.625366813273999,3.342259308363296e-06,0.9985368903836711,0.054074749483818095,111900.6623351488,3.994320037667097
terminal,terminal_00,8,1.5373599850786395,1.5707929796383313,11.625366813273999,3.3452856975905993e-06,0.9994410575979145,0.03343011182110186,111900.6623351488,4.565045867489448
terminal,terminal_00,9,1.5501315311547936,1.5707929796383313,11.625366813273999,3.3464419162765387e-06,0.9997864907031114,0.02066332491054402,111900.6623351488,5.034772074309749
terminal,terminal_00,10,1.5580247807187424,1.5707929796383313,11.625366813273999,3.3468835876610046e-06,0.9999184449083739,0.012771198879420183,111900.6623351488,5.268353764467902
terminal,terminal_00,11,1.562903077230948,1.5707929796383313,11.625366813273999,3.3470522962457593e-06,0.9999688484617968,0.00789316760150468,111900.6623351488,5.3503142587781
terminal,terminal_00,12,1.5688513219214737,1.5707929796383313,11.625366813273999,3.3471502340844128e-06,0.9999981084730158,0.0019450036470833331,111900.6623351488,5.393085050205527
terminal,terminal_00,13,1.5699273352411385,1.5707929796383313,11.625366813273999,3.347155301506224e-06,0.9999996224212618,0.0008689914443888503,111900.6623351488,5.395186413093018
terminal,terminal_00,14,1.5706988833804616,1.5707929796383313,11.625366813273999,3.3471565494116344e-06,0.9999999952467888,9.744341428081467e-05,111900.6623351488,5.395702181477767
terminal,terminal_00,15,1.5706955493588897,1.5707929796383313,11.625366813273999,3.3471565483056123e-06,0.9999999949163525,0.00010077743583637068,111900.6623351488,5.3957017245743035
terminal,terminal_00,16,1.5707022174020335,1.5707929796383313,11.625366813273999,3.3471565504804503e-06,0.9999999955661094,9.410939272417549e-05,111900.6623351488,5.395702622928514
terminal,terminal_00,17,1.5707381639914466,1.5707929796383313,11.625366813273999,3.3471565596410586e-06,0.9999999983029424,5.816280341721392e-05,111900.6623351488,5.395706406599079
terminal,terminal_00,18,1.5707603802054835,1.5707929796383313,11.625366813273999,3.3471565631401e-06,0.9999999993483196,3.594658940540261e-05,111900.6623351488,5.395707851902173
terminal,terminal_00,19,1.5707741105808597,1.5707929796383313,11.625366813273999,3.347156564476615e-06,0.9999999997476182,2.2216214035096862e-05,111900.6623351488,5.39570840374766
terminal,terminal_00,20,1.5707825964195203,1.5707929796383313,11.625366813273999,3.347156564987118e-06,0.9999999999001367,1.37303753758495e-05,111900.6623351488,5.395708614675162
terminal,terminal_00,21,1.570787840956236,1.5707929796383313,11.625366813273999,3.3471565651821127e-06,0.9999999999583935,8.48583866060284e-06,111900.6623351488,5.395708695101173
terminal,terminal_00,22,1.5707911749791272,1.5707929796383313,11.625366813273999,3.3471565652582076e-06,0.9999999999811277,5.1518157693604425e-06,111900.6623351488,5.395708726607816
terminal,terminal_00,23,1.5707911749791272,-0.7416294238611401,11.625366813273999,0.7373688780685345,-0.6754902942525596,5.1518157693604425e-06,111900.6623351488,1.2546840796802292
terminal,terminal_00,24,1.5707911749791272,0.7416294238611396,11.625366813273999,0.7373688780685348,0.6754902942525592,5.1518157693604425e-06,111900.6623351488,1.137008264997026
terminal,terminal_00,25,1.5707911749791272,-1.6583338058675134,11.625366813273999,-0.08742572471580023,-0.9961710408516079,5.1518157693604425e-06,111900.6623351488,2.6963002593203016
terminal,terminal_00,26,1.5707911749791272,-2.2248882715834197,11.625366813273999,-0.6084388609707874,-0.7936007512811653,5.151815769360443e-06,111900.6623351488,1.8534041783534227
terminal,terminal_00,27,1.5707911749791272,-1.5810772375569884,11.625366813273999,-0.010280729652458923,-0.9999471518891746,5.151815769360443e-06,111900.6623351488,5.383761081330396
terminal,terminal_00,28,1.5707911749791272,-1.2604367045069638,11.625366813273999,0.3054010970829457,-0.9522238024088623,5.1518157693604425e-06,111900.6623351488,1.8717327510387145
terminal,terminal_00,29,1.5707911749791272,-1.4683990215983407,11.625366813273999,0.10221845614192251,-0.9947619751465275,5.1518157693604425e-06,111900.6623351488,2.800649108368573
terminal,terminal_00,30,1.5707911749791272,-1.562462347740754,11.625366813273999,0.008333882581327182,-0.999965272584293,5.1518157693604425e-06,111900.6623351488,5.117732598827471
terminal,terminal_00,31,1.5707911749791272,-1.6105866207974309,11.625366813273999,-0.039779795053309246,-0.9992084706801557,5.1518157693604425e-06,111900.6623351488,3.842657559652727
terminal,terminal_00,32,1.5707911749791272,-1.5769396666515938,11.625366813273999,-0.006143301214441357,-0.9999811297337803,5.151815769360443e-06,111900.6623351488,5.431645005354613
terminal,terminal_00,33,1.5707911749791272,-1.5757694987358746,11.625366813273999,-0.00497315144115857,-0.9999876337926396,5.151815769360443e-06,111900.6623351488,5.433854436030926
terminal,terminal_00,34,1.5707911749791272,-1.575837190347504,11.625366813273999,-0.005040842204253834,-0.9999872948609551,5.1518157693604425e-06,111900.6623351488,5.433842920411286
terminal,terminal_00,35,1.5707911749791272,-1.5757487605340352,11.625366813273999,-0.004952413494704208,-0.9999877367118241,5.151815769360443e-06,111900.6623351488,5.433855160918148
terminal,terminal_00,36,1.5707911749791272,-1.5757453805299457,11.625366813273999,-0.0049490335320363866,-0.9999877534452898,5.151815769360443e-06,111900.6623351488,5.43385516684009
terminal,terminal_00,37,1.5707911749791272,-1.5757420005259064,11.625366813273999,-0.004945653569362206,-0.999987770167331,5.151815769360443e-06,111900.6623351488,5.433855140436457
terminal,terminal_00,38,1.5707911749791272,-1.5757453805299457,8.342310205260866,-0.0049490335320363866,-0.9999877534452898,5.151815769360443e-06,4197.776273049276,13.283464042307955
terminal,terminal_00,39,1.5707911749791272,-1.5757453805299457,9.973010023033673,-0.0049490335320363866,-0.9999877534452898,5.151815769360443e-06,21439.92298441949,12.89097809811296
terminal,terminal_00,40,1.5707911749791272,-1.5757453805299457,7.334482292429009,-0.0049490335320363866,-0.9999877534452898,5.151815769360443e-06,1532.2343252594655,12.665637344657881
terminal,terminal_00,41,1.5707911749791272,-1.5757453805299457,8.785722950110566,-0.0049490335320363866,-0.9999877534452898,5.151815769360443e-06,6540.199510055041,13.34789748601308
terminal,terminal_00,42,1.5707911749791272,-1.5757453805299457,8.787499163498268,-0.0049490335320363866,-0.9999877534452898,5.151815769360443e-06,6551.826623043018,13.347943671652583
terminal,terminal_00,43,1.5707911749791272,-1.5757453805299457,8.835122970820098,-0.0049490335320363866,-0.9999877534452898,5.151815769360443e-06,6871.398775477885,13.348489152575448
terminal,terminal_00,44,1.5707911749791272,-1.5757453805299457,9.269757149407258,-0.0049490335320363866,-0.9999877534452898,5.151815769360443e-06,10612.174400628912,13.306526391490152
terminal,terminal_00,45,1.5707911749791272,-1.5757453805299457,8.83075745219668,-0.0049490335320363866,-0.9999877534452898,5.151815769360443e-06,6841.466937688372,13.348495072935703
terminal,terminal_00,46,1.5707911749791272,-1.5757453805299457,8.83065040665087,-0.0049490335320363866,-0.9999877534452898,5.151815769360443e-06,6840.734628321809,13.348495094239658
terminal,terminal_00,47,1.5707911749791272,-1.5757453805299457,8.830319311228216,-0.0049490335320363866,-0.9999877534452898,5.151815769360443e-06,6838.4700673123625,13.348495135854563
terminal,terminal_00,48,1.5707911749791272,-1.5757453805299457,8.813963470198667,-0.0049490335320363866,-0.9999877534452898,5.151815769360443e-06,6727.530863133688,13.348412222662523
terminal,terminal_00,49,1.5707911749791272,-1.5757453805299457,8.83010936475744,-0.0049490335320363866,-0.9999877534452898,5.151815769360443e-06,6837.034505357083,13.348495119207081
terminal,terminal_00,50,1.5707911749791272,-1.5757453805299457,8.830315936437628,-0.0049490335320363866,-0.9999877534452898,5.151815769360443e-06,6838.446988946889,13.348495135919855
terminal,terminal_00,51,1.5707911749791272,-1.5757453805299457,8.830297365876637,-0.0049490335320363866,-0.9999877534452898,5.151815769360443e-06,6838.319996329162,13.348495136114531
terminal,terminal_00,52,1.5707911749791272,-1.5757453805299457,8.830225555839027,-0.0049490335320363866,-0.9999877534452898,5.151815769360443e-06,6837.828953944129,13.348495133846104
terminal,terminal_00,53,1.5707911749791272,-1.5757453805299457,8.830293674045446,-0.0049490335320363866,-0.9999877534452898,5.151815769360443e-06,6838.294750452707,13.348495136117023
terminal,terminal_00,54,1.5707911749791272,-1.5757453805299457,8.830290299254479,-0.0049490335320363866,-0.9999877534452898,5.151815769360443e-06,6838.271672676291,13.34849513610636
terminal,terminal_00,55,1.5707963267948966,-1.5760940410080309,8.82998395859772,-0.005297689432425709,-0.9999859671448783,6.123233995736766e-17,6836.177152875659,13.346024125243359
terminal,terminal_00,56,1.5319204587373334,1.0549159465070304,11.167112734218975,0.49292812261310487,0.8692015267142668,0.03886607639970595,70764.4994845366,1.2636373219516532
terminal,terminal_00,57,1.5467697189931662,0.04995955601671387,10.274408978017084,0.998464016001712,0.04992436220901132,0.02402429619690763,28981.384179942484,1.055349765801082
terminal,terminal_00,58,1.5227431111914358,1.676013153041458,11.718833997436445,-0.10490156710647476,0.9933218644898917,0.048034724366140494,122864.08181100218,2.724430101678193
terminal,terminal_00,59,1.5170711984815006,2.059872336997347,12.059816490420868,-0.4691325559874675,0.8814936366832774,0.05369928676952624,172787.2746244699,1.5470398988893428
terminal,terminal_00,60,1.5241094650116258,1.5835421491251789,11.636691913146056,-0.012731589327114124,0.9988292280232671,0.046669903360198016,113175.15174988334,4.045125534272172
terminal,terminal_00,61,1.527092999128934,1.3816249070688351,11.457328627205179,0.1878656081545883,0.9812225782782135,0.04368941690801272,94592.04184158481,1.6575080552770816
terminal,terminal_00,62,1.5246161271872705,1.5492526705611689,11.60623253540394,0.021519023507561758,0.9987020758815569,0.046163787292097566,109779.87850654782,3.959995666666361
terminal,terminal_00,63,1.5242241108181627,1.5757832416821702,11.629799667986026,-0.00498148697933452,0.9989032892019934,0.04655538216912715,112397.80277505534,4.147719385218575
terminal,terminal_00,64,1.5243318114730822,1.568494362670258,11.623324949546491,0.002299477626749256,0.9989180719465678,0.04644779802311271,111672.40954149539,4.186102731243211
terminal,terminal_00,65,1.5243515393400757,1.5671592358245827,11.622138955048204,0.0036331608475343767,0.9989150276512951,0.046428091439001756,111540.04518538281,4.185527554835054
terminal,terminal_00,66,1.5243368572283968,1.568152880067017,11.623021610212094,0.002640591249176107,0.9989174628235642,0.046442757712996614,111638.54004434956,4.186192975313556
terminal,terminal_00,67,1.5243371254640463,1.5681347266287005,11.623005484494872,0.0026587250684417486,0.9989174271806818,0.04644248976678436,111636.73980733682,4.186192700174961
terminal,terminal_00,68,1.524336701561608,1.5681634151597645,11.623030968545407,0.002630067541876917,0.9989174833574219,0.04644291321181306,111639.58479990652,4.18619231406145
terminal,terminal_00,69,0.5999908074321633,1.568152880067017,11.623021610212094,0.0014925805046340735,0.5646329136378759,0.8253408053890466,111638.54004434956,0.905654846585939
terminal,terminal_00,70,0.9708055193627332,1.568152880067017,11.623021610212094,0.002181741910455899,0.8253379217281102,0.5646348864175504,111638.54004434956,1.3276271599995573
terminal,terminal_00,71,1.1999816148643265,1.568152880067017,11.623021610212094,0.002463775191605352,0.9320291673820971,0.36237489008048024,111638.54004434956,1.7931830534488544
terminal,terminal_00,72,1.3416202312933032,1.568152880067017,11.623021610212094,0.002574327897240154,0.9738504936685691,0.22717523812546525,111638.54004434956,2.2862384837717986
terminal,terminal_00,73,1.4291577103659199,1.568152880067017,11.623021610212094,0.002616972229053601,0.9899825503631392,0.1411655107767015,111638.54004434956,2.8122367579523133
terminal,terminal_00,74,1.4832588477222797,1.568152880067017,11.623021610212094,0.002633322011520788,0.9961675603395735,0.08742572471696057,111638.54004434956,3.3851354506230424
terminal,terminal_00,75,1.5166951894385368,1.568152880067017,11.623021610212094,0.002639576001421194,0.9985334015979611,0.0540747494838181,111638.54004434956,3.9956712825634515
terminal,terminal_00,76,1.5373599850786395,1.568152880067017,11.623021610212094,0.002641966116501541,0.9994375656531367,0.03343011182110186,111638.54004434956,4.5781565355329334
terminal,terminal_00,77,1.5501315311547936,1.568152880067017,11.623021610212094,0.0026428792494497125,0.9997829975514257,0.02066332491054402,111638.54004434956,5.070480975199019
terminal,terminal_00,78,1.5580247807187424,1.568152880067017,11.623021610212094,0.0026432280629556048,0.9999149512956538,0.012771198879420183,111638.54004434956,5.309055659771243
terminal,terminal_00,79,1.562903077230948,1.568152880067017,11.623021610212094,0.0026433613019087995,0.9999653546729718,0.00789316760150468,111638.54004434956,5.389069054653448
terminal,terminal_00,80,1.5680409431222977,1.568152880067017,11.623021610212094,0.0026434336145401147,0.9999927100428062,0.0027553801860575266,111638.54004434956,5.427076049657076
terminal,terminal_00,81,1.5695862847565354,1.568152880067017,11.623021610212094,0.0026434417139626675,0.9999957739985129,0.001210041743070311,111638.54004434956,5.431074492516014
terminal,terminal_00,82,1.5706111400779148,1.568152880067017,11.623021610212094,0.0026434436039025327,0.9999964889497329,0.00018518671592334757,111638.54004434956,5.432000145598509
terminal,terminal_00,83,1.570787880345104,1.568152880067017,11.623021610212094,0.002643443649135525,0.9999965060610619,8.446449792437132e-06,111638.54004434956,5.432022266029509
terminal,terminal_00,84,1.5707845463227907,1.568152880067017,11.623021610212094,0.0026434436490463914,0.9999965060273435,1.1780472105604428e-05,111638.54004434956,5.432022222367763
terminal,terminal_00,85,1.5707912143674174,1.568152880067017,11.623021610212094,0.002643443649195274,0.9999965060836646,5.1124274791759455e-06,111638.54004434956,5.4320222951294586
terminal,terminal_00,86,1.5707912143674174,-0.7416294238611401,11.623021610212094,0.7373688780686836,-0.6754902942526962,5.1124274791759455e-06,111638.54004434956,1.2547575639838446
terminal,terminal_00,87,1.5707912143674174,0.7416294238611396,11.623021610212094,0.7373688780686839,0.6754902942526959,5.1124274791759455e-06,111638.54004434956,1.1371124228837621
terminal,terminal_00,88,1.5707912143674174,-1.6583338058675134,11.623021610212094,-0.08742572471581793,-0.9961710408518094,5.1124274791759455e-06,111638.54004434956,2.696483677668679
terminal,terminal_00,89,1.5707912143674174,-2.2248882715834197,11.623021610212094,-0.6084388609709103,-0.7936007512813256,5.112427479175945e-06,111638.54004434956,1.854221147162222
terminal,terminal_00,90,1.5707912143674174,-1.5812306670336698,11.623021610212094,-0.010434150899075212,-0.9999455627527324,5.1124274791759455e-06,111638.54004434956,5.3873267304307095
terminal,terminal_00,91,1.5707912143674174,-1.260531529138429,11.623021610212094,0.3053108014389678,-0.9522527576744308,5.112427479175945e-06,111638.54004434956,1.8720165135275006
terminal,terminal_00,92,1.5707912143674174,-1.4684214948149141,11.623021610212094,0.10219610061482609,-0.9947642720730312,5.1124274791759455e-06,111638.54004434956,2.801042252265829
terminal,terminal_00,93,1.5707912143674174,-1.5624735625910748,11.623021610212094,0.00832266811994693,-0.9999653659848566,5.112427479175945e-06,111638.54004434956,5.123152256541119
terminal,terminal_00,94,1.5707912143674174,-1.610681445428896,11.623021610212094,-0.03987454444932022,-0.999204694083661,5.112427479175945e-06,111638.54004434956,3.8398325438115637
terminal,terminal_00,95,1.5707912143674174,-1.576947175413642,11.623021610212094,-0.006150809834625142,-0.9999810835772052,5.112427479175945e-06,111638.54004434956,5.438114250423979
terminal,terminal_00,96,1.5707912143674174,-1.5757812141617826,11.623021610212094,-0.004984866721850692,-0.9999875754616296,5.112427479175945e-06,111638.54004434956,5.440256948020885
terminal,terminal_00,97,1.5707912143674174,-1.5758644119885332,11.623021610212094,-0.005068063497558392,-0.9999871572706561,5.112427479175945e-06,111638.54004434956,5.440243782201875
terminal,terminal_00,98,1.5707912143674174,-1.5757718014320456,11.623021610212094,-0.004975454108841844,-0.9999876223385337,5.112427479175945e-06,111638.54004434956,5.440257052901908
terminal,terminal_00,99,1.5707912143674174,-1.5757751813973178,11.623021610212094,-0.004978834032249464,-0.9999876055159597,5.1124274791759455e-06,111638.54004434956,5.440257045099892
terminal,terminal_00,100,1.5707912143674174,-1.5757684214667735,11.623021610212094,-0.004972074185377387,-0.9999876391496838,5.112427479175945e-06,111638.54004434956,5.440257027957329
terminal,terminal_00,101,1.5645137044947457,-1.1509274957751714,12.000411227363378,0.40763263557079876,-0.9131243965604929,0.006282580969642571,162821.7344062069,1.6503658150301934
terminal,terminal_00,102,1.5606308303747745,-0.8881454384129643,12.233840788973756,0.6308194757621283,-0.7758630389709327,0.010165321341838306,205631.45435584715,1.3335227028783216
terminal,terminal_00,103,1.5669134526749253,-1.31333573885864,11.856143824309175,0.2546237437984065,-0.9670324050715265,0.0038828643631498806,140947.65006833622,1.9999505721328872
terminal,terminal_00,104,1.568396578614717,-1.4137095531373787,11.766981665752999,0.1564410676401685,-0.9876843795339332,0.002399745876905518,128924.42587683105,2.401364102560602
terminal,terminal_00,105,1.569313200855105,-1.4757439819421085,11.711876421254974,0.09490917294464059,-0.9954848312405488,0.0014831253960622965,122012.21251103979,2.865123051619155
terminal,terminal_00,106,1.5698797045545088,-1.5140833674161174,11.677819507196821,0.056682538908531234,-0.9983918316907379,0.0009166221120307582,117926.81594628785,3.3985272056334948
terminal,terminal_00,107,1.5702298230954927,-1.5377784107468386,11.65677117675695,0.033011911817280255,-0.9994547977531355,0.0005665036691028676,115470.59372644813,3.988814852484277
terminal,terminal_00,108,1.5704462082539126,-1.552422752890126,11.64376259313867,0.01837253901246078,-0.9998311493583544,0.00035011853383095504,113978.21277908048,4.566972002409984
terminal,terminal_00,109,1.570579941636477,-1.5614734540775599,11.635722846317076,0.00932273744860117,-0.9999565189266624,0.00021638515673104062,113065.53058815231,5.0471052825511045
terminal,terminal_00,110,1.5706625934123322,-1.5670670950334131,11.63075400952039,0.003729223084298584,-0.9999930374810467,0.00013373338216582666,112505.11986704884,5.294937614393459
terminal,terminal_00,111,1.5707136750190414,-1.570524155264994,11.627683099495485,0.0002721715256126798,-0.9999999595456716,8.26517757611604e-05,112160.15671309743,5.385110884401536
terminal,terminal_00,112,1.5707452451881874,-1.5726607359892666,11.6257851727237,-0.0018644081118166103,-0.9999982606850184,5.10816066870377e-05,111947.48682871631,5.418179961945116
terminal,terminal_00,113,1.5707647566257503,-1.5739812154965747,11.62461218947058,-0.00318488331576535,-0.9999949277479309,3.157016914105037e-05,111816.25128503195,5.431130433447088
terminal,terminal_00,114,1.5707768153573336,-1.574797316713539,11.623887245951916,-0.0040009792433013235,-0.9999919958601662,1.9511437561781167e-05,111735.22019341268,5.436473385701095
terminal,terminal_00,115,1.5707842680633133,-1.575301695003883,11.62343920621746,-0.004505352966756251,-0.9999898507731126,1.20587315830444e-05,111685.16958819501,5.438783714095778
terminal,terminal_00,116,1.5707888740889169,-1.5756134179305032,11.623162302433254,-0.004817072505902694,-0.9999883978111597,7.4527059796747486e-06,111654.24782347075,5.439834202763979
terminal,terminal_00,117,1.570791720769293,-1.5758060732942272,11.622991166483002,-0.005009725543901493,-0.9999874512356439,4.6060256036378576e-06,111635.1414026142,5.440338679198872
terminal,terminal_00,118,1.5707934801145205,-1.5759251408571233,11.622885398649048,-0.005128791576887489,-0.9999868476579366,2.846680376146982e-06,111623.3346199148,5.440595299254427
terminal,terminal_00,119,1.570794567449669,-1.5759987286579509,11.622820030532749,-0.005202378395923105,-0.9999864675364014,1.7593452275636419e-06,111616.03825127317,5.4407325073267385
terminal,terminal_00,120,1.570795239459748,-1.5760442084200197,11.622779630815096,-0.005247857537147712,-0.999986229900236,1.0873351486472953e-06,111611.5290859274,5.440809225085257
terminal,terminal_00,121,1.5707956547848176,-1.5760723164587784,11.62275466241645,-0.005275965186781119,-0.9999860819985927,6.72010078978222e-07,111608.74235956583,5.4408534188103035
terminal,terminal_00,122,1.5707959114698269,-1.5760896881820885,11.622739231097443,-0.0052933366675153,-0.9999859901952386,4.153250697304572e-07,111607.02010274693,5.4408796719690615
terminal,terminal_00,123,1.570796070109887,-1.5761004244975372,11.622729694017805,-0.005304072832245294,-0.9999859333067264,2.5668500953107765e-07,111605.9557027837,5.440895374585281
terminal,terminal_00,124,1.5707963267948966,-1.5761190418682784,11.76915611271723,-0.005322689940181607,-0.9999858343855681,6.123233995736767e-17,129205.07021583065,5.1079939966238275
terminal,terminal_00,125,1.57078975549958,-1.5756424256396542,8.02054904992791,-0.004846079876499931,-0.9999882576643832,6.571295316573695e-06,3042.847549613058,13.165197806017481
terminal,terminal_00,126,1.570792265511041,-1.5758244768393987,9.45238953744552,-0.005028128857293774,-0.9999873588719512,4.061283855710915e-06,12738.568210450834,13.256083019383308
terminal,terminal_00,127,1.5707938167834357,-1.5759369906685339,10.33731562519962,-0.005140641232089544,-0.9999867868134172,2.5100114609575057e-06,30863.070700620698,12.254281669898399
terminal,terminal_00,128,1.5707911183167813,-1.5757412708084495,8.79797053836213,-0.0049449238608268555,-0.9999877737757009,5.2084781152860664e-06,6620.793715611826,13.348197203087182
terminal,terminal_00,129,1.5707912222844964,-1.5757488115896616,8.857279105743405,-0.0049524645497056865,-0.9999877364592167,5.104510400183656e-06,7025.341504379207,13.34826465493451
terminal,terminal_00,130,1.5707911744814398,-1.5757453444326586,8.830009767335461,-0.004948997435191279,-0.9999877536239332,5.1523134568072464e-06,6836.353588255724,13.348495265249035
terminal,terminal_00,131,1.5707911736295856,-1.5757452826476503,8.829523825597445,-0.004948935650939669,-0.9999877539297007,5.153165310950015e-06,6833.032325746744,13.348495327870324
terminal,terminal_00,132,1.5707911736790696,-1.575745286236737,8.8295520539178,-0.004948939239982301,-0.9999877539119388,5.15311582697754e-06,6833.2252134946675,13.348495328081997
terminal,terminal_00,133,1.57079117366268,-1.5757452850479896,8.829542704368214,-0.004948938051249536,-0.9999877539178219,5.153132216533919e-06,6833.1613262153605,13.348495328060556
terminal,terminal_00,134,1.5707911736954594,-1.5757452874254845,8.829561403467386,-0.004948940428715289,-0.9999877539060559,5.153099437199117e-06,6833.289101371295,13.348495328057234
terminal,terminal_00,135,1.5467650065139191,0.050278489737041854,10.273950583268078,0.9984479295761525,0.050242797817339986,0.024029007315748314,28968.102310017784,1.0562500952466207
terminal,terminal_00,136,1.5319128337857404,1.0554319882075367,11.166829430683826,0.4924793666940059,0.8694555245508114,0.03887369558897376,70744.45449121241,1.2600113206832786
terminal,terminal_00,137,1.5227336862329417,1.6766510141731685,11.71865890622259,-0.10553509929333028,0.9932542995519432,0.048044138442954576,122842.57127298681,2.719217432208318
terminal,terminal_00,138,1.5170606610575617,2.0605854866780318,12.059708278099574,-0.469760807317938,0.8811583514480377,0.053709808986586824,172768.57792401765,1.5461370027589678
terminal,terminal_00,139,1.524095600132889,1.5844804916374131,11.636783739839881,-0.01366881865601015,0.9988161945976568,0.046683753126811084,113185.54472706081,4.030030937797395
terminal,terminal_00,140,1.5270815176902786,1.3824019450244656,11.457277166901743,0.18710301037337626,0.9813677679399018,0.043700887380869295,94587.17423165448,1.6631233837368025
terminal,terminal_00,141,1.5246067494668811,1.5498873347501099,11.60605460434266,0.020885169721220585,0.9987150992359569,0.046173155012719805,109760.34699394082,3.9736147220019684
terminal,terminal_00,142,1.5242548275158876,1.5737044278248922,11.627211351690963,-0.002904947868899088,0.998912915965958,0.046524698755241504,112107.25788384755,4.1657404298708975
terminal,terminal_00,143,1.5243310006841488,1.56854924090587,11.622631994049097,0.002244658677380553,0.9989181589740677,0.046448607936961366,111595.05233704191,4.186442973710906
terminal,terminal_00,144,1.5243480182088263,1.567397542445462,11.621608939166968,0.003395112126187457,0.9989157016087049,0.046431608772897745,111480.94285401155,4.1861807487424105
terminal,terminal_00,145,1.524337009399038,1.5681425878926807,11.622270763775049,0.002650872300465584,0.9989174426604194,0.04644260570655417,111554.74810569627,4.186561495993014
terminal,terminal_00,146,1.5243371649357906,1.5681320616004193,11.622261413259215,0.0026613872165103243,0.9989174219247158,0.04644245033763139,111553.70501613451,4.1865613844449046
terminal,terminal_00,147,1.5243368538622857,1.568153114184942,11.62228011429088,0.002640357384279129,0.9989174632854156,0.04644276107547559,111555.79120501131,4.186561301511715
terminal,terminal_00,148,1.524337009399038,-0.7416294238611396,11.622270763775049,0.7365732275817842,-0.6747614132305867,0.04644260570655416,111554.74810569627,1.2543555832970035
terminal,terminal_00,149,1.524337009399038,0.7416294238611398,11.622270763775049,0.7365732275817842,0.6747614132305869,0.04644260570655417,111554.74810569627,1.135679293681064
terminal,terminal_00,150,1.524337009399038,-1.658333805867513,11.622270763775049,-0.08733138886505594,-0.995096132488759,0.04644260570655416,111554.74810569627,2.636398401169478
terminal,terminal_00,151,1.524337009399038,-2.2248882715834193,11.622270763775049,-0.6077823311248874,-0.7927444243560362,0.04644260570655416,111554.74810569627,1.9336065893846734
terminal,terminal_00,152,1.524337009399038,-1.6068449790385637,11.622270763775049,-0.0360019556689491,-0.9982719787528831,0.04644260570655416,111554.74810569627,3.605694282345768
terminal,terminal_00,153,1.524337009399038,-1.2763620445558979,11.622270763775049,0.2898853878551252,-0.955933860831004,0.04644260570655416,111554.74810569627,1.9051444107233317
terminal,terminal_00,154,1.524337009399038,-1.4806117307679902,11.622270763775049,0.08996521565687919,-0.9948614699278472,0.04644260570655416,111554.74810569627,2.870369499141843
terminal,terminal_00,155,1.524337009399038,-1.5647269988179713,11.622270763775049,0.006062741707308452,-0.9989025615835491,0.04644260570655417,111554.74810569627,4.143783898863548
terminal,terminal_00,156,1.524337009399038,-1.5568992832491682,11.622270763775049,0.013881601249563068,-0.9988245018630318,0.04644260570655417,111554.74810569627,4.037575079451617
terminal,terminal_00,157,1.524337009399038,-1.5736752058653902,11.622270763775049,-0.002875768672517889,-0.9989168205259774,0.04644260570655417,111554.74810569627,4.186340347385674
terminal,terminal_00,158,1.524337009399038,-1.5737278844464648,11.622270763775049,-0.00292839018922024,-0.9989166676485508,0.04644260570655417,111554.74810569627,4.186277915448945
terminal,terminal_00,159,1.524337009399038,-1.5728037699936173,11.622270763775049,-0.0020052757404395026,-0.9989189472847085,0.04644260570655416,111554.74810569627,4.186802559557651
terminal,terminal_00,160,1.524337009399038,-1.5697187179238759,11.622270763775049,0.0010764458796348783,-0.9989203800300872,0.04644260570655416,111554.74810569627,4.18010132308136
terminal,terminal_00,161,1.524337009399038,-1.57286517982921,11.622270763775049,-0.0020666191849429806,-0.9989188222575096,0.04644260570655416,111554.74810569627,4.186804932117842
terminal,terminal_00,162,1.524337009399038,-1.5728617999072023,11.622270763775049,-0.0020632429172200216,-0.9989188292368155,0.04644260570655416,111554.74810569627,4.186804895425763
terminal,terminal_00,163,1.524337009399038,-1.5728748287847756,11.622270763775049,-0.002076257708176287,-0.9989188022702921,0.04644260570655416,111554.74810569627,4.186804978116647
terminal,terminal_00,164,1.524337009399038,-1.5731805456257542,11.622270763775049,-0.0023816439070170063,-0.9989181208424871,0.04644260570655416,111554.74810569627,4.186731732325424
terminal,terminal_00,165,1.524337009399038,-1.5728782087069262,11.622270763775049,-0.0020796339759508696,-0.9989187952469969,0.04644260570655416,111554.74810569627,4.186804968555408
terminal,terminal_00,166,1.524337009399038,-1.572871448862625,11.622270763775049,-0.0020728814403779866,-0.9989188092821757,0.04644260570655416,111554.74810569627,4.186804973176147
terminal,terminal_00,167,1.5243341182506196,-1.5726651337110846,9.973010023033673,-0.0018667890612724697,-0.998919081412655,0.04644549373511379,21439.92298441949,6.509485120615778
terminal,terminal_00,168,1.5243312596394352,-1.5724577985638828,8.342310205260866,-0.001659677767244659,-0.9989193142194326,0.04644834926116886,4197.776273049276,6.899095506366111
terminal,terminal_00,169,1.5243294929205626,-1.5723296583958495,7.334482292429009,-0.0015316759393639513,-0.9989194366271034,0.0464501140731368,1532.2343252594655,6.51352553452528
terminal,terminal_00,170,1.5243317998873922,-1.572496982762942,8.65049561004088,-0.0016988196618883552,-0.9989192735128612,0.046447809596298455,5712.977441215228,6.874730934772541
terminal,terminal_00,171,1.5243313322207648,-1.5724630628896907,8.383714353336508,-0.001664936409566565,-0.9989193088397821,0.04644827675817666,4375.229932175407,6.900987397594672
terminal,terminal_00,172,1.524331381577292,-1.5724666427199727,8.411869871912588,-0.0016685123749761723,-0.9989193051657129,0.04644822745491997,4500.16738580683,6.901435095492168
terminal,terminal_00,173,1.5243313894395738,-1.5724672129714714,8.41635492438656,-0.0016690820108169293,-0.9989193045792673,0.046448219601124024,4520.396202416107,6.901433120567343
terminal,terminal_00,174,1.5243313847375168,-1.57246687193115,8.413672627643564,-0.0016687413386913786,-0.9989193049300316,0.04644822429810606,4508.287405358713,6.901443745095325
terminal,terminal_00,175,1.524331385310805,-1.5724669135117557,8.413999660888713,-0.0016687828744055317,-0.9989193048872717,0.04644822372543672,4509.76200632758,6.901452565252223
terminal,terminal_00,176,1.5243313868878543,-1.5724670278951889,8.414899291492429,-0.001668897134347454,-0.9989193047696351,0.04644822215008945,4513.82095174595,6.901429607898032
terminal,terminal_00,177,1.5243313859131842,-1.5724669572023393,8.414343289202012,-0.0016688265178196686,-0.9989193048423399,0.04644822312370761,4511.3119545269865,6.901445150699462
terminal,terminal_00,178,1.5243313853507279,-1.5724669164073701,8.414022435020545,-0.001668785766893768,-0.9989193048842938,0.04644822368555686,4509.864713411571,6.901452606388614
terminal,terminal_00,179,1.5243313853671328,-1.5724669175972146,8.414031793198692,-0.0016687869554536273,-0.9989193048830702,0.04644822366916969,4509.9069177264555,6.901452598536485
terminal,terminal_00,180,1.524331385334323,-1.5724669152175255,8.414013076842398,-0.0016687845783336871,-0.9989193048855174,0.04644822370194403,4509.82250949164,6.9014525998161265
terminal,terminal_01,0,1.5083505366760954,-1.5406751185713847,6.394801958986936,0.03005795314991065,-0.9975981699831812,0.062405213713645935,598.7247394271317,3.911312783237611
terminal,terminal_01,1,0.5999908074321633,-1.5406751185713847,6.394801958986936,0.01700491332184452,-0.5643787627849549,0.8253408053890466,598.7247394271317,0.9412507589685389
terminal,terminal_01,2,0.9708055193627332,-1.5406751185713847,6.394801958986936,0.024856503192123423,-0.8249664231284204,0.5646348864175504,598.7247394271317,1.37839083705093
terminal,terminal_01,3,1.1999816148643265,-1.5406751185713847,6.394801958986936,0.028069697713244173,-0.9316096452428169,0.36237489008048024,598.7247394271317,1.8544508937041904
terminal,terminal_01,4,1.3416202312933032,-1.5406751185713847,6.394801958986936,0.029329220513507524,-0.9734121470408659,0.22717523812546522,598.7247394271317,2.3580700205402554
terminal,terminal_01,5,1.4291577103659199,-1.5406751185713847,6.394801958986936,0.029815065775390687,-0.9895369424230518,0.14116551077670147,598.7247394271317,2.896954983058263
terminal,terminal_01,6,1.4832588477222797,-1.5406751185713847,6.394801958986936,0.030001338229588184,-0.9957191684215727,0.08742572471696057,598.7247394271317,3.4816377492028674
terminal,terminal_01,7,1.5166951894385368,-1.5406751185713847,6.394801958986936,0.03007258970034096,-0.9980839447746754,0.054074749483818095,598.7247394271317,4.093181241455027
terminal,terminal_01,8,1.5373599850786395,-1.5406751185713847,6.394801958986936,0.030099820191188415,-0.9989877018502714,0.03343011182110185,598.7247394271317,4.6722657165923165
terminal,terminal_01,9,1.5501315311547936,-1.5406751185713847,6.394801958986936,0.03011022348038238,-0.9993329782638032,0.02066332491054402,598.7247394271317,5.0514850649910406
terminal,terminal_01,10,1.5580247807187424,-1.5406751185713847,6.394801958986936,0.03011419749948203,-0.9994648726134123,0.012771198879420182,598.7247394271317,5.206121899477104
terminal,terminal_01,11,1.562903077230948,-1.5406751185713847,6.394801958986936,0.030115715485844,-0.9995152533033153,0.00789316760150468,598.7247394271317,5.26598677974536
terminal,terminal_01,12,1.565918030282691,-1.5406751185713847,6.394801958986936,0.03011629531177133,-0.9995344972378947,0.0048782771634600566,598.7247394271317,5.289456964938927
terminal,terminal_01,13,1.5677813737431534,-1.5406751185713847,6.394801958986936,0.030116516786550123,-0.9995418477994223,0.0030149484841206086,598.7247394271317,5.298568067867095
terminal,terminal_01,14,1.568932983334434,-1.5406751185713847,6.394801958986936,0.030116601382531267,-0.9995446554688453,0.0018633423821927913,598.7247394271317,5.302073733914929
terminal,terminal_01,15,1.5696447172036159,-1.5406751185713847,6.394801958986936,0.030116633695341653,-0.9995457279038295,0.0011516093367357678,598.7247394271317,5.303416760952332
terminal,terminal_01,16,1.5700845929257148,-1.5406751185713847,6.394801958986936,0.03011664603774,-0.9995461375376439,0.0007117338090919139,598.7247394271317,5.303930347355644
terminal,terminal_01,17,1.5703564510727976,-1.5406751185713847,6.394801958986936,0.030116650752117113,-0.9995462940038529,0.0004398757079136694,598.7247394271317,5.304126607653468
terminal,terminal_01,18,1.5705244686478135,-1.5406751185713847,6.394801958986936,0.030116652552849,-0.9995463537686288,0.0002718581437344463,598.7247394271317,5.304201585268049
terminal,terminal_01,19,1.5706283092198807,-1.5406751185713847,6.394801958986936,0.030116653240667382,-0.9995463765967421,0.00016801757422537421,598.7247394271317,5.304230226044117
terminal,terminal_01,20,1.5706924862228295,-1.5406751185713847,6.394801958986936,0.030116653503390628,-0.9995463853163056,0.00010384057188047133,598.7247394271317,5.304241166121668
terminal,terminal_01,21,1.5707321497919478,-1.5406751185713847,6.394801958986936,0.03011665360374198,-0.9995463886468825,6.417700290481352e-05,598.7247394271317,5.3042453448998
terminal,terminal_01,22,1.5707566632257781,-1.5406751185713847,6.394801958986936,0.030116653642072784,-0.9995463899190496,3.966356910810361e-05,598.7247394271317,5.304246941057196
terminal,terminal_01,23,1.5707718133610662,-1.5406751185713847,6.394801958986936,0.03011665365671385,-0.9995463904049743,2.4513433827970483e-05,598.7247394271317,5.3042475507343765
terminal,terminal_01,24,1.5707811766596085,-1.5406751185713847,6.394801958986936,0.030116653662306238,-0.9995463905905809,1.515013528755952e-05,598.7247394271317,5.304247783610863
terminal,terminal_01,25,1.5707869634963543,-1.5406751185713847,6.394801958986936,0.030116653664442345,-0.9995463906614764,9.363298542210877e-06,598.7247394271317,5.3042478725620485
terminal,terminal_01,26,1.5707905399581508,-1.5406751185713847,6.394801958986936,0.030116653665258262,-0.999546390688556,5.786836745820325e-06,598.7247394271317,5.304247906539712
terminal,terminal_01,27,1.5707905399581508,-0.7416294238611401,6.394801958986936,0.7373688780659734,-0.6754902942502136,5.786836745820325e-06,598.7247394271317,1.269001090330774
terminal,terminal_01,28,1.5707905399581508,0.7416294238611398,6.394801958986936,0.7373688780659736,0.6754902942502133,5.786836745820325e-06,598.7247394271317,0.8959276911815858
terminal,terminal_01,29,1.5707905399581508,-1.6583338058675134,6.394801958986936,-0.08742572471549662,-0.9961710408481481,5.786836745820326e-06,598.7247394271317,2.8119256744626226
terminal,terminal_01,30,1.5707905399581508,-2.2248882715834197,6.394801958986936,-0.6084388609686742,-0.793600751278409,5.786836745820326e-06,598.7247394271317,2.168047147622945
terminal,terminal_01,31,1.5707905399581508,-1.6426866521609003,6.394801958986936,-0.07182841720855596,-0.9974170032879058,5.786836745820325e-06,598.7247394271317,3.151340793412577
terminal,terminal_01,32,1.5707905399581508,-1.2985134167591654,6.394801958986936,0.26893094196575446,-0.9631594615742113,5.786836745820325e-06,598.7247394271317,1.9852242148753094
terminal,terminal_01,33,1.5707905399581508,-1.5112241742554562,6.394801958986936,0.0595369234370279,-0.99822610400358,5.786836745820325e-06,598.7247394271317,3.5931653300597497
terminal,terminal_01,34,1.5707905399581508,-1.5634697079305853,6.394801958986936,0.007326553316348904,-0.9999731604313264,5.786836745820325e-06,598.7247394271317,10.597954697121716
terminal,terminal_01,35,1.5707905399581508,-1.5759868277387752,6.394801958986936,-0.005190477637349166,-0.9999865293634753,5.786836745820325e-06,598.7247394271317,11.273854707414753
terminal,terminal_01,36,1.5707905399581508,-1.591564027716741,6.394801958986936,-0.020766208111115344,-0.9997843590330859,5.786836745820325e-06,598.7247394271317,9.92577757205674
terminal,terminal_01,37,1.5707905399581508,-1.5751254546620317,6.394801958986936,-0.004329114344793208,-0.9999906293238464,5.786836745820326e-06,598.7247394271317,11.275981347188726
terminal,terminal_01,38,1.5707905399581508,-1.575301330017616,6.394801958986936,-0.004504987984445404,-0.9999898524734002,5.786836745820325e-06,598.7247394271317,11.27612471403582
terminal,terminal_01,39,1.5707905399581508,-1.5752979961706928,6.394801958986936,-0.0045016541713274825,-0.9999898674867833,5.786836745820325e-06,598.7247394271317,11.276124750218273
terminal,terminal_01,40,1.5707905399581508,-1.5752946623238193,6.394801958986936,-0.004498320358209265,-0.9999898824890517,5.786836745820325e-06,598.7247394271317,11.276124679965173
terminal,terminal_01,41,1.5707905399581508,-1.5752979961706928,8.342310205260866,-0.0045016541713274825,-0.9999898674867833,5.786836745820325e-06,4197.776273049276,13.28419762760852
terminal,terminal_01,42,1.5707905399581508,-1.5752979961706928,9.973010023033673,-0.0045016541713274825,-0.9999898674867833,5.786836745820325e-06,21439.92298441949,12.891848832320012
terminal,terminal_01,43,1.5707905399581508,-1.5752979961706928,7.334482292429009,-0.0045016541713274825,-0.9999898674867833,5.786836745820325e-06,1532.2343252594655,12.666426884033607
terminal,terminal_01,44,1.5707905399581508,-1.5752979961706928,8.7857920999691,-0.0045016541713274825,-0.9999898674867833,5.786836745820325e-06,6540.651779562953,13.348633069651916
terminal,terminal_01,45,1.5707905399581508,-1.5752979961706928,8.787552015925653,-0.0045016541713274825,-0.9999898674867833,5.786836745820325e-06,6552.172912134885,13.348678672595101
terminal,terminal_01,46,1.5707905399581508,-1.5752979961706928,8.834992014326854,-0.0045016541713274825,-0.9999898674867833,5.786836745820325e-06,6870.498980108875,13.349224080854729
terminal,terminal_01,47,1.5707905399581508,-1.5752979961706928,9.269676213843384,-0.0045016541713274825,-0.9999898674867833,5.786836745820325e-06,10611.315533066801,13.307293674960851
terminal,terminal_01,48,1.5707905399581508,-1.5752979961706928,8.830891642853846,-0.0045016541713274825,-0.9999898674867833,5.786836745820325e-06,6842.385060233074,13.34922948095159
terminal,terminal_01,49,1.5707905399581508,-1.5752979961706928,8.830714643655662,-0.0045016541713274825,-0.9999898674867833,5.786836745820325e-06,6841.174070738996,13.349229496365094
terminal,terminal_01,50,1.5707905399581508,-1.5752979961706928,8.83065171431935,-0.0045016541713274825,-0.9999898674867833,5.786836745820325e-06,6840.743573740713,13.349229497400664
terminal,terminal_01,51,1.5707905399581508,-1.5752979961706928,8.830655227048169,-0.0045016541713274825,-0.9999898674867833,5.786836745820325e-06,6840.767603460013,13.349229497383856
terminal,terminal_01,52,1.5707905399581508,-1.5752979961706928,8.830641291167316,-0.0045016541713274825,-0.9999898674867833,5.786836745820325e-06,6840.672272002014,13.349229497415703
terminal,terminal_01,53,1.5707905399581508,-1.5752979961706928,8.814182652575601,-0.0045016541713274825,-0.9999898674867833,5.786836745820325e-06,6729.005580949343,13.349148378603713
terminal,terminal_01,54,1.5707905399581508,-1.5752979961706928,8.830644660629986,-0.0045016541713274825,-0.9999898674867833,5.786836745820325e-06,6840.695321430702,13.349229497412631
terminal,terminal_01,55,1.5707905399581508,-1.5752979961706928,8.830636925057956,-0.0045016541713274825,-0.9999898674867833,5.786836745820325e-06,6840.642404943978,13.349229497411805
terminal,terminal_01,56,1.5707963267948966,-1.5753012049620094,8.830867040747927,-0.004504862930183265,-0.9999898530535098,6.123233995736766e-17,6842.216725221791,13.34923405257922
terminal,terminal_01,57,1.5212551562024095,-1.5478307085592158,6.898222493208023,0.02293542520121955,-0.9985097124906538,0.04952090803560916,990.5125071912228,4.517940334865267
terminal,terminal_01,58,1.5401781995262829,-1.5583235044972512,7.636427022196105,0.012466653059676555,-0.9994535535767839,0.03061334356499495,2072.3261974624024,8.40931818693471
terminal,terminal_01,59,1.5518732834710232,-1.564808409023974,8.092662511759846,0.005986809944932179,-0.9998030402418312,0.01892191401192014,3270.383423007474,11.451524593533396
terminal,terminal_01,60,1.559101242850156,-1.5688163004352866,8.374631551184185,0.0019798896584171588,-0.9999296531677373,0.011694817347401805,4335.670511487947,12.616031507537059
terminal,terminal_01,61,1.5635683674157637,-1.5712933135506966,8.548898001323588,-0.0004969737532599197,-0.9999737549206412,0.0072278964437723905,5161.063806739882,13.065418499552461
terminal,terminal_01,62,1.566329202229289,-1.5728241918465993,8.656600590608527,-0.002027843428678699,-0.9999879663185355,0.004467109708560399,5747.961738045791,13.238908938490306
terminal,terminal_01,63,1.5680354919813715,-1.5737703266661067,8.723164451462988,-0.002973984153001353,-0.9999917665804835,0.0027608313062498693,6143.589450965678,13.306107524583895
terminal,terminal_01,64,1.569090037042814,-1.574355070142502,8.764303179893465,-0.0035587306554066443,-0.9999922119767882,0.0017062889241270232,6401.599627366042,13.332220875837727
terminal,terminal_01,65,1.569741781733454,-1.574716461485614,8.78972831231745,-0.003920122470591751,-0.9999917602535239,0.0010545448659887817,6566.447910081073,13.342420174785092
terminal,terminal_01,66,1.5701445821042566,-1.5749398136188972,8.80544190832394,-0.0041434740877659675,-0.9999912033870111,0.0006517446444996721,6670.445366861465,13.346441393744584
terminal,terminal_01,67,1.5703935264240938,-1.5750778528287261,8.815153444741437,-0.0042815126054002,-0.9999907531580879,0.00040280035991055126,6735.541218710877,13.34804999857042
terminal,terminal_01,68,1.5705473824750593,-1.5751631657521805,8.821155504330433,-0.004366824943236305,-0.9999904343875706,0.0002489443172659865,6776.089904554548,13.3487098641593
terminal,terminal_01,69,1.570642470743931,-1.5752158920385548,8.824864981158933,-0.00441955080379486,-0.9999902219016986,0.00015385605035857328,6801.272330980688,13.34898946543145
terminal,terminal_01,70,1.570701238526025,-1.5752484786756349,8.827157563919426,-0.004452137152454446,-0.9999900846673416,9.508826872826828e-05,6816.882697867861,13.349113174529904
terminal,terminal_01,71,1.5707375590128025,-1.5752686183249294,8.828574457987434,-0.004472276613649163,-0.9999899975940953,5.876778206024977e-05,6826.548344506415,13.349171092918374
terminal,terminal_01,72,1.570760006308119,-1.575281065312715,8.829450146679921,-0.004484723481374416,-0.9999899429174866,3.6320486769561485e-05,6832.528893867966,13.349199586098418
terminal,terminal_01,73,1.57077387949958,-1.5752887579742239,8.82999135205544,-0.004492416067216146,-0.9999899087960828,2.244729531470611e-05,6836.227696049248,13.34921443711498
terminal,terminal_01,74,1.5707824536034354,-1.5752935123005003,8.830325835372406,-0.00449717034616517,-0.9999898875820756,1.387319146079404e-05,6838.51468262266,13.34922254628519
terminal,terminal_01,75,1.5707877526910412,-1.5752964506357328,8.830532557430962,-0.004500108651932184,-0.9999898744230391,8.574103855308355e-06,6839.928500583959,13.349227176703433
terminal,terminal_01,76,1.570791027707291,-1.5752982666267767,8.830660318689374,-0.004501924624683062,-0.9999898662719505,5.299087605640036e-06,6840.802434282887,13.349229895228115
terminal,terminal_01,77,1.5707930517786468,-1.5752993889709652,8.830739279489517,-0.0045030469575342465,-0.999989861227289,3.275016249803953e-06,6841.342610842828,13.349231519137673
terminal,terminal_01,78,1.5707943027235405,-1.575300082617821,8.830788079947784,-0.0045037405973710936,-0.9999898581068384,2.0240713561369234e-06,6841.676479643804,13.34923250073233
terminal,terminal_01,79,1.5707950758500029,-1.5753005113151537,8.83081824028966,-0.004504169290361323,-0.9999898561772709,1.2509448937324079e-06,6841.882830057216,13.34923309883613
terminal,terminal_01,80,1.5707955536684342,-1.5753007762646765,8.830836880406052,-0.004504434237198509,-0.9999898549843419,7.731264624667266e-07,6842.010364738139,13.349233465185705
terminal,terminal_01,81,1.5707958489764653,-1.5753009400124867,8.830848400631536,-0.004504597983348256,-0.999989854246922,4.778184313271448e-07,6842.089186694332,13.34923369033531
terminal,terminal_01,82,1.5707960571098882,-1.5753010554221223,8.830856520099049,-0.0045047133918132845,-0.999989853727119,2.696850083862559e-07,6842.144741040737,13.34923384843967
terminal,terminal_01,83,0.5999908074321633,-1.5753010554221223,8.830856520099049,-0.002543518334330204,-0.5646291574779351,0.8253408053890466,6842.144741040737,0.9200695164687228
terminal,terminal_01,84,0.9708055193627332,-1.5753010554221223,8.830856520099049,-0.003717923778846135,-0.8253324312560453,0.5646348864175504,6842.144741040737,1.3435481307712684
terminal,terminal_01,85,1.1999816148643265,-1.5753010554221223,8.830856520099049,-0.004198538941155794,-0.9320229671579556,0.36237489008048024,6842.144741040737,1.8157734750933383
terminal,terminal_01,86,1.3416202312933032,-1.5753010554221223,8.830856520099049,-0.004386932687971391,-0.9738440152325368,0.22717523812546522,6842.144741040737,2.3296781786880074
terminal,terminal_01,87,1.4291577103659199,-1.5753010554221223,8.830856520099049,-0.004459603233704772,-0.9899759646103288,0.14116551077670147,6842.144741040737,2.912936304978275
terminal,terminal_01,88,1.4832588477222797,-1.5753010554221223,8.830856520099049,-0.004487465028320532,-0.9961609334416472,0.08742572471696057,6842.144741040737,3.672911774479551
terminal,terminal_01,89,1.5166951894385368,-1.5753010554221223,8.830856520099049,-0.0044981225023562775,-0.9985267589615294,0.054074749483818095,6842.144741040737,5.0197608317954385
terminal,terminal_01,90,1.5373599850786395,-1.5753010554221223,8.830856520099049,-0.004502195516514741,-0.9994309170018505,0.03343011182110185,6842.144741040737,10.094410100423115
terminal,terminal_01,91,1.5501315311547936,-1.5753010554221223,8.830856520099049,-0.004503751593649707,-0.999776346602191,0.02066332491054402,6842.144741040737,12.11893213266224
terminal,terminal_01,92,1.5580247807187424,-1.5753010554221223,8.830856520099049,-0.004504346009525262,-0.9999082994686107,0.012771198879420182,6842.144741040737,12.880633544118385
terminal,terminal_01,93,1.562903077230948,-1.5753010554221223,8.830856520099049,-0.004504573063087362,-0.9999587025106257,0.00789316760150468,6842.144741040737,13.170418061507233
terminal,terminal_01,94,1.565918030282691,-1.5753010554221223,8.830856520099049,-0.004504659790837687,-0.9999779549830513,0.0048782771634600566,6842.144741040737,13.280956603209438
terminal,terminal_01,95,1.5677813737431534,-1.5753010554221223,8.830856520099049,-0.004504692918037444,-0.9999853088057605,0.0030149484841206086,6842.144741040737,13.323157753770484
terminal,terminal_01,96,1.568932983334434,-1.5753010554221223,8.830856520099049,-0.004504705571523232,-0.9999881177208461,0.0018633423821927913,6842.144741040737,13.339274173239696
terminal,terminal_01,97,1.5696447172036159,-1.5753010554221223,8.830856520099049,-0.004504710404727853,-0.9999891906316314,0.0011516093367357678,6842.144741040737,13.345429664897267
terminal,terminal_01,98,1.5700845929257148,-1.5753010554221223,8.830856520099049,-0.0045047122508482,-0.9999896004471857,0.0007117338090919139,6842.144741040737,13.34778079050469
terminal,terminal_01,99,1.5703564510727976,-1.5753010554221223,8.830856520099049,-0.004504712956003493,-0.9999897569828132,0.0004398757079136694,6842.144741040737,13.348678831390828
terminal,terminal_01,100,1.5705244686478135,-1.5753010554221223,8.830856520099049,-0.004504713225348856,-0.9999898167741045,0.00027185814373444626,6842.144741040737,13.34902185114908
terminal,terminal_01,101,1.5706283092198807,-1.5753010554221223,8.830856520099049,-0.0045047133282296314,-0.9999898396123459,0.00016801757422537421,6842.144741040737,13.349152872841728
terminal,terminal_01,102,1.5706924862228295,-1.5753010554221223,8.830856520099049,-0.004504713367526592,-0.999989848335778,0.00010384057188047133,6842.144741040737,13.349202918646029
terminal,terminal_01,103,1.5707321497919478,-1.5753010554221223,8.830856520099049,-0.004504713382536695,-0.9999898516678325,6.417700290481352e-05,6842.144741040737,13.349222034438672
terminal,terminal_01,104,1.5707566632257781,-1.5753010554221223,8.830856520099049,-0.004504713388270044,-0.9999898529405641,3.966356910810361e-05,6842.144741040737,13.349229336020432
terminal,terminal_01,105,1.5707718133610662,-1.5753010554221223,8.830856520099049,-0.004504713390459989,-0.9999898534267042,2.4513433827970483e-05,6842.144741040737,13.349232124975861
terminal,terminal_01,106,1.5707811766596085,-1.5753010554221223,8.830856520099049,-0.004504713391296472,-0.9999898536123932,1.515013528755952e-05,6842.144741040737,13.349233190264254
terminal,terminal_01,107,1.5707869634963543,-1.5753010554221223,8.830856520099049,-0.004504713391615981,-0.9999898536833202,9.363298542210875e-06,6842.144741040737,13.349233597167826
terminal,terminal_01,108,1.5707905399581508,-1.5753010554221223,8.830856520099049,-0.004504713391738023,-0.9999898537104119,5.786836745820325e-06,6842.144741040737,13.349233752591408
terminal,terminal_01,109,1.5707905399581508,-1.5753010554221223,8.342310205260866,-0.004504713391738023,-0.9999898537104119,5.786836745820325e-06,4197.776273049276,13.284201789326858
terminal,terminal_01,110,1.5707905399581508,-1.5753010554221223,9.973010023033673,-0.004504713391738023,-0.9999898537104119,5.786836745820325e-06,21439.92298441949,12.891852901146493
terminal,terminal_01,111,1.5707905399581508,-1.5753010554221223,7.334482292429009,-0.004504713391738023,-0.9999898537104119,5.786836745820325e-06,1532.2343252594655,12.66643008380807
terminal,terminal_01,112,1.5707905399581508,-1.5753010554221223,8.785792452568357,-0.004504713391738023,-0.9999898537104119,5.786836745820325e-06,6540.654085792315,13.348637340290807
terminal,terminal_01,113,1.5707905399581508,-1.5753010554221223,8.787552217615783,-0.004504713391738023,-0.9999898537104119,5.786836745820325e-06,6552.174233643622,13.348682940183705
terminal,terminal_01,114,1.5707905399581508,-1.5753010554221223,8.834993369921277,-0.004504713391738023,-0.9999898537104119,5.786836745820325e-06,6870.5082937252855,13.349228344177762
terminal,terminal_01,115,1.5707905399581508,-1.5753010554221223,9.269677051646813,-0.004504713391738023,-0.9999898537104119,5.786836745820325e-06,10611.32442326706,13.307297791397705
terminal,terminal_01,116,1.5707905399581508,-1.5753010554221223,8.830891022726018,-0.004504713391738023,-0.9999898537104119,5.786836745820325e-06,6842.3808170810025,13.349233747801684
terminal,terminal_01,117,1.5707905399581508,-1.5753010554221223,8.830714647237272,-0.004504713391738023,-0.9999898537104119,5.786836745820325e-06,6841.174095241411,13.349233763129082
terminal,terminal_01,118,1.5707905399581508,-1.5753010554221223,8.83065172156952,-0.004504713391738023,-0.9999898537104119,5.786836745820325e-06,6840.743623337269,13.349233764197297
terminal,terminal_01,119,1.5707905399581508,-1.5753010554221223,8.830655054905892,-0.004504713391738023,-0.9999898537104119,5.786836745820325e-06,6840.7664258748,13.349233764180019
terminal,terminal_01,120,1.5707905399581508,-1.5753010554221223,8.830640290581261,-0.004504713391738023,-0.9999898537104119,5.786836745820325e-06,6840.665427324157,13.34923376422142
terminal,terminal_01,121,1.5707905399581508,-1.5753010554221223,8.814182111218184,-0.004504713391738023,-0.9999898537104119,5.786836745820325e-06,6729.001938153246,13.349152639587926
terminal,terminal_01,122,1.5707905399581508,-1.5753010554221223,8.830643623917801,-0.004504713391738023,-0.9999898537104119,5.786836745820325e-06,6840.688229602189,13.349233764220687
terminal,terminal_01,123,1.5707905399581508,-1.5753010554221223,8.83063695724472,-0.004504713391738023,-0.9999898537104119,5.786836745820325e-06,6840.642625122121,13.349233764220882
terminal,terminal_01,124,1.5212551720543006,-1.5478337766004926,6.898222111018159,0.02293236175012241,-0.9985097836375785,0.04952089220316691,990.512128627454,4.518089674766527
terminal,terminal_01,125,1.5401782093232903,-1.558326569181105,7.636426403799914,0.012463590054189564,-0.9994535920783365,0.030613333772579368,2072.3249159441716,8.410024733792493
terminal,terminal_01,126,1.5518732895259069,-1.5648114716328263,8.092661747380117,0.005983747939948189,-0.9998030586869675,0.018921907958120477,3270.380923193634,11.451952902191488
terminal,terminal_01,127,1.55910124659228,-1.5688193617617177,8.374630696581669,0.0019768285474180023,-0.9999296592679037,0.011694813605533773,4335.666806214599,12.616300087729256
terminal,terminal_01,128,1.5635683697285234,-1.5712963740845476,8.54889709096032,-0.0005000342067930108,-0.9999737534116694,0.007227894131073042,5161.05910829911,13.065587376563581
terminal,terminal_01,129,1.5663292036586531,-1.5728272518906088,8.65659964578322,-0.0020309034358680905,-0.9999879601149486,0.0044671082792104785,5747.956307228649,13.239015450077096
terminal,terminal_01,130,1.568035492864767,-1.5737733864073775,8.723163485338972,-0.002977043869073349,-0.9999917574786193,0.002760830422857657,6143.58351549923,13.306175159238927
terminal,terminal_01,131,1.5690900375887826,-1.57435812969667,8.76430220060612,-0.003561790185733439,-0.9999922010849102,0.0017062883781592143,6401.593358363612,13.332264346274755
terminal,terminal_01,132,1.569741782070881,-1.5747195209241462,8.789727324894724,-0.003923181883898092,-0.9999917482558259,0.001054544528561994,6566.4414262243745,13.342448655083121
terminal,terminal_01,133,1.5701445823127982,-1.5749428729859627,8.80544091587327,-0.004146533427900529,-0.9999911907060589,0.000651744435958088,6670.43874677677,13.346460587756175
terminal,terminal_01,134,1.5703935265529796,-1.5750809121516225,8.815152449183326,-0.004284571899987654,-0.9999907400549306,0.0004028002310247708,6735.534513091526,13.348063445413201
terminal,terminal_01,135,1.5705473825547152,-1.575166225047779,8.821154506851817,-0.004369884209550321,-0.9999904210235026,0.0002489442376101514,6776.083145553144,13.348719755001333
terminal,terminal_01,136,1.570642470793161,-1.5752189513172823,8.824863982493381,-0.0044226100525877375,-0.999990208376389,0.00015385600112862043,6801.265538787692,13.348997157169233
terminal,terminal_01,137,1.5707012385564507,-1.5752515379439354,8.827156564520308,-0.004455196390400423,-0.9999900710423828,9.508823830260643e-05,6816.875885084708,13.349119506852794
terminal,terminal_01,138,1.5707375590316066,-1.5752716775867857,8.828573458134946,-0.004475335844884542,-0.9999899839075517,5.8767763256180394e-05,6826.5415189684745,13.349176585436501
terminal,terminal_01,139,1.5707600063197407,-1.5752841245705884,8.829449146547235,-0.00448778270845969,-0.9999899291928818,3.6320475147968915e-05,6832.522060435908,13.349204559882773
terminal,terminal_01,140,1.5707738795067627,-1.575291817229636,8.829990351749585,-0.004495475291735657,-0.9999898950479553,2.244728813200723e-05,6836.220857734072,13.349219090192856
terminal,terminal_01,141,1.5707824536078745,-1.5752965715543914,8.830324834959523,-0.004500229569098769,-0.9999898738194103,1.3873187021678298e-05,6838.507841287892,13.349227000750341
terminal,terminal_01,142,1.5707877526937846,-1.5752995098886835,8.830531556951932,-0.004503167873885163,-0.9999898606513891,8.574101111947263e-06,6839.921657382355,13.349231508171368
terminal,terminal_01,143,1.5707910277089865,-1.5753013258791466,8.830659318169463,-0.0045049838460302334,-0.9999898524947475,5.299085910107432e-06,6840.795589927271,13.349234150726343
terminal,terminal_01,144,1.5707930517796949,-1.5753024482229758,8.830738278944342,-0.004506106178506715,-0.999989847446654,3.275015201753417e-06,6841.335765773909,13.349235727736131
terminal,terminal_01,145,1.5707943027241882,-1.5753031418696095,8.830787079386994,-0.004506799818111971,-0.9999898443240824,2.024070708432811e-06,6841.669634134007,13.34923668036327
terminal,terminal_01,146,1.5707950758504032,-1.5753035705668053,8.83081723971922,-0.004507228510959296,-0.9999898423932041,1.2509444933859854e-06,6841.875984274934,13.349237260573036
terminal,terminal_01,147,1.5707955536686815,-1.575303835516243,8.830835879829648,-0.004507493457707787,-0.9999898411994649,7.731262151090366e-07,6842.003518787438,13.349237615866778
terminal,terminal_01,148,1.570795848976618,-1.575303999264001,8.830847400051445,-0.0045076572038030985,-0.9999898404615443,4.778182785604565e-07,6842.082340639532,13.349237834184649
terminal,terminal_01,149,1.57079603148696,-1.575304100465681,8.830854519940074,-0.004507758404455157,-0.9999898400054272,2.9530793660986694e-07,6842.13105567721,13.349237968629708
terminal,terminal_01,150,1.5707961442845546,-1.5753041630117588,8.830858920273243,-0.004507820949897674,-0.9999898397235096,1.825103420118349e-07,6842.161163399688,13.349238051533353
terminal,terminal_01,151,1.570796213997302,-1.5753042016673608,8.830861639828704,-0.004507859605107017,-0.9999898395492666,1.127975946592674e-07,6842.179771061747,13.349238102700962
terminal,terminal_01,152,1.5707962570821492,-1.575304225557837,8.830863320606412,-0.004507883495340337,-0.9999898394415753,6.971274741380056e-08,6842.191271254639,13.349238134294428
terminal,terminal_01,153,1.5707962837100493,-1.575304240322963,8.830864359384163,-0.0045078982603163325,-0.9999898393750173,4.3084847306699347e-08,6842.198378774397,13.349238153813891
terminal,terminal_01,154,1.5707963001669965,-1.5753042494483127,8.83086500138412,-0.004507907385573426,-0.9999898393338817,2.6627900168333594e-08,6842.202771466873,13.349238165872539
terminal,terminal_01,155,1.5707963103379492,-1.5753042550880891,8.830865398161915,-0.0045079130252925455,-0.9999898393084583,1.6456947421642707e-08,6842.205486301537,13.349238173322192
terminal,terminal_01,156,1.5707963166239438,-1.5753042585736625,8.830865643384078,-0.004507916510830516,-0.9999898392927457,1.0170952807923226e-08,6842.20716416217,13.34923817792634
terminal,terminal_01,157,1.570796320508902,-1.5753042607278653,8.83086579493971,-0.004507918665011443,-0.9999898392830348,6.285994674951821e-09,6842.2082011372795,13.34923818077336
terminal,terminal_01,158,1.5707963229099382,-1.575304262059236,8.83086588860624,-0.004507919996368485,-0.999989839277033,3.884958416248351e-09,6842.208842023213,13.349238182530932
terminal,terminal_01,159,1.5707963243938603,-1.5753042628820682,8.830865946495342,-0.004507920819192371,-0.9999898392733237,2.4010363199358107e-09,6842.209238112547,13.349238183617635
terminal,terminal_01,160,1.5707963253109745,-1.5753042633906065,8.830865982272773,-0.004507921327725527,-0.9999898392710314,1.4839221575448798e-09,6842.209482909218,13.34923818428792
terminal,terminal_01,161,1.5707963258777824,-1.5753042637049006,8.830866004384442,-0.00450792164201648,-0.9999898392696145,9.171142236232706e-10,6842.209634201891,13.349238184703692
terminal,terminal_01,162,1.5707963262280888,-1.5753042638991448,8.830866018050203,-0.004507921836258682,-0.9999898392687389,5.668077731093442e-10,6842.209727705899,13.349238184960843
terminal,terminal_01,163,1.57079632644459,-1.5753042640191945,8.83086602649611,-0.00450792195630721,-0.9999898392681977,3.5030651174626633e-10,6842.209785494567,13.349238185118137
terminal,terminal_01,164,1.5707963265783953,-1.5753042640933892,8.830866031715967,-0.004507922030501107,-0.9999898392678632,2.1650132259541787e-10,6842.209821209921,13.349238185216374
terminal,terminal_01,165,1.5707963266610914,-1.575304264139244,8.830866034942016,-0.004507922076355517,-0.9999898392676565,1.3380525038318846e-10,6842.209843283223,13.349238185277448
terminal,terminal_01,166,1.5707963267122005,-1.575304264167584,8.830866036935824,-0.004507922104695226,-0.9999898392675287,8.269613344456936e-11,6842.209856925274,13.349238185315269
terminal,terminal_01,167,1.5707963267437874,-1.575304264185099,8.830866038168065,-0.004507922122209926,-0.9999898392674498,5.110917817095904e-11,6842.209865356525,13.349238185337967
terminal,terminal_01,168,1.5707963267633094,-1.5753042641959238,8.830866038929631,-0.004507922133034713,-0.999989839267401,3.1587238550555214e-11,6842.209870567326,13.349238185352117
terminal,terminal_01,169,1.5707963267948966,-1.5753042642301378,8.830866040156414,-0.004507922167248331,-0.9999898392672468,6.123233995736767e-17,6842.209878961227,13.349238185397715
terminal,terminal_01,170,1.5210346128463568,-1.5214044576837766,6.898222111016073,0.049310673887896034,-0.9975441205745809,0.04974117959807152,990.5121286253883,3.6152019000216566
terminal,terminal_01,171,1.5400418962362492,-1.5419923517974425,7.63642640379654,0.02878637325513219,-0.9991125101206106,0.030749582685118133,2072.324915937181,4.802125947823757
terminal,terminal_01,172,1.5517890434050041,-1.554716370116472,8.092661747375947,0.016076359289825985,-0.9996901106618019,0.019006138928743498,3270.380923179999,9.347545859177318
terminal,terminal_01,173,1.5590491796261416,-1.5625802459111084,8.374630696577006,0.008215421569672454,-0.9998972535862345,0.011746876995109982,4335.666806194382,11.80780592983542
terminal,terminal_01,174,1.563536190573759,-1.5674403884355013,8.548897090955354,0.00335584361562958,-0.9999680143193438,0.007260072441519665,5161.059108273476,12.752266639388182
terminal,terminal_01,175,1.5663093158472794,-1.5704441217057448,8.656599645778066,0.00035220153635653445,-0.9999898713596801,0.004486995891267293,5747.956307199019,13.117368115075996
terminal,terminal_01,176,1.5680232015213762,-1.5723005309598943,8.723163485333702,-0.0015041978139273611,-0.9999950235800512,0.002773121719196133,6143.58351546685,13.258763514539456
terminal,terminal_01,177,1.5690824411207995,-1.5734478549759883,8.764302200600778,-0.002651521179820291,-0.9999950160046824,0.0017138848350347422,6401.593358329406,13.313642505506804
terminal,terminal_01,178,1.5697370871954732,-1.5741569402140436,8.789727324889336,-0.003360605208230184,-0.9999937921529938,0.0010592394013476262,6566.441426188996,13.335037854665256
terminal,terminal_01,179,1.570141680720223,-1.5745951789920825,8.805440915867855,-0.0037988422461248507,-0.9999925700904818,0.000654646027914184,6670.438746740654,13.34345036571288
terminal,terminal_01,180,1.5703917332701467,-1.5748660254520988,8.815152449177894,-0.004069687090087663,-0.9999916369405684,0.00040459351371153974,6735.534513054938,13.346803777678815
terminal,terminal_01,181,1.570546274244973,-1.5750334177701215,8.821154506846375,-0.004237078164731947,-0.9999909922806053,0.0002500525473178593,6776.083145516263,13.348170980180928
terminal,terminal_01,182,1.5706417858200703,-1.575136871912115,8.824863982487933,-0.004340531435847213,-0.9999905679074887,0.0001545409742111692,6801.265538750638,13.348745818855061
terminal,terminal_01,183,1.5707008152197994,-1.575200810088144,8.827156564514855,-0.004404469032395603,-0.9999902957179544,9.551157495197362e-05,6816.875885047533,13.348997729732504
terminal,terminal_01,184,1.5707372973951674,-1.5752403260541088,8.82857345812949,-0.004443984623964742,-0.9999901237093255,5.9029399694907116e-05,6826.541518931234,13.349114139029716
terminal,terminal_01,185,1.5707598446195286,-1.575264748264173,8.829449146541778,-0.004468406596311844,-0.99999001595593,3.648217535997082e-05,6832.522060398624,13.349170860630458
terminal,terminal_01,186,1.5707737795705354,-1.5752798420200733,8.829990351744126,-0.0044835002028498,-0.9999899488082636,2.2547224359275478e-05,6836.220857696754,13.349200133180485
terminal,terminal_01,187,1.5707823918438895,-1.5752891704742376,8.830324834954066,-0.004492828563762555,-0.9999899070977236,1.3934951006709874e-05,6838.5078412505745,13.349215999804311
terminal,terminal_01,188,1.5707877145215425,-1.5752949357759736,8.830531556946474,-0.0044985938075051855,-0.9999898812385973,8.612273353979805e-06,6839.921657345018,13.349224982632068
terminal,terminal_01,189,1.5707910041172435,-1.5752984989284018,8.830659318164004,-0.004502156923953343,-0.9999898652259939,5.322677653110693e-06,6840.795589889929,13.349230222134791
terminal,terminal_01,190,1.5707930371991958,-1.5753007010777096,8.830738278938883,-0.004504359050971368,-0.999989855317902,3.2895957007836976e-06,6841.335765736564,13.349233339603078
terminal,terminal_01,191,1.5707942937129442,-1.57530206208083,8.830787079381535,-0.0045057200402957446,-0.9999898491898731,2.033081952406026e-06,6841.66963409666,13.349235219645568
terminal,terminal_01,192,1.5707950702811482,-1.5753029032270172,8.830817239713761,-0.004506561177948739,-0.9999898454008274,1.2565137484431059e-06,6841.875984237586,13.34923636362115
terminal,terminal_01,193,1.5707955502266926,-1.5753034230839504,8.830835879824187,-0.004507081029604668,-0.999989843058413,7.765682040251441e-07,6842.003518750077,13.349237063748921
terminal,terminal_01,194,1.570795846849352,-1.5753037443732045,8.830847400045986,-0.004507402315596051,-0.9999898416104711,4.799455447014729e-07,6842.082340602183,13.349237493813837
terminal,terminal_01,195,1.5707960301722372,-1.5753039429408837,8.830854519934615,-0.004507600881258343,-0.9999898407154981,2.966226593849589e-07,6842.13105563986,13.349237758599873
terminal,terminal_01,196,1.5707961434720112,-1.5753040656624586,8.830858920267785,-0.00450772360158657,-0.9999898401623379,1.833228853777594e-07,6842.161163362339,13.34923792186122
terminal,terminal_01,197,1.5707962134951226,-1.575304141508563,8.830861639823244,-0.004507799446920307,-0.9999898398204522,1.1329977406843492e-07,6842.1797710243845,13.349238022614795
terminal,terminal_01,198,1.5707962567717852,-1.5753041883840333,8.830863320600953,-0.004507846321914449,-0.9999898396091498,7.002311137055754e-08,6842.191271217289,13.349238084826801
terminal,terminal_01,199,1.5707962835182339,-1.5753042173546674,8.830864359378705,-0.004507875292254215,-0.9999898394785558,4.3276662759109884e-08,6842.198378737047,13.349238123255677
terminal,terminal_01,200,1.570796300048448,-1.5753042352595037,8.830865001378662,-0.004507893196908575,-0.9999898393978434,2.674644867268004e-08,6842.202771429524,13.349238146996989
terminal,terminal_01,201,1.5707963102646822,-1.5753042463253013,8.830865398156456,-0.004507904262593752,-0.9999898393479602,1.6530214369706795e-08,6842.205486264188,13.349238161665948
terminal,terminal_01,202,1.5707963165786623,-1.5753042531643402,8.830865643378619,-0.0045079111015631545,-0.9999898393171305,1.0216234364205588e-08,6842.207164124819,13.34923817073165
terminal,terminal_01,203,1.5707963204809166,-1.5753042573910987,8.830865794934251,-0.004507915328278707,-0.9999898392980766,6.3139800667335476e-09,6842.208201099929,13.349238176335064
terminal,terminal_01,204,1.5707963228926423,-1.5753042600033793,8.830865888600782,-0.004507917940532778,-0.9999898392863007,3.902254358704381e-09,6842.208841985863,13.349238179795964
terminal,terminal_01,205,1.5707963243831708,-1.5753042616178574,8.830865946489881,-0.004507919554994481,-0.9999898392790227,2.4117257692615067e-09,6842.209238075185,13.349238181936206
terminal,terminal_01,206,1.570796325304368,-1.5753042626156597,8.830865982267314,-0.004507920552786628,-0.9999898392745248,1.4905286506752145e-09,6842.209482871868,13.349238183258493
terminal,terminal_01,207,1.5707963258736992,-1.5753042632323355,8.830866004378981,-0.004507921169456183,-0.9999898392717448,9.21197401863237e-10,6842.209634164529,13.349238184076412
terminal,terminal_01,208,1.5707963262255653,-1.575304263613462,8.830866018044745,-0.004507921550578774,-0.9999898392700267,5.693313100443172e-10,6842.209727668549,13.349238184581242
terminal,terminal_01,209,1.5707963264430305,-1.5753042638490111,8.83086602649065,-0.004507921786125517,-0.9999898392689649,3.5186615305125975e-10,6842.209785457205,13.349238184892247
terminal,terminal_01,210,1.5707963265774314,-1.5753042639945887,8.830866031710507,-0.004507921931701587,-0.9999898392683086,2.1746521822539743e-10,6842.209821172559,13.349238185086195
terminal,terminal_01,211,1.5707963266604956,-1.5753042640845603,8.830866034936557,-0.004507922076355517,-0.9999898392676565,1.3380525038318846e-10,6842.209843283223,13.349238185277448
terminal,terminal_01,212,1.5707963267118323,-1.575304264140166,8.830866036930365,-0.004507922077277436,-0.9999898392676524,8.306428339953507e-11,6842.209856887925,13.349238185278008
terminal,terminal_01,213,1.5707963267311216,-1.5753042641610593,8.830866037679524,-0.004507922098170511,-0.9999898392675581,6.377504652509267e-11,6842.209862013828,13.349238185306726
terminal,terminal_01,214,1.5707963267554814,-1.575304264187445,8.830866038625611,-0.004507922124556025,-0.9999898392674392,3.941519905258227e-11,6842.209868487158,13.349238185342042
terminal,terminal_01,215,1.5707963267747709,-1.5753042642083384,8.83086603937477,-0.0045079221454491,-0.9999898392673451,2.0125740133534945e-11,6842.20987361306,13.349238185368359
terminal,terminal_01,216,0.5999908074321633,-1.5753042642083384,8.83086603937477,-0.002545330108574812,-0.5646291493134217,0.8253408053890466,6842.20987361306,0.9200632716275396
terminal,terminal_01,217,0.9708055193627332,-1.5753042642083384,8.83086603937477,-0.003720572094156079,-0.8253324193217738,0.5646348864175504,6842.20987361306,1.34355632973661
terminal,terminal_01,218,1.1999816148643265,-1.5753042642083384,8.83086603937477,-0.00420152960358425,-0.9320229536809436,0.36237489008048024,6842.20987361306,1.8157579345632953
terminal,terminal_01,219,1.3416202312933032,-1.5753042642083384,8.83086603937477,-0.0043900575452014805,-0.9738440011507942,0.22717523812546522,6842.20987361306,2.3296701695155457
terminal,terminal_01,220,1.4291577103659199,-1.5753042642083384,8.83086603937477,-0.0044627798549112885,-0.9899759502953188,0.14116551077670147,6842.20987361306,2.912926774780482
terminal,terminal_01,221,1.4832588477222797,-1.5753042642083384,8.83086603937477,-0.004490661495769638,-0.9961609190372029,0.08742572471696057,6842.20987361306,3.6729011625649792
terminal,terminal_01,222,1.5166951894385368,-1.5753042642083384,8.83086603937477,-0.004501326561233646,-0.9985267445228753,0.054074749483818095,6842.20987361306,5.019744200878109
terminal,terminal_01,223,1.5373599850786395,-1.5753042642083384,8.83086603937477,-0.004505402476641946,-0.9994309025501223,0.03343011182110185,6842.20987361306,10.094400340108674
terminal,terminal_01,224,1.5501315311547936,-1.5753042642083384,8.83086603937477,-0.004506959662186644,-0.9997763321454679,0.02066332491054402,6842.20987361306,12.118931223741638
terminal,terminal_01,225,1.5580247807187424,-1.5753042642083384,8.83086603937477,-0.004507554501470734,-0.9999082850099796,0.012771198879420182,6842.20987361306,12.880635890701434
terminal,terminal_01,226,1.562903077230948,-1.5753042642083384,8.83086603937477,-0.00450778171676542,-0.9999586880512658,0.00789316760150468,6842.20987361306,13.170421639804848
terminal,terminal_01,227,1.565918030282691,-1.5753042642083384,8.83086603937477,-0.004507868506292812,-0.999977940523413,0.0048782771634600566,6842.20987361306,13.2809606504827
terminal,terminal_01,228,1.5677813737431534,-1.5753042642083384,8.83086603937477,-0.004507901657089415,-0.999985294346016,0.003014948484120609,6842.20987361306,13.32316197996674
terminal,terminal_01,229,1.568932983334434,-1.5753042642083384,8.83086603937477,-0.0045079143195884104,-0.9999881032610608,0.0018633423821927913,6842.20987361306,13.33927846775042
terminal,terminal_01,230,1.5696447172036159,-1.5753042642083384,8.83086603937477,-0.004507919156235773,-0.9999891761718306,0.0011516093367357678,6842.20987361306,13.34543398549797
terminal,terminal_01,231,1.5700845929257148,-1.5753042642083384,8.83086603937477,-0.004507921003671131,-0.999989585987379,0.0007117338090919139,6842.20987361306,13.347785121068192
terminal,terminal_01,232,1.5703564510727976,-1.5753042642083384,8.83086603937477,-0.004507921709328712,-0.9999897425230042,0.0004398757079136694,6842.20987361306,13.348683165762683
terminal,terminal_01,233,1.5705244686478135,-1.5753042642083384,8.83086603937477,-0.004507921978865933,-0.9999898023142947,0.00027185814373444626,6842.20987361306,13.34902618697108
terminal,terminal_01,234,1.5706283092198807,-1.5753042642083384,8.83086603937477,-0.004507922081819992,-0.9999898251525358,0.00016801757422537421,6842.20987361306,13.34915720921975
terminal,terminal_01,235,1.5706924862228295,-1.5753042642083384,8.83086603937477,-0.004507922121144943,-0.9999898338759676,0.00010384057188047133,6842.20987361306,13.34920725523703
terminal,terminal_01,236,1.5707321497919478,-1.5753042642083384,8.83086603937477,-0.0045079221361657386,-0.9999898372080221,6.417700290481352e-05,6842.20987361306,13.34922637111032
terminal,terminal_01,237,1.5707566632257781,-1.5753042642083384,8.83086603937477,-0.004507922141903172,-0.9999898384807537,3.966356910810361e-05,6842.20987361306,13.349233672724749
terminal,terminal_01,238,1.5707718133610662,-1.5753042642083384,8.83086603937477,-0.004507922144094676,-0.9999898389668939,2.4513433827970483e-05,6842.20987361306,13.34923646169017
terminal,terminal_01,239,1.5707811766596085,-1.5753042642083384,8.83086603937477,-0.004507922144931756,-0.999989839152583,1.515013528755952e-05,6842.20987361306,13.349237526983485
terminal,terminal_01,240,1.5707869634963543,-1.5753042642083384,8.83086603937477,-0.004507922145251492,-0.9999898392235098,9.363298542210875e-06,6842.20987361306,13.349237933888256
terminal,terminal_01,241,1.5707905399581508,-1.5753042642083384,8.83086603937477,-0.00450792214537362,-0.9999898392506016,5.786836745820325e-06,6842.20987361306,13.349238089312667
terminal,terminal_01,242,1.5707905399581508,-1.5753042642083384,8.342310205260866,-0.00450792214537362,-0.9999898392506016,5.786836745820325e-06,4197.776273049276,13.28420601874257
terminal,terminal_01,243,1.5707905399581508,-1.5753042642083384,9.973010023033673,-0.00450792214537362,-0.9999898392506016,5.786836745820325e-06,21439.92298441949,12.891857020634918
terminal,terminal_01,244,1.5707905399581508,-1.5753042642083384,7.334482292429009,-0.00450792214537362,-0.9999898392506016,5.786836745820325e-06,1532.2343252594655,12.666433312824017
terminal,terminal_01,245,1.5707905399581508,-1.5753042642083384,8.785792810195323,-0.00450792214537362,-0.9999898392506016,5.786836745820325e-06,6540.656424907011,13.34864168213823
terminal,terminal_01,246,1.5707905399581508,-1.5753042642083384,8.78755242083599,-0.00450792214537362,-0.9999898392506016,5.786836745820325e-06,6552.17556517796,13.348687278939861
terminal,terminal_01,247,1.5707905399581508,-1.5753042642083384,8.834994790666123,-0.00450792214537362,-0.9999898392506016,5.786836745820325e-06,6870.518054971469,13.349232678511806
terminal,terminal_01,248,1.5707905399581508,-1.5753042642083384,9.269677929715417,-0.00450792214537362,-0.9999898392506016,5.786836745820325e-06,10611.333740741979,13.307301969918928
terminal,terminal_01,249,1.5707905399581508,-1.5753042642083384,8.830890364190717,-0.00450792214537362,-0.9999898392506016,5.786836745820325e-06,6842.3763111331755,13.349238085853035
terminal,terminal_01,250,1.5707905399581508,-1.5753042642083384,8.830714643433929,-0.00450792214537362,-0.9999898392506016,5.786836745820325e-06,6841.174069222077,13.349238101087822
terminal,terminal_01,251,1.5707905399581508,-1.5753042642083384,8.830651747727822,-0.00450792214537362,-0.9999898392506016,5.786836745820325e-06,6840.74380227951,13.349238102195212
terminal,terminal_01,252,1.5707905399581508,-1.5753042642083384,8.830655081064334,-0.00450792214537362,-0.9999898392506016,5.786836745820325e-06,6840.766604818597,13.349238102175976
terminal,terminal_01,253,1.5707905399581508,-1.5753042642083384,8.830638893966608,-0.00450792214537362,-0.9999898392506016,5.786836745820325e-06,6840.655873557254,13.349238102229776
terminal,terminal_01,254,1.5707905399581508,-1.5753042642083384,8.814181325686071,-0.00450792214537362,-0.9999898392506016,5.786836745820325e-06,6728.996652308216,13.349156969498633
terminal,terminal_01,255,1.5707905399581508,-1.5753042642083384,8.830635560629904,-0.00450792214537362,-0.9999898392506016,5.786836745820325e-06,6840.633071385959,13.349238102230345
terminal,terminal_01,256,1.5707905399581508,-1.5753042642083384,8.830632227293153,-0.00450792214537362,-0.9999898392506016,5.786836745820325e-06,6840.610269290341,13.349238102226895
terminal,terminal_01,257,1.5210347040371923,-1.52141082449552,6.8982199221455565,0.04930432293519365,-0.9975444390365454,0.04974108852011713,990.5099605249662,3.6153519790162325
terminal,terminal_01,258,1.540041952595285,-1.5419986808808377,7.6364228621296455,0.02878004983805785,-0.9991126940242535,0.030749526352733276,2072.3175764656276,4.8025815657983575
terminal,terminal_01,259,1.5517890782368038,-1.5547226758824657,8.092657369634912,0.01607005548824283,-0.9996902126776184,0.019006104103235597,3270.366606330568,9.34929696188545
terminal,terminal_01,260,1.5590492011533779,-1.5625865372661554,8.374625802113735,0.008209130862953195,-0.9998973055054489,0.011746855469359076,4335.645585484379,11.808877725391879
terminal,terminal_01,261,1.5635362038783225,-1.5674466708840935,8.548891877140179,0.0033495613682430958,-0.9999680354791163,0.007260059137306851,5161.032199535327,12.752935809138062
terminal,terminal_01,262,1.5663093240699517,-1.5704503986498453,8.656594234592559,0.0003459246558388178,-0.9999898735876248,0.004486987668677748,5747.925204025308,13.117787030051362
terminal,terminal_01,263,1.5680232066032673,-1.5723068045020316,8.72315795216662,-0.0015104713248365624,-0.999995014137817,0.0027731166373245438,6143.549522086824,13.259026510358916
terminal,terminal_01,264,1.5690824442615812,-1.573454126415597,8.76429659204494,-0.002657792588134328,-0.9999949993615451,0.0017138816942577203,6401.557454736286,13.313808548301699
terminal,terminal_01,265,1.5697370891365827,-1.574163210354218,8.789721669740683,-0.0033668753094213376,-0.9999937710639271,0.00105923746023922,6566.404292091607,13.33514372397028
terminal,terminal_01,266,1.5701416819198948,-1.5746014483291624,8.805435231923258,-0.0038051115365524573,-0.9999925462553925,0.0006546448282427458,6670.400832444134,13.34351894423541
terminal,terminal_01,267,1.5703917340115845,-1.574872294292839,8.815146747436426,-0.004075955878322478,-0.9999916114089992,0.0004045927722738004,6735.496108887978,13.346849270353204
terminal,terminal_01,268,1.5705462747032068,-1.5750396863041067,8.821148794105834,-0.0042433466421691705,-0.9999909657008043,0.0002500520890839784,6776.044435621944,13.348202187164466
terminal,terminal_01,269,1.5706417861032742,-1.5751431402565155,8.824858262949592,-0.004346799721038912,-0.9999905406799406,0.00015454069100726778,6801.226638762863,13.348768190280028
terminal,terminal_01,270,1.570700815394829,-1.5752070783153747,8.827150840775243,-0.004410737198711063,-0.9999902680901133,9.5511399922428e-05,6816.836867136663,13.349014638562116
terminal,terminal_01,271,1.5707372975033418,-1.5752465942089242,8.82856773179335,-0.004450252716786721,-0.9999900958341035,5.902929152054894e-05,6826.502427971751,13.34912767248366
terminal,terminal_01,272,1.570759844686384,-1.5752710163742336,8.829443418600896,-0.004474674643703495,-0.9999899879278236,3.648210850456077e-05,6832.4829242282685,13.349182308498003
terminal,terminal_01,273,1.5707737796118544,-1.5752861101024738,8.829984622811457,-0.004489768222160441,-0.9999899206856716,2.2547183040327225e-05,6836.181693559936,13.349210291973941
terminal,terminal_01,274,1.570782391869426,-1.5752954385395432,8.830319105408439,-0.0044990965657169665,-0.999989878916737,1.393492547024804e-05,6838.4686598201215,13.34922536065753
terminal,terminal_01,275,1.570787714537325,-1.575301203830714,8.830525827022019,-0.004504861798732177,-0.9999898530215211,8.612257571493375e-06,6839.882465222928,13.349233849547957
terminal,terminal_01,276,1.5707910041269975,-1.5753047669766125,8.830653588005422,-0.004508424908550298,-0.9999898369866133,5.322667899135288e-06,6840.756391158678,13.349238783931101
terminal,terminal_01,277,1.5707930372052241,-1.5753069691218848,8.8307325486356,-0.004510627031470777,-0.9999898270647365,3.2895896724947185e-06,6841.296562920091,13.34924171297472
terminal,terminal_01,278,1.57079429371667,-1.575308330122511,8.830781348988824,-0.004511988018262515,-0.9999898209281881,2.0330782267196e-06,6841.630428755186,13.349243476632362
terminal,terminal_01,279,1.5707950702834508,-1.575309171267157,8.830811509265779,-0.004512829154350547,-0.999989817133877,1.2565114458405528e-06,6841.83677733549,13.34924454870366
terminal,terminal_01,280,1.5707955502281157,-1.5753096911231375,8.830830149342047,-0.004513349005039,-0.9999898147882086,7.765667809412712e-07,6841.964310883449,13.349245204400422
terminal,terminal_01,281,1.5707958468502314,-1.5753100124118027,8.830841669542734,-0.004513670290432444,-0.9999898133382554,4.799446651827928e-07,6842.043132139419,13.349245607007473
terminal,terminal_01,282,1.5707960301727808,-1.5753102109791182,8.830848789418315,-0.004513868855725417,-0.9999898124420395,2.96622115819766e-07,6842.091846808665,13.349245854824092
terminal,terminal_01,283,1.5707961434723472,-1.575310333700468,8.83085318974342,-0.004513991575825024,-0.9999898118881111,1.8332254942427214e-07,6842.121954303431,13.349246007602265
terminal,terminal_01,284,1.5707962134953302,-1.5753104095464334,8.830855909293897,-0.004514067421017839,-0.9999898115457505,1.132995664567293e-07,6842.140561824754,13.349246101873407
terminal,terminal_01,285,1.5707962567719136,-1.5753104564218179,8.830857590068526,-0.004514114295924727,-0.9999898113341548,7.002298302877589e-08,6842.152061930681,13.34924616008049
terminal,terminal_01,286,1.5707962835183131,-1.5753104853923987,8.830858628844373,-0.004514143266210384,-0.9999898112033794,4.3276583489185926e-08,6842.15916939668,13.349246196032697
terminal,terminal_01,287,1.570796300048497,-1.5753105032972026,8.830859270843154,-0.004514161170831819,-0.999989811122555,2.6746399600822355e-08,6842.163562055938,13.349246218244504
terminal,terminal_01,288,1.5707963102647127,-1.5753105143629798,8.83085966762022,-0.004514172236496255,-0.9999898110726024,1.653018394959592e-08,6842.166276870062,13.349246231969985
terminal,terminal_01,289,1.5707963165786811,-1.5753105212020062,8.830859912841934,-0.004514179075453029,-0.9999898110417299,1.0216215490414169e-08,6842.167954718004,13.349246240450002
terminal,terminal_01,290,1.570796320480928,-1.575310525428757,8.830860064397289,-0.00451418330216069,-0.9999898110226496,6.3139685204140915e-09,6842.168991685275,13.349246245691612
terminal,terminal_01,291,1.5707963228926494,-1.5753105280410324,8.830860158063647,-0.0045141859144095815,-0.9999898110108574,3.9022472532770234e-09,6842.169632566357,13.349246248930033
terminal,terminal_01,292,1.5707963243831753,-1.5753105296555077,8.830860215952642,-0.004514187528868351,-0.9999898110035693,2.411721328369408e-09,6842.170028652691,13.349246250931504
terminal,terminal_01,293,1.5707963253043709,-1.5753105306533082,8.830860251730007,-0.004514188526658694,-0.999989810999065,1.4905257640953503e-09,6842.170273447511,13.349246252168614
terminal,terminal_01,294,1.570796325873701,-1.5753105312699829,8.830860273841635,-0.004514189143327122,-0.9999898109962813,9.211956255063976e-10,6842.170424739037,13.3492462529331
terminal,terminal_01,295,1.5707963262255664,-1.5753105316511087,8.830860287507374,-0.004514189524449036,-0.9999898109945607,5.693301998212926e-10,6842.170518242351,13.34924625340546
terminal,terminal_01,296,1.5707963264430311,-1.5753105318866574,8.830860295953263,-0.004514189759995328,-0.9999898109934975,3.51865486917445e-10,6842.170576030567,13.349246253696203
terminal,terminal_01,297,1.5707963265774318,-1.5753105320322345,8.83086030117311,-0.004514189905570951,-0.9999898109928403,2.174647741361876e-10,6842.170611745654,13.349246253877169
terminal,terminal_01,298,1.5707963266604958,-1.5753105321222063,8.830860304399154,-0.004514189995541843,-0.9999898109924342,1.3440077401359742e-10,6842.170633818794,13.349246253990707
terminal,terminal_01,299,1.5707963267118323,-1.5753105321778118,8.830860306392958,-0.0045141900511467955,-0.9999898109921832,8.306428339953508e-11,6842.170647460743,13.349246254059842
terminal,terminal_01,300,1.57079632674356,-1.5753105322121779,8.830860307625198,-0.004514190085512511,-0.999989810992028,5.1336551846402274e-11,6842.170655891934,13.349246254101867
terminal,terminal_01,301,1.5707963267631688,-1.5753105322334173,8.830860308386763,-0.004514190106751749,-0.9999898109919322,3.1727792785472765e-11,6842.170661102692,13.349246254127275
terminal,terminal_01,302,1.5707963267752878,-1.575310532246544,8.830860308857437,-0.004514190119878226,-0.9999898109918729,1.9608820293269472e-11,6842.170664323125,13.349246254145202
terminal,terminal_01,303,1.5707963267827776,-1.5753105322546566,8.830860309148328,-0.004514190127990765,-0.9999898109918363,1.2119033724543241e-11,6842.17066631345,13.34924625415258
terminal,terminal_01,304,1.5707963267874068,-1.5753105322596705,8.83086030932811,-0.004514190133004703,-0.9999898109918136,7.489847801066188e-12,6842.170667543545,13.349246254160702
terminal,terminal_01,305,1.5707963267902676,-1.5753105322627694,8.83086030943922,-0.0045141901361035255,-0.9999898109917996,4.629025111212085e-12,6842.170668303786,13.349246254165106
terminal,terminal_01,306,1.5707963267920357,-1.5753105322646845,8.83086030950789,-0.004514190138018641,-0.999989810991791,2.860883922194061e-12,6842.170668773641,13.34924625416609
terminal,terminal_01,307,1.5707963267924625,-1.5753105322651468,8.83086030952447,-0.004514190138018641,-0.999989810991791,2.860883922194061e-12,6842.170668773641,13.34924625416609
terminal,terminal_01,308,1.5707963267922491,-1.5753105322649157,8.83086030951618,-0.004514190138018641,-0.999989810991791,2.860883922194061e-12,6842.170668773641,13.34924625416609
terminal,terminal_01,309,1.5707963267948966,-1.5753111260493804,8.830859766755696,-0.004514783916663625,-0.9999898083111577,6.123233995736766e-17,6842.166955171499,13.349246990709553
terminal,terminal_01,310,1.5707845595505063,0.9809510489291144,11.167447263167698,0.5562324513001615,0.8310267504612264,1.1767244390015807e-05,70788.17621821171,1.8966291371452706
terminal,terminal_01,311,1.5707890542379095,0.004545782243060348,10.274950257226337,0.9999896679232465,0.004545766587179076,7.272556987067314e-06,28997.075446949657,0.8654060128448077
terminal,terminal_01,312,1.5707817816809224,1.5844026905355009,11.719040747696976,-0.013605943911590408,0.999907434755195,1.454511397368875e-05,122889.4866180613,4.715491737282135
terminal,terminal_01,313,1.5707800648631034,1.9573563156151683,12.05994426910906,-0.3770044743311461,0.9262114370217234,1.6261931792504533e-05,172809.35456640067,1.7015254325054812
terminal,terminal_01,314,1.5707823474201272,1.4615041017178585,11.606703559137513,0.10907477618813072,0.9940335472226711,1.3979374768929902e-05,109831.5996147716,2.4004877149292203
terminal,terminal_01,315,1.570781125914868,1.7268582990884485,11.849254305991865,-0.1554292528935747,0.9878470261704889,1.5200880027963347e-05,139979.92605535136,2.4016452055972803
terminal,terminal_01,316,1.5707817365915513,1.5941976986129414,11.727994012986048,-0.023399236014437493,0.999726200287392,1.4590203344809648e-05,123994.68899520067,4.290331797461138
terminal,terminal_01,317,1.57078199777407,1.5374596067765591,11.676131759867868,0.033330545636827455,0.9994443829059377,1.4329020826113198e-05,117727.9531399526,4.088074896637704
terminal,terminal_01,318,1.5707818589828038,1.5676099845757963,11.703691137958023,0.003186336827066096,0.9999949235112682,1.4467812092356409e-05,121017.58419645506,5.2429363669367515
terminal,terminal_01,319,1.57078191199635,1.5560935650301382,11.693164392236392,0.014702232050005508,0.9998919162414313,1.4414798546142376e-05,119750.34451684244,5.068780590050044
terminal,terminal_01,320,1.5707818643138258,1.566451897787443,11.702632572394634,0.004344415340840655,0.9999905628785618,1.4462481070288733e-05,120889.54692913736,5.247727843883512
terminal,terminal_01,321,1.570781866769917,1.5659183478217604,11.702144873522926,0.004877959627658709,0.999988102579615,1.4460024979180717e-05,120830.60360796258,5.248458054134334
terminal,terminal_01,322,1.5707818674664016,1.5657670466928384,11.702006574591975,0.005029258900077196,0.9999873530929498,1.4459328494533056e-05,120813.89402014315,5.2484950531475
terminal,terminal_01,323,1.5707818674610834,1.5657682019820507,11.702007630600374,0.0050281036254723795,0.999987358902531,1.4459333812723389e-05,120814.0216006973,5.248495056505127
terminal,terminal_01,324,1.5707818674596836,1.5657685060884827,11.702007908573147,0.00502779952288435,0.9999873604315633,1.4459335212492578e-05,120814.05518371066,5.2484950569501585
terminal,terminal_01,325,1.5707818671962162,1.5658257405376619,11.702060224528696,0.004970565788920171,0.9999876465570252,1.4459598679962614e-05,120820.37585178569,5.248489678463102
terminal,terminal_01,326,1.5707818674569767,1.565769094103236,11.702008446056325,0.0050272115155624,0.9999873633878108,1.4459337919438359e-05,120814.12011925044,5.2484950573208184
terminal,terminal_01,327,1.5707818674567622,1.5657691407138696,11.702008488661434,0.005027164905517819,0.9999873636221311,1.4459338133933447e-05,120814.12526654928,5.248495057327866
terminal,terminal_01,328,1.5707818674564085,1.565769217540783,11.702008558886156,0.005027088079575344,0.9999873640083498,1.4459338487650503e-05,120814.13375068794,5.2484950573429145
terminal,terminal_01,329,1.570781867357024,1.5657908074044447,11.702028293405556,0.00500549848755299,0.9999874723094364,1.445943787215112e-05,120816.51798307999,5.248494318227869
terminal,terminal_01,330,1.570781867418447,1.5657774641348892,11.702016096801817,0.005018841589502138,0.9999874054307014,1.445937644906229e-05,120815.0444408711,5.248494975235162
terminal,terminal_01,331,1.5707818674419085,1.56577236745944,11.702011438113734,0.005023938200695734,0.9999873798383071,1.445935298760729e-05,120814.48160257444,5.248495046105261
terminal,terminal_01,332,1.57078186745087,1.5657704207026482,11.70200965865323,0.005025884932909599,0.9999873700560266,1.445934402610908e-05,120814.26661816736,5.248495055545851
terminal,terminal_01,333,1.570781867454293,1.5657696771077216,11.7020089789598,0.0050266285184431695,0.9999873663185276,1.445934060306945e-05,120814.18450153194,5.248495057031604
terminal,terminal_01,334,1.5707818674556004,1.5657693930797334,11.70200871934001,0.0050269125428428875,0.9999873648907841,1.4459339295670818e-05,120814.15313578295,5.248495057195065
terminal,terminal_01,335,1.5707818674560998,1.5657692845906956,11.702008620174077,0.005027021030509842,0.9999873643454134,1.4459338796292504e-05,120814.14115513519,5.24849505736321
terminal,terminal_01,336,1.5707818674558853,1.5657693312013323,11.702008662779185,0.005026974420462107,0.9999873645797248,1.445933901078759e-05,120814.14630243492,5.248495057260209
terminal,terminal_01,337,0.5999908074321633,1.5657692845906956,11.702008620174077,0.0028384314488772793,0.5646277519451819,0.8253408053890466,120814.14115513519,0.901982333154212
terminal,terminal_01,338,0.9708055193627332,1.5657692845906956,11.702008620174077,0.004149005586462388,0.8253303767539902,0.5646348864175504,120814.14115513519,1.3226242179904655
terminal,terminal_01,339,1.1999816148643265,1.5657692845906956,11.702008620174077,0.004685346596115945,0.9320206470708866,0.36237489008048024,120814.14115513519,1.7869641031922516
terminal,terminal_01,340,1.3416202312933032,1.5657692845906956,11.702008620174077,0.004895584017453045,0.9738415910402298,0.22717523812546525,120814.14115513519,2.2780970913431595
terminal,terminal_01,341,1.4291577103659199,1.5657692845906956,11.702008620174077,0.00497668048907373,0.9899735002607205,0.1411655107767015,120814.14115513519,2.7999454911346815
terminal,terminal_01,342,1.4832588477222797,1.5657692845906956,11.702008620174077,0.005007772772935861,0.9961584536957807,0.08742572471696057,120814.14115513519,3.36347885455387
terminal,terminal_01,343,1.5166951894385368,1.5657692845906956,11.702008620174077,0.005019665948251471,0.9985242733264076,0.0540747494838181,120814.14115513519,3.9553324767648994
terminal,terminal_01,344,1.5373599850786395,1.5657692845906956,11.702008620174077,0.00502421121585307,0.9994284291160059,0.03343011182110186,120814.14115513519,4.5054677604044535
terminal,terminal_01,345,1.5501315311547936,1.5657692845906956,11.702008620174077,0.00502594771533772,0.9997738578564674,0.02066332491054402,120814.14115513519,4.9250568703187065
terminal,terminal_01,346,1.5580247807187424,1.5657692845906956,11.702008620174077,0.0050266110519027124,0.9999058103944167,0.012771198879420183,120814.14115513519,5.12871484704241
terminal,terminal_01,347,1.562903077230948,1.5657692845906956,11.702008620174077,0.0050268644316258096,0.9999562133109633,0.007893167601504682,120814.14115513519,5.204139546706395
terminal,terminal_01,348,1.565918030282691,1.5657692845906956,11.702008620174077,0.005026961215191585,0.9999754657354637,0.0048782771634600566,120814.14115513519,5.231774541152229
terminal,terminal_01,349,1.5677813737431534,1.5657692845906956,11.702008620174077,0.0050269981833880924,0.9999828195398671,0.003014948484120609,120814.14115513519,5.242139998623094
terminal,terminal_01,350,1.568932983334434,1.5657692845906956,11.702008620174077,0.0050270123040065725,0.9999856284479602,0.0018633423821927913,120814.14115513519,5.246072226714033
terminal,terminal_01,351,1.5696447172036159,1.5657692845906956,11.702008620174077,0.005027017697606381,0.9999867013560748,0.001151609336735768,120814.14115513519,5.24757035719166
terminal,terminal_01,352,1.5700845929257148,1.5657692845906956,11.702008620174077,0.005027019757778694,0.999987111170609,0.000711733809091914,120814.14115513519,5.248142037619505
terminal,terminal_01,353,1.5703564510727976,1.5657692845906956,11.702008620174077,0.005027020544694569,0.9999872677058468,0.0004398757079136694,120814.14115513519,5.248360319542694
terminal,terminal_01,354,1.5705244686478135,1.5657692845906956,11.702008620174077,0.005027020845269698,0.9999873274969894,0.0002718581437344463,120814.14115513519,5.248443684026332
terminal,terminal_01,355,1.5706283092198807,1.5657692845906956,11.702008620174077,0.005027020960079183,0.9999873503351738,0.00016801757422537424,120814.14115513519,5.248475524842269
terminal,terminal_01,356,1.5706924862228295,1.5657692845906956,11.702008620174077,0.005027021003932503,0.9999873590585842,0.00010384057188047133,120814.14115513519,5.248487686638196
terminal,terminal_01,357,1.5707321497919478,1.5657692845906956,11.702008620174077,0.005027021020682982,0.9999873623906304,6.417700290481352e-05,120814.14115513519,5.248492331987262
terminal,terminal_01,358,1.5707566632257781,1.5657692845906956,11.702008620174077,0.005027021027081095,0.9999873636633588,3.966356910810361e-05,120814.14115513519,5.248494106393301
terminal,terminal_01,359,1.5707718133610662,1.5657692845906956,11.702008620174077,0.005027021029524958,0.9999873641494978,2.4513433827970486e-05,120814.14115513519,5.248494784098209
terminal,terminal_01,360,1.5707811766596085,1.5657692845906956,11.702008620174077,0.005027021030458429,0.9999873643351863,1.515013528755952e-05,120814.14115513519,5.248495043061423
terminal,terminal_01,361,1.5707869634963543,1.5657692845906956,11.702008620174077,0.005027021030814985,0.9999873644061131,9.363298542210877e-06,120814.14115513519,5.248495141920659
terminal,terminal_01,362,1.5707905399581508,1.5657692845906956,11.702008620174077,0.005027021030951176,0.9999873644332048,5.786836745820326e-06,120814.14115513519,5.248495179721804
terminal,terminal_01,363,1.5707905399581508,1.5657692845906956,8.342310205260866,0.005027021030951176,0.9999873644332048,5.786836745820326e-06,4197.776273049276,13.283059293047225
terminal,terminal_01,364,1.5707905399581508,1.5657692845906956,9.973010023033673,0.005027021030951176,0.9999873644332048,5.786836745820326e-06,21439.92298441949,12.89052395143568
terminal,terminal_01,365,1.5707905399581508,1.5657692845906956,7.334482292429009,0.005027021030951176,0.9999873644332048,5.786836745820326e-06,1532.2343252594655,12.665240322895519
terminal,terminal_01,366,1.5707905399581508,1.5657692845906956,8.785685996786029,0.005027021030951176,0.9999873644332048,5.786836745820326e-06,6539.957832405432,13.347488691877432
terminal,terminal_01,367,1.5707905399581508,1.5657692845906956,8.787472970628986,0.005027021030951176,0.9999873644332048,5.786836745820326e-06,6551.6550141522,13.34753518249417
terminal,terminal_01,368,1.5707905399581508,1.5657692845906956,8.835119348705353,0.005027021030951176,0.9999873644332048,5.786836745820326e-06,6871.373886528137,13.348080861188587
terminal,terminal_01,369,1.5707905399581508,1.5657692845906956,9.269754910817234,0.005027021030951176,0.9999873644332048,5.786836745820326e-06,10612.150644347752,13.306111644137292
terminal,terminal_01,370,1.5707905399581508,1.5657692845906956,8.830732969728402,0.005027021030951176,0.9999873644332048,5.786836745820326e-06,6841.299443741433,13.3480868429965
terminal,terminal_01,371,1.5707905399581508,1.5657692845906956,8.830624629056361,0.005027021030951176,0.9999873644332048,5.786836745820326e-06,6840.55829291118,13.348086868183026
terminal,terminal_01,372,1.5707905399581508,1.5657692845906956,8.830216959472295,0.005027021030951176,0.9999873644332048,5.786836745820326e-06,6837.770173711444,13.348086905638239
terminal,terminal_01,373,1.5707905399581508,1.5657692845906956,8.830252197025235,0.005027021030951176,0.9999873644332048,5.786836745820326e-06,6838.011124245158,13.348086908083744
terminal,terminal_01,374,1.5707905399581508,1.5657692845906956,8.830314710548652,0.005027021030951176,0.9999873644332048,5.786836745820326e-06,6838.43860577525,13.348086909283372
terminal,terminal_01,375,1.5707905399581508,1.5657692845906956,8.830302133440336,0.005027021030951176,0.9999873644332048,5.786836745820326e-06,6838.352598533052,13.348086909356107
terminal,terminal_01,376,1.5707905399581508,1.5657692845906956,8.83030550936796,0.005027021030951176,0.9999873644332048,5.786836745820326e-06,6838.375684355463,13.348086909352608
terminal,terminal_01,377,1.5707905399581508,1.5657692845906956,8.830298757512711,0.005027021030951176,0.9999873644332048,5.786836745820326e-06,6838.329512788575,13.348086909350245
terminal,terminal_01,378,1.5707913456425535,1.39074610196998,8.670319724712154,0.17907898657499333,0.9838346998060505,4.981152343082718e-06,5827.362203411755,1.7557485334955794
terminal,terminal_01,379,1.5707882671211024,2.059509975603201,9.28161277613658,-0.4694905091726444,0.8829375185888596,8.059673794110277e-06,10738.7371369645,1.581893738515547
terminal,terminal_01,380,1.5707932482734455,0.9774272976166098,8.292519841845223,0.5591573235623356,0.829061570389756,3.0785214511505883e-06,3993.8854851523342,1.9512049767617061
terminal,terminal_01,381,1.5707944241640046,0.721982228336759,8.059026673287729,0.7504972020058602,0.6608736261780728,1.9026308920079497e-06,3162.2107717733743,1.1034012029247766
terminal,terminal_01,382,1.5707925215331129,1.1353010326901294,8.436826556154662,0.42185951704156127,0.906661208978845,3.8052617837257346e-06,4613.889807096173,0.7999650814365186
terminal,terminal_01,383,1.570793697423672,0.8798559634102785,8.20333338759717,0.6372621521863353,0.770647097823593,2.6293712245855352e-06,3653.107256583854,1.9655868687913367
terminal,terminal_01,384,1.5707940053423308,0.8129651269250653,8.14219087503106,0.6873478016694398,0.7263284377847252,2.3214525657936084e-06,3436.4384338305913,1.4896203212842312
terminal,terminal_01,385,1.5707935258635515,0.9171248967494218,8.237399581783837,0.6081050863743724,0.7938565386250667,2.8009313451392067e-06,3779.6987201905586,2.014116373082256
terminal,terminal_01,386,1.5707934869621278,0.9255756635443584,8.245124124368484,0.6013747558254048,0.7989670850841543,2.83983276877699e-06,3809.008219411421,1.9195872148096247
terminal,terminal_01,387,1.5707935913936864,0.9028894309383231,8.224387453471884,0.6193440075599432,0.7851197362772805,2.7354012102654763e-06,3730.8353928467,2.081097163328253
terminal,terminal_01,388,1.5707936001521643,0.9009867793901529,8.222648307987903,0.620836694902408,0.7839399200546046,2.726642732322604e-06,3724.352566245069,2.0789780718830166
terminal,terminal_01,389,1.5707935886634568,0.9034825335156803,8.224929587248266,0.6188782421145951,0.7854869326918503,2.738131439863424e-06,3732.85855308948,2.081332331207369
terminal,terminal_01,390,1.5707935868530334,0.903875821591056,8.225289077760783,0.6185692716159115,0.7857302693705096,2.739941863230195e-06,3734.2007215578456,2.0813694585251925
terminal,terminal_01,391,1.5707935870488026,0.9038332935922658,8.225250204443643,0.6186026865924652,0.7857039621467352,2.73974609405155e-06,3734.0555636103377,2.0813701058756386
terminal,terminal_01,392,1.5707935870970455,0.9038228135081122,8.225240624974903,0.618610920802137,0.7856974790953745,2.7396978510863717e-06,3734.0197935131223,2.08137009052254
terminal,terminal_01,393,1.5707935870005596,0.9038437736764194,8.225259783912382,0.6185944523148509,0.7857104451118002,2.7397943370167273e-06,3734.091334050207,2.081370052126268
terminal,terminal_02,0,1.5413394450481699,-1.6210739128981673,9.468172894397782,-0.0502346041710267,-0.9983030740235294,0.029452621936798155,12941.220640445368,3.8003614659964766
terminal,terminal_02,1,0.5999908074321633,-1.6210739128981673,9.468172894397782,-0.02837652039535766,-0.5639213846362023,0.8253408053890466,12941.220640445368,0.8944342268965898
terminal,terminal_02,2,0.9708055193627332,-1.6210739128981673,9.468172894397782,-0.041478663045137754,-0.8242978621543476,0.5646348864175504,12941.220640445368,1.2874038453019483
terminal,terminal_02,3,1.1999816148643265,-1.6210739128981673,9.468172894397782,-0.0468406003944864,-0.9308546595434993,0.36237489008048024,12941.220640445368,1.7304910097924335
terminal,terminal_02,4,1.3416202312933032,-1.6210739128981673,9.468172894397782,-0.04894239731362613,-0.9726232841793545,0.22717523812546522,12941.220640445368,2.1945156838165634
terminal,terminal_02,5,1.4291577103659199,-1.6210739128981673,9.468172894397782,-0.049753139345760165,-0.9887350118673832,0.14116551077670147,12941.220640445368,2.659403226402351
terminal,terminal_02,6,1.4832588477222797,-1.6210739128981673,9.468172894397782,-0.050063976807591774,-0.9949122277286189,0.08742572471696056,12941.220640445368,3.0991063708002415
terminal,terminal_02,7,1.5166951894385368,-1.6210739128981673,9.468172894397782,-0.05018287590309131,-0.9972750876435034,0.054074749483818095,12941.220640445368,3.4747126848561214
terminal,terminal_02,8,1.5373599850786395,-1.6210739128981673,9.468172894397782,-0.050228316098185746,-0.9981781123053989,0.03343011182110186,12941.220640445368,3.7480753781196827
terminal,terminal_02,9,1.5501315311547936,-1.6210739128981673,9.468172894397782,-0.05024567632475109,-0.9985231089034994,0.02066332491054402,12941.220640445368,3.906800432265795
terminal,terminal_02,10,1.5580247807187424,-1.6210739128981673,9.468172894397782,-0.05025230786893474,-0.9986548963646191,0.012771198879420183,12941.220640445368,3.9817350047230384
terminal,terminal_02,11,1.562903077230948,-1.6210739128981673,9.468172894397782,-0.050254840970406355,-0.9987052362255111,0.007893167601504682,12941.220640445368,4.013073870280629
terminal,terminal_02,12,1.565918030282691,-1.6210739128981673,9.468172894397782,-0.0502558085403046,-0.9987244645646149,0.0048782771634600566,12941.220640445368,4.0254840040207345
terminal,terminal_02,13,1.5677813737431534,-1.6210739128981673,9.468172894397782,-0.05025617812075812,-0.9987318091691747,0.0030149484841206086,12941.220640445368,4.03029101504693
terminal,terminal_02,14,1.568932983334434,-1.6210739128981673,9.468172894397782,-0.0502563192881689,-0.9987346145632344,0.0018633423821927913,12941.220640445368,4.032137019015221
terminal,terminal_02,15,1.5696447172036159,-1.6210739128981673,9.468172894397782,-0.050256373209356595,-0.9987356861291067,0.0011516093367357678,12941.220640445368,4.032843580987458
terminal,terminal_02,16,1.5700845929257148,-1.6210739128981673,9.468172894397782,-0.050256393805422676,-0.9987360954309498,0.0007117338090919139,12941.220640445368,4.033113675794198
terminal,terminal_02,17,1.5703564510727976,-1.6210739128981673,9.468172894397782,-0.050256401672420625,-0.9987362517703571,0.0004398757079136694,12941.220640445368,4.033216873834237
terminal,terminal_02,18,1.5705244686478135,-1.6210739128981673,9.468172894397782,-0.050256404677346565,-0.998736311486699,0.0002718581437344463,12941.220640445368,4.033256296460279
terminal,terminal_02,19,1.5706283092198807,-1.6210739128981673,9.468172894397782,-0.05025640582512615,-0.9987363342963121,0.00016801757422537421,12941.220640445368,4.03327135526747
terminal,terminal_02,20,1.5706924862228295,-1.6210739128981673,9.468172894397782,-0.050256406263538944,-0.9987363430088092,0.00010384057188047133,12941.220640445368,4.033277107274569
terminal,terminal_02,21,1.5707321497919478,-1.6210739128981673,9.468172894397782,-0.050256406430997734,-0.998736346336687,6.417700290481352e-05,12941.220640445368,4.033279304353815
terminal,terminal_02,22,1.5707566632257781,-1.6210739128981673,9.468172894397782,-0.0502564064949613,-0.9987363476078231,3.966356910810361e-05,12941.220640445368,4.033280143610825
terminal,terminal_02,23,1.5707718133610662,-1.6210739128981673,9.468172894397782,-0.050256406519393206,-0.998736348093354,2.4513433827970483e-05,12941.220640445368,4.033280464194125
terminal,terminal_02,24,1.5707811766596085,-1.6210739128981673,9.468172894397782,-0.05025640652872536,-0.9987363482788102,1.515013528755952e-05,12941.220640445368,4.033280586613869
terminal,terminal_02,25,1.5707869634963543,-1.6210739128981673,9.468172894397782,-0.05025640653228994,-0.9987363483496483,9.363298542210877e-06,12941.220640445368,4.033280633378902
terminal,terminal_02,26,1.5707905399581508,-1.6210739128981673,9.468172894397782,-0.050256406533651474,-0.998736348376706,5.786836745820325e-06,12941.220640445368,4.033280651240652
terminal,terminal_02,27,1.5707905399581508,-0.7416294238611401,9.468172894397782,0.7373688780659734,-0.6754902942502136,5.786836745820325e-06,12941.220640445368,1.269627555088787
terminal,terminal_02,28,1.5707905399581508,0.7416294238611392,9.468172894397782,0.7373688780659742,0.675490294250213,5.786836745820326e-06,12941.220640445368,1.1648548305977264
terminal,terminal_02,29,1.5707905399581508,-1.6583338058675134,9.468172894397782,-0.08742572471549662,-0.9961710408481481,5.786836745820326e-06,12941.220640445368,2.792393578323708
terminal,terminal_02,30,1.5707905399581508,-2.2248882715834197,9.468172894397782,-0.6084388609686742,-0.793600751278409,5.786836745820326e-06,12941.220640445368,2.0029112458258465
terminal,terminal_02,31,1.5707905399581508,-1.6032878294038915,9.468172894397782,-0.03248578604255227,-0.999472197548141,5.786836745820325e-06,12941.220640445368,7.015445046227857
terminal,terminal_02,32,1.5707905399581508,-1.2741636051786014,9.468172894397782,0.29230165344082254,-0.9563261699662275,5.786836745820325e-06,12941.220640445368,1.919950838088222
terminal,terminal_02,33,1.5707905399581508,-1.4775735622707722,9.468172894397782,0.09308779802757867,-0.9956579040136674,5.786836745820325e-06,12941.220640445368,2.9732634344978455
terminal,terminal_02,34,1.5707905399581508,-1.5671230330097383,9.468172894397782,0.0036732855244234557,-0.9999932534472263,5.786836745820325e-06,12941.220640445368,12.776326924714175
terminal,terminal_02,35,1.5707905399581508,-1.5479505798632065,9.468172894397782,0.022843759676752395,-0.9997390472570047,5.786836745820326e-06,12941.220640445368,7.7616131064282365
terminal,terminal_02,36,1.5707905399581508,-1.574732710956515,9.468172894397782,-0.00393637399576936,-0.9999922524331266,5.786836745820325e-06,12941.220640445368,13.248443571643438
terminal,terminal_02,37,1.5707905399581508,-1.5750919512079848,9.468172894397782,-0.004295611202272972,-0.9999907738028945,5.786836745820326e-06,12941.220640445368,13.250886743803493
terminal,terminal_02,38,1.5707905399581508,-1.5754028768769124,9.468172894397782,-0.004606533789890661,-0.99998938985019,5.786836745820325e-06,12941.220640445368,13.251545583507035
terminal,terminal_02,39,1.5707905399581508,-1.5753990652842966,9.468172894397782,-0.004602722237683022,-0.9999894074011562,5.786836745820325e-06,12941.220640445368,13.251545692663235
terminal,terminal_02,40,1.5707905399581508,-1.5753957312734959,9.468172894397782,-0.004599388262172516,-0.999989422741124,5.786836745820325e-06,12941.220640445368,13.251545621482911
terminal,terminal_02,41,1.5707905399581508,-1.5753990652842966,8.342310205260866,-0.004602722237683022,-0.9999894074011562,5.786836745820325e-06,4197.776273049276,13.284268264843204
terminal,terminal_02,42,1.5707905399581508,-1.5753990652842966,9.973010023033673,-0.004602722237683022,-0.9999894074011562,5.786836745820325e-06,21439.92298441949,12.89191024883422
terminal,terminal_02,43,1.5707905399581508,-1.5753990652842966,7.334482292429009,-0.004602722237683022,-0.9999894074011562,5.786836745820325e-06,1532.2343252594655,12.66646996002952
terminal,terminal_02,44,1.5707905399581508,-1.5753990652842966,8.785797737843485,-0.004602722237683022,-0.9999894074011562,5.786836745820325e-06,6540.688655040028,13.348706412033142
terminal,terminal_02,45,1.5707905399581508,-1.5753990652842966,8.787554577221217,-0.004602722237683022,-0.9999894074011562,5.786836745820325e-06,6552.1896942077865,13.348751966819579
terminal,terminal_02,46,1.5707905399581508,-1.5753990652842966,8.835035449784904,-0.004602722237683022,-0.9999894074011562,5.786836745820325e-06,6870.797409860277,13.349297262622692
terminal,terminal_02,47,1.5707905399581508,-1.5753990652842966,9.269703058432777,-0.004602722237683022,-0.9999894074011562,5.786836745820325e-06,10611.60039329866,13.307361235013598
terminal,terminal_02,48,1.5707905399581508,-1.5753990652842966,8.830867718317988,-0.004602722237683022,-0.9999894074011562,5.786836745820325e-06,6842.221361304563,13.349302784012721
terminal,terminal_02,49,1.5707905399581508,-1.5753990652842966,8.830711770215501,-0.004602722237683022,-0.9999894074011562,5.786836745820325e-06,6841.154413062913,13.349302797518462
terminal,terminal_02,50,1.5707905399581508,-1.5753990652842966,8.830638536473506,-0.004602722237683022,-0.9999894074011562,5.786836745820325e-06,6840.653428070405,13.349302800404596
terminal,terminal_02,51,1.5707905399581508,-1.5753990652842966,8.830579463232638,-0.004602722237683022,-0.9999894074011562,5.786836745820325e-06,6840.249340438256,13.349302801847395
terminal,terminal_02,52,1.5707905399581508,-1.5753990652842966,8.814145419138365,-0.004602722237683022,-0.9999894074011562,5.786836745820325e-06,6728.755041606631,13.34922133095951
terminal,terminal_02,53,1.5707905399581508,-1.5753990652842966,8.830501183953459,-0.004602722237683022,-0.9999894074011562,5.786836745820325e-06,6839.713911607242,13.349302802992723
terminal,terminal_02,54,1.5707905399581508,-1.5753990652842966,8.830437713336888,-0.004602722237683022,-0.9999894074011562,5.786836745820325e-06,6839.279804524775,13.349302803401214
terminal,terminal_02,55,1.5707905399581508,-1.5753990652842966,8.830413789959572,-0.004602722237683022,-0.9999894074011562,5.786836745820325e-06,6839.116187810578,13.349302803417551
terminal,terminal_02,56,1.5707905399581508,-1.5753990652842966,8.830420564720727,-0.004602722237683022,-0.9999894074011562,5.786836745820325e-06,6839.162521346215,13.349302803421887
terminal,terminal_02,57,1.5707905399581508,-1.5753990652842966,8.830423907513458,-0.004602722237683022,-0.9999894074011562,5.786836745820325e-06,6839.185383287187,13.349302803422072
terminal,terminal_02,58,1.5707905399581508,-1.5753990652842966,8.830427250306137,-0.004602722237683022,-0.9999894074011562,5.786836745820325e-06,6839.208245304228,13.349302803418757
terminal,terminal_02,59,1.5707963267948966,-1.575390090647281,8.8302985964076,-0.004593747695623882,-0.9999894486853894,6.123233995736767e-17,6838.328411098825,13.349302033762903
terminal,terminal_02,60,1.4628772617149959,-1.7427586338957484,11.167232915168205,-0.17012055521052993,-0.9795190737190594,0.10770970669079465,70773.00454031902,1.739653427812009
terminal,terminal_02,61,1.504098676541406,-1.6788295390223906,10.274603434877735,-0.10758344811261426,-0.9919595847828048,0.06664820965131829,28987.020356906316,2.373352134213942
terminal,terminal_02,62,1.5295749119684863,-1.6393191855206388,9.72292807669807,-0.06841108440315295,-0.9968057386999036,0.041209741878884217,16696.060572213362,3.093198075750133
terminal,terminal_02,63,1.5453200913678162,-1.6149004441490327,9.381973954587265,-0.04407551316393292,-0.9987033848809523,0.025473479673269822,11872.427271234706,4.272963694526316
terminal,terminal_02,64,1.5550511473955668,-1.599808832018887,9.171252718518405,-0.029004839625140777,-0.9994552661774779,0.015744528841053512,9616.66412065709,8.112725720088449
terminal,terminal_02,65,1.561065270767146,-1.5904817027774267,9.04101983247646,-0.01968317264339451,-0.9997589120643974,0.009730902450597599,8442.382483047708,11.44836878833984
terminal,terminal_02,66,1.5647822034233172,-1.5847172198887414,8.960531482449545,-0.013920191725388407,-0.9998850228993731,0.006014087116825421,7789.496342807719,12.634706725258024
terminal,terminal_02,67,1.569518962924605,-1.5773711171694311,8.857959283273441,-0.006574737641741183,-0.9999775703321413,0.001277363522921477,7030.121609287001,13.317788997140866
terminal,terminal_02,68,1.5706344637721097,-1.5756411193075974,8.833803660620385,-0.004844773496417383,-0.9999882509160448,0.00016186302208013695,6862.339246465682,13.348832804568564
terminal,terminal_02,69,1.5707764312797723,-1.5754209460237714,8.830729424010201,-0.00462460274344245,-0.999989306269639,1.9895515123017262e-05,6841.275186464482,13.349299247711915
terminal,terminal_02,70,1.570789612803936,-1.5754005031808367,8.830443984582338,-0.004604160118960577,-0.9999894007760889,6.713990960538173e-06,6839.32269546162,13.34930280622646
terminal,terminal_02,71,1.570789966660485,-1.5753999543949935,8.83043632199267,-0.004603611338944024,-0.9999894033049493,6.3601344115943654e-06,6839.27028873898,13.349302809081633
terminal,terminal_02,72,1.57079006483081,-1.5753998021454882,8.830434196162528,-0.0046034590910549395,-0.9999894040064549,6.261964086616048e-06,6839.255749627509,13.34930280901547
terminal,terminal_02,73,1.5707898684901602,-1.5754001066444987,8.830438447822809,-0.0046037635868329575,-0.999989402603411,6.458304736350578e-06,6839.284827881345,13.349302808776722
terminal,terminal_02,74,0.5999908074321633,-1.5753999543949935,8.83043632199267,-0.0025993595655277794,-0.5646289031652639,0.8253408053890466,6839.27028873898,0.9203513320467205
terminal,terminal_02,75,0.9708055193627332,-1.5753999543949935,8.83043632199267,-0.0037995482902590566,-0.8253320595209119,0.5646348864175504,6839.27028873898,1.3431119708043946
terminal,terminal_02,76,1.1999816148643265,-1.5753999543949935,8.83043632199267,-0.004290715034616839,-0.9320225473687059,0.36237489008048024,6839.27028873898,1.8164010673828945
terminal,terminal_02,77,1.3416202312933032,-1.5753999543949935,8.83043632199267,-0.0044832448392033274,-0.9738435766068132,0.22717523812546522,6839.27028873898,2.3295518968305187
terminal,terminal_02,78,1.4291577103659199,-1.5753999543949935,8.83043632199267,-0.004557510817802585,-0.9899755187186694,0.14116551077670147,6839.27028873898,2.9128517179947426
terminal,terminal_02,79,1.4832588477222797,-1.5753999543949935,8.83043632199267,-0.0045859842993457465,-0.9961604847642374,0.08742572471696056,6839.27028873898,3.672655145098449
terminal,terminal_02,80,1.5166951894385368,-1.5753999543949935,8.83043632199267,-0.0045968757510429,-0.9985263092185362,0.054074749483818095,6839.27028873898,5.019308669889418
terminal,terminal_02,81,1.5373599850786395,-1.5753999543949935,8.83043632199267,-0.004601038185482799,-0.9994304668516186,0.03343011182110185,6839.27028873898,10.09412118225654
terminal,terminal_02,82,1.5501315311547936,-1.5753999543949935,8.83043632199267,-0.0046026284252427725,-0.9997758962963753,0.02066332491054402,6839.27028873898,12.11886248146448
terminal,terminal_02,83,1.5580247807187424,-1.5753999543949935,8.83043632199267,-0.004603235891118356,-0.9999078491033627,0.012771198879420183,6839.27028873898,12.88064953960475
terminal,terminal_02,84,1.562903077230948,-1.5753999543949935,8.83043632199267,-0.004603467929488422,-0.9999582521226758,0.00789316760150468,6839.27028873898,13.170466856191958
terminal,terminal_02,85,1.565918030282691,-1.5753999543949935,8.83043632199267,-0.004603556561288068,-0.99997750458643,0.0048782771634600566,6839.27028873898,13.28101793207753
terminal,terminal_02,86,1.5677813737431534,-1.5753999543949935,8.83043632199267,-0.004603590415773174,-0.9999848584058271,0.0030149484841206086,6839.27028873898,13.323223870846514
terminal,terminal_02,87,1.568932983334434,-1.5753999543949935,8.83043632199267,-0.004603603347057716,-0.9999876673196474,0.0018633423821927913,6839.27028873898,13.33934211931777
terminal,terminal_02,88,1.5696447172036159,-1.5753999543949935,8.83043632199267,-0.004603608286372089,-0.9999887402299494,0.0011516093367357678,6839.27028873898,13.345498309602245
terminal,terminal_02,89,1.5700845929257148,-1.5753999543949935,8.83043632199267,-0.004603610173022765,-0.9999891500453192,0.0007117338090919139,6839.27028873898,13.34784970205912
terminal,terminal_02,90,1.5703564510727976,-1.5753999543949935,8.83043632199267,-0.004603610893659266,-0.9999893065808761,0.0004398757079136694,6839.27028873898,13.348747844875954
terminal,terminal_02,91,1.5705244686478135,-1.5753999543949935,8.83043632199267,-0.004603611168917925,-0.9999893663721405,0.00027185814373444626,6839.27028873898,13.349090903563823
terminal,terminal_02,92,1.5706283092198807,-1.5753999543949935,8.83043632199267,-0.004603611274057379,-0.9999893892103716,0.00016801757422537421,6839.27028873898,13.349221940129196
terminal,terminal_02,93,1.5706924862228295,-1.5753999543949935,8.83043632199267,-0.004603611314217077,-0.9999893979337998,0.00010384057188047133,6839.27028873898,13.349271991614259
terminal,terminal_02,94,1.5707321497919478,-1.5753999543949935,8.83043632199267,-0.0046036113295567175,-0.9999894012658529,6.417700290481352e-05,6839.27028873898,13.349291109576699
terminal,terminal_02,95,1.5707566632257781,-1.5753999543949935,8.83043632199267,-0.004603611335415938,-0.9999894025385838,3.966356910810361e-05,6839.27028873898,13.34929841198973
terminal,terminal_02,96,1.5707718133610662,-1.5753999543949935,8.83043632199267,-0.004603611337653961,-0.9999894030247238,2.4513433827970483e-05,6839.27028873898,13.349301201262639
terminal,terminal_02,97,1.5707811766596085,-1.5753999543949935,8.83043632199267,-0.00460361133850881,-0.9999894032104127,1.515013528755952e-05,6839.27028873898,13.349302266669199
terminal,terminal_02,98,1.5707869634963543,-1.5753999543949935,8.83043632199267,-0.0046036113388353336,-0.9999894032813397,9.363298542210877e-06,6839.27028873898,13.349302673619002
terminal,terminal_02,99,1.5707905399581508,-1.5753999543949935,8.83043632199267,-0.004603611338960054,-0.9999894033084313,5.786836745820325e-06,6839.27028873898,13.349302829060635
terminal,terminal_02,100,1.5707905399581508,-1.5753999543949935,8.342310205260866,-0.004603611338960054,-0.9999894033084313,5.786836745820325e-06,4197.776273049276,13.284268274348957
terminal,terminal_02,101,1.5707905399581508,-1.5753999543949935,9.973010023033673,-0.004603611338960054,-0.9999894033084313,5.786836745820325e-06,21439.92298441949,12.891910120905973
terminal,terminal_02,102,1.5707905399581508,-1.5753999543949935,7.334482292429009,-0.004603611338960054,-0.9999894033084313,5.786836745820325e-06,1532.2343252594655,12.666469765695211
terminal,terminal_02,103,1.5707905399581508,-1.5753999543949935,8.785797732414176,-0.004603611338960054,-0.9999894033084313,5.786836745820325e-06,6540.688619528611,13.348706437163116
terminal,terminal_02,104,1.5707905399581508,-1.5753999543949935,8.787554562211552,-0.004603611338960054,-0.9999894033084313,5.786836745820325e-06,6552.189595861617,13.348751992004573
terminal,terminal_02,105,1.5707905399581508,-1.5753999543949935,8.835035815034814,-0.004603611338960054,-0.9999894033084313,5.786836745820325e-06,6870.799919418873,13.349297287093197
terminal,terminal_02,106,1.5707905399581508,-1.5753999543949935,9.269703284169635,-0.004603611338960054,-0.9999894033084313,5.786836745820325e-06,10611.602788728267,13.307361203501411
terminal,terminal_02,107,1.5707905399581508,-1.5753999543949935,8.830867479365487,-0.004603611338960054,-0.9999894033084313,5.786836745820325e-06,6842.219726338855,13.349302809580442
terminal,terminal_02,108,1.5707905399581508,-1.5753999543949935,8.830711718309674,-0.004603611338960054,-0.9999894033084313,5.786836745820325e-06,6841.154057967144,13.349302823078537
terminal,terminal_02,109,1.5707905399581508,-1.5753999543949935,8.83063828255694,-0.004603611338960054,-0.9999894033084313,5.786836745820325e-06,6840.651691115398,13.349302825991355
terminal,terminal_02,110,1.5707905399581508,-1.5753999543949935,8.830578274972448,-0.004603611338960054,-0.9999894033084313,5.786836745820325e-06,6840.241212447099,13.349302827472398
terminal,terminal_02,111,1.5707905399581508,-1.5753999543949935,8.814144679019998,-0.004603611338960054,-0.9999894033084313,5.786836745820325e-06,6728.750061533283,13.349221349767992
terminal,terminal_02,112,1.5707905399581508,-1.5753999543949935,8.83049837748881,-0.004603611338960054,-0.9999894033084313,5.786836745820325e-06,6839.694716218881,13.349302828651485
terminal,terminal_02,113,1.5707905399581508,-1.5753999543949935,8.830434297216646,-0.004603611338960054,-0.9999894033084313,5.786836745820325e-06,6839.256440762501,13.34930282906325
terminal,terminal_02,114,1.5707905399581508,-1.5753999543949935,8.830410816647277,-0.004603611338960054,-0.9999894033084313,5.786836745820325e-06,6839.09585301256,13.349302829075762
terminal,terminal_02,115,1.5707905399581508,-1.5753999543949935,8.830418597855793,-0.004603611338960054,-0.9999894033084313,5.786836745820325e-06,6839.1490696505025,13.349302829081012
terminal,terminal_02,116,1.5707905399581508,-1.5753999543949935,8.83042193118939,-0.004603611338960054,-0.9999894033084313,5.786836745820325e-06,6839.171866853864,13.349302829080846
terminal,terminal_02,117,1.5707905399581508,-1.5753999543949935,8.830415264522198,-0.004603611338960054,-0.9999894033084313,5.786836745820325e-06,6839.126272523143,13.349302829080111
terminal,terminal_02,118,1.5040985828838311,-1.6788305733839,10.274600153328828,-0.10758447348431895,-0.991959467296374,0.06664830310064856,28986.92523473744,2.3733421524083353
terminal,terminal_02,119,1.4628771101738562,-1.7427597580271967,11.167230887059445,-0.1701216535255641,-0.9795188663988563,0.10770985735032536,70772.86100511409,1.7396452381185454
terminal,terminal_02,120,1.5295748540849217,-1.6393201644012747,9.722924020480551,-0.06841205999362883,-0.9968056693533699,0.041209799713277706,16695.992849497332,3.0931756893503994
terminal,terminal_02,121,1.5453200555938058,-1.6149013887406032,9.381969419598214,-0.04407645649053262,-0.9987033423367456,0.025473515435671498,11872.373430029109,4.272876564172722
terminal,terminal_02,122,1.5550511252860124,-1.5998097554186494,9.171247887632273,-0.029005762511785462,-0.9994552390460315,0.015744550947867374,9616.617663759966,8.112353049592743
terminal,terminal_02,123,1.56106525710269,-1.5904826130799314,9.041014818715876,-0.019684082723810642,-0.9997588940133999,0.009730916114406648,8442.340155069294,11.448170428059594
terminal,terminal_02,124,1.564782194978219,-1.5847181220966957,8.960526355666333,-0.013921093828896773,-0.9998850102892737,0.00601409556177087,7789.456407851013,12.634588761239625
terminal,terminal_02,125,1.569519202096981,-1.5773716353546374,8.85794879445551,-0.0065752558173325,-0.9999775672305502,0.0012771243507404384,7030.047872008114,13.317776921017266
terminal,terminal_02,126,1.5706349144749203,-1.5756413094363975,8.833788591214853,-0.004844963623336452,-0.9999882500677455,0.00016141231927539648,6862.235835871853,13.348832627096002
terminal,terminal_02,127,1.5707769099173272,-1.5754210928293875,8.830713749691505,-0.004624749547532119,-0.9999893056001187,1.9416877568186005e-05,6841.1679549773135,13.34929926370055
terminal,terminal_02,128,1.5707900958235614,-1.5754006431904273,8.830428215372063,-0.004604300127081522,-0.9999894001345788,6.230971335140319e-06,6839.21484559425,13.349302826213048
terminal,terminal_02,129,1.57079045327007,-1.5754000888370197,8.830420475043578,-0.004603745779559222,-0.9999894026889979,5.873524826532623e-06,6839.161908029644,13.349302829121337
terminal,terminal_02,130,1.5707904848064524,-1.5754000399281602,8.830419792138715,-0.004603696871218963,-0.9999894029143455,5.84198844413877e-06,6839.157237534311,13.349302829143294
terminal,terminal_02,131,1.5707904872393668,-1.5754000361550242,8.830419739455152,-0.004603693098122988,-0.9999894029317301,5.839555529824359e-06,6839.156877223153,13.349302829140177
terminal,terminal_02,132,1.5707904750179615,-1.5754000551088465,8.830420004103676,-0.004603712051744092,-0.9999894028444009,5.851776935045318e-06,6839.158687196163,13.349302829138054
terminal,terminal_02,133,1.5707904810675817,-1.5754000457266664,8.830419873102125,-0.004603702669663535,-0.999989402887629,5.845727314907251e-06,6839.157791255826,13.349302829139154
terminal,terminal_02,134,1.5707904843676312,-1.5754000406087154,8.830419801641172,-0.004603697551766907,-0.9999894029112099,5.842427265340361e-06,6839.157302523112,13.349302829141184
terminal,terminal_02,135,1.5707904857208124,-1.575400038510106,8.8304197723387,-0.004603695453179675,-0.9999894029208791,5.841074084217675e-06,6839.157102118903,13.349302829140555
terminal,terminal_02,136,1.5707904850039367,-1.5754000396218877,8.830419787862292,-0.004603696564949651,-0.9999894029157567,5.8417909598875995e-06,6839.1572082871835,13.349302829140168
terminal,terminal_02,137,1.5707904846388376,-1.5754000401881092,8.83041979576833,-0.0046036971311651555,-0.9999894029131479,5.842156058949688e-06,6839.157262357823,13.349302829139948
terminal,terminal_02,138,1.5707904848818848,-1.5754000398111745,8.830419790505266,-0.00460369675423445,-0.9999894029148845,5.841913011811721e-06,6839.157226362897,13.349302829141799
terminal,terminal_02,139,1.5707904847424294,-1.575400040027452,8.830419793525104,-0.0046036969705095954,-0.9999894029138879,5.842052467147886e-06,6839.157247016048,13.34930282914016
terminal,terminal_02,140,1.5707904848352652,-1.5754000398834758,8.830419791514792,-0.004603696826534959,-0.9999894029145514,5.8419596314087916e-06,6839.1572332672085,13.349302829142704
terminal,terminal_02,141,1.5707904847819978,-1.5754000399660864,8.830419792668268,-0.0046036969091446675,-0.9999894029141707,5.842012898799289e-06,6839.157241156009,13.349302829140479
terminal,terminal_02,142,1.5707904848174579,-1.5754000399110923,8.830419791900399,-0.004603696854151243,-0.9999894029144242,5.841977438719974e-06,6839.15723590443,13.349302829142157
terminal,terminal_02,143,1.5707904847971117,-1.5754000399426467,8.830419792340987,-0.004603696885705222,-0.9999894029142787,5.841997784889166e-06,6839.157238917681,13.349302829140774
terminal,terminal_02,144,1.5707904848106562,-1.5754000399216408,8.830419792047685,-0.004603696864699582,-0.9999894029143755,5.84198424039031e-06,6839.157236911747,13.3493028291395
terminal,terminal_02,145,1.5707904848028846,-1.5754000399336936,8.830419792215976,-0.004603696876752256,-0.9999894029143199,5.841992011951482e-06,6839.15723806271,13.349302829142815
terminal,terminal_02,146,1.5707904848083643,-1.5754000399251953,8.830419792097315,-0.004603696871218963,-0.9999894029143455,5.84198844413877e-06,6839.157237534311,13.349302829143294
terminal,terminal_03,0,1.5567918052302692,1.6496338247274176,7.68473197615207,-0.07874813325305063,0.9967961766110737,0.014004063792526748,2174.886973905555,3.183764450800456
terminal,terminal_03,1,0.5999908074321633,1.6496338247274176,7.68473197615207,-0.04446830391282625,0.5628810930444159,0.8253408053890466,2174.886973905555,0.9629670146766849
terminal,terminal_03,2,0.9708055193627332,1.6496338247274176,7.68473197615207,-0.06500042177442782,0.8227772421557287,0.5646348864175504,2174.886973905555,1.4145079496279231
terminal,terminal_03,3,1.1999816148643265,1.6496338247274176,7.68473197615207,-0.07340301153139384,0.9291374693430903,0.36237489008048024,2174.886973905555,1.8720332975557874
terminal,terminal_03,4,1.3416202312933032,1.6496338247274176,7.68473197615207,-0.07669669739777786,0.9708290414851175,0.22717523812546522,2174.886973905555,2.304684203440894
terminal,terminal_03,5,1.4291577103659199,1.6496338247274176,7.68473197615207,-0.07796719577381331,0.9869110471315644,0.14116551077670147,2174.886973905555,2.671374329196776
terminal,terminal_03,6,1.4832588477222797,1.6496338247274176,7.68473197615207,-0.07845430323193847,0.9930768675999383,0.08742572471696056,2174.886973905555,2.9314717625950597
terminal,terminal_03,7,1.5166951894385368,1.6496338247274176,7.68473197615207,-0.07864062773684495,0.9954353686389776,0.054074749483818095,2174.886973905555,3.077598466219396
terminal,terminal_03,8,1.5373599850786395,1.6496338247274176,7.68473197615207,-0.07871183619993924,0.9963367274499433,0.03343011182110185,2174.886973905555,3.1456112809211074
terminal,terminal_03,9,1.5501315311547936,1.6496338247274176,7.68473197615207,-0.07873904107989449,0.9966810876170271,0.02066332491054402,2174.886973905555,3.17396033770796
terminal,terminal_03,10,1.5580247807187424,1.6496338247274176,7.68473197615207,-0.07874943324630745,0.9968126319637847,0.012771198879420182,2174.886973905555,3.185180350857175
terminal,terminal_03,11,1.562903077230948,1.6496338247274176,7.68473197615207,-0.07875340282131216,0.996862878960431,0.00789316760150468,2174.886973905555,3.189526094824812
terminal,terminal_03,12,1.565918030282691,1.6496338247274176,7.68473197615207,-0.07875491908164615,0.9968820718281376,0.0048782771634600566,2174.886973905555,3.19119496047126
terminal,terminal_03,13,1.5677813737431534,1.6496338247274176,7.68473197615207,-0.0787554982441262,0.996889402883769,0.0030149484841206086,2174.886973905555,3.1918337245213753
terminal,terminal_03,14,1.568932983334434,1.6496338247274176,7.68473197615207,-0.07875571946488329,0.99689220310259,0.0018633423821927913,2174.886973905555,3.192077902957471
terminal,terminal_03,15,1.5696447172036159,1.6496338247274176,7.68473197615207,-0.07875580396374814,0.9968932726916956,0.0011516093367357678,2174.886973905555,3.1921711989046173
terminal,terminal_03,16,1.5700845929257148,1.6496338247274176,7.68473197615207,-0.07875583623945048,0.9968936812384809,0.0007117338090919139,2174.886973905555,3.192206838885008
terminal,terminal_03,17,1.5703564510727976,1.6496338247274176,7.68473197615207,-0.07875584856767293,0.9968938372894817,0.0004398757079136694,2174.886973905555,3.1922204527451803
terminal,terminal_03,18,1.5705244686478135,1.6496338247274176,7.68473197615207,-0.07875585327663505,0.996893896895662,0.00027185814373444626,2174.886973905555,3.1922256528633284
terminal,terminal_03,19,1.5706283092198807,1.6496338247274176,7.68473197615207,-0.07875585507529857,0.9968939196631974,0.00016801757422537424,2174.886973905555,3.1922276391448334
terminal,terminal_03,20,1.5706924862228295,1.6496338247274176,7.68473197615207,-0.07875585576232688,0.9968939283596221,0.00010384057188047133,2174.886973905555,3.1922283978383725
terminal,terminal_03,21,1.5707321497919478,1.6496338247274176,7.68473197615207,-0.07875585602474836,0.9968939316813608,6.417700290481352e-05,2174.886973905555,3.192228687634032
terminal,terminal_03,22,1.5707566632257781,1.6496338247274176,7.68473197615207,-0.07875585612498444,0.996893932950152,3.966356910810361e-05,2174.886973905555,3.1922287983259015
terminal,terminal_03,23,1.5707718133610662,1.6496338247274176,7.68473197615207,-0.07875585616327122,0.9968939334347872,2.4513433827970483e-05,2174.886973905555,3.1922288406065755
terminal,terminal_03,24,1.5707811766596085,1.6496338247274176,7.68473197615207,-0.07875585617789546,0.9968939336199013,1.515013528755952e-05,2174.886973905555,3.192228856757411
terminal,terminal_03,25,1.5707869634963543,1.6496338247274176,7.68473197615207,-0.07875585618348144,0.9968939336906086,9.363298542210877e-06,2174.886973905555,3.192228862925596
terminal,terminal_03,26,1.5707905399581508,1.6496338247274176,7.68473197615207,-0.07875585618561508,0.9968939337176164,5.786836745820325e-06,2174.886973905555,3.1922288652805624
terminal,terminal_03,27,1.5707905399581508,-0.7416294238611401,7.68473197615207,0.7373688780659734,-0.6754902942502136,5.786836745820325e-06,2174.886973905555,1.2702571096775095
terminal,terminal_03,28,1.5707905399581508,0.7416294238611396,7.68473197615207,0.7373688780659737,0.6754902942502132,5.786836745820325e-06,2174.886973905555,1.1678878798257257
terminal,terminal_03,29,1.5707905399581508,-1.6583338058675134,7.68473197615207,-0.08742572471549662,-0.9961710408481481,5.786836745820326e-06,2174.886973905555,2.8072822612404007
terminal,terminal_03,30,1.5707905399581508,-2.2248882715834197,7.68473197615207,-0.6084388609686742,-0.793600751278409,5.786836745820326e-06,2174.886973905555,2.0296107184110825
terminal,terminal_03,31,1.5707905399581508,-1.6077708445013532,7.68473197615207,-0.036966093545651134,-0.9993165203750445,5.786836745820325e-06,2174.886973905555,5.538719463475283
terminal,terminal_03,32,1.5707905399581508,-1.2769342608809113,7.68473197615207,0.2896508843438281,-0.9571323655406032,5.786836745820325e-06,2174.886973905555,1.9290263459666301
terminal,terminal_03,33,1.5707905399581508,-1.4814025142802412,7.68473197615207,0.08927479863721254,-0.9960070332556883,5.786836745820325e-06,2174.886973905555,3.0367971918085304
terminal,terminal_03,34,1.5707905399581508,-1.5683135845585987,7.68473197615207,0.002482739685649543,-0.9999969179803335,5.786836745820326e-06,2174.886973905555,12.643080469675388
terminal,terminal_03,35,1.5707905399581508,-1.548891697378751,7.68473197615207,0.02190287777091068,-0.9997601031806906,5.786836745820326e-06,2174.886973905555,8.371584710894604
terminal,terminal_03,36,1.5707905399581508,-1.5747900488569142,7.68473197615207,-0.003993711445437236,-0.999992025085902,5.786836745820326e-06,2174.886973905555,12.96651502601699
terminal,terminal_03,37,1.5707905399581508,-1.5753560039942487,7.68473197615207,-0.004559661399512004,-0.9999896046731859,5.786836745820325e-06,2174.886973905555,12.968881160010216
terminal,terminal_03,38,1.5707905399581508,-1.5753947409823512,7.68473197615207,-0.004598397981500185,-0.9999894272953672,5.786836745820326e-06,2174.886973905555,12.968889810766814
terminal,terminal_03,39,1.5707905399581508,-1.5753913598141138,7.68473197615207,-0.004595016848984604,-0.9999894428376083,5.786836745820325e-06,2174.886973905555,12.968889838647126
terminal,terminal_03,40,1.5707905399581508,-1.5753879786459266,7.68473197615207,-0.004591635716466676,-0.999989458368417,5.786836745820325e-06,2174.886973905555,12.968889716767633
terminal,terminal_03,41,1.5707905399581508,-1.5753913598141138,8.342310205260866,-0.004595016848984604,-0.9999894428376083,5.786836745820325e-06,4197.776273049276,13.284267735386496
terminal,terminal_03,42,1.5707905399581508,-1.5753913598141138,9.973010023033673,-0.004595016848984604,-0.9999894428376083,5.786836745820325e-06,21439.92298441949,12.891910869289301
terminal,terminal_03,43,1.5707905399581508,-1.5753913598141138,7.334482292429009,-0.004595016848984604,-0.9999894428376083,5.786836745820325e-06,1532.2343252594655,12.666471225381246
terminal,terminal_03,44,1.5707905399581508,-1.5753913598141138,8.785797744680615,-0.004595016848984604,-0.9999894428376083,5.786836745820325e-06,6540.688699759566,13.348705741215458
terminal,terminal_03,45,1.5707905399581508,-1.5753913598141138,8.78755467990878,-0.004595016848984604,-0.9999894428376083,5.786836745820325e-06,6552.190367036215,13.348751295872997
terminal,terminal_03,46,1.5707905399581508,-1.5753913598141138,8.835032267861035,-0.004595016848984604,-0.9999894428376083,5.786836745820325e-06,6870.775547540779,13.349296598089389
terminal,terminal_03,47,1.5707905399581508,-1.5753913598141138,9.269701091895676,-0.004595016848984604,-0.9999894428376083,5.786836745820325e-06,10611.579525213312,13.307361051343324
terminal,terminal_03,48,1.5707905399581508,-1.5753913598141138,8.830869771615383,-0.004595016848984604,-0.9999894428376083,5.786836745820325e-06,6842.235410434285,13.349302109961723
terminal,terminal_03,49,1.5707905399581508,-1.5753913598141138,8.830712207910866,-0.004595016848984604,-0.9999894428376083,5.786836745820325e-06,6841.157407405142,13.349302123531908
terminal,terminal_03,50,1.5707905399581508,-1.5753913598141138,8.830640727025246,-0.004595016848984604,-0.9999894428376083,5.786836745820325e-06,6840.668412892087,13.34930212620256
terminal,terminal_03,51,1.5707905399581508,-1.5753913598141138,8.830588722125833,-0.004595016848984604,-0.9999894428376083,5.786836745820325e-06,6840.312673869526,13.349302127370615
terminal,terminal_03,52,1.5707905399581508,-1.5753913598141138,8.814151180672216,-0.004595016848984604,-0.9999894428376083,5.786836745820325e-06,6728.793809668259,13.349220709459933
terminal,terminal_03,53,1.5707905399581508,-1.5753913598141138,8.830521660210268,-0.004595016848984604,-0.9999894428376083,5.786836745820325e-06,6839.853964779676,13.349302128257738
terminal,terminal_03,54,1.5707905399581508,-1.5753913598141138,8.830469887166633,-0.004595016848984604,-0.9999894428376083,5.786836745820325e-06,6839.499853888676,13.349302128579694
terminal,terminal_03,55,1.5707905399581508,-1.5753913598141138,8.83044306286844,-0.004595016848984604,-0.9999894428376083,5.786836745820325e-06,6839.316391565743,13.349302128624416
terminal,terminal_03,56,1.5707905399581508,-1.5753913598141138,8.830439712541466,-0.004595016848984604,-0.9999894428376083,5.786836745820325e-06,6839.293477657937,13.349302128624728
terminal,terminal_03,57,1.5707905399581508,-1.5753913598141138,8.83043636221454,-0.004595016848984604,-0.9999894428376083,5.786836745820325e-06,6839.270563827227,13.349302128620975
terminal,terminal_03,58,1.5707963267948966,-1.5767245298903234,8.830913328461602,-0.005928168372429386,-0.999982428255491,6.123233995736766e-17,6842.533443120485,13.337324022288898
terminal,terminal_03,59,1.5581386160868484,1.3393558592030632,7.7949599108784,0.22936144631530378,0.9732590188948493,0.01265737271266547,2428.332072827605,1.3945995398590707
terminal,terminal_03,60,1.5629734313575594,0.22551226449640782,8.190658905633569,0.9746498657833191,0.22359884320789813,0.007822815647055786,3607.098200937959,0.7434919430519296
terminal,terminal_03,61,1.5551505359202222,2.0277490588831384,7.550404482805538,-0.44116153630958266,0.8972913284337463,0.015645152558282433,1901.5117045999043,1.6253284225842577
terminal,terminal_03,62,1.5513877270424146,2.8946240751927053,7.2424424186861085,-0.9694753280437372,0.244419602051785,0.019407381259079988,1397.5030935888778,0.9905024184313601
terminal,terminal_03,63,1.5555847506479676,1.9277147729495074,7.585942206928658,-0.34934812670482124,0.9368695278243575,0.01521098951408759,1970.3021920126478,1.7895177531603434
terminal,terminal_03,64,1.5564280368562284,1.7334386964123372,7.6549598397058904,-0.16190955239923144,0.9867009999450795,0.014367795560236048,2111.090335544129,2.4137659715422033
terminal,terminal_03,65,1.5570814199818757,1.5829124469813864,7.708435108466385,-0.012114684279549483,0.9998325597565446,0.013714476857778768,2227.0544312376614,10.652459255067784
terminal,terminal_03,66,1.5574852329612012,1.4898821086340144,7.741484642117905,0.08081879419227517,0.9966399288363262,0.013310700748998396,2301.8873263861997,2.9283091815821347
terminal,terminal_03,67,1.5569647411882919,1.6097928797579137,7.698885688530943,-0.03898294057150878,0.9991441486511768,0.01383114458435293,2205.8885749249303,4.387316650846566
terminal,terminal_03,68,1.5572149696773303,1.5521452998354834,7.719365304819783,0.01864822565613072,0.9997338654659279,0.013580939600481743,2251.5300916745573,11.135800695904326
terminal,terminal_03,69,1.5571572372423836,1.5654456844978926,7.714640270833159,0.005350119100223071,0.99989267573904,0.013638666688377366,2240.916629700052,12.47161072721236
terminal,terminal_03,70,1.55715332237615,1.5663475904517266,7.714319863837964,0.004448307651487114,0.9998970409684697,0.013642581190381088,2240.1987393509353,12.475285124776358
terminal,terminal_03,71,1.5571539766046574,1.5661968694434778,7.714373408295854,0.00459901313160124,0.9998963680828735,0.013641927022756148,2240.3186927893917,12.475418856063063
terminal,terminal_03,72,1.5571539297399453,1.56620766612471,7.714369572716128,0.004588217566048373,0.9998964170393547,0.013641973883107226,2240.3100998849136,12.475419243979388
terminal,terminal_03,73,1.5571538828752327,1.5662184628061024,7.714365737136345,0.00457742199981416,0.9998964658792783,0.013642020743458721,2240.3015070132647,12.475418093422654
terminal,terminal_03,74,0.5999908074321633,1.56620766612471,7.714369572716128,0.0025909088040180083,0.5646289420064553,0.8253408053890466,2240.3100998849136,0.9201045347200316
terminal,terminal_03,75,0.9708055193627332,1.56620766612471,7.714369572716128,0.003787195602746462,0.8253321162960439,0.5646348864175504,2240.3100998849136,1.3446758171796027
terminal,terminal_03,76,1.1999816148643265,1.56620766612471,7.714369572716128,0.004276765517995589,0.9320226114831464,0.36237489008048024,2240.3100998849136,1.817043592979044
terminal,terminal_03,77,1.3416202312933032,1.56620766612471,7.714369572716128,0.004468669390147157,0.9738436435981496,0.22717523812546525,2240.3100998849136,2.331458924436271
terminal,terminal_03,78,1.4291577103659199,1.56620766612471,7.714369572716128,0.004542693923091203,0.9899755868197327,0.1411655107767015,2240.3100998849136,2.917737377324953
terminal,terminal_03,79,1.4832588477222797,1.56620766612471,7.714369572716128,0.004571074834677877,0.9961605532907685,0.08742572471696056,2240.3100998849136,3.6833234619781012
terminal,terminal_03,80,1.5166951894385368,1.56620766612471,7.714369572716128,0.004581930877245025,0.998526377907814,0.054074749483818095,2240.3100998849136,5.084586263843287
terminal,terminal_03,81,1.5373599850786395,1.56620766612471,7.714369572716128,0.004586079779220537,0.999430535603094,0.03343011182110186,2240.3100998849136,9.84906473409462
terminal,terminal_03,82,1.5501315311547936,1.56620766612471,7.714369572716128,0.004587664848962042,0.9997759650716129,0.02066332491054402,2240.3100998849136,11.805297173916872
terminal,terminal_03,83,1.5580247807187424,1.56620766612471,7.714369572716128,0.004588270339909144,0.9999079178876774,0.012771198879420183,2240.3100998849136,12.539134006147222
terminal,terminal_03,84,1.562903077230948,1.56620766612471,7.714369572716128,0.004588501623900727,0.9999583209104578,0.00789316760150468,2240.3100998849136,12.817846202376208
terminal,terminal_03,85,1.565918030282691,1.56620766612471,7.714369572716128,0.0045885899675500875,0.9999775733755364,0.0048782771634600566,2240.3100998849136,12.92408770332618
terminal,terminal_03,86,1.5677813737431534,1.56620766612471,7.714369572716128,0.00458862371197109,0.9999849271954393,0.0030149484841206086,2240.3100998849136,12.964637403013265
terminal,terminal_03,87,1.568932983334434,1.56620766612471,7.714369572716128,0.004588636601214815,0.9999877361094529,0.0018633423821927913,2240.3100998849136,12.980121534565496
terminal,terminal_03,88,1.5696447172036159,1.56620766612471,7.714369572716128,0.0045886415244710144,0.9999888090198288,0.001151609336735768,2240.3100998849136,12.986035295704212
terminal,terminal_03,89,1.5700845929257148,1.56620766612471,7.714369572716128,0.004588643404988012,0.9999892188352267,0.000711733809091914,2240.3100998849136,12.988294056621442
terminal,terminal_03,90,1.5703564510727976,1.56620766612471,7.714369572716128,0.004588644123281656,0.9999893753707945,0.00043987570791366947,2240.3100998849136,12.989156812690029
terminal,terminal_03,91,1.5705244686478135,1.56620766612471,7.714369572716128,0.004588644397645424,0.999989435162063,0.0002718581437344463,2240.3100998849136,12.989486354166006
terminal,terminal_03,92,1.5706283092198807,1.56620766612471,7.714369572716128,0.00458864450244306,0.9999894580002956,0.00016801757422537424,2240.3100998849136,12.98961222751441
terminal,terminal_03,93,1.5706924862228295,1.56620766612471,7.714369572716128,0.004588644542472195,0.9999894667237244,0.00010384057188047135,2240.3100998849136,12.98966030681371
terminal,terminal_03,94,1.5707321497919478,1.56620766612471,7.714369572716128,0.004588644557761964,0.9999894700557775,6.417700290481352e-05,2240.3100998849136,12.989678671464953
terminal,terminal_03,95,1.5707566632257781,1.56620766612471,7.714369572716128,0.004588644563602136,0.9999894713285087,3.966356910810361e-05,2240.3100998849136,12.989685686136493
terminal,terminal_03,96,1.5707718133610662,1.56620766612471,7.714369572716128,0.004588644565832883,0.9999894718146487,2.4513433827970486e-05,2240.3100998849136,12.989688365502351
terminal,terminal_03,97,1.5707811766596085,1.56620766612471,7.714369572716128,0.004588644566684952,0.9999894720003376,1.515013528755952e-05,2240.3100998849136,12.989689388929747
terminal,terminal_03,98,1.5707869634963543,1.56620766612471,7.714369572716128,0.0045886445670104145,0.9999894720712645,9.363298542210877e-06,2240.3100998849136,12.989689779843706
terminal,terminal_03,99,1.5707905399581508,1.56620766612471,7.714369572716128,0.004588644567134729,0.9999894720983562,5.786836745820325e-06,2240.3100998849136,12.989689929160571
terminal,terminal_03,100,1.5707905399581508,1.56620766612471,8.342310205260866,0.004588644567134729,0.9999894720983562,5.786836745820325e-06,4197.776273049276,13.284266691942786
terminal,terminal_03,101,1.5707905399581508,1.56620766612471,9.973010023033673,0.004588644567134729,0.9999894720983562,5.786836745820325e-06,21439.92298441949,12.891910721065674
terminal,terminal_03,102,1.5707905399581508,1.56620766612471,7.334482292429009,0.004588644567134729,0.9999894720983562,5.786836745820325e-06,1532.2343252594655,12.666471704448588
terminal,terminal_03,103,1.5707905399581508,1.56620766612471,8.785797695871587,0.004588644567134729,0.9999894720983562,5.786836745820325e-06,6540.688380514916,13.348704572776503
terminal,terminal_03,104,1.5707905399581508,1.56620766612471,8.787554727669253,0.004588644567134729,0.9999894720983562,5.786836745820325e-06,6552.190679971934,13.348750127799295
terminal,terminal_03,105,1.5707905399581508,1.56620766612471,8.835029617123338,0.004588644567134729,0.9999894720983562,5.786836745820325e-06,6870.757334941167,13.349295435597016
terminal,terminal_03,106,1.5707905399581508,1.56620766612471,9.269699453649684,0.004588644567134729,0.9999894720983562,5.786836745820325e-06,10611.562140849925,13.307360280364918
terminal,terminal_03,107,1.5707905399581508,1.56620766612471,8.830871443035196,0.004588644567134729,0.9999894720983562,5.786836745820325e-06,6842.246846691674,13.34930093962879
terminal,terminal_03,108,1.5707905399581508,1.56620766612471,8.830712540886882,0.004588644567134729,0.9999894720983562,5.786836745820325e-06,6841.159685346864,13.349300953264692
terminal,terminal_03,109,1.5707905399581508,1.56620766612471,8.830642352905894,0.004588644567134729,0.9999894720983562,5.786836745820325e-06,6840.67953501152,13.349300955766992
terminal,terminal_03,110,1.5707905399581508,1.56620766612471,8.830596036451862,0.004588644567134729,0.9999894720983562,5.786836745820325e-06,6840.362706329535,13.349300956736762
terminal,terminal_03,111,1.5707905399581508,1.56620766612471,8.814155719417185,0.004588644567134729,0.9999894720983562,5.786836745820325e-06,6728.824350016619,13.34921958063155
terminal,terminal_03,112,1.5707905399581508,1.56620766612471,8.830536299346727,0.004588644567134729,0.9999894720983562,5.786836745820325e-06,6839.954095068138,13.349300957456789
terminal,terminal_03,113,1.5707905399581508,1.56620766612471,8.830494229806355,0.004588644567134729,0.9999894720983562,5.786836745820325e-06,6839.66634739594,13.349300957695368
terminal,terminal_03,114,1.5707905399581508,1.56620766612471,8.830470033148242,0.004588644567134729,0.9999894720983562,5.786836745820325e-06,6839.500852329943,13.349300957743875
terminal,terminal_03,115,1.5707905399581508,1.56620766612471,8.83046401493454,0.004588644567134729,0.9999894720983562,5.786836745820325e-06,6839.45969087606,13.349300957745825
terminal,terminal_03,116,1.5707905399581508,1.56620766612471,8.83046066504685,0.004588644567134729,0.9999894720983562,5.786836745820325e-06,6839.436779492611,13.349300957745626
terminal,terminal_03,117,1.5681821529695796,2.167127241550163,8.616984067611074,-0.5616085338108623,0.8273989490334104,0.002614170847815498,5524.699123461552,1.4609541910438182
terminal,terminal_03,118,1.5665665046930335,2.5393399080881305,8.48475349351238,-0.8240541541679989,0.5664952424426448,0.004229809488971402,4840.404126871053,1.1814304400941649
terminal,terminal_03,119,1.5691806785183504,1.937087162586468,8.69870705675598,-0.358154329693024,0.933661001544489,0.0016156475736533032,5995.15580784438,1.7716199521776876
terminal,terminal_03,120,1.5697978012461258,1.794914575012195,8.74921464170977,-0.22224663827447994,0.9749899664728618,0.000998525382840321,6305.733902534123,2.1386590383301836
terminal,terminal_03,121,1.5701792040671212,1.7070470836227734,8.780430045900886,-0.13582955614922737,0.9907320277632551,0.0006171226886045434,6505.674310424796,2.581074299776527
terminal,terminal_03,122,1.5704149239739014,1.652741987437922,8.79972222666356,-0.08185397337850153,0.9966442602925313,0.0003814028117482613,6632.401446104395,3.1378340119436343
terminal,terminal_03,123,1.5705606068881164,1.6191795922333518,8.811645450092,-0.04836438924759308,0.998829730378924,0.0002357199045973168,6711.954371609647,3.944229295470501
terminal,terminal_03,124,1.5706506438806815,1.5984368912530709,8.819014407426236,-0.027637044730432395,0.999618013310613,0.0001456829136997614,6761.597160159013,6.124604220938864
terminal,terminal_03,125,1.5707062898023314,1.5856171970287813,8.823568673520441,-0.014820327592172815,0.9998901688602607,9.003699244356808e-05,6792.461501713031,10.808943487049941
terminal,terminal_03,126,1.5707406808732465,1.57769419027279,8.82638336476047,-0.0068978087666881505,0.999976208285852,5.564592162142623e-05,6811.607115455712,12.456117718131667
terminal,terminal_03,127,1.5707829074964785,1.5679660308334646,8.829839346308734,0.002830292182462202,0.9999959946250206,1.3419298417685506e-05,6835.18862912773,13.327825625001541
terminal,terminal_03,128,1.5707908135462276,1.5661446369684946,8.830486406385075,0.0046516730506362,0.9999891808951905,5.513248668964627e-06,6839.612838014005,13.349288148245288
terminal,terminal_03,129,1.5707906559365237,1.5661809470546937,8.830473507029478,0.004615363354217218,0.9999893491377546,5.670858372916784e-06,6839.524611984886,13.349302156574318
terminal,terminal_03,130,1.5707906104811544,1.5661914190518431,8.830469786795536,0.00460489146834952,0.9999893974147369,5.71631374216243e-06,6839.499167400612,13.349302849170769
terminal,terminal_03,131,1.570790565025786,1.5662018910488371,8.830466066561652,0.004594419582132261,0.9999894455820549,5.7617691105198855e-06,6839.473722911386,13.349302043246322
terminal,terminal_03,132,1.5707906458461391,3.141592653589793,8.830484868052446,-0.9999999999838635,1.2246467991275917e-16,5.680948757444548e-06,6839.602316422497,0.8643099849526997
terminal,terminal_03,133,0.5999908074321633,1.5661914190518431,8.830469786795536,0.002600082371239157,0.5646288998372494,0.8253408053890466,6839.499167400612,0.9203543964619231
terminal,terminal_03,134,0.9708055193627332,1.5661914190518431,8.830469786795536,0.003800604833278836,0.8253320546562706,0.5646348864175504,6839.499167400612,1.3431282681411782
terminal,terminal_03,135,1.1999816148643265,1.5661914190518431,8.830469786795536,0.004291908156712778,0.9320225418752136,0.3623748900804803,6839.499167400612,1.816370732163425
terminal,terminal_03,136,1.3416202312933032,1.5661914190518431,8.830469786795536,0.004484491498195125,0.9738435708668208,0.22717523812546522,6839.499167400612,2.3295615006141603
terminal,terminal_03,137,1.4291577103659199,1.5661914190518431,8.830469786795536,0.004558778127986395,0.9899755128835929,0.1411655107767015,6839.499167400612,2.9128500893429496
terminal,terminal_03,138,1.4832588477222797,1.5661914190518431,8.830469786795536,0.004587259527170253,0.9961604788927056,0.08742572471696057,6839.499167400612,3.6726545058823237
terminal,terminal_03,139,1.5166951894385368,1.5661914190518431,8.830469786795536,0.00459815400746091,0.9985263033330599,0.0540747494838181,6839.499167400612,5.019298390962459
terminal,terminal_03,140,1.5373599850786395,1.5661914190518431,8.830469786795536,0.004602317599351831,0.9994304609608131,0.03343011182110186,6839.499167400612,10.09411218109737
terminal,terminal_03,141,1.5501315311547936,1.5661914190518431,8.830469786795536,0.0046039082813108725,0.9997758904035337,0.02066332491054402,6839.499167400612,12.11885940610783
terminal,terminal_03,142,1.5580247807187424,1.5661914190518431,8.830469786795536,0.004604515916104912,0.9999078432097434,0.012771198879420183,6839.499167400612,12.880648405011698
terminal,terminal_03,143,1.562903077230948,1.5661914190518431,8.830469786795536,0.004604748018998049,0.9999582462287594,0.007893167601504682,6839.499167400612,13.170466437312811
terminal,terminal_03,144,1.565918030282691,1.5661914190518431,8.830469786795536,0.0046048366754436005,0.9999774986924,0.0048782771634600566,6839.499167400612,13.281017783544083
terminal,terminal_03,145,1.5677813737431534,1.5661914190518431,8.830469786795536,0.004604870539342647,0.9999848525117538,0.003014948484120609,6839.499167400612,13.32322382517077
terminal,terminal_03,146,1.568932983334434,1.5661914190518431,8.830469786795536,0.004604883474223001,0.9999876614255576,0.0018633423821927916,6839.499167400612,13.33934211287202
terminal,terminal_03,147,1.5696447172036159,1.5661914190518431,8.830469786795536,0.004604888414910852,0.9999887343358533,0.001151609336735768,6839.499167400612,13.345498318131389
terminal,terminal_03,148,1.5700845929257148,1.5661914190518431,8.830469786795536,0.00460489030208615,0.9999891441512206,0.000711733809091914,6839.499167400612,13.347849716309257
terminal,terminal_03,149,1.5703564510727976,1.5661914190518431,8.830469786795536,0.004604891022923039,0.9999893006867767,0.00043987570791366947,6839.499167400612,13.34874786130961
terminal,terminal_03,150,1.5705244686478135,1.5661914190518431,8.830469786795536,0.00460489129825824,0.9999893604780408,0.0002718581437344463,6839.499167400612,13.349090920834048
terminal,terminal_03,151,1.5706283092198807,1.5661914190518431,8.830469786795536,0.00460489140342693,0.9999893833162717,0.00016801757422537424,6839.499167400612,13.349221957720122
terminal,terminal_03,152,1.5706924862228295,1.5661914190518431,8.830469786795536,0.004604891443597795,0.9999893920396997,0.00010384057188047133,6839.499167400612,13.349272009323109
terminal,terminal_03,153,1.5707321497919478,1.5661914190518431,8.830469786795536,0.0046048914589417,0.9999893953717528,6.417700290481352e-05,6839.499167400612,13.349291127331973
terminal,terminal_03,154,1.5707566632257781,1.5661914190518431,8.830469786795536,0.0046048914648025505,0.9999893966444838,3.9663569108103616e-05,6839.499167400612,13.349298429760173
terminal,terminal_03,155,1.5707718133610662,1.5661914190518431,8.830469786795536,0.0046048914670411955,0.9999893971306237,2.4513433827970483e-05,6839.499167400612,13.349301219039669
terminal,terminal_03,156,1.5707811766596085,1.5661914190518431,8.830469786795536,0.004604891467896283,0.9999893973163128,1.5150135287559522e-05,6839.499167400612,13.34930228445271
terminal,terminal_03,157,1.5707869634963543,1.5661914190518431,8.830469786795536,0.004604891468222897,0.9999893973872396,9.363298542210877e-06,6839.499167400612,13.349302691403453
terminal,terminal_03,158,1.5707905399581508,1.5661914190518431,8.830469786795536,0.004604891468347651,0.9999893974143312,5.786836745820325e-06,6839.499167400612,13.349302846842086
terminal,terminal_03,159,1.5707905399581508,1.5661914190518431,8.342310205260866,0.004604891468347651,0.9999893974143312,5.786836745820325e-06,4197.776273049276,13.284268269289797
terminal,terminal_03,160,1.5707905399581508,1.5661914190518431,9.973010023033673,0.004604891468347651,0.9999893974143312,5.786836745820325e-06,21439.92298441949,12.891909916246437
terminal,terminal_03,161,1.5707905399581508,1.5661914190518431,7.334482292429009,0.004604891468347651,0.9999893974143312,5.786836745820325e-06,1532.2343252594655,12.666469468327145
terminal,terminal_03,162,1.5707905399581508,1.5661914190518431,8.785797722914367,0.004604891468347651,0.9999893974143312,5.786836745820325e-06,6540.688557393319,13.348706454347646
terminal,terminal_03,163,1.5707905399581508,1.5661914190518431,8.787554539447806,0.004604891468347651,0.9999893974143312,5.786836745820325e-06,6552.189446709236,13.348752009280526
terminal,terminal_03,164,1.5707905399581508,1.5661914190518431,8.835036337414637,0.004604891468347651,0.9999893974143312,5.786836745820325e-06,6870.803508587056,13.349297303356337
terminal,terminal_03,165,1.5707905399581508,1.5661914190518431,9.269703607018121,0.004604891468347651,0.9999893974143312,5.786836745820325e-06,10611.606214668713,13.307361139300276
terminal,terminal_03,166,1.5707905399581508,1.5661914190518431,8.8308671362429,0.004604891468347651,0.9999893974143312,5.786836745820325e-06,6842.217378619117,13.349302827419441
terminal,terminal_03,167,1.5707905399581508,1.5661914190518431,8.83071164167873,0.004604891468347651,0.9999893974143312,5.786836745820325e-06,6841.153533723074,13.349302840910477
terminal,terminal_03,168,1.5707905399581508,1.5661914190518431,8.830637871612083,0.004604891468347651,0.9999893974143312,5.786836745820325e-06,6840.648879985346,13.349302843861468
terminal,terminal_03,169,1.5707905399581508,1.5661914190518431,8.830576689326,0.004604891468347651,0.9999893974143312,5.786836745820325e-06,6840.230366251517,13.349302845389472
terminal,terminal_03,170,1.5707905399581508,1.5661914190518431,8.814143690341622,0.004604891468347651,0.9999893974143312,5.786836745820325e-06,6728.743408966885,13.349221358608702
terminal,terminal_03,171,1.5707905399581508,1.5661914190518431,8.830495143113982,0.004604891468347651,0.9999893974143312,5.786836745820325e-06,6839.672594118232,13.349302846615632
terminal,terminal_03,172,1.5707905399581508,1.5661914190518431,8.83042794324148,0.004604891468347651,0.9999893974143312,5.786836745820325e-06,6839.21298443498,13.349302847043125
terminal,terminal_03,173,1.5707905399581508,1.5661914190518431,8.830407003514228,0.004604891468347651,0.9999893974143312,5.786836745820325e-06,6839.069774679862,13.349302847048774
terminal,terminal_03,174,1.5707905399581508,1.5661914190518431,8.83041552180101,0.004604891468347651,0.9999893974143312,5.786836745820325e-06,6839.1280320856495,13.3493028470547
terminal,terminal_03,175,1.5707905399581508,1.5661914190518431,8.830418855135148,0.004604891468347651,0.9999893974143312,5.786836745820325e-06,6839.150829222591,13.349302847052153
terminal,terminal_03,176,1.5707905399581508,1.5661914190518431,8.830412188466871,0.004604891468347651,0.9999893974143312,5.786836745820325e-06,6839.105235024697,13.349302847053712
terminal,terminal_03,177,1.5681821260321893,2.1671172003069135,8.616933369822823,-0.5616002256288909,0.8274045881813319,0.0026141977851137717,5524.419040535086,1.4609644645139264
terminal,terminal_03,178,1.5665664611074201,2.539333702258513,8.484701433172576,-0.824050638427254,0.5665003562669718,0.0042298530741948365,4840.152140346727,1.1814340777333332
terminal,terminal_03,179,1.5691806618701276,1.9370747509272332,8.698657201070898,-0.3581427413736124,0.9336654467369542,0.001615664221854375,5994.856922695028,1.7716443204095138
terminal,terminal_03,180,1.5697977909569583,1.7949006983553137,8.749165306473069,-0.22223310864957155,0.9749930504093143,0.0009985356720027096,6305.422815333311,2.1387081802222556
terminal,terminal_03,181,1.570179197708066,1.707032301547553,8.780381032318974,-0.13581491105849733,0.9907340354938409,0.000617129047658615,6505.355451838358,2.5811799117401173
terminal,terminal_03,182,1.570414920043789,1.6527266457833942,8.799673411875242,-0.08183868319681803,0.9966455159491303,0.0003814067418604332,6632.077694733754,3.1380661303680113
terminal,terminal_03,183,1.5705606044591733,1.6191639047397923,8.811596758164878,-0.04834872010665249,0.9988304889714922,0.00023572233354029597,6711.627561573112,3.94488317060087
terminal,terminal_03,184,1.5706506423795121,1.5984209900192354,8.81896579143151,-0.027621149567157256,0.9996184526471288,0.00014568441486915648,6761.268446377569,6.131936372606767
terminal,terminal_03,185,1.5707062888745578,1.5856011636961906,8.823520104454515,-0.014804296018635843,0.9998904063508989,9.003792021720003e-05,6792.131606213974,10.813146211784803
terminal,terminal_03,186,1.570740680299851,1.5776780752986783,8.826334824698138,-0.006881694175084252,0.9999763193139867,5.56464950169786e-05,6811.276487646158,12.458609160421792
terminal,terminal_03,187,1.570782856223306,1.5679615960619353,8.829786656790912,0.0028347269361988165,0.9999959820627985,1.3470571590277439e-05,6834.828495822343,13.327932681179451
terminal,terminal_03,188,1.570790743701807,1.5661444806367069,8.830432196928266,0.004651829380730709,0.9999891801675865,5.58309308965502e-06,6839.242076366752,13.34928804812359
terminal,terminal_03,189,1.570790585267537,1.5661809806861926,8.830419230087177,0.004615329723074639,0.9999893492925723,5.741527359578158e-06,6839.153393576549,13.349302159360658
terminal,terminal_03,190,1.5707905398121689,1.5661914526831007,8.830415509853323,0.004604857837446666,0.9999893975691981,5.786982727713563e-06,6839.127950373887,13.349302846864221
terminal,terminal_03,191,1.5707904943568016,1.5662019246798542,8.830411789619523,0.00459438595146825,0.9999894457361597,5.832438094960777e-06,6839.102507266255,13.349302035848073
terminal,terminal_04,0,1.466719806552059,-1.6111901282160055,6.698324526599354,-0.04016430308283968,-0.9937776212156925,0.1038887305185199,811.0458004776973,3.0871993074948683
terminal,terminal_04,1,0.5999908074321633,-1.6111901282160055,6.698324526599354,-0.022801547571020375,-0.564174303197271,0.8253408053890466,811.0458004776973,0.8994083930679835
terminal,terminal_04,2,0.9708055193627332,-1.6111901282160055,6.698324526599354,-0.03332958711740995,-0.8246675594825001,0.5646348864175504,811.0458004776973,1.304093141801894
terminal,terminal_04,3,1.1999816148643265,-1.6111901282160055,6.698324526599354,-0.03763809527276524,-0.9312721475612799,0.36237489008048024,811.0458004776973,1.7553392999939137
terminal,terminal_04,4,1.3416202312933032,-1.6111901282160055,6.698324526599354,-0.03932696416044708,-0.9730595054119564,0.22717523812546525,811.0458004776973,2.237571608815199
terminal,terminal_04,5,1.4291577103659199,-1.6111901282160055,6.698324526599354,-0.039978424337944886,-0.989178459204712,0.14116551077670147,811.0458004776973,2.746313281488061
terminal,terminal_04,6,1.4832588477222797,-1.6111901282160055,6.698324526599354,-0.040228193339713274,-0.9953584455452905,0.08742572471696057,811.0458004776973,3.281705415163691
terminal,terminal_04,7,1.5166951894385368,-1.6111901282160055,6.698324526599354,-0.040323733009285566,-0.9977223652020928,0.054074749483818095,811.0458004776973,3.810594765463073
terminal,terminal_04,8,1.5373599850786395,-1.6111901282160055,6.698324526599354,-0.04036024582888594,-0.998625794870261,0.03343011182110186,811.0458004776973,4.260493886263604
terminal,terminal_04,9,1.5501315311547939,-1.6111901282160055,6.698324526599354,-0.040374195390930845,-0.9989709461992257,0.020663324910543797,811.0458004776973,4.5563321294555195
terminal,terminal_04,10,1.5580247807187424,-1.6111901282160055,6.698324526599354,-0.04037952407352004,-0.9991027927669797,0.012771198879420182,811.0458004776973,4.69612851802117
terminal,terminal_04,11,1.562903077230948,-1.6111901282160055,6.698324526599354,-0.04038155951101916,-0.9991531552052831,0.00789316760150468,811.0458004776973,4.752838283196468
terminal,terminal_04,12,1.565918030282691,-1.6111901282160055,6.698324526599354,-0.040382336987987995,-0.999172392168291,0.0048782771634600566,811.0458004776973,4.774957266474929
terminal,terminal_04,13,1.5677813737431534,-1.6111901282160055,6.698324526599354,-0.04038263395908153,-0.9991797400669036,0.003014948484120609,811.0458004776973,4.78347603534053
terminal,terminal_04,14,1.568932983334434,-1.6111901282160055,6.698324526599354,-0.040382747392137715,-0.9991825467191816,0.0018633423821927913,811.0458004776973,4.786740519456229
terminal,terminal_04,15,1.5696447172036159,-1.6111901282160055,6.698324526599354,-0.040382790719737764,-0.9991836187656509,0.001151609336735768,811.0458004776973,4.787989015151302
terminal,terminal_04,16,1.5700845929257148,-1.6111901282160055,6.698324526599354,-0.040382807269412416,-0.9991840282510657,0.0007117338090919139,811.0458004776973,4.788466129283436
terminal,terminal_04,17,1.5703564510727976,-1.6111901282160055,6.698324526599354,-0.04038281359082623,-0.9991841846605911,0.0004398757079136694,811.0458004776973,4.788648404491374
terminal,terminal_04,18,1.5705244686478135,-1.6111901282160055,6.698324526599354,-0.04038281600539154,-0.9991842444037158,0.0002718581437344463,811.0458004776973,4.788718032364988
terminal,terminal_04,19,1.5706283092198807,-1.6111901282160055,6.698324526599354,-0.04038281692767343,-0.9991842672235591,0.00016801757422537424,811.0458004776973,4.788744628568634
terminal,terminal_04,20,1.5706924862228295,-1.6111901282160055,6.698324526599354,-0.04038281727995376,-0.9991842759399637,0.00010384057188047133,811.0458004776973,4.78875478751642
terminal,terminal_04,21,1.5707321497919478,-1.6111901282160055,6.698324526599354,-0.040382817414512884,-0.9991842792693341,6.417700290481352e-05,811.0458004776973,4.788758667908927
terminal,terminal_04,22,1.5707566632257781,-1.6111901282160055,6.698324526599354,-0.040382817465909895,-0.9991842805410404,3.9663569108103616e-05,811.0458004776973,4.788760150087026
terminal,terminal_04,23,1.5707718133610662,-1.6111901282160055,6.698324526599354,-0.040382817485541796,-0.9991842810267889,2.4513433827970483e-05,811.0458004776973,4.7887607162293
terminal,terminal_04,24,1.5707811766596085,-1.6111901282160055,6.698324526599354,-0.04038281749304052,-0.9991842812123283,1.515013528755952e-05,811.0458004776973,4.788760932479834
terminal,terminal_04,25,1.5707869634963543,-1.6111901282160055,6.698324526599354,-0.040382817495904784,-0.9991842812831981,9.363298542210877e-06,811.0458004776973,4.788761015077358
terminal,terminal_04,26,1.5707905399581508,-1.6111901282160055,6.698324526599354,-0.040382817496998825,-0.9991842813102679,5.786836745820325e-06,811.0458004776973,4.7887610466248125
terminal,terminal_04,27,1.5707905399581508,-0.7416294238611401,6.698324526599354,0.7373688780659734,-0.6754902942502136,5.786836745820325e-06,811.0458004776973,1.271523159788185
terminal,terminal_04,28,1.5707905399581508,0.7416294238611396,6.698324526599354,0.7373688780659737,0.6754902942502132,5.786836745820325e-06,811.0458004776973,1.1975975817102302
terminal,terminal_04,29,1.5707905399581508,-1.6583338058675134,6.698324526599354,-0.08742572471549662,-0.9961710408481481,5.786836745820326e-06,811.0458004776973,2.809037727852287
terminal,terminal_04,30,1.5707905399581508,-2.2248882715834197,6.698324526599354,-0.6084388609686742,-0.793600751278409,5.786836745820326e-06,811.0458004776973,2.2732642579396725
terminal,terminal_04,31,1.5707905399581508,-1.674220212490858,6.698324526599354,-0.10323960534507987,-0.994656515514127,5.786836745820325e-06,811.0458004776973,2.5506200802411367
terminal,terminal_04,32,1.5707905399581508,-1.3081838895770463,6.698324526599354,0.25960430489714414,-0.965715074359608,5.786836745820325e-06,811.0458004776973,2.0140739384928454
terminal,terminal_04,33,1.5707905399581508,-1.5245884390024855,6.698324526599354,0.04619144593959527,-0.998932605478729,5.786836745820325e-06,811.0458004776973,4.053194597566302
terminal,terminal_04,34,1.5707905399581508,-1.491525223462781,6.698324526599354,0.07918810736096558,-0.9968596910393663,5.786836745820325e-06,811.0458004776973,3.188025512707878
terminal,terminal_04,35,1.5707905399581508,-1.5695870758343664,6.698324526599354,0.0012092506657978145,-0.9999992688394027,5.786836745820326e-06,811.0458004776973,11.647298354977744
terminal,terminal_04,36,1.5707905399581508,-1.6034853103166173,6.698324526599354,-0.032683162089633414,-0.9994657627364408,5.786836745820325e-06,811.0458004776973,6.755241236521496
terminal,terminal_04,37,1.5707905399581508,-1.5683521544958894,6.698324526599354,0.002444169865395022,-0.9999970129956297,5.786836745820325e-06,811.0458004776973,11.561339492313444
terminal,terminal_04,38,1.5707905399581508,-1.574685475196761,6.698324526599354,-0.0038891385976036097,-0.9999924372551431,5.786836745820326e-06,811.0458004776973,11.82544100606165
terminal,terminal_04,39,1.5707905399581508,-1.5856860333421532,6.698324526599354,-0.014889156370108313,-0.9998891503507271,5.786836745820325e-06,811.0458004776973,11.227735261707819
terminal,terminal_04,40,1.5707905399581508,-1.5753280606312936,6.698324526599354,-0.0045317183252607815,-0.9999897316950476,5.786836745820325e-06,811.0458004776973,11.827775437062547
terminal,terminal_04,41,1.5707905399581508,-1.5753398497046676,6.698324526599354,-0.004543507277265752,-0.9999896782007973,5.786836745820325e-06,811.0458004776973,11.827776116463886
terminal,terminal_04,42,1.5707905399581508,-1.5753365158395887,6.698324526599354,-0.004540173446573103,-0.9999896933426803,5.786836745820325e-06,811.0458004776973,11.827776078446925
terminal,terminal_04,43,1.5707905399581508,-1.5753431835697465,6.698324526599354,-0.004546841107907902,-0.9999896630477998,5.786836745820325e-06,811.0458004776973,11.827776032946305
terminal,terminal_04,44,1.5707905399581508,-1.5753398497046676,8.342310205260866,-0.004543507277265752,-0.9999896782007973,5.786836745820325e-06,4197.776273049276,13.284243606567923
terminal,terminal_04,45,1.5707905399581508,-1.5753398497046676,9.973010023033673,-0.004543507277265752,-0.9999896782007973,5.786836745820325e-06,21439.92298441949,12.891892532276277
terminal,terminal_04,46,1.5707905399581508,-1.5753398497046676,7.334482292429009,-0.004543507277265752,-0.9999896782007973,5.786836745820325e-06,1532.2343252594655,12.666460394062334
terminal,terminal_04,47,1.5707905399581508,-1.5753398497046676,8.785795938752251,-0.004543507277265752,-0.9999896782007973,5.786836745820325e-06,6540.676887754994,13.348680392336323
terminal,terminal_04,48,1.5707905399581508,-1.5753398497046676,8.787554102953493,-0.004543507277265752,-0.9999896782007973,5.786836745820325e-06,6552.1865867164315,13.348725962201724
terminal,terminal_04,49,1.5707905399581508,-1.5753398497046676,8.835010382244803,-0.004543507277265752,-0.9999896782007973,5.786836745820325e-06,6870.625178029406,13.349271316636866
terminal,terminal_04,50,1.5707905399581508,-1.5753398497046676,9.26968756584098,-0.004543507277265752,-0.9999896782007973,5.786836745820325e-06,10611.435993378956,13.307338770238871
terminal,terminal_04,51,1.5707905399581508,-1.5753398497046676,8.830882567072049,-0.004543507277265752,-0.9999896782007973,5.786836745820325e-06,6842.322960521097,13.349276765894317
terminal,terminal_04,52,1.5707905399581508,-1.5753398497046676,8.830714196126504,-0.004543507277265752,-0.9999896782007973,5.786836745820325e-06,6841.171009114805,13.349276780251852
terminal,terminal_04,53,1.5707905399581508,-1.5753398497046676,8.830650044818743,-0.004543507277265752,-0.9999896782007973,5.786836745820325e-06,6840.732153124697,13.349276781848223
terminal,terminal_04,54,1.5707905399581508,-1.5753398497046676,8.830634212625121,-0.004543507277265752,-0.9999896782007973,5.786836745820325e-06,6840.623850186073,13.34927678202736
terminal,terminal_04,55,1.5707905399581508,-1.5753398497046676,8.83060878286203,-0.004543507277265752,-0.9999896782007973,5.786836745820325e-06,6840.449896953966,13.349276782175739
terminal,terminal_04,56,1.5707905399581508,-1.5753398497046676,8.814163358511715,-0.004543507277265752,-0.9999896782007973,5.786836745820325e-06,6728.875752338239,13.349195475901498
terminal,terminal_04,57,1.5707905399581508,-1.5753398497046676,8.830599530208021,-0.004543507277265752,-0.9999896782007973,5.786836745820325e-06,6840.386604930619,13.349276782191247
terminal,terminal_04,58,1.5707905399581508,-1.5753398497046676,8.830596165247938,-0.004543507277265752,-0.9999896782007973,5.786836745820325e-06,6840.363587341468,13.349276782192895
terminal,terminal_04,59,1.5707905399581508,-1.5753398497046676,8.830592800287905,-0.004543507277265752,-0.9999896782007973,5.786836745820325e-06,6840.340569830109,13.349276782191394
terminal,terminal_04,60,1.5707963267948966,-1.5753378562555753,8.830714729876693,-0.004541513848816507,-0.9999896872728044,6.123233995736766e-17,6841.174660592099,13.349275166926423
terminal,terminal_04,61,1.4764734763150422,-1.6078301847807448,6.8981643156320676,-0.0368608115164417,-0.9948722699544001,0.0941830507582367,990.4548832508273,3.2428008968777315
terminal,terminal_04,62,1.512501599282572,-1.595419219657758,7.636332888900825,-0.02457858323808026,-0.9979987302954915,0.058261716200225855,2072.1311317497743,4.272263831063506
terminal,terminal_04,63,1.5347682038273665,-1.5877488213785624,8.092546156607934,-0.016940681938003223,-0.9992074605292164,0.036020329235447686,3270.0029191846997,8.334732512834682
terminal,terminal_04,64,1.5485297222501022,-1.5830082545347708,8.374501462169583,-0.012208597065461221,-0.999677563224308,0.022264764620424267,4335.106525068481,11.466048967491203
terminal,terminal_04,65,1.5570348083721608,-1.5800784230993667,8.548759424315044,-0.009281084125926577,-0.9998622375320999,0.013761084068856275,5160.348651509821,12.63391299896874
terminal,terminal_04,66,1.562291240672838,-1.5782676876909794,8.656456767731232,-0.00747102116431152,-0.9999359224955323,0.008504983584416714,5747.135109095548,13.077073812209159
terminal,terminal_04,67,1.5655398944942194,-1.577148591663963,8.723017386460505,-0.006352134392825084,-0.9999660097036283,0.005256408094769389,6142.686010401687,13.245852372117238
terminal,terminal_04,68,1.5675476729735152,-1.5764569522825918,8.76415411114742,-0.005660565387242185,-0.9999787019156823,0.003248648107136869,6400.645420059915,13.310124073330098
terminal,terminal_04,69,1.5687885483156008,-1.5760294956369465,8.789578005189778,-0.005233134408250143,-0.9999842914442507,0.002007777130345244,6565.461000328342,13.334546255570123
terminal,terminal_04,70,1.5695554514528112,-1.5757653129012206,8.805290835834333,-0.004968961832754206,-0.9999868847377351,0.0012408750236413712,6669.437722188712,13.343791204092296
terminal,terminal_04,71,1.5700294236576862,-1.5756020389913012,8.815001899232138,-0.004805692285331853,-0.9999881585205658,0.0007669030620360028,6734.520555026937,13.347267913874123
terminal,terminal_04,72,1.5703223545900216,-1.5755011301654949,8.821003666478887,-0.0047047854852124,-0.9999888201094571,0.00047397218712877485,6775.061115728082,13.348562846633632
terminal,terminal_04,73,1.5705033958625612,-1.5754387650813817,8.824712962629944,-0.004642421411504566,-0.9999891809989293,0.0002929309281461326,6800.238490149145,13.349036773396218
terminal,terminal_04,74,1.570615285522357,-1.5754002213396885,8.827005433725637,-0.004603878205455036,-0.9999893857084321,0.00018104127155068976,6815.8457230615795,13.349204895973646
terminal,terminal_04,75,1.5707566807981552,-1.575351513505587,8.82990243585636,-0.004555170953980917,-0.9999896243690607,3.9645996731008456e-05,6835.61987168958,13.349281217921478
terminal,terminal_04,76,1.570757027701102,-1.5753513940044857,8.829909543438777,-0.004555051454181696,-0.9999896249270944,3.929909378446587e-05,6835.668456593855,13.349281216747672
terminal,terminal_04,77,1.5707563338952084,-1.5753516330066886,8.829895328273942,-0.004555290453779518,-0.9999896238108923,3.9992899677546254e-05,6835.571287130625,13.349281218160076
terminal,terminal_04,78,1.570702458210837,-1.5753701920984378,8.828791486780391,-0.004573849335677464,-0.9999895354907188,9.386858392167476e-05,6828.030062835637,13.34927006096487
terminal,terminal_04,79,1.5707559869922563,-1.5753517525077916,8.829888220691418,-0.004555409953579059,-0.9999896232525892,4.033980262940833e-05,6835.52270291626,13.349281217464434
terminal,terminal_04,80,0.5999908074321633,-1.5753516330066886,8.829895328273942,-0.0025720759100256794,-0.5646290281107348,0.8253408053890466,6835.571287130625,0.9200490314094899
terminal,terminal_04,81,0.9708055193627332,-1.5753516330066886,8.829895328273942,-0.0037596670949100884,-0.8253322421568029,0.5646348864175504,6835.571287130625,1.3430310963729764
terminal,terminal_04,82,1.1999816148643265,-1.5753516330066886,8.829895328273942,-0.004245678406204718,-0.9320227536138971,0.36237489008048024,6835.571287130625,1.8160896896815109
terminal,terminal_04,83,1.3416202312933032,-1.5753516330066886,8.829895328273942,-0.004436187360374094,-0.9738437921064866,0.22717523812546525,6835.571287130625,2.3292615573141067
terminal,terminal_04,84,1.4291577103659199,-1.5753516330066886,8.829895328273942,-0.004509673821048052,-0.9899757377881444,0.1411655107767015,6835.571287130625,2.9128337771884554
terminal,terminal_04,85,1.4832588477222797,-1.5753516330066886,8.829895328273942,-0.004537848436412146,-0.9961607052023697,0.08742572471696056,6835.571287130625,3.6727343354393738
terminal,terminal_04,86,1.5166951894385368,-1.5753516330066886,8.829895328273942,-0.004548625568174511,-0.9985265301801965,0.054074749483818095,6835.571287130625,5.0196193665359745
terminal,terminal_04,87,1.5373599850786395,-1.5753516330066886,8.829895328273942,-0.004552744312457491,-0.999430688013358,0.03343011182110186,6835.571287130625,10.094363241924372
terminal,terminal_04,88,1.5501315311547936,-1.5753516330066886,8.829895328273942,-0.004554317860585281,-0.9997761175345539,0.02066332491054402,6835.571287130625,12.118938050180597
terminal,terminal_04,89,1.5580247807187424,-1.5753516330066886,8.829895328273942,-0.004554918950317333,-0.9999080703707408,0.012771198879420182,6835.571287130625,12.88066728592043
terminal,terminal_04,90,1.562903077230948,-1.5753516330066886,8.829895328273942,-0.004555148553143263,-0.9999584734012076,0.007893167601504682,6835.571287130625,13.170462988806051
terminal,terminal_04,91,1.565918030282691,-1.5753516330066886,8.829895328273942,-0.0045552362546370274,-0.9999777258692221,0.0048782771634600566,6835.571287130625,13.281005865796343
terminal,terminal_04,92,1.5677813737431534,-1.5753516330066886,8.829895328273942,-0.004555269753775332,-0.9999850796902464,0.0030149484841206086,6835.571287130625,13.323208680584253
terminal,terminal_04,93,1.568932983334434,-1.5753516330066886,8.829895328273942,-0.004555282549329244,-0.9999878886046883,0.0018633423821927913,6835.571287130625,13.339325736901655
terminal,terminal_04,94,1.5696447172036159,-1.5753516330066886,8.829895328273942,-0.004555287436799095,-0.9999889615152278,0.0011516093367357678,6835.571287130625,13.345481471978012
terminal,terminal_04,95,1.5700845929257148,-1.5753516330066886,8.829895328273942,-0.004555289303646921,-0.9999893713306882,0.0007117338090919139,6835.571287130625,13.347832690586516
terminal,terminal_04,96,1.5703564510727976,-1.5753516330066886,8.829895328273942,-0.004555290016719406,-0.9999895278662798,0.0004398757079136694,6835.571287130625,13.348730767002833
terminal,terminal_04,97,1.5705244686478135,-1.5753516330066886,8.829895328273942,-0.004555290289088869,-0.9999895876575575,0.0002718581437344463,6835.571287130625,13.34907380033031
terminal,terminal_04,98,1.5706283092198807,-1.5753516330066886,8.829895328273942,-0.004555290393124747,-0.9999896104957936,0.00016801757422537421,6835.571287130625,13.349204827206217
terminal,terminal_04,99,1.5706924862228295,-1.5753516330066886,8.829895328273942,-0.004555290432862917,-0.9999896192192237,0.00010384057188047133,6835.571287130625,13.349254874992155
terminal,terminal_04,100,1.5707321497919478,-1.5753516330066886,8.829895328273942,-0.0045552904480415475,-0.9999896225512774,6.417700290481352e-05,6835.571287130625,13.349273991538638
terminal,terminal_04,101,1.5707566632257781,-1.5753516330066886,8.829895328273942,-0.004555290453839268,-0.9999896238240088,3.966356910810361e-05,6835.571287130625,13.34928129340954
terminal,terminal_04,102,1.5707718133610662,-1.5753516330066886,8.829895328273942,-0.004555290456053801,-0.9999896243101488,2.4513433827970483e-05,6835.571287130625,13.349284082475986
terminal,terminal_04,103,1.5707811766596085,-1.5753516330066886,8.829895328273942,-0.004555290456899676,-0.9999896244958378,1.515013528755952e-05,6835.571287130625,13.34928514780637
terminal,terminal_04,104,1.5707869634963543,-1.5753516330066886,8.829895328273942,-0.004555290457222773,-0.9999896245667647,9.363298542210875e-06,6835.571287130625,13.349285554724432
terminal,terminal_04,105,1.5707905399581508,-1.5753516330066886,8.829895328273942,-0.004555290457346184,-0.9999896245938564,5.786836745820325e-06,6835.571287130625,13.349285710155806
terminal,terminal_04,106,1.5707905399581508,-1.5753516330066886,8.342310205260866,-0.004555290457346184,-0.9999896245938564,5.786836745820325e-06,4197.776273049276,13.284252285864937
terminal,terminal_04,107,1.5707905399581508,-1.5753516330066886,9.973010023033673,-0.004555290457346184,-0.9999896245938564,5.786836745820325e-06,21439.92298441949,12.891900177464034
terminal,terminal_04,108,1.5707905399581508,-1.5753516330066886,7.334482292429009,-0.004555290457346184,-0.9999896245938564,5.786836745820325e-06,1532.2343252594655,12.666465832060625
terminal,terminal_04,109,1.5707905399581508,-1.5753516330066886,8.785796636002502,-0.004555290457346184,-0.9999896245938564,5.786836745820325e-06,6540.681448245181,13.348689392944458
terminal,terminal_04,110,1.5707905399581508,-1.5753516330066886,8.787554428810065,-0.004555290457346184,-0.9999896245938564,5.786836745820325e-06,6552.188721789839,13.348734956859422
terminal,terminal_04,111,1.5707905399581508,-1.5753516330066886,8.835015474664749,-0.004555290457346184,-0.9999896245938564,5.786836745820325e-06,6870.660166227186,13.34928029793549
terminal,terminal_04,112,1.5707905399581508,-1.5753516330066886,9.269690713129592,-0.004555290457346184,-0.9999896245938564,5.786836745820325e-06,10611.469390683162,13.307347099017417
terminal,terminal_04,113,1.5707905399581508,-1.5753516330066886,8.830879787972673,-0.004555290457346184,-0.9999896245938564,5.786836745820325e-06,6842.303945052053,13.349285761349732
terminal,terminal_04,114,1.5707905399581508,-1.5753516330066886,8.830713881770368,-0.004555290457346184,-0.9999896245938564,5.786836745820325e-06,6841.168858551061,13.349285775474314
terminal,terminal_04,115,1.5707905399581508,-1.5753516330066886,8.830648676232169,-0.004555290457346184,-0.9999896245938564,5.786836745820325e-06,6840.722790996923,13.349285777267767
terminal,terminal_04,116,1.5707905399581508,-1.5753516330066886,8.830626129875572,-0.004555290457346184,-0.9999896245938564,5.786836745820325e-06,6840.568559360185,13.349285777576265
terminal,terminal_04,117,1.5707905399581508,-1.5753516330066886,8.830593968128504,-0.004555290457346184,-0.9999896245938564,5.786836745820325e-06,6840.348558262205,13.349285777803233
terminal,terminal_04,118,1.5707905399581508,-1.5753516330066886,8.814154326968998,-0.004555290457346184,-0.9999896245938564,5.786836745820325e-06,6728.814980483875,13.349204386204594
terminal,terminal_04,119,1.5707905399581508,-1.5753516330066886,8.830580914086356,-0.004555290457346184,-0.9999896245938564,5.786836745820325e-06,6840.259264646643,13.349285777835362
terminal,terminal_04,120,1.5707905399581508,-1.5753516330066886,8.83057533390298,-0.004555290457346184,-0.9999896245938564,5.786836745820325e-06,6840.2210948521,13.349285777839622
terminal,terminal_04,121,1.5707905399581508,-1.5753516330066886,8.83057200055956,-0.004555290457346184,-0.9999896245938564,5.786836745820325e-06,6840.1982940841235,13.349285777838315
terminal,terminal_04,122,1.5125019876368693,-1.5954308691795194,7.63632001442161,-0.024590210001666255,-0.9979984665182788,0.05826132850560485,2072.104454312317,4.271848141591014
terminal,terminal_04,123,1.4764741046854946,-1.6078417516217591,6.898156358766325,-0.03687232123525967,-0.9948719026657458,0.09418242518093717,990.4470023656511,3.242649387534647
terminal,terminal_04,124,1.5347684438435218,-1.587760521999836,8.09253024287645,-0.016952373431568545,-0.999207270888503,0.03602008937504796,3269.950881650347,8.332617754476274
terminal,terminal_04,125,1.548529870588244,-1.5830199867372798,8.374483670076895,-0.012220325524606343,-0.9996774232242309,0.02226461631905389,4335.029395137528,11.46480107818364
terminal,terminal_04,126,1.5570349000501742,-1.5800901748201526,8.54874047133129,-0.009292834238850007,-0.9998621296558788,0.01376099239952364,5160.250848432493,12.633152369615884
terminal,terminal_04,127,1.5622912973329663,-1.5782794514747236,8.65643709727734,-0.007482784197350655,-0.9999358350207446,0.008504926926337619,5747.022061451229,13.076608624420743
terminal,terminal_04,128,1.5655399295121044,-1.5771603629030255,8.722997272585683,-0.006363905232510827,-0.9999659350459211,0.005256373077368121,6142.562458426763,13.245568707901267
terminal,terminal_04,129,1.5675476946157585,-1.5764687281292944,8.764133723223392,-0.005672340983147914,-0.9999786352587048,0.0032486264650077408,6400.51492551762,13.309952369418815
terminal,terminal_04,130,1.5687885616912425,-1.5760412743313272,8.789557447894026,-0.0052449129173821685,-0.999984229762247,0.0020077637547304982,6565.326033592091,13.334443696993207
terminal,terminal_04,131,1.5695554597194123,-1.5757770933555635,8.805270173861098,-0.004980742132299396,-0.9999868261419762,0.0012408667570465541,6669.299919868645,13.343731379510407
terminal,terminal_04,132,1.5700294287667267,-1.5756138205333603,8.814981172564663,-0.004817473687565094,-0.9999881018366166,0.0007668979529969814,6734.380972305332,13.347234511544018
terminal,terminal_04,133,1.5703223577475822,-1.5755129123797995,8.82098289982817,-0.004716567567473406,-0.9999887646087533,0.00047396902956847205,6774.9204218611785,13.348545752327484
terminal,terminal_04,134,1.570503397814041,-1.5754505477111571,8.824692171268225,-0.0046542039134838285,-0.9999891262301538,0.00029292897666634965,6800.0971054007205,13.349029768277214
terminal,terminal_04,135,1.570615286728438,-1.575412004226239,8.82698462709168,-0.004615660966619645,-0.9999893313922584,0.0001810400654696967,6815.703909729847,13.349204126429207
terminal,terminal_04,136,1.5706844378804996,-1.5753881830425145,8.82840144270828,-0.004591840082233749,-0.9999894511871263,0.00011188891416355408,6825.367349506966,13.349264417965447
terminal,terminal_04,137,1.570764837090592,-1.5753604871285956,8.830048716152401,-0.004564144485022902,-0.99998958374251,3.1489704299411804e-05,6836.619861325645,13.349288511920221
terminal,terminal_04,138,1.5707637994836428,-1.5753608445633602,8.830027456958799,-0.004564501915912556,-0.9999895820778504,3.2527311248130366e-05,6836.474521845335,13.349288517405471
terminal,terminal_04,139,1.5707636304377686,-1.5753609027962705,8.830023993432489,-0.0045645601481909895,-0.9999895818065315,3.269635712222812e-05,6836.450843576965,13.349288517512393
terminal,terminal_04,140,1.5707636329640289,-1.5753609019260246,8.830024045192216,-0.004564559277954558,-0.9999895818105865,3.269383086191742e-05,6836.451197429805,13.349288517514259
terminal,terminal_04,141,1.5707636765440718,-1.5753608869135745,8.830024938089641,-0.004564544265667287,-0.9999895818805353,3.2650250819032957e-05,6836.457301682202,13.349288517505773
terminal,terminal_04,142,1.570763649610124,-1.5753608961917789,8.830024386248684,-0.004564553543771037,-0.9999895818373048,3.2677184766757374e-05,6836.453529046104,13.349288517512624
terminal,terminal_04,143,1.5707636401619791,-1.5753608994464752,8.830024192668697,-0.00456455679843201,-0.9999895818221397,3.2686632911685414e-05,6836.452205645643,13.349288517515072
terminal,terminal_04,144,1.5707636390911413,-1.5753608998153572,8.830024170728647,-0.004564557167310043,-0.999989581820421,3.268770374954767e-05,6836.452055653543,13.349288517514088
terminal,terminal_04,145,1.5707636437708494,-1.5753608982032918,8.830024266609673,-0.004564555555262166,-0.9999895818279323,3.268302404137365e-05,6836.45271113961,13.34928851751351
terminal,terminal_04,146,1.570763641540445,-1.5753608989716212,8.830024220911637,-0.004564556323583228,-0.9999895818243523,3.268525444590019e-05,6836.452398727158,13.349288517513216
terminal,terminal_04,147,1.5707636406885062,-1.5753608992650971,8.83002420345654,-0.004564556617055955,-0.9999895818229849,3.268610638464152e-05,6836.45227939622,13.349288517515204
terminal,terminal_04,148,1.5707636410139179,-1.5753608991529993,8.830024210123794,-0.0045645565049592845,-0.9999895818235072,3.268578097294409e-05,6836.45232497658,13.3492885175138
terminal,terminal_04,149,1.5707636404873908,-1.5753608993343773,8.83002419933595,-0.004564556686335339,-0.9999895818226621,3.2686307499988e-05,6836.452251226002,13.34928851751346
terminal,terminal_04,150,1.5707636408128025,-1.5753608992222796,8.830024206003204,-0.004564556574238891,-0.9999895818231844,3.2685982088290583e-05,6836.452296806362,13.349288517514358
terminal,terminal_04,151,1.5707367414188615,-1.5753819488255267,8.829452241665143,-0.004585605951483881,-0.9999894842785302,5.9585375999811994e-05,6832.54320793002,13.349289822836225
terminal,terminal_04,152,1.5146246633597973,-1.6192914896249246,7.63633565858604,-0.04839969950277834,-0.9972489811804801,0.05614212876739989,2072.1368709086805,3.512604637465944
terminal,terminal_04,153,1.4799086661522864,-1.6464578956555553,6.898166027391668,-0.0752774091088736,-0.9930233962189471,0.09076258171539352,990.4565786729338,2.7264610760682273
terminal,terminal_04,154,1.5360803295873855,-1.6025017273458146,8.092549580127136,-0.03168098837265272,-0.9988951889989302,0.03470902433839678,3270.0141141216454,4.890346817170742
terminal,terminal_04,155,1.5493406605673083,-1.5921250835942937,8.37450528978041,-0.021322230965243234,-0.999542439063205,0.021454020095173613,4335.1231182009105,9.983362914490304
terminal,terminal_04,156,1.5575359958149737,-1.5857119650667046,8.548763501668232,-0.014913773927313741,-0.9998008568087198,0.013259942375245042,5160.369692116738,12.083552974791294
terminal,terminal_04,157,1.5626009915472312,-1.581748439842773,8.656460999433687,-0.010951526318602942,-0.9999064466514376,0.0081952435100466,5747.159429312756,12.870283880845829
terminal,terminal_04,158,1.5657313310626393,-1.5792988465391156,8.723021713556053,-0.008502308238323559,-0.9999510271969478,0.00506497407589825,6142.71259044848,13.168055437126027
terminal,terminal_04,159,1.5676659872794885,-1.5777849146188412,8.76415849719914,-0.006988496696191143,-0.9999706805304107,0.0031303344030312067,6400.673493683341,13.280970819051653
terminal,terminal_04,160,1.5688616705780474,-1.5768492532354583,8.78958242767842,-0.006052878151864778,-0.9999798096842112,0.0019346550099803958,6565.490036069251,13.323722069972895
terminal,terminal_04,161,1.5696006434963374,-1.5762709826985668,8.805295280842229,-0.005474624642685985,-0.9999842992903202,0.0011956830136560647,6669.467367957936,13.339841158332165
terminal,terminal_04,162,1.5700573538766065,-1.5759135918520752,8.815006358157698,-0.005117241326200453,-0.9999866337908397,0.0007389728510336142,6734.550583819718,13.34587100958872
terminal,terminal_04,163,1.5703396164146275,-1.5756927121616755,8.821008134006037,-0.004896365291344656,-0.9999879084381855,0.00045671036439201877,6775.091383565171,13.348097380886108
terminal,terminal_04,164,1.5705140642568753,-1.5755562010055837,8.824717435473168,-0.0047598560474891366,-0.9999886319845186,0.00028226253427320074,6800.268906617826,13.348900486974605
terminal,terminal_04,165,1.5706218789526487,-1.5754718324712755,8.827009909854375,-0.004675488570554171,-0.9999890546273881,0.00017444784136310938,6815.87623173278,13.349177939909945
terminal,terminal_04,166,1.5707468586389621,-1.5753740317690899,8.82966736510192,-0.004577688980682257,-0.9999895211033453,4.946815591431466e-05,6834.013206216717,13.349290560539961
terminal,terminal_04,167,1.57074708843587,-1.5753738519454752,8.829672251295962,-0.004577509159003785,-0.9999895219378467,4.9238359006647746e-05,6834.046598612904,13.349290560170523
terminal,terminal_04,168,1.5707468620433547,-1.575374029105041,8.829667437489846,-0.004577686316662185,-0.9999895211157088,4.946475152177318e-05,6834.01370091677,13.349290560538629
terminal,terminal_04,169,1.570746823921873,-1.5753740589363505,8.829666626909068,-0.004577716147650371,-0.9999895209772637,4.950287300347558e-05,6834.008161398875,13.3492905605284
terminal,terminal_04,170,1.570746845378214,-1.57537404214606,8.829667083137341,-0.004577699357540686,-0.9999895210551866,4.948141666235361e-05,6834.011279267327,13.349290560537062
terminal,terminal_04,171,1.5707468549950996,-1.5753740346205316,8.829667287622115,-0.0045776918320933006,-0.999989521090112,4.9471799776855224e-05,6834.012676718722,13.349290560538662
terminal,terminal_04,172,1.5707468584966573,-1.5753740318804481,8.829667362076075,-0.004577689092039314,-0.9999895211028285,4.946829821914906e-05,6834.013185538043,13.349290560538991
terminal,terminal_04,173,1.5707468599393244,-1.5753740307515138,8.829667392751647,-0.004577687963117192,-0.9999895211080677,4.9466855552053936e-05,6834.013395175312,13.34929056054133
terminal,terminal_04,174,1.5707468594209861,-1.5753740311571305,8.82966738173017,-0.004577688368729476,-0.9999895211061853,4.94673738903145e-05,6834.013319854391,13.349290560540249
terminal,terminal_04,175,1.5707468607429924,-1.5753740301226171,8.829667409840118,-0.004577687334227251,-0.9999895211109864,4.94660518840339e-05,6834.013511958154,13.349290560538245
terminal,terminal_04,176,1.5707468602462982,-1.5753740305112967,8.829667399278863,-0.0045776877229025984,-0.9999895211091825,4.946654857827458e-05,6834.013439782395,13.349290560540577
terminal,terminal_04,177,1.5707468598494112,-1.5753740308218738,8.829667390839816,-0.004577688033476374,-0.9999895211077412,4.9466945465241834e-05,6834.013382109835,13.349290560540728
terminal,terminal_04,178,1.5707468600396048,-1.575374030673041,8.82966739488392,-0.0045776878846452524,-0.9999895211084319,4.946675527160345e-05,6834.013409747295,13.349290560539277
terminal,terminal_04,179,1.5125022299064974,-1.5954381365776813,7.636311982850145,-0.02459746320102,-0.997998301895713,0.058261086647502396,2072.0878121241412,4.271588787006596
terminal,terminal_04,180,1.4764744966859873,-1.6078489674406438,6.898151394982177,-0.036879501417413973,-0.9948716734699935,0.09418203492289656,990.4420860127229,3.242554886636139
terminal,terminal_04,181,1.5347685935743864,-1.5877678212757442,8.092520315308152,-0.016959667012204614,-0.9992071525143646,0.03601993974134841,3269.918419150775,8.331297415521748
terminal,terminal_04,182,1.5485299631270075,-1.5830273057147188,8.374472570718114,-0.012227642165985118,-0.9996773358173506,0.022264523803229432,4334.98127935797,11.46402160734747
terminal,terminal_04,183,1.5570349572422755,-1.5800975059738072,8.54872864776616,-0.009300164388826221,-0.9998620622887984,0.013760935212837685,5160.189836231192,12.632676887886197
terminal,terminal_04,184,1.5622913326796288,-1.5782867901536932,8.656424826128074,-0.007490122407484298,-0.9999357803806789,0.008504891580953529,5746.951539318369,13.076317456069608
terminal,terminal_04,185,1.5655399513575432,-1.5771677062328957,8.722984724814207,-0.006371248312790766,-0.9999658884015296,0.005256351232231121,6142.485383440318,13.245390783644153
terminal,terminal_04,186,1.5675477081169822,-1.5764760743335793,8.764121004489986,-0.005679687030579036,-0.999978593605406,0.003248612963855289,6400.433519592319,13.309844291789478
terminal,terminal_04,187,1.5687885700354576,-1.5760486223120982,8.78954462350034,-0.005252260782220051,-0.9999841912124847,0.0020077554105322193,6565.241837806243,13.334378755227185
terminal,terminal_04,188,1.569555464876421,-1.5757844424342629,8.805257284165767,-0.004988091114080397,-0.9999867895175052,0.0012408616000419263,6669.2139551786395,13.343693097144511
terminal,terminal_04,189,1.5700294319539332,-1.5756211702906169,8.814968242510695,-0.004824823357254672,-0.9999880664047894,0.0007668947657914198,6734.293896958865,13.347212712838797
terminal,terminal_04,190,1.5703223597173843,-1.5755202625564277,8.820969944831193,-0.004723917661396463,-0.9999887299150699,0.0004739670597665941,6774.832653356113,13.348534127028707
terminal,terminal_04,191,1.5705033990314454,-1.575457898146971,8.824679200855622,-0.0046615542692465374,-0.9999890919930691,0.0002929277592620024,6800.008905907513,13.349024437310254
terminal,terminal_04,192,1.5706152874808352,-1.5754193548222384,8.826971647151693,-0.004623011484074322,-0.9999892974375203,0.00018103931307245343,6815.615442876278,13.349202685616582
terminal,terminal_04,193,1.5706844383455068,-1.5753955337375143,8.828388456880049,-0.004599190699568559,-0.9999894174069464,0.00011188844915641311,6825.278717034434,13.349265377259558
terminal,terminal_04,194,1.5707694037310822,-1.5753662648678042,8.830129285218622,-0.004569922164582407,-0.9999895574887562,2.6923063811163415e-05,6837.170703594102,13.349292308738173
terminal,terminal_04,195,1.5707683460547726,-1.5753666292160606,8.830107614830375,-0.0045702865089011484,-0.9999895557946117,2.798074012041076e-05,6837.022541055822,13.349292314531748
terminal,terminal_04,196,1.5707681621932859,-1.575366692552652,8.830103847751767,-0.004570349844807354,-0.9999895554999818,2.8164601607040552e-05,6836.996785502976,13.34929231466695
terminal,terminal_04,197,1.5707681578667188,-1.5753666940430675,8.83010375910613,-0.004570351335206799,-0.9999895554930482,2.8168928174143422e-05,6836.99617943307,13.34929231466717
terminal,terminal_04,198,1.5707681530309836,-1.5753666957088812,8.830103660028316,-0.004570353001002487,-0.9999895554852988,2.8173763909287155e-05,6836.995502038466,13.349292314666956
terminal,terminal_04,199,1.5707681575841925,-1.575366694140392,8.830103753317543,-0.004570351432530338,-0.9999895554925955,2.8169210700367944e-05,6836.996139856521,13.349292314666785
terminal,terminal_04,200,1.5707681595193204,-1.5753666934737793,8.830103792965751,-0.004570350765924785,-0.9999895554956967,2.816727557253296e-05,6836.996410931173,13.34929231466718
terminal,terminal_04,201,1.5707681591392417,-1.5753666936047088,8.830103785178446,-0.004570350896852858,-0.9999895554950876,2.8167655651168045e-05,6836.996357689397,13.34929231466431
terminal,terminal_04,202,1.5707681596336565,-1.5753666934343928,8.830103795308347,-0.004570350726538717,-0.9999895554958799,2.816716123643686e-05,6836.996426947489,13.349292314666819
terminal,terminal_04,203,1.5707681593741432,-1.57536669352379,8.830103789991265,-0.004570350815934907,-0.9999895554954641,2.81674207497365e-05,6836.99639059462,13.349292314666803
terminal,terminal_04,204,1.5707681595193204,-1.5753666934737793,8.342310205260866,-0.004570350765924785,-0.9999895554956967,2.816727557253296e-05,4197.776273049276,13.284258496579458
terminal,terminal_04,205,1.5707681595193204,-1.5753666934737793,9.973010023033673,-0.004570350765924785,-0.9999895554956967,2.816727557253296e-05,21439.92298441949,12.89190461656187
terminal,terminal_04,206,1.5707681595193204,-1.5753666934737793,7.334482292429009,-0.004570350765924785,-0.9999895554956967,2.816727557253296e-05,1532.2343252594655,12.666468208399925
terminal,terminal_04,207,1.5707681595193204,-1.5753666934737793,8.785797087643678,-0.004570350765924785,-0.9999895554956967,2.816727557253296e-05,6540.68440228691,13.348695948948318
terminal,terminal_04,208,1.5707681595193204,-1.5753666934737793,8.787554545189568,-0.004570350765924785,-0.9999895554956967,2.816727557253296e-05,6552.189484330353,13.348741509099941
terminal,terminal_04,209,1.5707681595193204,-1.5753666934737793,8.835021879495637,-0.004570350765924785,-0.9999895554956967,2.816727557253296e-05,6870.704171784562,13.34928683522378
terminal,terminal_04,210,1.5707681595193204,-1.5753666934737793,9.269694671532772,-0.004570350765924785,-0.9999895554956967,2.816727557253296e-05,10611.51139524048,13.307352746664758
terminal,terminal_04,211,1.5707681595193204,-1.5753666934737793,8.830875986052737,-0.004570350765924785,-0.9999895554956967,2.816727557253296e-05,6842.277931209726,13.349292317034426
terminal,terminal_04,212,1.5707681595193204,-1.5753666934737793,8.830713267897906,-0.004570350765924785,-0.9999895554956967,2.816727557253296e-05,6841.164658947178,13.34929233090316
terminal,terminal_04,213,1.5707681595193204,-1.5753666934737793,8.830646190644252,-0.004570350765924785,-0.9999895554956967,2.816727557253296e-05,6840.705787800143,13.349292332990096
terminal,terminal_04,214,1.5707681595193204,-1.5753666934737793,8.830613676039837,-0.004570350765924785,-0.9999895554956967,2.816727557253296e-05,6840.483368573489,13.349292333534931
terminal,terminal_04,215,1.5707681595193204,-1.5753666934737793,8.814166551581064,-0.004570350765924785,-0.9999895554956967,2.816727557253296e-05,6728.897238139457,13.349211058368692
terminal,terminal_04,216,1.5707681595193204,-1.5753666934737793,8.8305718096678,-0.004570350765924785,-0.9999895554956967,2.816727557253296e-05,6840.196988346762,13.349292333917342
terminal,terminal_04,217,1.5707681595193204,-1.5753666934737793,8.830548177676523,-0.004570350765924785,-0.9999895554956967,2.816727557253296e-05,6840.035342781206,13.349292334005222
terminal,terminal_04,218,1.5707681595193204,-1.5753666934737793,8.830537505191135,-0.004570350765924785,-0.9999895554956967,2.816727557253296e-05,6839.962342993504,13.349292334021017
terminal,terminal_04,219,1.5707681595193204,-1.5753666934737793,8.830531501943513,-0.004570350765924785,-0.9999895554956967,2.816727557253296e-05,6839.921281129088,13.349292334019738
terminal,terminal_04,220,1.5707681595193204,-1.5753666934737793,8.8305408385309,-0.004570350765924785,-0.9999895554956967,2.816727557253296e-05,6839.9851429499795,13.349292334014782
terminal,terminal_04,221,1.5146171685503247,-1.6193066849010163,7.636593513116661,-0.048414832565511705,-0.9972478253109833,0.05614961175438383,2072.671249681944,3.5120779313931574
terminal,terminal_04,222,1.4798965392958205,-1.6464767156602877,6.898325390255746,-0.0752960145757738,-0.9930208817346089,0.09077465851230068,990.6144332478,2.726211062759075
terminal,terminal_04,223,1.5360756975403922,-1.6025146824164063,8.092868305855289,-0.03169392402871435,-0.9988946177819842,0.03471365359402545,3271.0565178628613,4.888362962056842
terminal,terminal_04,224,1.549337797804829,-1.5921366541417448,8.374861635977576,-0.021333794906373087,-0.9995421308785366,0.021456882198660193,4336.66819811365,9.980246074656835
terminal,terminal_04,225,1.55753422653046,-1.5857226799317965,8.549143098593918,-0.014924486307565134,-0.9998006734926893,0.013261711504188064,5162.3289244230255,12.081910480716914
terminal,terminal_04,226,1.5625998980692657,-1.581758625867083,8.656854966099862,-0.010961711291166732,-0.999906326085674,0.008196336951286501,5749.424064619221,12.869368134258282
terminal,terminal_04,227,1.5657306552560908,-1.5793087057218482,8.72342456121026,-0.008512166908672045,-0.9999509398994909,0.005065649873776981,6145.187666311794,13.167528451393318
terminal,terminal_04,228,1.5676655696080715,-1.5777945718023698,8.764566833605805,-0.0069981535870998505,-0.9999706116870799,0.0031307520724015575,6403.28765539036,13.28066170568882
terminal,terminal_04,229,1.5688614124429157,-1.5768587855766132,8.78999415632066,-0.006062410297255726,-0.9999797514412532,0.0019349131446289591,6568.193792936316,13.323539187516342
terminal,terminal_04,230,1.5696004839600524,-1.5762804378828914,8.80570910600135,-0.00548407967726644,-0.9999842472912709,0.0011958425498270796,6672.227932508873,13.339733102407946
terminal,terminal_04,231,1.5700572552777599,-1.5759229993508563,8.815421479035512,-0.005126648698638802,-0.9999865855332825,0.0007390714498533319,6737.346816716933,13.345807750483884
terminal,terminal_04,232,1.570339555477189,-1.5757020901891698,8.821424055682042,-0.004905743205092012,-0.9999878624481318,0.00045677130182409124,6777.909877024142,13.348061651386587
terminal,terminal_04,233,1.5705140265954673,-1.5755655608188213,8.825133852069674,-0.004769215754064874,-0.9999885873787214,0.0002823001956796925,6803.101241125866,13.348881484800117
terminal,terminal_04,234,1.5706218556766185,-1.5754811810274834,8.827426632328573,-0.004684837024215093,-0.9999890108705624,0.0001744711173929695,6818.71715243653,13.34916921359434
terminal,terminal_04,235,1.5707534255514213,-1.5753782232867355,8.830224215396084,-0.00458188045575483,-0.9999895022103845,4.290124346218073e-05,6837.81978823071,13.349293917793078
terminal,terminal_04,236,1.5707535802818198,-1.5753781022051256,8.830227505443622,-0.004581759375446395,-0.9999895027717847,4.2746513063828714e-05,6837.842285019874,13.349293917200278
terminal,terminal_04,237,1.5707532377656224,-1.57537837023528,8.830220222488348,-0.0045820274027195945,-0.9999895015289992,4.308902926091793e-05,6837.792485501689,13.349293918050702
terminal,terminal_04,238,1.5707532361230068,-1.5753783715206804,8.83022018756125,-0.0045820286881062275,-0.9999895015230387,4.30906718765155e-05,6837.792246677447,13.349293918049474
terminal,terminal_04,239,1.570753270342554,-1.575378344742763,8.830220915174818,-0.004582001910476668,-0.9999895016472095,4.305645232935139e-05,6837.797221949669,13.349293918039933
terminal,terminal_04,240,1.570753250208903,-1.575378360498005,8.830220487071035,-0.004582017665549292,-0.9999895015741518,4.307658598030138e-05,6837.794294663433,13.349293918048007
terminal,terminal_04,241,1.570753242404782,-1.5753783666049854,8.83022032113125,-0.004582023772464113,-0.9999895015458332,4.308439010119919e-05,6837.793160001415,13.349293918047907
terminal,terminal_04,242,1.5707532395376238,-1.5753783688486307,8.830220260166584,-0.004582026016085263,-0.9999895015354293,4.30872572594851e-05,6837.79274313765,13.349293918050162
terminal,terminal_04,243,1.5707532381570475,-1.575378369928977,8.830220230811259,-0.004582027096419904,-0.9999895015304197,4.3088637835803744e-05,6837.792542412023,13.349293918049586
terminal,terminal_04,244,1.5707532371381991,-1.5753783707262592,8.830220209147384,-0.004582027893693573,-0.9999895015267225,4.308965668414183e-05,6837.792394278947,13.34929391805053
terminal,terminal_04,245,1.5707532380205806,-1.5753783700357669,8.830220227909546,-0.004582027203208667,-0.9999895015299244,4.308877430264145e-05,6837.792522570714,13.349293918049131
terminal,terminal_04,246,1.5707532377094653,-1.5753783702792248,8.830220221294272,-0.0045820274466639695,-0.9999895015287954,4.308908541799686e-05,6837.792477336845,13.349293918049696
terminal,terminal_04,247,1.5707532378630078,-1.5753783701590727,8.830220224559062,-0.0045820273265131505,-0.9999895015293526,4.3088931875484965e-05,6837.792499660797,13.34929391805022
terminal,terminal_04,248,1.5707428348427386,-1.5753958412054627,8.830416241520156,-0.004599498186473108,-0.9999894208215624,5.349195213253122e-05,6839.13295433881,13.349294507228505
terminal,terminal_04,249,1.49412760065968,-1.7040656859127812,10.274053207214415,-0.13248488073498993,-0.9882212156772212,0.07659363721661554,28971.075283541246,2.099112697362604
terminal,terminal_04,250,1.4467437220339587,-1.783643544930148,11.16689285577072,-0.20962038194819527,-0.9699221751591741,0.12373467422832224,70748.94160668216,1.4593978024803045
terminal,terminal_04,251,1.5234124481691753,-1.6548838642881012,9.722247957903106,-0.0838942101972374,-0.995348285473138,0.04736614931642947,16684.70912821911,2.767394784107974
terminal,terminal_04,252,1.5415114792854012,-1.6244878268954144,9.381213558658107,-0.05364269677449309,-0.9981308050158749,0.029280661896913404,11863.402957329043,3.6320738669478194
terminal,terminal_04,253,1.5526972956786707,-1.6057020426634212,9.170442708591798,-0.03489291225885778,-0.9992271741269009,0.01809804300094304,9608.877681230862,5.1317444687775575
terminal,terminal_04,254,1.5596105104016271,-1.5940917895027276,9.040179159413109,-0.0232918985274293,-0.9996661293617298,0.011185583128531879,8435.28818191545,10.465461640134906
terminal,terminal_04,255,1.5638831120719403,-1.586916258431428,8.959671858525487,-0.016118848324325072,-0.9998461836463959,0.006913159656408567,7782.803182607562,12.277439404811547
terminal,terminal_04,256,1.5685737764788348,-1.579038620684251,8.871287131862905,-0.008242180208623684,-0.9999635627079793,0.0022225484862625797,7124.445174526452,13.243607110951482
terminal,terminal_04,257,1.570460658451505,-1.5758697364147805,8.835733203265098,-0.005073387569602385,-0.9999870739491268,0.00033566833708808126,6875.593205611733,13.347473542736688
terminal,terminal_04,258,1.570716684873917,-1.5754397582209656,8.830908977227946,-0.0046434147248374915,-0.9999892161202828,7.96419208955137e-05,6842.50366972345,13.349274778304263
terminal,terminal_04,259,1.570745677699979,-1.575391066828623,8.830362674447704,-0.004594723860770185,-0.9999894429179302,5.064909489588244e-05,6838.76661182037,13.34929482327694
terminal,terminal_04,260,1.5707467122278107,-1.5753893294126002,8.83034318116238,-0.0045929864633206694,-0.99998945095123,4.961456706555986e-05,6838.63330309086,13.3492948492944
terminal,terminal_04,261,1.5707467617079724,-1.5753892463141828,8.830342248823126,-0.0045929033657910534,-0.9999894513353502,4.956508690387504e-05,6838.626927167556,13.349294849347293
terminal,terminal_04,262,1.5707467610286234,-1.575389247455101,8.830342261623885,-0.004592904506697112,-0.9999894513300763,4.9565766252895685e-05,6838.627014707175,13.349294849345696
terminal,terminal_04,263,1.5707656938865222,-1.5753574510648445,8.829985515686603,-0.004561108452996608,-0.9999895976215478,3.0632908369621e-05,6836.187797419391,13.349286882042534
terminal,terminal_04,264,1.5707539931566974,-1.5753771016096163,8.830205988889887,-0.004580758790518699,-0.9999895073733356,4.233363818658231e-05,6837.695159801735,13.349293688054056
terminal,terminal_04,265,1.5707495238755975,-1.5753846074498217,8.830290202159933,-0.004588264550925056,-0.9999894727635374,4.680291928201241e-05,6838.271008717442,13.349294679962483
terminal,terminal_04,266,1.5707478167621225,-1.575387474425666,8.830322368766787,-0.004591131496195636,-0.9999894595236299,4.851003275509826e-05,6838.490976230323,13.349294824633123
terminal,terminal_04,267,1.5707471647027977,-1.5753885695129937,8.830334655317301,-0.004592226571831612,-0.9999894544634966,4.9162092079077884e-05,6838.574998211317,13.349294845738479
terminal,terminal_04,268,1.5707469156382985,-1.575388987799132,8.830339348361994,-0.004592644853502174,-0.999989452530269,4.941115657802237e-05,6838.607092024724,13.349294848820362
terminal,terminal_04,269,1.570746820504125,-1.57538914757022,8.830341140945556,-0.004592804622883241,-0.9999894517917793,4.95062907513339e-05,6838.619350810375,13.349294849268633
terminal,terminal_04,270,1.5707467841661042,-1.575389208597345,8.83034182565155,-0.0045928656493563706,-0.9999894515096922,4.954262877210393e-05,6838.624033255634,13.349294849334127
terminal,terminal_04,271,1.5707467706277412,-1.5753892313340647,8.830342080750706,-0.0045928883858330685,-0.9999894514045944,4.955616713518456e-05,6838.625777783075,13.349294849343632
terminal,terminal_04,272,1.5707467654544012,-1.5753892400223217,8.830342178230337,-0.004592897073997245,-0.9999894513644338,4.9561340475156846e-05,6838.626444409828,13.349294849345736
terminal,terminal_04,273,1.5707467632485754,-1.5753892437268495,8.830342219794025,-0.004592900778485461,-0.9999894513473099,4.956354630089841e-05,6838.626728648367,13.34929484934617
terminal,terminal_04,274,1.5707467622964304,-1.5753892453259095,8.830342237734996,-0.004592902377528371,-0.9999894513399183,4.9564498445926727e-05,6838.626851339975,13.349294849345451
terminal,terminal_04,275,1.5707467614484842,-1.5753892467499748,8.83034225371258,-0.004592903801578466,-0.9999894513333358,4.956534639208342e-05,6838.626960604708,13.34929484934662
terminal,terminal_04,276,1.5707467619327433,-1.5753892459366958,8.830342244587836,-0.004592902988308155,-0.9999894513370952,4.956486213300673e-05,6838.626898203991,13.34929484934568
terminal,terminal_04,277,1.5707467616088568,-1.5753892464806405,8.83034225069073,-0.004592903532247012,-0.9999894513345808,4.9565186019479535e-05,6838.626939939408,13.349294849345988
terminal,terminal_04,278,1.5707467617938273,-1.5753892461699956,8.830342247205389,-0.004592903221605487,-0.9999894513360167,4.9565001048996384e-05,6838.626916104455,13.349294849345233
terminal,terminal_04,279,1.5707467616701136,-1.575389246377764,8.830342249536487,-0.004592903429371515,-0.9999894513350563,4.956512476270218e-05,6838.6269320459705,13.349294849347435
terminal,terminal_04,280,1.5146125028325734,-1.619316144363549,7.6367540344034515,-0.04842425328510822,-0.9972471056072868,0.056154270110729355,2073.0039842428127,3.511754912049147
terminal,terminal_04,281,1.4798889900059167,-1.646488431612572,6.8984245978669,-0.0753075969326393,-0.9930193161515927,0.0907821766320593,990.712714614347,2.726052772241628
terminal,terminal_04,282,1.53607281396824,-1.6025227472915775,8.093066721077598,-0.03170197681269285,-0.9988942620888543,0.03471653542810292,3271.705609661756,4.887130260662207
terminal,terminal_04,283,1.54933601565923,-1.5921438571145263,8.375083470940003,-0.02134099376429608,-0.9995419389537005,0.02145866393393003,4337.630329453679,9.978304874137791
terminal,terminal_04,284,1.5575331251039066,-1.5857293502196061,8.549379407751745,-0.014931155047352892,-0.9998005593140492,0.013262812833873464,5163.548974172371,12.080887017972207
terminal,terminal_04,285,1.5625992173502197,-1.581764966937475,8.657100220802407,-0.010968051706145527,-0.9999062509772896,0.008197017647464904,5750.834310835683,12.868797307832807
terminal,terminal_04,286,1.5657302345485835,-1.579314843324686,8.723675344563489,-0.008518304192083177,-0.9999508855051888,0.0050660705758859255,6146.72897033959,13.167199699211587
terminal,terminal_04,287,1.5676653095965327,-1.5778005836553437,8.76482103385307,-0.007004165257567141,-0.9999705687830932,0.0031310120826659265,6404.915579596264,13.280468539196196
terminal,terminal_04,288,1.5688612517469473,-1.576864719711897,8.79025046832457,-0.0060683443103881594,-0.9999797151375438,0.0019350738402964297,6569.877515619409,13.323424679444368
terminal,terminal_04,289,1.5696003846444821,-1.5762863239860014,8.805966723142648,-0.0054899656869073195,-0.9999842148753206,0.0011959418653262734,6673.947034220459,13.339665151048177
terminal,terminal_04,290,1.5700571938973618,-1.5759288557684503,8.815679902796074,-0.0051325050373512765,-0.9999865554469725,0.0007391328302346642,6739.088132206473,13.345767716169266
terminal,terminal_04,291,1.570339517542017,-1.5757079282601059,8.821682977960725,-0.004911581204999394,-0.9999878337736854,0.0004568092369922483,6779.665056111883,13.348038744728077
terminal,terminal_04,292,1.5705140031502414,-1.5755713875508992,8.8253930824495,-0.004775042419531932,-0.999988559566185,0.0002823236409047411,6804.865040249874,13.348869032465306
terminal,terminal_04,293,1.570621841186672,-1.5754870007517614,8.827686053125376,-0.004690656684448207,-0.9999889835866401,0.0001744856073393249,6820.486298940169,13.349163165280288
terminal,terminal_04,294,1.5707575012396628,-1.5753808423124787,8.83057060605023,-0.004584499454751831,-0.9999894903734368,3.882555522401926e-05,6840.188755370438,13.349295669530797
terminal,terminal_04,295,1.570757592455539,-1.575380770933065,8.830572545582292,-0.004584428076104494,-0.9999894907042104,3.873433934790219e-05,6840.2020221487055,13.349295669507297
terminal,terminal_04,296,1.570757528949443,-1.5753808206286672,8.830571195245986,-0.004584477771173236,-0.9999894904739214,3.8797845443792e-05,6840.192785581806,13.349295669536838
terminal,terminal_04,297,1.570757529649261,-1.5753808200810369,8.830571210126283,-0.004584477223548731,-0.9999894904764591,3.879714562581119e-05,6840.192887365913,13.349295669536671
terminal,terminal_04,298,1.570757521876885,-1.5753808261631759,8.830571044861495,-0.004584483305622443,-0.9999894904482741,3.880491800188141e-05,6840.191756922975,13.34929566953631
terminal,terminal_04,299,1.5707575262479663,-1.5753808227426613,8.830571137804222,-0.004584479885144628,-0.999989490464125,3.8800546920609985e-05,6840.1923926690815,13.349295669536874
terminal,terminal_04,300,1.5707575274995023,-1.5753808217632934,8.830571164415753,-0.004584478905787224,-0.9999894904686635,3.8799295384624976e-05,6840.192574697075,13.349295669534863
terminal,terminal_04,301,1.5707575245783618,-1.5753808240491816,8.83057110230326,-0.004584481191650827,-0.9999894904580705,3.880221652506342e-05,6840.192149835675,13.349295669536065
terminal,terminal_04,302,1.5707575256102342,-1.5753808232417077,8.830571124244061,-0.004584480384185631,-0.9999894904618124,3.880118465269887e-05,6840.192299914973,13.34929566953528
terminal,terminal_04,303,1.5707575267260105,-1.5753808223685761,8.830571147968922,-0.004584479511063437,-0.9999894904658585,3.880006887633951e-05,6840.192462197581,13.34929566953546
terminal,terminal_04,304,1.5707575260043742,-1.5753808229332802,8.830571132624701,-0.004584480075761436,-0.9999894904632416,3.880079051264523e-05,6840.192357240163,13.349295669533886
terminal,terminal_04,305,1.5707575264305629,-1.5753808225997736,8.830571141686791,-0.004584479742258461,-0.9999894904647871,3.880036432400562e-05,6840.192419226601,13.349295669537053
terminal,terminal_04,306,1.570757526543414,-1.575380822511464,8.830571144086353,-0.004584479653949828,-0.9999894904651964,3.880025147294388e-05,6840.192435640062,13.349295669535383
terminal,terminal_04,307,1.5707575263608173,-1.5753808226543518,8.830571140203782,-0.0045844797968359954,-0.9999894904645342,3.8800434069548244e-05,6840.192409082531,13.349295669535756
terminal,terminal_04,308,1.5707575264866585,-1.575380822555877,8.830571142879556,-0.004584479698362269,-0.9999894904649906,3.880030822843303e-05,6840.192427385343,13.349295669534316
terminal,terminal_04,309,1.5707575264305629,-1.5753808225997736,8.342310205260866,-0.004584479742258461,-0.9999894904647871,3.880036432400562e-05,4197.776273049276,13.284261541710455
terminal,terminal_04,310,1.5707575264305629,-1.5753808225997736,9.973010023033673,-0.004584479742258461,-0.9999894904647871,3.880036432400562e-05,21439.92298441949,12.89190574362012
terminal,terminal_04,311,1.5707575264305629,-1.5753808225997736,7.334482292429009,-0.004584479742258461,-0.9999894904647871,3.880036432400562e-05,1532.2343252594655,12.666467831816087
terminal,terminal_04,312,1.5707575264305629,-1.5753808225997736,8.785797261223694,-0.004584479742258461,-0.9999894904647871,3.880036432400562e-05,6540.685537619112,13.348699280849962
terminal,terminal_04,313,1.5707575264305629,-1.5753808225997736,8.787554483689963,-0.004584479742258461,-0.9999894904647871,3.880036432400562e-05,6552.189081373297,13.34874483964918
terminal,terminal_04,314,1.5707575264305629,-1.5753808225997736,8.835027815377428,-0.004584479742258461,-0.9999894904647871,3.880036432400562e-05,6870.7449555933945,13.349290152975657
terminal,terminal_04,315,1.5707575264305629,-1.5753808225997736,9.269698340109473,-0.004584479742258461,-0.9999894904647871,3.880036432400562e-05,10611.550324455357,13.307355199700101
terminal,terminal_04,316,1.5707575264305629,-1.5753808225997736,8.830872286982569,-0.004584479742258461,-0.9999894904647871,3.880036432400562e-05,6842.252621190359,13.349295652210646
terminal,terminal_04,317,1.5707575264305629,-1.5753808225997736,8.830712564345855,-0.004584479742258461,-0.9999894904647871,3.880036432400562e-05,6841.159845833448,13.349295665885778
terminal,terminal_04,318,1.5707575264305629,-1.5753808225997736,8.83064317608436,-0.004584479742258461,-0.9999894904647871,3.880036432400562e-05,6840.685166113923,13.349295668288127
terminal,terminal_04,319,1.5707575264305629,-1.5753808225997736,8.830600097327041,-0.004584479742258461,-0.9999894904647871,3.880036432400562e-05,6840.390484245068,13.349295669150761
terminal,terminal_04,320,1.5707575264305629,-1.5753808225997736,8.814158135984274,-0.004584479742258461,-0.9999894904647871,3.880036432400562e-05,6728.8406106917355,13.349214316954122
terminal,terminal_04,321,1.5707575264305629,-1.5753808225997736,8.8305444952126,-0.004584479742258461,-0.9999894904647871,3.880036432400562e-05,6840.010154644201,13.349295669779979
terminal,terminal_04,322,1.5707575264305629,-1.5753808225997736,8.830508177337393,-0.004584479742258461,-0.9999894904647871,3.880036432400562e-05,6839.761744519883,13.349295669973872
terminal,terminal_04,323,1.5707575264305629,-1.5753808225997736,8.830485288435165,-0.004584479742258461,-0.9999894904647871,3.880036432400562e-05,6839.60519167372,13.349295670017629
terminal,terminal_04,324,1.5707575264305629,-1.5753808225997736,8.830480219271,-0.004584479742258461,-0.9999894904647871,3.880036432400562e-05,6839.57052068005,13.349295670018403
terminal,terminal_04,325,1.5707575264305629,-1.5753808225997736,8.830476885936317,-0.004584479742258461,-0.9999894904647871,3.880036432400562e-05,6839.547722140421,13.349295670018545
terminal,terminal_04,326,1.5707575264305629,-1.5753808225997736,8.830473552601585,-0.004584479742258461,-0.9999894904647871,3.880036432400562e-05,6839.524923676447,13.349295670015952
terminal,terminal_04,327,1.4941344416887636,-1.7040638517629618,10.274261777260776,-0.13248313780881288,-0.9882219779827398,0.07658681628199732,28977.11841224217,2.099057940260272
terminal,terminal_04,328,1.446754791051534,-1.7836346101739224,11.167021759148408,-0.2096120052207263,-0.9699253866842543,0.12372369026482381,70758.06197203339,1.4594575929576252
terminal,terminal_04,329,1.523416676157667,-1.6548864185543817,9.722505764658479,-0.08389676940111623,-0.9953482707287478,0.04736192607303381,16689.0111134604,2.767321181820261
terminal,terminal_04,330,1.5415140923259931,-1.6244930933520012,9.381501795373143,-0.05364795749256782,-0.9981305988929717,0.029278049976616264,11866.822918482123,3.6318881437192734
terminal,terminal_04,331,1.5526989106265705,-1.6057089853458013,9.170749752056182,-0.03489985059506564,-0.9992269610606946,0.018096428317520587,9611.828477311088,5.129839001005877
terminal,terminal_04,332,1.5596115084943192,-1.5940997681496207,9.040497826087808,-0.02329987476987535,-0.9996659546527968,0.011184585098275523,8437.97665549123,10.463250124699654
terminal,terminal_04,333,1.5638837289271479,-1.5869248773396014,8.95999770873922,-0.016127465974943463,-0.9998460489460589,0.00691254281594015,7785.33962391558,12.276022818213098
terminal,terminal_04,334,1.5685814999376657,-1.57903530455634,8.871479074560717,-0.008238864342678934,-0.9999636071699592,0.0022148250464413266,7125.812791001466,13.243867034814373
terminal,terminal_04,335,1.5704654685690598,-1.575871313036641,8.835980041144067,-0.005074964179212554,-0.999987067552085,0.0003308582198004924,6877.29057193379,13.34747186423328
terminal,terminal_04,336,1.5707217586302455,-1.575440892080229,8.831150847443714,-0.004644548573687478,-0.9999892112458691,7.456816458196841e-05,6844.158867725923,13.349276358759816
terminal,terminal_04,337,1.5707507414044306,-1.5753922175693,8.830604734067856,-0.004595874590415439,-0.9999894378735815,4.5585390450225284e-05,6840.422201436351,13.349296376977168
terminal,terminal_04,338,1.5707517643420899,-1.575390499618149,8.830585459172541,-0.004594156657614588,-0.9999894458137011,4.456245279201924e-05,6840.290354285179,13.34929640109694
terminal,terminal_04,339,1.5707517831437305,-1.5753904680421285,8.830585104899088,-0.0045941250819312275,-0.9999894459596035,4.454365115134911e-05,6840.287930952323,13.349296401108731
terminal,terminal_04,340,1.570751787975518,-1.5753904599274848,8.830585013855226,-0.004594116967374236,-0.9999894459970984,4.453881936393929e-05,6840.28730818612,13.349296401107143
terminal,terminal_04,341,1.5707517814963101,-1.5753904708088542,8.830585135940916,-0.004594127848627429,-0.9999894459468195,4.454529857176979e-05,6840.288143287373,13.349296401107823
terminal,terminal_04,342,1.5707517843492067,-1.575390466017617,8.830585082184676,-0.004594123057441394,-0.999989445968958,4.454244567518697e-05,6840.28777557921,13.349296401107672
terminal,terminal_04,343,1.5707517828699367,-1.575390468501946,8.8305851100581,-0.004594125541743837,-0.9999894459574789,4.454392494522531e-05,6840.287966241456,13.3492964011058
terminal,terminal_04,344,1.5707517831654028,-1.5753904680057316,8.830585104490725,-0.0045941250455347315,-0.9999894459597717,4.454362947912956e-05,6840.287928159002,13.349296401106802
terminal,terminal_04,345,1.5707517830391506,-1.5753904682177633,8.830585106869655,-0.004594125257564193,-0.9999894459587919,4.45437557312493e-05,6840.287944431574,13.349296401108056
terminal,terminal_04,346,1.5707517831037845,-1.575390468109215,8.830585105651778,-0.0045941251490170705,-0.9999894459592935,4.454369109739554e-05,6840.287936100943,13.349296401106454
terminal,terminal_04,347,1.5707503285218387,-1.575402565848977,8.830949987309827,-0.004606222760459191,-0.9999893902417365,4.5998273041686045e-05,6842.784287113252,13.34929683481896
terminal,terminal_04,348,1.565021955781779,-1.6230443257832394,10.267874913814696,-0.0522233600065857,-0.9986187348931609,0.005774338923681915,28792.635275303783,3.9481464473414105
terminal,terminal_04,349,1.5614531982320201,-1.6527249869700014,11.163074460457226,-0.08183346398301501,-0.9966022238893772,0.009342992630212403,70479.30928861273,2.8088834219271446
terminal,terminal_04,350,1.5672275692451378,-1.6047006683612506,9.714611167276116,-0.033897630546397696,-0.9994189385172565,0.0035687499744627986,16557.77679266648,5.486698965114984
terminal,terminal_04,351,1.5685907133315378,-1.5933636645964773,9.372675367172166,-0.022565367429584312,-0.9997429366941818,0.0022056116750733476,11762.542148389231,10.930400190243114
terminal,terminal_04,352,1.5694331827084964,-1.586357010939262,9.161347420737535,-0.015560041731325821,-0.9998780060290705,0.0013631436642432032,9521.878414197066,12.474698091811682
terminal,terminal_04,353,1.5699476478642462,-1.5820783044798563,9.032297193096893,-0.011281734289580837,-0.9999359990597724,0.0008486788287727194,8369.062860330847,13.026358717475967
terminal,terminal_04,354,1.5702718143702188,-1.5793822748119077,8.950982140130389,-0.0085858413458207,-0.9999630034231897,0.0005245124006277756,7715.465809756648,13.234915371866737
terminal,terminal_04,355,1.570472160288924,-1.5777160368424372,8.90072667360009,-0.006919654462061338,-0.9999760063612556,0.0003241665002951695,7337.303427073338,13.310722677723884
terminal,terminal_04,356,1.5705959808761913,-1.576686245143959,8.869667087163883,-0.005889884176254006,-0.9999826344121701,0.00020034591736501123,7112.91259905418,13.337419967502607
terminal,terminal_04,357,1.5707487743752628,-1.5754154913832317,8.831339834838223,-0.004619148156856159,-0.9999893305476176,4.755241961586297e-05,6845.452449709434,13.349294963364152
terminal,terminal_04,358,1.5707503299875498,-1.575402553658944,8.83094961964578,-0.004606210570555852,-0.9999893902979539,4.599680733057956e-05,6842.781771267952,13.349296835434222
terminal,terminal_04,359,1.5707507659716589,-1.5753989276640576,8.830840255876625,-0.0046025846142018195,-0.9999894070134345,4.556082322199907e-05,6842.033459781766,13.349296923527804
terminal,terminal_04,360,1.5707507489116141,-1.5753990695491253,8.830844535277532,-0.0046027264977629035,-0.9999894063596091,4.5577883266691606e-05,6842.062739648606,13.34929692364379
terminal,terminal_04,361,1.5707507506232334,-1.5753990553139208,8.830844105928985,-0.004602712262709495,-0.9999894064252077,4.557617164740264e-05,6842.0598020195475,13.349296923642221
terminal,terminal_04,362,1.570750748571859,-1.5753990723748028,8.830844620502896,-0.004602729323410368,-0.9999894063465878,4.557822302180419e-05,6842.063322765923,13.349296923640805
terminal,terminal_04,363,1.5707507496705233,-1.5753990632374262,8.830844344910131,-0.004602720186130764,-0.9999894063886947,4.557712435753466e-05,6842.061437143036,13.349296923642841
terminal,terminal_04,364,1.5707507492014916,-1.575399067138271,8.830844462563654,-0.004602724086934099,-0.9999894063707188,4.557759338923653e-05,6842.062242135712,13.349296923643209
terminal,terminal_04,365,1.5707507487818393,-1.5753990706284382,8.830844567830724,-0.004602727577064304,-0.9999894063546354,4.5578013041549e-05,6842.062962379593,13.349296923642946
terminal,terminal_04,366,1.57075074900712,-1.5753990687548223,8.830844511320526,-0.00460272570346827,-0.9999894063632694,4.557778776086623e-05,6842.0625757332755,13.34929692364185
terminal,terminal_04,367,1.5707507488620445,-1.5753990699613862,8.830844547711745,-0.004602726910019418,-0.9999894063577093,4.557793283637325e-05,6842.062824724277,13.349296923643847
terminal,terminal_04,368,1.5707507488314087,-1.5753990702161773,8.830844555396512,-0.00460272716480779,-0.9999894063565352,4.5577963472089404e-05,6842.062877303933,13.349296923641473
terminal,terminal_04,369,1.5707507488809784,-1.5753990698039166,8.830844542962298,-0.004602726752551497,-0.999989406358435,4.5577913902407765e-05,6842.062792228262,13.349296923640825
terminal,terminal_04,370,1.5707507488503427,-1.5753990700587077,8.830844550647065,-0.004602727007339868,-0.9999894063572609,4.557794453812391e-05,6842.062844807918,13.349296923641962
terminal,terminal_04,371,1.5707507488692767,-1.5753990699012381,8.830844545897618,-0.0046027268498719486,-0.9999894063579865,4.557792560415843e-05,6842.062812311902,13.349296923641642
terminal,terminal_04,372,1.5707507488571806,-1.5753990700018399,8.830844548931868,-0.004602726950472629,-0.9999894063575229,4.5577937700260316e-05,6842.062833072433,13.34929692364241
terminal,terminal_04,373,1.494139305874525,-1.7040625476250422,10.274410077090725,-0.13248189852855627,-0.9882225199758193,0.0765819663818495,28981.416032635418,2.099137457188212
terminal,terminal_04,374,1.4467626614694236,-1.7836282572826416,11.167113413483841,-0.2096060490650022,-0.9699276700628433,0.12371588031382315,70764.54755239122,1.459499259348539
terminal,terminal_04,375,1.5234196823897952,-1.6548882347176397,9.722689073329345,-0.08389858907453598,-0.9953482602301991,0.04735892321430249,16692.070634315467,2.7673070360278405
terminal,terminal_04,376,1.5415159502796263,-1.6244968379674425,9.381706740697606,-0.05365169802710897,-0.9981304523121253,0.029276192819426134,11869.255217591139,3.631753877856732
terminal,terminal_04,377,1.5527000589050655,-1.6057139218102374,9.170968069567968,-0.03490478396840536,-0.9992268095330628,0.018095280227048628,9613.9271368667,5.128493980398031
terminal,terminal_04,378,1.5596122181694576,-1.594105441217245,9.040724408065866,-0.023305546127054527,-0.9996658303899593,0.01118387546752405,8439.8887655493,10.461676884414599
terminal,terminal_04,379,1.5638841675305044,-1.5869310056530324,8.96022939843833,-0.016133593393525703,-0.9998459531244911,0.0069121042230620355,7787.14361588562,12.27501485634716
terminal,terminal_04,380,1.5685870275577318,-1.5790328862276217,8.871614873504951,-0.00823644620265735,-0.9999636393183369,0.002209297439899152,7126.78053456308,13.244055040427215
terminal,terminal_04,381,1.570468890112929,-1.5758724317133253,8.836155524225312,-0.005076082847142972,-0.9999870630003931,0.0003274366761167159,6878.497525970878,13.347470552211458
terminal,terminal_04,382,1.570725366536894,-1.5754416977738603,8.831322818949223,-0.004645354259844436,-0.9999892077659851,7.096025794297104e-05,6845.335969241407,13.349277350306679
terminal,terminal_04,383,1.570754342103665,-1.5753930353672716,8.830776841380423,-0.004596692380472481,-0.9999894342724053,4.1984691219349136e-05,6841.5995894338985,13.34929737435858
terminal,terminal_04,384,1.57075537823785,-1.5753912952534923,8.830757317827084,-0.004594952285269222,-0.9999894423126235,4.0948557035122714e-05,6841.466018403283,13.349297397653922
terminal,terminal_04,385,1.5707553647830566,-1.5753913178498626,8.830757571351564,-0.004594974881398453,-0.999989442208243,4.0962011828613e-05,6841.467752882615,13.349297397655533
terminal,terminal_04,386,1.5707553688014475,-1.57539131110126,8.830757495634273,-0.004594968132867894,-0.9999894422394172,4.0957993437663046e-05,6841.467234865236,13.349297397654853
terminal,terminal_04,387,1.5707549741542886,-1.5753919738831366,8.830764931847623,-0.004595630907671244,-0.9999894391774943,4.135264059628104e-05,6841.518109664378,13.349297394245603
terminal,terminal_04,388,1.5707552155761442,-1.5753915684322755,8.830760382810885,-0.004595225461137396,-0.9999894410506689,4.111121874086833e-05,6841.486987417939,13.349297397152215
terminal,terminal_04,389,1.5707553077910874,-1.5753914135638272,8.830758645233466,-0.004595070594341701,-0.999989441766099,4.101900379770912e-05,6841.475099814967,13.349297397580454
terminal,terminal_04,390,1.5707553430140613,-1.5753913544093439,8.83075798153795,-0.0045950114404895845,-0.9999894420393606,4.0983780823867786e-05,6841.470559160124,13.3492973976417
terminal,terminal_04,391,1.5707553564680403,-1.5753913318143418,8.830757728028821,-0.004594988845728581,-0.9999894421437359,4.097032684483713e-05,6841.468824785106,13.349297397653247
terminal,terminal_04,392,1.570755361607003,-1.575391323183819,8.830757631196951,-0.004594980215297928,-0.9999894421836035,4.0965187882252635e-05,6841.4681623129145,13.349297397656116
terminal,terminal_04,393,1.570755359644094,-1.5753913264803854,8.830757668183434,-0.004594983511829107,-0.9999894421683754,4.0967150791197484e-05,6841.468415354767,13.34929739765493
terminal,terminal_04,394,1.5707553625968171,-1.5753913215214963,8.830757612546192,-0.004594978552992941,-0.9999894421912824,4.096419806802289e-05,6841.468034714341,13.349297397655628
terminal,terminal_04,395,1.5707553608572384,-1.5753913244429953,8.83075764532453,-0.0045949814744608115,-0.9999894421777868,4.0965937646724734e-05,6841.468258966298,13.349297397655596
terminal,terminal_04,396,1.5707553617404884,-1.5753913229596397,8.830757628681727,-0.004594979991120978,-0.999989442184639,4.096505439680783e-05,6841.468145105093,13.349297397653748
terminal,terminal_04,397,1.5707553613206184,-1.5753913236647816,8.830757636593207,-0.004594980696255399,-0.9999894421813817,4.096547426672409e-05,6841.468199231228,13.349297397654833
terminal,terminal_04,398,1.5707553614976137,-1.5753913233675303,8.830757633258138,-0.004594980399007236,-0.9999894421827549,4.096529727141694e-05,6841.468176414459,13.349297397654693
terminal,terminal_04,399,1.57075536165799,-1.5753913230981902,8.83075763023622,-0.004594980129670004,-0.999989442183999,4.0965136895260276e-05,6841.46815574011,13.34929739765494
terminal,terminal_04,400,1.5707553615652199,-1.5753913232539904,8.830757631984254,-0.004594980285468604,-0.9999894421832793,4.096522966527409e-05,6841.468167699221,13.349297397655043
terminal,terminal_04,401,1.5707553616286583,-1.5753913231474503,8.830757630788904,-0.00459498017892963,-0.9999894421837715,4.096516622690847e-05,6841.468159521275,13.3492973976546
terminal,terminal_04,402,1.570755361607003,-1.575391323183819,8.342310205260866,-0.004594980215297928,-0.9999894421836035,4.0965187882252635e-05,4197.776273049276,13.28426306947119
terminal,terminal_04,403,1.570755361607003,-1.575391323183819,9.973010023033673,-0.004594980215297928,-0.9999894421836035,4.0965187882252635e-05,21439.92298441949,12.891905778448969
terminal,terminal_04,404,1.570755361607003,-1.575391323183819,7.334482292429009,-0.004594980215297928,-0.9999894421836035,4.0965187882252635e-05,1532.2343252594655,12.666466862889397
terminal,terminal_04,405,1.570755361607003,-1.575391323183819,8.78579732431296,-0.004594980215297928,-0.9999894421836035,4.0965187882252635e-05,6540.685950266171,13.348701011987615
terminal,terminal_04,406,1.570755361607003,-1.575391323183819,8.787554393114727,-0.004594980215297928,-0.9999894421836035,4.0965187882252635e-05,6552.18848790725,13.34874657033905
terminal,terminal_04,407,1.570755361607003,-1.575391323183819,8.835032183018575,-0.004594980215297928,-0.9999894421836035,4.0965187882252635e-05,6870.774964607303,13.349291874545736
terminal,terminal_04,408,1.570755361607003,-1.575391323183819,9.269701039460152,-0.004594980215297928,-0.9999894421836035,4.0965187882252635e-05,10611.57896878959,13.30735627349497
terminal,terminal_04,409,1.570755361607003,-1.575391323183819,8.830869520152051,-0.004594980215297928,-0.9999894421836035,4.0965187882252635e-05,6842.2336898631875,13.349297386713847
terminal,terminal_04,410,1.570755361607003,-1.575391323183819,8.83071200935541,-0.004594980215297928,-0.9999894421836035,4.0965187882252635e-05,6841.156049056157,13.349297400279214
terminal,terminal_04,411,1.570755361607003,-1.575391323183819,8.830640503341147,-0.004594980215297928,-0.9999894421836035,4.0965187882252635e-05,6840.666882743509,13.34929740295111
terminal,terminal_04,412,1.570755361607003,-1.575391323183819,8.830588500896482,-0.004594980215297928,-0.9999894421836035,4.0965187882252635e-05,6840.311160591758,13.34929740412288
terminal,terminal_04,413,1.570755361607003,-1.575391323183819,8.814150934399377,-0.004594980215297928,-0.9999894421836035,4.0965187882252635e-05,6728.792152549311,13.349215985780173
terminal,terminal_04,414,1.570755361607003,-1.575391323183819,8.830520691252062,-0.004594980215297928,-0.9999894421836035,4.0965187882252635e-05,6839.8473372502585,13.349297405022583
terminal,terminal_04,415,1.570755361607003,-1.575391323183819,8.83046880561512,-0.004594980215297928,-0.9999894421836035,4.0965187882252635e-05,6839.492456621259,13.349297405344723
terminal,terminal_04,416,1.570755361607003,-1.575391323183819,8.830442113161245,-0.004594980215297928,-0.9999894421836035,4.0965187882252635e-05,6839.309896220844,13.349297405388556
terminal,terminal_04,417,1.570755361607003,-1.575391323183819,8.83043877982323,-0.004594980215297928,-0.9999894421836035,4.0965187882252635e-05,6839.28709852717,13.349297405386869
terminal,terminal_04,418,1.570755361607003,-1.575391323183819,8.830445446499258,-0.004594980215297928,-0.9999894421836035,4.0965187882252635e-05,6839.332693990498,13.349297405385919
terminal,terminal_04,419,1.5650231048958108,-1.623065385349217,10.268341308483311,-0.05224439081876971,-0.9986176414960715,0.005773189828804006,28806.067138922885,3.9462054491136325
terminal,terminal_04,420,1.5614550575375807,-1.6527401400114128,11.163362708214603,-0.08184856695013983,-0.9966010010605568,0.009341133405788198,70499.62771968704,2.8086162859827826
terminal,terminal_04,421,1.5672282794366663,-1.6047253783601656,9.715187662790868,-0.033922326262900905,-0.9994181031345132,0.0035680397874559297,16567.32502871489,5.493947887375756
terminal,terminal_04,422,1.568591152254041,-1.5933906306870211,9.37331990875202,-0.02259232660179744,-0.9997423287986982,0.0022051727536375226,11770.126039692745,10.922842206750486
terminal,terminal_04,423,1.5694334539775219,-1.5863853713711142,9.162034017098424,-0.015588398702878713,-0.9998775647071565,0.0013628723954697193,9528.41834615491,12.470171187102702
terminal,terminal_04,424,1.5699559690793485,-1.5820397150786798,9.030964513007099,-0.011243147428782126,-0.9999364406975929,0.0008403576166378325,8357.917005465702,13.030131651284941
terminal,terminal_04,425,1.5702769571639796,-1.5793701197217276,8.95044674629614,-0.008573686727717102,-0.9999631103951314,0.0005193696075674391,7711.336102542289,13.235638600231649
terminal,terminal_04,426,1.5704753387102655,-1.577720219054922,8.900684029770535,-0.006923836581238002,-0.999975978438307,0.0003209880791190836,7336.9905430279305,13.310597177853964
terminal,terminal_04,427,1.5705979452486107,-1.5767005243647751,8.869928979585183,-0.005904163150814415,-0.9999825505988849,0.00019838154498465538,7114.7756609074795,13.337162929143746
terminal,terminal_04,428,1.570752400403336,-1.5754159509377421,8.831184911780454,-0.004619607707229095,-0.9999893285906123,4.392639154652423e-05,6844.392013429248,13.349295899672256
terminal,terminal_04,429,1.5707539589986812,-1.57540298840394,8.830793948307306,-0.004606645311677525,-0.9999893884556688,4.236779620274501e-05,6841.716629178931,13.349297769858735
terminal,terminal_04,430,1.5707543897551577,-1.575399405886256,8.830685895855696,-0.0046030628320635324,-0.9999894049707971,4.193703972663944e-05,6840.977404862145,13.349297860479894
terminal,terminal_04,431,1.5707543858453488,-1.5753994384033736,8.830686876605714,-0.00460309534883592,-0.9999894048209542,4.1940949535557056e-05,6840.984114154148,13.349297860473659
terminal,terminal_04,432,1.5707543894304143,-1.5753994085870826,8.830685977315431,-0.004603065532861527,-0.9999894049583514,4.1937364469982476e-05,6840.977962126374,13.349297860482608
terminal,terminal_04,433,1.5707543880874624,-1.575399419756152,8.83068631418616,-0.004603076701812378,-0.999989404906883,4.193870742195314e-05,6840.980266651993,13.349297860477936
terminal,terminal_04,434,1.5707543889174522,-1.5753994128532876,8.8306861059886,-0.004603069799021173,-0.9999894049386923,4.193787743209925e-05,6840.978842376738,13.349297860479453
terminal,terminal_04,435,1.570754389351487,-1.575399409243505,8.830685997113811,-0.004603066189277029,-0.9999894049553265,4.1937443397291534e-05,6840.978097566655,13.3492978604806
terminal,terminal_04,436,1.5707543895428608,-1.5753994076518862,8.830685949108936,-0.004603064597675092,-0.9999894049626609,4.193725202348601e-05,6840.977769166367,13.349297860481812
terminal,terminal_04,437,1.5707543894658067,-1.5753994082927305,8.830685968437468,-0.004603065238512554,-0.9999894049597078,4.193732907762679e-05,6840.9779013924235,13.34929786048039
terminal,terminal_04,438,1.570754389400267,-1.5753994088378136,8.83068598487774,-0.004603065783589857,-0.999989404957196,4.1937394617422556e-05,6840.978013859957,13.349297860481709
terminal,terminal_04,439,1.570754389443933,-1.57539940847465,8.83068597392435,-0.004603065420430214,-0.9999894049588696,4.193735095124081e-05,6840.977938928062,13.349297860481325
terminal,terminal_04,440,1.5707543894188989,-1.5753994086828533,8.830685980203976,-0.0046030656286312355,-0.9999894049579101,4.1937375985437725e-05,6840.977981886844,13.349297860481919
terminal,terminal_04,441,1.570754389435578,-1.5753994085441372,8.830685976020153,-0.004603065489916559,-0.9999894049585493,4.193735930633519e-05,6840.977953265402,13.349297860480625
terminal,terminal_04,442,1.5707543894260159,-1.5753994086236638,8.830685978418757,-0.004603065569442321,-0.9999894049581828,4.193736886846405e-05,6840.977969674199,13.349297860482329
terminal,terminal_04,443,1.5707569957170981,-1.5754083491320368,8.830786849731775,-0.004612005983394576,-0.9999893638703741,3.9331077788330966e-05,6841.668062909047,13.34929818502318
terminal,terminal_04,444,1.5208386796718523,-1.404169723921927,6.898773310865371,0.16564969725999376,-0.9849195332027316,0.04993686927897758,991.0582492583926,2.3764396527650153
terminal,terminal_04,445,1.5399208028748819,-1.4696285935764035,7.6373182638872965,0.1009471122740852,-0.9944127339457015,0.030870618558083818,2074.173964248419,2.8718262217523085
terminal,terminal_04,446,1.551714203591867,-1.5100843998880191,8.093764147074541,0.060663590731669347,-0.997975874221276,0.019080965170046222,3273.9881780770347,3.526335679984311
terminal,terminal_04,447,1.5590029260779112,-1.53508746323088,8.375863216909222,0.03569879246800785,-0.999293009263991,0.011793127339405027,4341.013898209645,4.638426434382473
terminal,terminal_04,448,1.5635076043088523,-1.5505402061996345,8.550210030261786,0.020254197388607408,-0.9997682946330265,0.007288657950074488,5167.839715928665,9.030570171290654
terminal,terminal_04,449,1.5662916485639555,-1.5600905265737408,8.657962286743905,0.010705487096816037,-0.9999325480037702,0.0045046629960401995,5755.794046732791,11.711242022147928
terminal,terminal_04,450,1.5680122825397933,-1.565992949168389,8.72455684361435,0.004803340540419222,-0.9999845883998733,0.0027840406586288227,6152.14969492362,12.727038284021859
terminal,terminal_04,451,1.5690756928190588,-1.5696408469478471,8.765714543226022,0.0011554778794843153,-0.9999978521439498,0.0017206331268251685,6410.640989172251,13.114800201111144
terminal,terminal_04,452,1.569732916515631,-1.5718953717630375,8.791151400484795,-0.0010990441254622575,-0.9999988306298235,0.001063410078840827,6575.799196677876,13.262061864716095
terminal,terminal_04,453,1.5701391030983245,-1.5732887447273052,8.806872242837695,-0.0024924148135742207,-0.999996677957218,0.0006572236492582635,6679.9931617342845,13.317497838896239
terminal,terminal_04,454,1.5703901402122031,-1.5741498965782277,8.816588257743566,-0.0033535632207383715,-0.9999942942968193,0.0004061865715241979,6745.212397335118,13.338087102267474
terminal,terminal_04,455,1.570545289681018,-1.5746821176915728,8.822593085190595,-0.0038857809954103684,-0.9999924188144751,0.0002510371112419884,6785.838086929449,13.34556994687042
terminal,terminal_04,456,1.5706411773260818,-1.5750110484291504,8.826304272649438,-0.004214709105237514,-0.9999911060383492,0.00015514946819240402,6811.068392374077,13.34818672799535
terminal,terminal_04,457,1.5707568170019193,-1.5754077360716618,8.830779932828866,-0.004611392929506901,-0.9999893666905794,3.9509792967070015e-05,6841.62073991899,13.349298199048455
terminal,terminal_04,458,1.5707564988460472,-1.575406644677191,8.830767619083115,-0.004610301546580305,-0.9999893717102117,3.982794883891185e-05,6841.536494459363,13.3492982107846
terminal,terminal_04,459,1.5707564374735352,-1.5754064341463598,8.830765243752106,-0.004610091017975296,-0.9999893726783541,3.988932135082447e-05,6841.520243564878,13.349298211102992
terminal,terminal_04,460,1.5707564371040754,-1.5754064328789732,8.830765229452716,-0.004610089750602057,-0.9999893726841821,3.988969081062026e-05,6841.520145735311,13.349298211102598
terminal,terminal_04,461,1.5707564425565226,-1.5754064515829211,8.83076544048151,-0.004610108454352232,-0.9999893725981726,3.9884238363464166e-05,6841.521589493213,13.349298211100216
terminal,terminal_04,462,1.5707564394150637,-1.5754064408065336,8.830765318896052,-0.00461009767807862,-0.9999893726477275,3.988737982233249e-05,6841.520757663726,13.349298211100374
terminal,terminal_04,463,1.5707564377993,-1.5754064352638557,8.830765256360344,-0.0046100921354593535,-0.9999893726732153,3.9888995586076215e-05,6841.520329824394,13.349298211103237
terminal,terminal_04,464,1.5707564384671533,-1.5754064375548438,8.8307652822086,-0.004610094426423195,-0.9999893726626803,3.988832773274855e-05,6841.520506665759,13.349298211102184
terminal,terminal_04,465,1.5707564380543972,-1.5754064361389353,8.830765266233499,-0.004610093010529666,-0.9999893726691913,3.988874048879979e-05,6841.5203973717835,13.34929821110214
terminal,terminal_04,466,1.570756437674869,-1.5754064348370103,8.830765251544426,-0.00461009170861842,-0.9999893726751782,3.988912001698614e-05,6841.520296876191,13.349298211102532
terminal,terminal_04,467,1.5707564378967385,-1.5754064355981063,8.830765260131553,-0.004610092469706446,-0.9999893726716782,3.988889814757458e-05,6841.520355625198,13.349298211101434
terminal,terminal_04,468,1.5707564377517715,-1.5754064351008152,8.830765254520827,-0.004610091972420608,-0.999989372673965,3.9889043114501814e-05,6841.520317239301,13.34929821110183
terminal,terminal_04,469,1.5707564378365182,-1.575406435391528,8.830765257800818,-0.004610092263130321,-0.9999893726726282,3.988895836784775e-05,6841.520339679429,13.349298211102726
terminal,terminal_04,470,1.5707564377811458,-1.5754064352015797,8.830765255657711,-0.00461009207318405,-0.9999893726735016,3.9889013740221055e-05,6841.520325017319,13.349298211100415
terminal,terminal_04,471,1.5707564378135161,-1.5754064353126223,8.830765256910556,-0.004610092184225385,-0.999989372672991,3.988898136989244e-05,6841.520333588683,13.349298211101521
terminal,terminal_04,472,1.570756437790582,-1.5754064352339496,8.830765256022927,-0.004610092105553592,-0.9999893726733529,3.9889004303991486e-05,6841.520327515947,13.349298211102377
terminal,terminal_04,473,1.5650240080234075,-1.6230819367746463,10.268707863833331,-0.05226091962950628,-0.9986167818465418,0.005772286716255565,28816.62809241444,3.944682404536459
terminal,terminal_04,474,1.5614565188287282,-1.6527520492993446,11.163589251879674,-0.08186043686997574,-0.9966000398349666,0.009339672178385971,70515.60077296555,2.80840628115942
terminal,terminal_04,475,1.5672288376002173,-1.6047447987843486,9.71564075012101,-0.0339417354475936,-0.9994174461503278,0.003567481627457416,16574.833174574178,5.49986473434667
terminal,terminal_04,476,1.5685914972180868,-1.593411824249948,9.373826475786991,-0.022613514715878937,-0.9997418505227285,0.0022048277904303626,11776.089907963915,10.916891928476785
terminal,terminal_04,477,1.569433667177027,-1.5864076607940512,9.162573636408686,-0.015610685397465004,-0.9998772172928717,0.0013626591961625276,9533.561452225618,12.466604537551232
terminal,terminal_04,478,1.5699626608869863,-1.582008123180101,9.029879015737585,-0.011211557595354424,-0.9999368009917432,0.0008336658113441543,8348.849431681097,13.03320299384992
terminal,terminal_04,479,1.570281092928546,-1.5793597859353423,8.950002415753957,-0.008563353340404308,-0.9999632010797467,0.0005152338435544388,7707.910481501273,13.236250007797294
terminal,terminal_04,480,1.5704778947533369,-1.577723023504409,8.900635962058296,-0.006926640968990997,-0.9999759598339978,0.00031843203617829447,7336.637879153749,13.310514483580183
terminal,terminal_04,481,1.5705995249701057,-1.5767114486905836,8.87012581577033,-0.005915087287493688,-0.9999824863523479,0.00019680182352054497,7116.1762440449465,13.336964523105793
terminal,terminal_04,482,1.5707552506400333,-1.5754163086361648,8.831063047516658,-0.00461996540239397,-0.9999893270592594,4.107615485177238e-05,6843.557977456019,13.349296566972093
terminal,terminal_04,483,1.5707568111689112,-1.5754033300215475,8.83067159902943,-0.004606986926197672,-0.9999893869986707,3.951562597514201e-05,6840.879601295835,13.349298440063405
terminal,terminal_04,484,1.5707572412403037,-1.5753997532015733,8.830563718426662,-0.004603410144232607,-0.9999894034875387,3.9085554582975425e-05,6840.141642887402,13.349298536394596
terminal,terminal_04,485,1.5707572545516841,-1.5753996424934162,8.830560379353741,-0.004603299437251008,-0.9999894039976878,3.907224320254322e-05,6840.118803193802,13.349298536536244
terminal,terminal_04,486,1.5707572589533092,-1.575399605885958,8.830559275234814,-0.004603262830181514,-0.9999894041663743,3.906784157748215e-05,6840.111250893332,13.349298536542603
terminal,terminal_04,487,1.570757258143876,-1.5753996126178573,8.83055947827588,-0.004603269562009298,-0.9999894041353539,3.906865101066867e-05,6840.112639716957,13.349298536544316
terminal,terminal_04,488,1.570757257481347,-1.5753996181279808,8.830559644466923,-0.004603275072074263,-0.9999894041099634,3.9069313539588784e-05,6840.113776482506,13.349298536542552
terminal,terminal_04,489,1.570757258222719,-1.5753996119621352,8.830559458498618,-0.004603268906294117,-0.9999894041383754,3.906857216773655e-05,6840.112504438255,13.3492985365445
terminal,terminal_04,490,1.570757258375268,-1.5753996106934154,8.830559420232712,-0.004603267637587791,-0.9999894041442217,3.9068419618652196e-05,6840.112242695158,13.349298536544403
terminal,terminal_04,491,1.5707572582809874,-1.5753996114775273,8.830559443882342,-0.004603268421691352,-0.9999894041406084,3.906851389923546e-05,6840.1124044612825,13.349298536543811
terminal,terminal_04,492,1.5707572582192593,-1.5753996119909093,8.830559459366478,-0.004603268935067905,-0.9999894041382428,3.906857562741354e-05,6840.112510374518,13.349298536543815
terminal,terminal_04,493,1.5707572582449756,-1.5753996117770315,8.830559452915697,-0.004603268721192372,-0.9999894041392284,3.9068549911095595e-05,6840.112466250449,13.349298536544856
terminal,terminal_04,494,1.5707572582587308,-1.575399611662631,8.830559449465262,-0.0046032686067930964,-0.9999894041397555,3.9068536155876416e-05,6840.112442649089,13.3492985365456
terminal,terminal_04,495,1.5707572582672322,-1.5753996115919278,8.830559447332776,-0.004603268536090627,-0.9999894041400813,3.906852765445464e-05,6840.112428062643,13.349298536541927
terminal,terminal_04,496,1.5707572582534768,-1.575399611706328,8.83055945078321,-0.004603268650489679,-0.9999894041395542,3.906854140989585e-05,6840.112451664004,13.34929853654466
terminal,terminal_04,497,1.5707572582621907,-1.5753996116338567,8.8305594485974,-0.004603268578019087,-0.9999894041398881,3.906853269597738e-05,6840.112436712813,13.34929853654347
terminal,terminal_04,498,1.5707572582587308,-1.575399611662631,8.342310205260866,-0.0046032686067930964,-0.9999894041397555,3.9068536155876416e-05,4197.776273049276,13.284264040659258
terminal,terminal_04,499,1.5707572582587308,-1.575399611662631,9.973010023033673,-0.0046032686067930964,-0.9999894041397555,3.9068536155876416e-05,21439.92298441949,12.891905549797787
terminal,terminal_04,500,1.5707572582587308,-1.575399611662631,7.334482292429009,-0.0046032686067930964,-0.9999894041397555,3.9068536155876416e-05,1532.2343252594655,12.66646587807028
terminal,terminal_04,501,1.5707572582587308,-1.575399611662631,8.785797353174345,-0.0046032686067930964,-0.9999894041397555,3.9068536155876416e-05,6540.686139039437,13.348702140631989
terminal,terminal_04,502,1.5707572582587308,-1.575399611662631,8.787554307414256,-0.0046032686067930964,-0.9999894041397555,3.9068536155876416e-05,6552.187926381637,13.348747698801299
terminal,terminal_04,503,1.5707572582587308,-1.575399611662631,8.835035607964308,-0.0046032686067930964,-0.9999894041397555,3.9068536155876416e-05,6870.798496679001,13.349292995954958
terminal,terminal_04,504,1.5707572582587308,-1.575399611662631,9.269703156193025,-0.0046032686067930964,-0.9999894041397555,3.9068536155876416e-05,10611.601430691397,13.30735688294928
terminal,terminal_04,505,1.5707572582587308,-1.575399611662631,8.830867336683188,-0.0046032686067930964,-0.9999894041397555,3.9068536155876416e-05,6842.218750075279,13.349298518319188
terminal,terminal_04,506,1.5707572582587308,-1.575399611662631,8.830711556934865,-0.0046032686067930964,-0.9999894041397555,3.9068536155876416e-05,6841.1529539773055,13.349298531814066
terminal,terminal_04,507,1.5707572582587308,-1.575399611662631,8.830638189030292,-0.0046032686067930964,-0.9999894041397555,3.9068536155876416e-05,6840.651051332206,13.349298534720118
terminal,terminal_04,508,1.5707572582587308,-1.575399611662631,8.830578353981887,-0.0046032686067930964,-0.9999894041397555,3.9068536155876416e-05,6840.241752890741,13.349298536194157
terminal,terminal_04,509,1.5707572582587308,-1.575399611662631,8.814144630526611,-0.0046032686067930964,-0.9999894041397555,3.9068536155876416e-05,6728.749735233409,13.349217059687238
terminal,terminal_04,510,1.5707572582587308,-1.575399611662631,8.830498701603602,-0.0046032686067930964,-0.9999894041397555,3.9068536155876416e-05,6839.69693306547,13.3492985373708
terminal,terminal_04,511,1.5707572582587308,-1.575399611662631,8.830434067765935,-0.0046032686067930964,-0.9999894041397555,3.9068536155876416e-05,6839.25487149043,13.349298537784042
terminal,terminal_04,512,1.5707572582587308,-1.575399611662631,8.830411333412536,-0.0046032686067930964,-0.9999894041397555,3.9068536155876416e-05,6839.09938722062,13.349298537794546
terminal,terminal_04,513,1.5707572582587308,-1.575399611662631,8.83041929801055,-0.0046032686067930964,-0.9999894041397555,3.9068536155876416e-05,6839.153858114935,13.349298537799651
terminal,terminal_04,514,1.5707572582587308,-1.575399611662631,8.830422631345963,-0.0046032686067930964,-0.9999894041397555,3.9068536155876416e-05,6839.176655346675,13.349298537799312
terminal,terminal_04,515,1.5707572582587308,-1.575399611662631,8.830415964675138,-0.0046032686067930964,-0.9999894041397555,3.9068536155876416e-05,6839.1310609591865,13.349298537799354
terminal,terminal_04,516,1.520844711154109,-1.4041807760916691,6.898629037336878,0.16563886170062875,-0.9849216609355625,0.04993084532083299,990.9152761016991,2.3765510029914307
terminal,terminal_04,517,1.539924530535919,-1.4696317427716539,7.637084824414519,0.10094399229471267,-0.9944131663228767,0.030866892673476885,2073.6898266823628,2.871706311633014
terminal,terminal_04,518,1.5517165074130865,-1.5100826647764214,8.093475600017555,0.06066532499821119,-0.9979758128371627,0.01907866176820553,3273.0436147056885,3.526226928117012
terminal,terminal_04,519,1.559004349917729,-1.5350827094516388,8.37554061149216,0.03570354348549013,-0.9992928563283252,0.011791703598590981,4339.613689480142,4.63806944666971
terminal,terminal_04,520,1.5635084842902542,-1.550533586781189,8.549866375620594,0.020260815402800555,-0.9997681669522952,0.007287777992044309,5166.0640689474885,9.028350109185233
terminal,terminal_04,521,1.5662921924223714,-1.560082754126856,8.657605622966763,0.010713259045355385,-0.9999324672153472,0.004504119143141687,5753.741529538659,11.709645607450677
terminal,terminal_04,522,1.5680126186627794,-1.565984464110739,8.724192139749027,0.004811825471630503,-0.999984548542967,0.0027837045369451816,6149.906391245464,12.725954515553042
terminal,terminal_04,523,1.5690759005544885,-1.5696319214725234,8.765344870312932,0.001164403336007429,-0.9999978421483433,0.001720425391702893,6408.271586821928,13.114095344251995
terminal,terminal_04,524,1.5697330449031872,-1.571886174094622,8.790778656531291,-0.0010898464679046033,-0.9999988408326888,0.0010632816913572693,6573.348564045482,13.261616716862822
terminal,terminal_04,525,1.5701391824461979,-1.5732793788343076,8.806497600876837,-0.0024830489517108155,-0.9999967013091946,0.0006571443014020155,6677.491024729674,13.317223306516993
terminal,terminal_04,526,1.570390189251886,-1.5741404267167207,8.816212442749652,-0.0033440934131800082,-0.9999943260296776,0.0004061375318454839,6742.677921655874,13.33792196054228
terminal,terminal_04,527,1.5705453199892085,-1.5746725835739932,8.822216545222382,-0.003876246949963664,-0.9999924558241267,0.0002510068030523194,6783.283428667549,13.345473932388787
terminal,terminal_04,528,1.570641196057574,-1.5750014745991339,8.825927284622466,-0.00420513536018946,-0.9999911463463349,0.0001551307367004943,6808.501185072881,13.348134063169832
terminal,terminal_04,529,1.5707595832840502,-1.5754075873751714,8.830509284627713,-0.004611244235083875,-0.9999893674817342,3.674351083816437e-05,6839.7693181260465,13.349298827051507
terminal,terminal_04,530,1.5707592509841621,-1.5754064474613982,8.830496423459035,-0.004610104333371339,-0.9999893727252404,3.7075810725988635e-05,6839.68135126481,13.349298840946151
terminal,terminal_04,531,1.5707591673317853,-1.5754061605022391,8.83049318581928,-0.004609817377247328,-0.999989374045006,3.7159463102734316e-05,6839.659206876406,13.34929884153866
terminal,terminal_04,532,1.5707591667430874,-1.5754061584827834,8.830493163034609,-0.004609815357812972,-0.9999893740542934,3.7160051800713163e-05,6839.659051037017,13.349298841541113
terminal,terminal_04,533,1.5707141059508973,-1.5752515829939286,8.828749152669669,-0.00445524144502874,-0.999990071982417,8.222084390664768e-05,6827.741010373377,13.34912889243452
terminal,terminal_04,534,1.5707591068438653,-1.5754059530058913,8.830490844725075,-0.004609609883093825,-0.9999893749992552,3.721995102269861e-05,6839.643194608611,13.349298841245005
terminal,terminal_04,535,1.5707591532040912,-1.5754061120389269,8.83049263902807,-0.004609768914447619,-0.9999893742678867,3.7173590796850235e-05,6839.655467011885,13.34929884152685
terminal,terminal_04,536,1.570759161399122,-1.5754061401509694,8.830492956204447,-0.004609797026192781,-0.9999893741386009,3.716539576597976e-05,6839.657636389375,13.349298841537536
terminal,terminal_04,537,1.5707591644816974,-1.5754061507253638,8.830493075510901,-0.004609807600475418,-0.9999893740899696,3.716231319067577e-05,6839.658452404726,13.349298841539706
terminal,terminal_04,538,1.5707591657975088,-1.5754061552390926,8.830493126437407,-0.004609812114156406,-0.9999893740692111,3.716099737921689e-05,6839.658800724639,13.349298841542575
terminal,terminal_04,539,1.570759165804365,-1.575406155262612,8.830493126702766,-0.004609812137675566,-0.9999893740691029,3.7160990523145625e-05,6839.658802539606,13.349298841539259
terminal,terminal_04,540,1.5707591657906526,-1.5754061552155731,8.83049312617205,-0.0046098120906372456,-0.9999893740693192,3.7161004235510196e-05,6839.658798909684,13.349298841539337
terminal,terminal_04,541,1.5707639421646034,-1.5754129018911025,8.830300275559383,-0.004616558695138686,-0.9999893431117404,3.238463028760352e-05,6838.33989369981,13.349299065148253
terminal,terminal_04,542,1.5128971291767963,-1.4936756228191965,11.166734111643702,0.07691517712972715,-0.9953569624904697,0.05786685362837971,70737.71151908813,2.9985920958987275
terminal,terminal_04,543,1.5350126547455636,-1.524913957745592,10.273796353821382,0.04583691012597901,-0.9983080951925378,0.03577603587808352,28963.634920137054,3.7990346498419094
terminal,terminal_04,544,1.5486808012261293,-1.5442203104820573,9.721930469649067,0.026566389963249212,-0.9994024265461791,0.02211372284193427,16679.41276985912,5.88629883756046
terminal,terminal_04,545,1.557128180314331,-1.5561522926719875,9.380858595999062,0.01464214291579176,-0.9997993804038954,0.013667720908056041,11859.192639566983,10.157810486448565
terminal,terminal_04,546,1.5623489477066947,-1.5635266632185227,9.17006458547675,0.00726934017406028,-0.9999378981603255,0.008447278623580298,9605.24502930803,12.154818335502135
terminal,terminal_04,547,1.5655755594025327,-1.5680842748619177,9.039786722349058,0.0027120116480810743,-0.9999826942644018,0.005220743675831618,8431.978511648038,12.894079045194697
terminal,terminal_04,548,1.5675697150990586,-1.570901033765058,8.959270574954438,-0.00010470642491715242,-0.9999947890112522,0.0032266060971194604,7779.680698096438,13.176418487698603
terminal,terminal_04,549,1.5688021710983708,-1.5726418865053124,8.909508859221367,-0.001845554993149778,-0.9999963086307352,0.0019941543748471986,7402.0247691709565,13.284056984949299
terminal,terminal_04,550,1.5695638707955843,-1.5737177926681982,8.878754427559818,-0.0029214594987626327,-0.9999949730510529,0.0012324556873062418,7177.844639988882,13.324893450684067
terminal,terminal_04,551,1.5700346270976828,-1.5743827392455672,8.859747143488296,-0.003586403721999262,-0.9999932787384255,0.0007616996235591612,7042.701726412315,13.340295469415318
terminal,terminal_04,552,1.570325570492798,-1.574793698831084,8.847999995898268,-0.003997360947608509,-0.9999918997141802,0.000470756284711034,6960.454103099095,13.346053030562313
terminal,terminal_04,553,1.5705053833997815,-1.5750476858229359,8.840739859416772,-0.004251346041568233,-0.9999909206631719,0.00029094339101046874,6910.103254517884,13.348174375344815
terminal,terminal_04,554,1.5706165138879131,-1.5752046584166008,8.836252848308243,-0.004408317272315497,-0.9999902671557086,0.0001798129060145232,6879.167002012081,13.348936093963065
terminal,terminal_04,555,1.570685196306765,-1.575301672814788,8.833479722935275,-0.004505330750393629,-0.9999898447708577,0.00011113048790292345,6860.116636188794,13.349197053131345
terminal,terminal_04,556,1.5707626802935788,-1.575411119489433,8.830351224937898,-0.004614776312264359,-0.9999893512970529,3.364650131147614e-05,6838.688311743236,13.349299079967501
terminal,terminal_04,557,1.570762698479103,-1.5754111451766133,8.830350490678107,-0.004614801999174027,-0.9999893511791237,3.362831578728879e-05,6838.683290371231,13.349299080131352
terminal,terminal_04,558,1.5707629563714378,-1.5754115094513446,8.830340078002065,-0.004615166270065765,-0.9999893495066408,3.337042345261285e-05,6838.612081748309,13.349299081278472
terminal,terminal_04,559,1.5707629620188073,-1.5754115174282934,8.830339849983545,-0.0046151742469305555,-0.9999893494700142,3.336477608315503e-05,6838.610522418284,13.349299081279254
terminal,terminal_04,560,1.570762963426776,-1.575411519417059,8.83033979313532,-0.004615176235675187,-0.9999893494608827,3.3363368114525237e-05,6838.61013365542,13.349299081277524
terminal,terminal_04,561,1.5707629595522137,-1.5754115139442126,8.830339949574876,-0.004615170762886481,-0.9999893494860116,3.33672426767497e-05,6838.61120348464,13.34929908127714
terminal,terminal_04,562,1.5707629610766525,-1.575411516097493,8.830339888024048,-0.0046151729161442254,-0.9999893494761246,3.336571823795313e-05,6838.610782562468,13.349299081279225
terminal,terminal_04,563,1.5707629622034456,-1.5754115176890964,8.830339842528577,-0.00461517450773074,-0.9999893494688167,3.336459144485049e-05,6838.61047143666,13.349299081277369
terminal,terminal_04,564,1.5707629616589363,-1.575411516919973,8.830339864513723,-0.004615173738615416,-0.9999893494723482,3.3365135954176705e-05,6838.610621784512,13.349299081279296
terminal,terminal_04,565,1.5707629616068204,-1.575411516846359,8.830339866617955,-0.00461517366500219,-0.9999893494726863,3.3365188070043856e-05,6838.6106361745315,13.349299081279005
terminal,terminal_04,566,1.5707629616749137,-1.5754115169425413,8.830339863868614,-0.00461517376118357,-0.9999893494722446,3.336511997673512e-05,6838.610617372864,13.34929908127824
terminal,terminal_04,567,1.5707629616390297,-1.575411516891855,8.83033986531747,-0.004615173710497761,-0.9999893494724773,3.336515586069757e-05,6838.610627281021,13.3492990812789
terminal,terminal_04,568,1.5208495044772343,-1.4041895594418556,6.898514380671892,0.1656302504710422,-0.9849233517710307,0.04992605797595418,990.8016675739691,2.376620863912547
terminal,terminal_04,569,1.5399274929725295,-1.469634245491512,7.636899306033534,0.10094151279098895,-0.9944135099236506,0.03086393164832034,2073.3051547860096,2.871631116316586
terminal,terminal_04,570,1.5517183382996014,-1.5100812858532655,8.093246286687583,0.06066670324953526,-0.9979757640482212,0.019076831214906116,3272.293148224527,3.5261442195569948
terminal,terminal_04,571,1.5590054814678247,-1.5350789315411681,8.375284231395176,0.0357073192006301,-0.9992927347701567,0.011790572127158325,4338.501241512415,4.637787716352729
terminal,terminal_04,572,1.5635091836266732,-1.5505283262150191,8.549593267341631,0.020266074852402925,-0.9997680654504189,0.007287078674195254,5164.653366726604,9.02658528601807
terminal,terminal_04,573,1.566292624636048,-1.5600765772290708,8.657322176102769,0.010719435546660308,-0.9999324029681022,0.004503686933848841,5752.110880657951,11.708376393600506
terminal,terminal_04,574,1.5680128857855218,-1.56597772088887,8.723902303288089,0.004818568592780222,-0.9999845168165715,0.002783437415237683,6148.124182428947,12.725092485175217
terminal,terminal_04,575,1.5690760656454226,-1.5696248282431222,8.765051084863906,0.0011714965504058393,-0.9999978341478192,0.0017202603010131588,6406.389206397842,13.113534379142752
terminal,terminal_04,576,1.5697331469349958,-1.5718788645486697,8.790482430473407,-0.0010825369305136833,-0.9999988488807402,0.001063179659606383,6571.401655290047,13.261262083180144
terminal,terminal_04,577,1.5701392455053236,-1.5732719355973743,8.806199866439725,-0.002475605739364373,-0.9999967198048523,0.0006570812422899309,6675.503201634487,13.317004232796716
terminal,terminal_04,578,1.5703902282245688,-1.574132900854217,8.815913776082908,-0.0033365675933360746,-0.9999943511843732,0.00040609855916583915,6740.6644092155775,13.337789804182478
terminal,terminal_04,579,1.5705453440756512,-1.5746650066460788,8.82191730240604,-0.0038686700791231137,-0.9999924851715112,0.00025098271661045995,6781.253883508863,13.345396703294357
terminal,terminal_04,580,1.5706412109438141,-1.57499386611106,8.825627685726092,-0.004197526939366632,-0.9999911783144221,0.00015511585046043292,6806.461671165182,13.348091266731752
terminal,terminal_04,581,1.570761780289253,-1.5754074643770097,8.830294141372333,-0.004611121238591072,-0.9999893681272127,3.45465056366853e-05,6838.297946172449,13.349299285800315
terminal,terminal_04,582,1.5707614394951193,-1.575406295324775,8.830280951446625,-0.0046099521987277995,-0.9999893735053397,3.488729977028175e-05,6838.20775012541,13.34929930144991
terminal,terminal_04,583,1.5707613356300842,-1.5754059390285846,8.830276931506248,-0.004609595906306629,-0.9999893751441558,3.4991164805235496e-05,6838.180260993221,13.349299302359839
terminal,terminal_04,584,1.570761335147562,-1.5754059373733518,8.830276912830948,-0.004609594251091298,-0.9999893751517688,3.4991647327479574e-05,6838.180133288158,13.349299302359285
terminal,terminal_04,585,1.5707613414363515,-1.5754059589462683,8.830277156229112,-0.004609615823779666,-0.9999893750525461,3.498535853799426e-05,6838.181797688849,13.349299302357936
terminal,terminal_04,586,1.5707613378478809,-1.575405946636463,8.830277017342743,-0.0046096035141044815,-0.9999893751091641,3.498894700862383e-05,6838.180847958673,13.34929930235633
terminal,terminal_04,587,1.570761335636936,-1.5754059390520896,8.830276931771444,-0.004609595929811356,-0.9999893751440477,3.499115795338307e-05,6838.180262806678,13.349299302359062
terminal,terminal_04,588,1.5707613353912788,-1.5754059382093928,8.830276922263648,-0.004609595087123468,-0.9999893751479235,3.4991403610655223e-05,6838.180197790659,13.349299302357764
terminal,terminal_04,589,1.5707613355388688,-1.5754059387156811,8.83027692797589,-0.004609595593406458,-0.9999893751455949,3.499125602071505e-05,6838.180236851995,13.349299302360079
terminal,terminal_04,590,1.5707613354483119,-1.5754059384050374,8.830276924471026,-0.0046095952827660104,-0.9999893751470237,3.4991346577610304e-05,6838.180212885103,13.349299302358704
terminal,terminal_04,591,1.5707613355737098,-1.5754059388351997,8.830276929324366,-0.0046095957129238104,-0.9999893751450453,3.499122117969611e-05,6838.180246073123,13.349299302359134
terminal,terminal_04,592,1.570761335504279,-1.5754059385970258,8.83027692663715,-0.004609595474752405,-0.9999893751461407,3.499129061037949e-05,6838.180227697457,13.349299302359428
terminal,terminal_04,593,1.5707613355521768,-1.5754059387613333,8.830276928490962,-0.0046095956390581234,-0.999989375145385,3.4991242712693704e-05,6838.180240374153,13.349299302358734
terminal,terminal_04,594,1.5707613355256567,-1.575405938670359,8.830276927464537,-0.004609595548084747,-0.9999893751458034,3.499126923281312e-05,6838.180233355272,13.349299302357725
terminal,terminal_04,595,1.5707613355388688,-1.5754059387156811,8.342310205260866,-0.004609595593406458,-0.9999893751455949,3.499125602071505e-05,4197.776273049276,13.284264685201704
terminal,terminal_04,596,1.5707613355388688,-1.5754059387156811,9.973010023033673,-0.004609595593406458,-0.9999893751455949,3.499125602071505e-05,21439.92298441949,12.891905269643399
terminal,terminal_04,597,1.5707613355388688,-1.5754059387156811,7.334482292429009,-0.004609595593406458,-0.9999893751455949,3.499125602071505e-05,1532.2343252594655,12.666465035529974
terminal,terminal_04,598,1.5707613355388688,-1.5754059387156811,8.785797366607683,-0.004609595593406458,-0.9999893751455949,3.499125602071505e-05,6540.686226902685,13.348702904113345
terminal,terminal_04,599,1.5707613355388688,-1.5754059387156811,8.787554236176382,-0.004609595593406458,-0.9999893751455949,3.499125602071505e-05,6552.187459617714,13.348748462211518
terminal,terminal_04,600,1.5707613355388688,-1.5754059387156811,8.835038209511595,-0.004609595593406458,-0.9999893751455949,3.499125602071505e-05,6870.81637140944,13.349293754049722
terminal,terminal_04,601,1.5707613355388688,-1.5754059387156811,9.269704764037671,-0.004609595593406458,-0.9999893751455949,3.499125602071505e-05,10611.618492511667,13.307357250394812
terminal,terminal_04,602,1.5707613355388688,-1.5754059387156811,8.830865672629995,-0.004609595593406458,-0.9999893751455949,3.499125602071505e-05,6842.2073642688,13.349299284181749
terminal,terminal_04,603,1.5707613355388688,-1.5754059387156811,8.830711206567464,-0.004609595593406458,-0.9999893751455949,3.499125602071505e-05,6841.150557060746,13.3492992976371
terminal,terminal_04,604,1.5707613355388688,-1.5754059387156811,8.830636241644438,-0.004609595593406458,-0.9999893751455949,3.499125602071505e-05,6840.637729958085,13.349299300737112
terminal,terminal_04,605,1.5707613355388688,-1.5754059387156811,8.830570047690768,-0.004609595593406458,-0.9999893751455949,3.499125602071505e-05,6840.184936087393,13.349299302475805
terminal,terminal_04,606,1.5707613355388688,-1.5754059387156811,8.814139469745932,-0.004609595593406458,-0.9999893751455949,3.499125602071505e-05,6728.715009721386,13.349217778186775
terminal,terminal_04,607,1.5707613355388688,-1.5754059387156811,8.830480258565416,-0.004609595593406458,-0.9999893751455949,3.499125602071505e-05,6839.570789436989,13.349299303901786
terminal,terminal_04,608,1.5707613355388688,-1.5754059387156811,8.830405885413144,-0.004609595593406458,-0.9999893751455949,3.499125602071505e-05,6839.06212791281,13.3492993043414
terminal,terminal_04,609,1.5707613355388688,-1.5754059387156811,8.830394410916202,-0.004609595593406458,-0.9999893751455949,3.499125602071505e-05,6838.983653565565,13.349299304331518
terminal,terminal_04,610,1.5707613355388688,-1.5754059387156811,8.8304025520779,-0.004609595593406458,-0.9999893751455949,3.499125602071505e-05,6839.03933106397,13.349299304340088
terminal,terminal_04,611,1.5707613355388688,-1.5754059387156811,8.830409218748391,-0.004609595593406458,-0.9999893751455949,3.499125602071505e-05,6839.084924837652,13.349299304340356
terminal,terminal_04,612,1.5128971347574038,-1.4936723494035489,11.166734250900939,0.07691843537125222,-0.9953567110317649,0.05786684805712355,70737.72136982706,2.998556437557717
terminal,terminal_04,613,1.535012658194569,-1.5249106813190407,10.273796579144324,0.045840181014542236,-0.9983079451291719,0.03577603243128616,28963.641446309233,3.7989056317710945
terminal,terminal_04,614,1.5486808033577317,-1.5442170321946656,9.721930748163539,0.026569666292733437,-0.9994023394956684,0.022113720710853074,16679.417415317603,5.8860892966906695
terminal,terminal_04,615,1.5571281816317337,-1.5561490132345328,9.38085890738771,0.014645421695512034,-0.9997993323985311,0.013667719590776463,11859.196332385522,10.156912037469871
terminal,terminal_04,616,1.5623489485208946,-1.5635233830702902,9.170064917182755,0.007272620118600537,-0.9999378743173104,0.00844727780940953,9605.248215426012,12.154287988534874
terminal,terminal_04,617,1.565575559905736,-1.5680809942744003,9.03978706661188,0.0027152921788180457,-0.9999826853646563,0.005220743172635218,8431.981414465245,12.893753055593605
terminal,terminal_04,618,1.5675697154100552,-1.5708977529060477,8.9592709269778,-0.00010142558300296971,-0.9999947893504006,0.003226605786124517,7779.683436726272,13.176217646950322
terminal,terminal_04,619,1.5688021712905773,-1.5726386054785102,8.909509216041005,-0.001842273978449789,-0.9999963146810513,0.0019941541826411077,7402.027410359232,13.283933593966543
terminal,terminal_04,620,1.5695638709143744,-1.573714511537695,8.878754787343718,-0.002918178384738119,-0.9999949826315062,0.0012324555685162431,7177.847222462287,13.32481804092684
terminal,terminal_04,621,1.5700346271710992,-1.574379458050973,8.859747505104211,-0.003583122549439679,-0.9999932905007869,0.0007616995501427986,7042.704273165811,13.340249770357323
terminal,terminal_04,622,1.5703255705381718,-1.5747904175968797,8.848000358646432,-0.003994079739961672,-0.9999919128250958,0.00047075623933733426,6960.4566279915,13.34602572052279
terminal,terminal_04,623,1.570505383427824,-1.575044404564251,8.840740222864703,-0.004248064812652278,-0.9999909346075628,0.00029094336296801263,6910.105765981073,13.348158438720986
terminal,terminal_04,624,1.5706165139052444,-1.5752013771427862,8.836253212188653,-0.004405036030413252,-0.9999902816152244,0.00017981288868327595,6879.169505206648,13.348927191699676
terminal,terminal_04,625,1.5706851963174762,-1.5752983915316225,8.833480087082973,-0.004502049500526168,-0.9999898595487416,0.00011113047719171383,6860.119134284933,13.3491924993528
terminal,terminal_04,626,1.5707645442400933,-1.5754104710286583,8.830276330704255,-0.004614127858675383,-0.9999893543503215,3.17825547980051e-05,6838.1761526021255,13.34929950948036
terminal,terminal_04,627,1.570764572100532,-1.5754105103817235,8.83027520580954,-0.004614167211325775,-0.9999893541696259,3.175469435917431e-05,6838.168460378242,13.34929950974859
terminal,terminal_04,628,1.5707648435344594,-1.575410893784049,8.830264246377368,-0.004614550609608847,-0.9999893524090523,3.148326043197535e-05,6838.093518345479,13.34929951102014
terminal,terminal_04,629,1.570764849638946,-1.575410902406679,8.830263999902266,-0.004614559232147867,-0.9999893523694549,3.147715594550651e-05,6838.091832925892,13.349299511019552
terminal,terminal_04,630,1.5707648437909807,-1.575410894146387,8.830264236020057,-0.004614550971942964,-0.9999893524073883,3.1483003910726794e-05,6838.093447521215,13.349299511019804
terminal,terminal_04,631,1.570764739855925,-1.575410747337392,8.83026843250796,-0.004614404164495991,-0.9999893530815576,3.1586938966348195e-05,6838.122143557865,13.349299510827574
terminal,terminal_04,632,1.5707648039327833,-1.5754108378464036,8.830265845336973,-0.00461449467255328,-0.9999893526659303,3.1522862108116273e-05,6838.10445218953,13.349299510988697
terminal,terminal_04,633,1.5707648284079652,-1.5754108724177698,8.83026485712559,-0.004614529243554957,-0.9999893525071715,3.149838692624723e-05,6838.097694700211,13.349299511016136
terminal,terminal_04,634,1.5707648377566528,-1.5754108856228566,8.83026447966243,-0.0046145424485025165,-0.9999893524465305,3.1489038238650036e-05,6838.095113570738,13.349299511018923
terminal,terminal_04,635,1.5707648413275337,-1.5754108906667508,8.830264335484333,-0.004614547492343521,-0.9999893524233677,3.148546735772752e-05,6838.094127667268,13.349299511018016
terminal,terminal_04,636,1.5707648426914889,-1.575410892593347,8.8302642804132,-0.004614549418919421,-0.9999893524145202,3.1484103402557166e-05,6838.093751085685,13.349299511019813
terminal,terminal_04,637,1.5707648432386172,-1.5754108933661695,8.830264258322318,-0.0046145501917337454,-0.9999893524109713,3.1483556274214805e-05,6838.0936000261645,13.349299511019588
terminal,terminal_04,638,1.5707648435217547,-1.5754108937661033,8.83026424689034,-0.004614550591663391,-0.9999893524091347,3.1483273136701506e-05,6838.093521853235,13.3492995110209
terminal,terminal_04,639,1.5707648434136057,-1.5754108936133422,8.830264251256969,-0.004614550438903865,-0.9999893524098362,3.148338128574673e-05,6838.093551712645,13.349299511019534
terminal,terminal_04,640,1.5707648434804453,-1.5754108937077538,8.830264248558244,-0.004614550533314459,-0.9999893524094027,3.148331444610183e-05,6838.093533258512,13.349299511019996
terminal,terminal_04,641,1.5707648435083328,-1.5754108937471447,8.830264247432265,-0.004614550572704979,-0.9999893524092217,3.148328655863173e-05,6838.093525558961,13.349299511021096
terminal,terminal_04,642,1.5707648434956278,-1.5754108937291988,8.83026424794524,-0.004614550554759301,-0.9999893524093042,3.1483299263579944e-05,6838.0935290667285,13.34929951102007
terminal,terminal_04,643,1.5707705212191567,-1.5754156322551969,8.830035368427122,-0.004619289031002878,-0.9999893306945431,2.5805575737031676e-05,6836.528608610909,13.349299665396543
terminal,terminal_04,644,1.512804938428689,-1.5270386737734825,11.166735023091643,0.04367015589864443,-0.9973633663788941,0.05795888964730119,70737.77599285904,3.440290065793242
terminal,terminal_04,645,1.534955677729785,-1.545525253980602,10.273797828575129,0.025252155561031282,-0.9990387011746031,0.03583297636093882,28963.677634397663,5.618579767914013
terminal,terminal_04,646,1.5486455874938005,-1.5569505888843527,9.721932292544947,0.013841899038567486,-0.9996588552209682,0.02214892794944001,16679.443174719658,9.06181086152227
terminal,terminal_04,647,1.557106417030881,-1.5640118341877214,9.380860634058616,0.006783804821290343,-0.999883282223712,0.013689482155410198,11859.216809332474,11.838815578733655
terminal,terminal_04,648,1.562335497257816,-1.5683759237881036,9.170066756514766,0.002420314011088587,-0.9999612783262078,0.008460728591797308,9605.26588268278,12.778270908279174
terminal,terminal_04,649,1.56799888941653,-1.5731024817581691,8.941764963201772,-0.0023061438955425456,-0.9999934280108349,0.002797433729737682,7644.677730583873,13.286999728240984
terminal,terminal_04,650,1.5706131504539267,-1.575284293646849,8.836379274501468,-0.004487951710684235,-0.9999899123170549,0.0001831763399455617,6880.036763887884,13.349103125616756
terminal,terminal_04,651,1.5707941005356085,-1.5754353110983672,8.829084842650316,-0.0046389676648510405,-0.9999892399291346,2.226259288088947e-06,6830.03339936549,13.34929460393762
terminal,terminal_04,652,1.5707687836212485,-1.5754141820894636,8.830105414206647,-0.004617838880522974,-0.9999893373458775,2.7543173644637877e-05,6837.007495358347,13.349299674414828
terminal,terminal_04,653,1.570769057829992,-1.5754144109387975,8.830094360345969,-0.004618067727451344,-0.9999893362965768,2.7268964901251585e-05,6836.931920447734,13.349299676326698
terminal,terminal_04,654,1.570769341964459,-1.5754146480719486,8.830082906361053,-0.004618304858109208,-0.9999893352091593,2.6984830434290473e-05,6836.853610781125,13.349299676993358
terminal,terminal_04,655,1.5707693414905384,-1.5754146476764237,8.830082925465664,-0.004618304462588422,-0.9999893352109733,2.698530435497078e-05,6836.853741396557,13.34929967699316
terminal,terminal_04,656,1.5707693722983511,-1.5754146733880305,8.83008168354586,-0.004618330173924892,-0.9999893350930598,2.6954496542236645e-05,6836.845250577769,13.349299676985808
terminal,terminal_04,657,1.5707693535509748,-1.5754146577418315,8.830082439287212,-0.004618314527890419,-0.9999893351648135,2.6973243918547846e-05,6836.850417466395,13.34929967699152
terminal,terminal_04,658,1.5707693460939878,-1.575414651518374,8.830082739892122,-0.004618308304498334,-0.9999893351933542,2.6980700905573e-05,6836.852472657507,13.349299676993095
terminal,terminal_04,659,1.5707693437237589,-1.5754146495402264,8.830082835440429,-0.004618306326371491,-0.9999893352024259,2.6983071134474175e-05,6836.853125907218,13.349299676992985
terminal,terminal_04,660,1.5707693426364517,-1.575414648632781,8.830082879271785,-0.00461830541893558,-0.9999893352065875,2.6984158441607e-05,6836.8534255757695,13.349299676992281
terminal,terminal_04,661,1.5707693422211373,-1.5754146482861675,8.830082896013874,-0.004618305072325821,-0.999989335208177,2.698457375605635e-05,6836.8535400389765,13.349299676992583
terminal,terminal_04,662,1.5707693417834374,-1.5754146479208717,8.830082913658366,-0.004618304707033867,-0.9999893352098522,2.6985011455932526e-05,6836.853660671786,13.349299676992546
terminal,terminal_04,663,1.5707693420625015,-1.575414648153773,8.830082902408781,-0.004618304939932673,-0.9999893352087842,2.698473239182747e-05,6836.853583760024,13.349299676991544
terminal,terminal_04,664,1.5707693418953148,-1.5754146480142424,8.830082909148379,-0.00461830480040353,-0.999989335209424,2.6984899578536334e-05,6836.853629837665,13.34929967699313
terminal,terminal_04,665,1.5707693420019078,-1.5754146481032028,8.83008290485142,-0.0046183048893629905,-0.999989335209016,2.6984792985579688e-05,6836.853600459983,13.349299676992311
terminal,terminal_04,666,1.5707693419380484,-1.575414648049907,8.830082907425716,-0.004618304836067739,-0.9999893352092605,2.6984856844941907e-05,6836.85361806007,13.34929967699213
terminal,terminal_04,667,1.5128971391789252,-1.4936697558729637,11.166734361234592,0.07692101687878077,-0.9953565117932015,0.057866843643011284,70737.72917457872,2.9985280908870067
terminal,terminal_04,668,1.5350126609272192,-1.5249080854029138,10.273796757667927,0.04584277254256682,-0.9983078262262035,0.03577602970038519,28963.646617003324,3.7988034212309785
terminal,terminal_04,669,1.5486808050466025,-1.5442144348041926,9.721930968830847,0.026572262131751682,-0.9994022705178331,0.02211371902239525,16679.421095920155,5.885923036915609
terminal,terminal_04,670,1.5571281826755132,-1.5561464149328639,9.38085915410126,0.014648019475945552,-0.9997992943561972,0.013667718547094452,11859.199258210321,10.15620006945785
terminal,terminal_04,671,1.5623489491659857,-1.5635207842054712,9.170065179993768,0.007275218821978272,-0.9999378554188261,0.008447277164341453,9605.250739791367,12.15386768988672
terminal,terminal_04,672,1.5655755603044241,-1.5680783950615353,9.039787339371674,0.0027178913466750446,-0.9999826783057374,0.005220742773952458,8431.983714371083,12.893494670710812
terminal,terminal_04,673,1.567569715656458,-1.5708951534780786,8.959271205886276,-9.882616857832023e-05,-0.9999947896114657,0.003226605539722902,7779.685606546232,13.17605841736667
terminal,terminal_04,674,1.5688021714428626,-1.5726360059175997,8.909509498749578,-0.0018396744271138047,-0.9999963194670796,0.0019941540303561153,7402.029502976135,13.283835727536788
terminal,terminal_04,675,1.569563871008492,-1.5737119118946217,8.87875507240088,-0.002915578754698714,-0.9999949902144655,0.0012324554743987123,7177.849268559337,13.324758189777752
terminal,terminal_04,676,1.5700346272292671,-1.5743768583571205,8.859747791612879,-0.003580522873017964,-0.9999932998124736,0.0007616994919749004,7042.706290961916,13.340213458815027
terminal,terminal_04,677,1.5703255705741215,-1.574787817871644,8.848000646052181,-0.003991480035736927,-0.9999919232052434,0.0004707562033876506,6960.458628467038,13.34600397849329
terminal,terminal_04,678,1.5705053834500422,-1.5750418048196193,8.84074051082488,-0.004245465091573866,-0.9999909456480738,0.00029094334074978635,6910.107755816636,13.348145707774503
terminal,terminal_04,679,1.570616513918976,-1.575198777386167,8.836253500491486,-0.004402436299044722,-0.9999902930638691,0.0001798128749515937,6879.171488490985,13.348920034034265
terminal,terminal_04,680,1.5706851963259627,-1.575295791767595,8.833480375597576,-0.004499449762846129,-0.9999898712496296,0.00011113046870516907,6860.1211135297635,13.34918878696046
terminal,terminal_04,681,1.5707660210411436,-1.5754099572444813,8.830216992155666,-0.004613614080178874,-0.9999893567667011,3.0305753748379425e-05,6837.770397192825,13.349299829922114
terminal,terminal_04,682,1.5707660567511008,-1.5754100076850464,8.830215550328338,-0.004613664520212067,-0.999989356535068,3.0270043791182333e-05,6837.760538315712,13.349299830276678
terminal,terminal_04,683,1.5707663332128805,-1.5754103981892484,8.8302043878913,-0.004614055020295919,-0.9999893547416666,2.9993582011616523e-05,6837.684212670209,13.349299831547366
terminal,terminal_04,684,1.570766329511063,-1.575410392960405,8.830204537356106,-0.004614049791507712,-0.9999893547656817,2.9997283829134045e-05,6837.685234663435,13.349299831548835
terminal,terminal_04,685,1.5707663205226727,-1.5754103802642407,8.830204900271882,-0.0046140370954772785,-0.9999893548239928,3.0006272219384316e-05,6837.687716167726,13.34929983154678
terminal,terminal_04,686,1.5707663260778033,-1.5754103881109018,8.830204675977598,-0.004614044942055617,-0.9999893547879546,3.0000717088809052e-05,6837.686182513624,13.349299831546848
terminal,terminal_04,687,1.5707663299111188,-1.5754103935254868,8.830204521203429,-0.004614050356583511,-0.9999893547630865,2.9996883773367933e-05,6837.685124216512,13.349299831548569
terminal,terminal_04,688,1.5707663281996744,-1.5754103911080597,8.830204590304804,-0.00461404793918186,-0.9999893547741893,2.999859521768676e-05,6837.685596709974,13.349299831547873
terminal,terminal_04,689,1.5707663293040486,-1.575410392667996,8.830204545714526,-0.00461404949910181,-0.9999893547670248,2.9997490843539568e-05,6837.685291815678,13.349299831547999
terminal,terminal_04,690,1.5707663296681462,-1.5754103931822865,8.8302045310137,-0.004614050013386773,-0.9999893547646627,2.9997126745898805e-05,6837.685191296061,13.349299831547201
terminal,terminal_04,691,1.5707663294319905,-1.5754103928487149,8.830204540548738,-0.004614049679818677,-0.9999893547661948,2.9997362901660312e-05,6837.685256493647,13.349299831548695
terminal,terminal_04,692,1.5707663295710634,-1.5754103930451562,8.830204534933523,-0.004614049876257913,-0.9999893547652925,2.999722382868502e-05,6837.685218098574,13.349299831548393
terminal,terminal_04,693,1.57076632948086,-1.5754103929177432,8.830204538575584,-0.004614049748846287,-0.9999893547658777,2.9997314032085283e-05,6837.685243001841,13.349299831548805
terminal,terminal_04,694,1.5707663295274894,-1.5754103929836076,8.830204536692872,-0.004614049814710017,-0.9999893547655752,2.9997267402718265e-05,6837.685230128444,13.349299831547842
terminal,terminal_04,695,1.5707663294983654,-1.5754103929424699,8.830204537868784,-0.004614049773572691,-0.9999893547657641,2.9997296526754768e-05,6837.685238168965,13.34929983154887
terminal,terminal_04,696,1.5707663294983654,-1.5754103929424699,8.342310205260866,-0.004614049773572691,-0.9999893547657641,2.9997296526754768e-05,4197.776273049276,13.284265132132663
terminal,terminal_04,697,1.5707663294983654,-1.5754103929424699,9.973010023033673,-0.004614049773572691,-0.9999893547657641,2.9997296526754768e-05,21439.92298441949,12.891905065037689
terminal,terminal_04,698,1.5707663294983654,-1.5754103929424699,7.334482292429009,-0.004614049773572691,-0.9999893547657641,2.9997296526754768e-05,1532.2343252594655,12.666464435954099
terminal,terminal_04,699,1.5707663294983654,-1.5754103929424699,8.78579737551766,-0.004614049773572691,-0.9999893547657641,2.9997296526754768e-05,6540.686285180047,13.348703434710387
terminal,terminal_04,700,1.5707663294983654,-1.5754103929424699,8.787554185686387,-0.004614049773572691,-0.9999893547657641,2.9997296526754768e-05,6552.187128797814,13.348748992760598
terminal,terminal_04,701,1.5707663294983654,-1.5754103929424699,8.83504003644273,-0.004614049773572691,-0.9999893547657641,2.9997296526754768e-05,6870.828923929266,13.349294280867369
terminal,terminal_04,702,1.5707663294983654,-1.5754103929424699,9.26970589314321,-0.004614049773572691,-0.9999893547657641,2.9997296526754768e-05,10611.630474155638,13.307357502629742
terminal,terminal_04,703,1.5707663294983654,-1.5754103929424699,8.830864503895082,-0.004614049773572691,-0.9999893547657641,2.9997296526754768e-05,6842.199367546842,13.349299816464901
terminal,terminal_04,704,1.5707663294983654,-1.5754103929424699,8.83071095761287,-0.004614049773572691,-0.9999893547657641,2.9997296526754768e-05,6841.1488539250995,13.349299829895765
terminal,terminal_04,705,1.5707663294983654,-1.5754103929424699,8.830634825891082,-0.004614049773572691,-0.9999893547657641,2.9997296526754768e-05,6840.628045309116,13.349299833140105
terminal,terminal_04,706,1.5707663294983654,-1.5754103929424699,8.830563791235786,-0.004614049773572691,-0.9999893547657641,2.9997296526754768e-05,6840.142140912141,13.349299835089717
terminal,terminal_04,707,1.5707663294983654,-1.5754103929424699,8.814135583758642,-0.004614049773572691,-0.9999893547657641,2.9997296526754768e-05,6728.688862071183,13.349218274695543
terminal,terminal_04,708,1.5707663294983654,-1.5754103929424699,8.830466170403412,-0.004614049773572691,-0.9999893547657641,2.9997296526754768e-05,6839.474433134413,13.349299836709235
terminal,terminal_04,709,1.5707663294983654,-1.5754103929424699,8.83038611357311,-0.004614049773572691,-0.9999893547657641,2.9997296526754768e-05,6838.92690840721,13.349299837116652
terminal,terminal_04,710,1.5707663294983654,-1.5754103929424699,8.830389446909136,-0.004614049773572691,-0.9999893547657641,2.9997296526754768e-05,6838.949704886641,13.349299837123397
terminal,terminal_04,711,1.5707663294983654,-1.5754103929424699,8.83039869378144,-0.004614049773572691,-0.9999893547657641,2.9997296526754768e-05,6839.012944073639,13.3492998371261
terminal,terminal_04,712,1.5707663294983654,-1.5754103929424699,8.830424467557586,-0.004614049773572691,-0.9999893547657641,2.9997296526754768e-05,6839.189213533876,13.349299837051907
terminal,terminal_04,713,1.5707663294983654,-1.5754103929424699,8.830402027117653,-0.004614049773572691,-0.9999893547657641,2.9997296526754768e-05,6839.035740841144,13.34929983712126
terminal,terminal_04,714,1.5707663294983654,-1.5754103929424699,8.830395360445227,-0.004614049773572691,-0.9999893547657641,2.9997296526754768e-05,6838.990147382124,13.349299837126651
terminal,terminal_04,715,1.5128078669571658,-1.5270393768835975,11.166807984716792,0.043669462066858754,-0.9973635666510912,0.05795596604151823,70742.93732424216,3.440322222547053
terminal,terminal_04,716,1.5349574876599208,-1.5455250235300952,10.273915882964495,0.0252523874287647,-0.9990387601880436,0.035831167593094744,28967.097125513596,5.618590218932455
terminal,terminal_04,717,1.5486467060921416,-1.5569497814616513,9.722078215795246,0.01384270652885528,-0.9996588688171325,0.022147809625496943,16681.877270872184,9.06149652767801
terminal,terminal_04,718,1.5571071083626757,-1.564010670176593,9.381023781212198,0.0067849687607704975,-0.9998832837901278,0.013688790888393717,11861.151764635566,11.838625749858233
terminal,terminal_04,719,1.5623359245243624,-1.5683745393932076,9.170240548625998,0.002421698361130732,-0.9999612785894637,0.008460301340543154,9606.935347185152,12.77813401843473
terminal,terminal_04,720,1.5679992412916126,-1.5731010344430099,8.941941794482094,-0.002304696592161083,-0.9999934323317873,0.0027970818560317076,7646.029668263538,13.286948048693349
terminal,terminal_04,721,1.5658360467755803,-1.5712956739816435,9.029144158975809,-0.0004993410229444507,-0.9999875731640189,0.004960259678574016,8342.716476920808,13.15224389754887
terminal,terminal_04,722,1.5690676328844275,-1.5739926934799706,8.898872956978963,-0.003196356466350876,-0.9999933974410435,0.001728693049469416,7323.714744430947,13.32575156268136
terminal,terminal_04,723,1.5697279352020816,-1.5745437690711883,8.872254951546081,-0.003747431366433449,-0.9999924076201742,0.001068391389560499,7131.343690519375,13.34047644717708
terminal,terminal_04,724,1.5701360244772424,-1.5748843525169314,8.855804119475831,-0.0040880134443757364,-0.9999914260367392,0.0006603022696723141,7014.986860491283,13.34603386184681
terminal,terminal_04,725,1.570388237519736,-1.575094844662406,8.8456369461132,-0.00429850427212283,-0.999990678118639,0.0004080892638336385,6944.025621831072,13.348114929485266
terminal,terminal_04,726,1.570544113752403,-1.5752249359626744,8.839353287405581,-0.004428594550862769,-0.9999901619210494,0.0002522130398196884,6900.528538301508,13.348884891732284
terminal,terminal_04,727,1.5706404505622296,-1.5753053368078809,8.835469772750567,-0.004508994679312203,-0.9999898222829982,0.00015587623203582607,6873.782203103006,13.349163214469229
terminal,terminal_04,728,1.57069998998507,-1.5753550272629426,8.833069628697961,-0.004558684657279466,-0.9999896045026742,9.63368096776171e-05,6857.303918668036,13.349259838334389
terminal,terminal_04,729,1.5707701112051788,-1.5754135490821082,8.830242912862031,-0.004617205880080928,-0.9999893403044874,2.6215589714773628e-05,6837.947639328595,13.34929999752582
terminal,terminal_04,730,1.5707704067229262,-1.575413795715526,8.830230999996061,-0.004617452510905233,-0.9999893391734032,2.5920071967490028e-05,6837.866180260063,13.34930000049574
terminal,terminal_04,731,1.5707708878329727,-1.5754141972407005,8.830211605561898,-0.004617854031855765,-0.9999893373316536,2.5438961921180102e-05,6837.733565000614,13.349300002321698
terminal,terminal_04,732,1.5707708829081497,-1.575414193130538,8.830211804090604,-0.00461784992173658,-0.9999893373505084,2.544388674417237e-05,6837.734922487148,13.349300002320737
terminal,terminal_04,733,1.5707708982756259,-1.5754142059559375,8.830211184599271,-0.00461786274700104,-0.9999893372916735,2.5428519267996868e-05,6837.730686570939,13.3493000023186
terminal,terminal_04,734,1.570770888419302,-1.5754141977300395,8.830211581925882,-0.004617854521189631,-0.9999893373294089,2.5438375591972887e-05,6837.733403383837,13.349300002323112
terminal,terminal_04,735,1.5707708921840826,-1.575414200872053,8.830211430160622,-0.0046178576631701095,-0.9999893373149953,2.5434610811264704e-05,6837.732365653529,13.349300002320508
terminal,terminal_04,736,1.5707708898573203,-1.575414198930182,8.830211523956711,-0.004617855721319433,-0.9999893373239034,2.5436937573602304e-05,6837.733007006113,13.349300002322
terminal,terminal_04,737,1.5707708888925551,-1.5754141981250076,8.830211562848172,-0.004617854916153533,-0.999989337327597,2.543790233875864e-05,6837.733272935543,13.349300002321367
terminal,terminal_04,738,1.5707708884042395,-1.5754141977174687,8.830211582533078,-0.0046178545086189285,-0.9999893373294665,2.5438390654368655e-05,6837.733407535682,13.349300002321932
terminal,terminal_04,739,1.5707708886000686,-1.575414197880904,8.830211574638845,-0.004617854672052475,-0.9999893373287168,2.5438194825238027e-05,6837.733353557022,13.349300002322698
terminal,terminal_04,740,1.5707708884883487,-1.5754141977876646,8.830211579142482,-0.0046178545788140395,-0.9999893373291445,2.5438306545204608e-05,6837.733384351689,13.349300002320398
terminal,terminal_04,741,1.5707708884456755,-1.5754141977520504,8.830211580862718,-0.004617854543200236,-0.999989337329308,2.5438349218402903e-05,6837.733396114207,13.34930000232041
terminal,terminal_04,742,1.570776933330271,-1.5754175017129344,8.8301589164195,-0.004621158469456146,-0.9999893222021392,1.939346462438449e-05,6837.373300174231,13.349300133262448
terminal,terminal_04,743,1.3025427022470044,-1.4288080122042983,11.16711502401547,0.1364505664511608,-0.9545317388048132,0.2650479249671975,70764.66152102497,2.0534428532313265
terminal,terminal_04,744,1.4050064692189461,-1.4848119029389786,10.274412682985636,0.0847009718953081,-0.9826445843628763,0.1650314096840366,28981.491555258384,2.508500595171405
terminal,terminal_04,745,1.4683325598229549,-1.519424210915246,9.7226922943926,0.05108020384645708,-0.9934428416391273,0.10228456956442775,16692.12440061742,3.0721157453965975
terminal,terminal_04,746,1.5074702361908878,-1.5408157936736586,9.381710341955804,0.029915957292506748,-0.9975470913365281,0.0632837741076296,11869.297961920765,3.882873609953289
terminal,terminal_04,747,1.5316586504269638,-1.5540365188915137,9.170971905799563,0.016746189557471137,-0.9990938841560421,0.03912768556020735,9613.96401818848,5.351012927727075
terminal,terminal_04,748,1.5466079125588206,-1.5622073764320712,9.040728389519007,0.008586332306476705,-0.999670600553666,0.024186055614662277,8439.922368637825,10.459449327255475
terminal,terminal_04,749,1.5558470646630398,-1.5672572441093688,8.960233469643324,0.0035386798479499896,-0.9998820000149948,0.014948705326803067,7787.175319008137,12.253234255046932
terminal,terminal_04,750,1.567139450110974,-1.5734293529381727,8.86185001934579,-0.0026330054955350695,-0.9999898472457553,0.00365686853351346,7057.527236484614,13.284169378092448
terminal,terminal_04,751,1.5706051562767132,-1.575323613076761,8.831655501821132,-0.0045272707337007684,-0.9999897335840691,0.00019117051701903967,6847.613674126527,13.349156195961827
terminal,terminal_04,752,1.5707796791012612,-1.5754190024762096,8.830134994244245,-0.004622659216930033,-0.999989315315228,1.6647693634699894e-05,6837.2097372882645,13.349300073620322
terminal,terminal_04,753,1.5707761190530278,-1.5754170566512788,8.830166010704852,-0.004620713412477937,-0.9999893242426175,2.020774186741334e-05,6837.421806623546,13.34930013663987
terminal,terminal_04,754,1.5707761021798423,-1.5754170474288576,8.830166157710302,-0.0046207041901535455,-0.9999893242848906,2.022461505292536e-05,6837.422811761887,13.349300136641038
terminal,terminal_04,755,1.5707761036009331,-1.5754170482055867,8.830166145329233,-0.004620704966874512,-0.9999893242813304,2.0223193962125057e-05,6837.422727107286,13.34930013664059
terminal,terminal_04,756,1.5707108066550846,-1.5753813586820735,8.830735036539695,-0.004585015805608307,-0.9999894851029024,8.552013970781744e-05,6841.313583430992,13.349279152904614
terminal,terminal_04,757,1.5707511615086982,-1.5754034155406018,8.83038345008765,-0.00460707244324227,-0.9999893863654753,4.516528618306224e-05,6838.908693049082,13.349297070087674
terminal,terminal_04,758,1.5707665756911675,-1.5754118405108748,8.830249156012952,-0.004615497326597021,-0.9999893480929185,2.975110372471997e-05,6837.990329800956,13.349299688615265
terminal,terminal_04,759,1.570772463384962,-1.5754150585631648,8.830197860240906,-0.004618715345313684,-0.99998933339266,2.3863409932339957e-05,6837.639578803844,13.349300071166672
terminal,terminal_04,760,1.5707747122838762,-1.575416287749762,8.830178266999463,-0.004619944519032371,-0.9999893277657788,2.161451101871852e-05,6837.505608593133,13.349300127052016
terminal,terminal_04,761,1.570775571286824,-1.5754167572572635,8.830170783047182,-0.004620414021606793,-0.9999893256147677,2.075550807102743e-05,6837.454437218919,13.349300135228534
terminal,terminal_04,762,1.5707758993967538,-1.5754169365931712,8.83016792443178,-0.004620593355631316,-0.9999893247929017,2.042739814142663e-05,6837.4348915942965,13.349300136428802
terminal,terminal_04,763,1.570776024723595,-1.5754170050933924,8.830166832537858,-0.004620661855133117,-0.9999893244789398,2.030207130032541e-05,6837.427425844767,13.349300136607251
terminal,terminal_04,764,1.5707760725941884,-1.5754170312581488,8.830166415471492,-0.004620688019614641,-0.9999893243590118,2.0254200706846047e-05,6837.424574184355,13.349300136634502
terminal,terminal_04,765,1.5707760908791282,-1.5754170412521964,8.830166256166315,-0.004620698013557247,-0.9999893243132025,2.0235915767065283e-05,6837.42348494731,13.349300136639403
terminal,terminal_04,766,1.5707760978633536,-1.575417045069583,8.830166195317153,-0.004620701830903776,-0.9999893242957049,2.022893154164649e-05,6837.423068895832,13.349300136639716
terminal,terminal_04,767,1.5707761005310905,-1.5754170465276949,8.830166172074842,-0.004620703289000313,-0.9999893242890213,2.0226263804726774e-05,6837.42290997832,13.34930013664077
terminal,terminal_04,768,1.5707761018782187,-1.5754170472639983,8.83016616033816,-0.00462070402529604,-0.9999893242856464,2.0224916676540272e-05,6837.422829729669,13.34930013664
terminal,terminal_04,769,1.5707761022000695,-1.5754170474399132,8.830166157534077,-0.00462070420120903,-0.99998932428484,2.0224594825772078e-05,6837.42281055696,13.349300136640261
terminal,terminal_04,770,1.5707761020646325,-1.5754170473658868,8.830166158714054,-0.0046207041271834675,-0.9999893242851793,2.0224730262767003e-05,6837.422818624962,13.349300136640828
terminal,terminal_04,771,1.5707761021358362,-1.5754170474048048,8.830166158093702,-0.004620704166101038,-0.9999893242850009,2.022465905905742e-05,6837.422814383354,13.349300136641308
terminal,terminal_04,772,1.570776102115609,-1.5754170473937494,8.830166158269927,-0.0046207041550457755,-0.9999893242850515,2.0224679286210704e-05,6837.422815588281,13.349300136640684
terminal,terminal_04,773,1.5707761021560631,-1.5754170474158604,8.830166157917477,-0.004620704177156524,-0.9999893242849502,2.0224638832126184e-05,6837.4228131784275,13.3493001366412
terminal,terminal_04,774,1.5129025915240502,-1.493670307892069,11.166870417836723,0.07692049173172733,-0.9953568688122002,0.05786140043346514,70747.3541644095,2.9985367637987905
terminal,terminal_04,775,1.535016030661825,-1.5249056957200586,10.27401690187457,0.04584516371170884,-0.9983078370968029,0.03577266212276937,28970.023497900216,3.7986786123300194
terminal,terminal_04,776,1.548682887657122,-1.544210227049541,9.72220308203511,0.02657646859527041,-0.9994022047352477,0.02211163692110572,16683.960404214668,5.886115323242113
terminal,terminal_04,777,1.5571294697995997,-1.5561410835480483,9.381163385912414,0.014653350048308355,-0.999799233837092,0.013666431543223917,11862.807752761059,10.154674924320581
terminal,terminal_04,778,1.5623497446524188,-1.5635147583790232,9.170389262195652,0.007281244322748912,-0.9999378182806659,0.00844648170628768,9608.36413507151,12.152875941932788
terminal,terminal_04,779,1.5655760519420774,-1.5680719400465555,9.040123689789716,0.0027243462567788307,-0.9999826633074582,0.005220251142998695,8434.820292633734,12.892828308172552
terminal,terminal_04,780,1.567570019505238,-1.5708884332099984,8.959615138478888,-9.210593560140357e-05,-0.9999947912333772,0.0032263016925245247,7782.361754167412,13.175624656182022
terminal,terminal_04,781,1.568802359231736,-1.5726291217140878,8.909858117383783,-0.0018327902495822014,-0.9999963324825384,0.0019939662418561256,7404.610438246726,13.283560992465494
terminal,terminal_04,782,1.5695639870683986,-1.573704926373441,8.87910658716806,-0.002908593268859005,-0.9999950106999352,0.001232339414580274,7180.372832082767,13.324587187139064
terminal,terminal_04,783,1.570034698958234,-1.5743698102181771,8.860101096288675,-0.003573474781404806,-0.9999933250782913,0.0007616277630287183,7045.19495162661,13.340108424935082
terminal,terminal_04,784,1.570325614905061,-1.5747807310327946,8.84835505695234,-0.0039843932541095296,-0.9999919514879757,0.0004707118724529763,6962.925928068176,13.345940654080826
terminal,terminal_04,785,1.5705054108480696,-1.575034694062913,8.84109560540929,-0.004238354399177329,-0.9999909758192327,0.0002909159427235435,6912.56193336521,13.348108240857647
terminal,terminal_04,786,1.570616530851888,-1.575191651847412,8.836609017616004,-0.004395310829358514,-0.9999903244112578,0.00017979594203990594,6881.617586546751,13.348898807565321
terminal,terminal_04,787,1.570685206791078,-1.5752886570930313,8.833836153866242,-0.004492315160438641,-0.9999899033274506,0.00011112000359001483,6862.562229764681,13.349177515143714
terminal,terminal_04,788,1.5707702423197865,-1.575408770373549,8.830402754370306,-0.004612427222424538,-0.9999893623607794,2.6084475107202955e-05,6839.040714549837,13.349300643122513
terminal,terminal_04,789,1.5707703565220643,-1.5754089316850672,8.830398143332438,-0.004612588532240358,-0.9999893616197011,2.5970272829385007e-05,6839.009179546826,13.349300644242973
terminal,terminal_04,790,1.5707705898709026,-1.5754092612919373,8.830388721626054,-0.004612918135631472,-0.9999893601053387,2.573692399121078e-05,6838.944744713923,13.349300645186727
terminal,terminal_04,791,1.5707705950692676,-1.5754092686346646,8.830388511736556,-0.004612925478281279,-0.9999893600716011,2.5731725626140766e-05,6838.943309291395,13.349300645187471
terminal,terminal_04,792,1.570770596847547,-1.5754092711464964,8.830388439936652,-0.004612927990086617,-0.9999893600600599,2.5729947346839766e-05,6838.942818255935,13.349300645187121
terminal,terminal_04,793,1.570770593939212,-1.575409267038453,8.830388557363753,-0.004612923882086521,-0.9999893600789352,2.573285568174504e-05,6838.943621333211,13.349300645184849
terminal,terminal_04,794,1.5707705957485099,-1.575409269594099,8.830388484311433,-0.004612926437705683,-0.9999893600671927,2.5731046383922966e-05,6838.943121732533,13.349300645186357
terminal,terminal_04,795,1.5707705946376247,-1.575409268024966,8.830388529164596,-0.004612924868589201,-0.9999893600744024,2.5732157269084234e-05,6838.94342848077,13.34930064518698
terminal,terminal_04,796,1.5707705953287152,-1.5754092690011359,8.830388501261092,-0.004612925844748707,-0.9999893600699172,2.5731466178566315e-05,6838.943237650291,13.349300645185844
terminal,terminal_04,797,1.5707705949043949,-1.5754092684017804,8.830388518393475,-0.0046129252453995795,-0.9999893600726711,2.5731890498922805e-05,6838.943354817684,13.349300645187045
terminal,terminal_04,798,1.5707705951683677,-1.5754092687746442,8.830388507735286,-0.004612925618259384,-0.9999893600709578,2.573162652607931e-05,6838.943281926934,13.34930064518675
terminal,terminal_04,799,1.5707705950062918,-1.5754092685457108,8.830388514279273,-0.004612925389328484,-0.9999893600720098,2.5731788601987505e-05,6838.943326680887,13.349300645186462
terminal,terminal_04,800,1.5707705951071205,-1.575409268688132,8.830388510208207,-0.004612925531748167,-0.9999893600713554,2.57316877733088e-05,6838.943298839104,13.349300645186394
terminal,terminal_04,801,1.570770595045213,-1.5754092686006873,8.830388512707788,-0.004612925444304372,-0.9999893600717572,2.5731749680676903e-05,6838.943315933596,13.349300645187297
terminal,terminal_04,802,1.570770595083726,-1.5754092686550873,8.83038851115278,-0.004612925498703836,-0.9999893600715072,2.573171116770632e-05,6838.943305298981,13.34930064518637
terminal,terminal_04,803,1.5707705950692676,-1.5754092686346646,8.342310205260866,-0.004612925478281279,-0.9999893600716011,2.5731725626140766e-05,4197.776273049276,13.284265950568727
terminal,terminal_04,804,1.5707705950692676,-1.5754092686346646,9.973010023033673,-0.004612925478281279,-0.9999893600716011,2.5731725626140766e-05,21439.92298441949,12.89190613387148
terminal,terminal_04,805,1.5707705950692676,-1.5754092686346646,7.334482292429009,-0.004612925478281279,-0.9999893600716011,2.5731725626140766e-05,1532.2343252594655,12.666465459656093
terminal,terminal_04,806,1.5707705950692676,-1.5754092686346646,8.78579745721508,-0.004612925478281279,-0.9999893600716011,2.5731725626140766e-05,6540.686819537266,13.348704244534204
terminal,terminal_04,807,1.5707705950692676,-1.5754092686346646,8.787554255791047,-0.004612925478281279,-0.9999893600716011,2.5731725626140766e-05,6552.1875881366805,13.348749801860592
terminal,terminal_04,808,1.5707705950692676,-1.5754092686346646,8.83503959180381,-0.004612925478281279,-0.9999893600716011,2.5731725626140766e-05,6870.825868891984,13.349295090509067
terminal,terminal_04,809,1.5707705950692676,-1.5754092686346646,9.269705618341243,-0.004612925478281279,-0.9999893600716011,2.5731725626140766e-05,10611.627558059121,13.307358392587224
terminal,terminal_04,810,1.5707705950692676,-1.5754092686346646,8.830864849283826,-0.004612925478281279,-0.9999893600716011,2.5731725626140766e-05,6842.201730765892,13.349300624667615
terminal,terminal_04,811,1.5707705950692676,-1.5754092686346646,8.830711059701073,-0.004612925478281279,-0.9999893600716011,2.5731725626140766e-05,6841.149552325727,13.349300638104054
terminal,terminal_04,812,1.5707705950692676,-1.5754092686346646,8.830635248464295,-0.004612925478281279,-0.9999893600716011,2.5731725626140766e-05,6840.630935975903,13.349300641308394
terminal,terminal_04,813,1.5707705950692676,-1.5754092686346646,8.830565567988511,-0.004612925478281279,-0.9999893600716011,2.5731725626140766e-05,6840.154294164129,13.349300643201156
terminal,terminal_04,814,1.5707705950692676,-1.5754092686346646,8.814136708629814,-0.004612925478281279,-0.9999893600716011,2.5731725626140766e-05,6728.6964309835685,13.349219092910529
terminal,terminal_04,815,1.5707705950692676,-1.5754092686346646,8.830469579306152,-0.004612925478281279,-0.9999893600716011,2.5731725626140766e-05,6839.497748277291,13.34930064477465
terminal,terminal_04,816,1.5707705950692676,-1.5754092686346646,8.830391506357765,-0.004612925478281279,-0.9999893600716011,2.5731725626140766e-05,6838.9637893667405,13.349300645191846
terminal,terminal_04,817,1.5707705950692676,-1.5754092686346646,8.830388173024387,-0.004612925478281279,-0.9999893600716011,2.5731725626140766e-05,6838.940992858463,13.349300645186249
terminal,terminal_04,818,1.5707705950692676,-1.5754092686346646,8.83039957193713,-0.004612925478281279,-0.9999893600716011,2.5731725626140766e-05,6839.018949794409,13.349300645193912
terminal,terminal_04,819,1.5707705950692676,-1.5754092686346646,8.830426312372634,-0.004612925478281279,-0.9999893600716011,2.5731725626140766e-05,6839.201830584687,13.349300645122021
terminal,terminal_04,820,1.5707705950692676,-1.5754092686346646,8.830402905270628,-0.004612925478281279,-0.9999893600716011,2.5731725626140766e-05,6839.041746563357,13.349300645191024
terminal,terminal_04,821,1.5707705950692676,-1.5754092686346646,8.830396238603633,-0.004612925478281279,-0.9999893600716011,2.5731725626140766e-05,6838.996153101451,13.34930064519373
terminal,terminal_04,822,1.3025558564919866,-1.4288104331963172,11.167185853591306,0.13644874889817038,-0.9545355204855408,0.26503524115770327,70769.67392949601,2.0535254706542228
terminal,terminal_04,823,1.4050145989894414,-1.4848115776907558,10.274527287646748,0.08470140671675028,-0.9826458934923241,0.1650233913809666,28984.81315960864,2.508526548179743
terminal,terminal_04,824,1.4683375842974418,-1.5194221883972128,9.722833953544272,0.05108223949267379,-0.9934432515620781,0.10227957144111734,16694.4891602906,3.0721166758346876
terminal,terminal_04,825,1.5074733414868962,-1.5408127221851944,9.38186872170219,0.029919027137945715,-0.997547195867018,0.06328067503565499,11871.177967195206,3.8828764029355707
terminal,terminal_04,826,1.5316605696054422,-1.55403279910367,9.171140619441797,0.016749907233374293,-0.9990938969374787,0.03912576785132753,9615.586161909334,5.3505379461238105
terminal,terminal_04,827,1.5466090986763505,-1.5622032559731758,9.04090348986011,0.008590451654527025,-0.9996705938512925,0.024184869844084834,8441.400331315564,10.45883251262117
terminal,terminal_04,828,1.555847797723988,-1.5672528760221456,8.960412517181403,0.003543047458534457,-0.9998819955061683,0.01494797234776175,7788.569718405763,12.252797096760041
terminal,terminal_04,829,1.5671443435469046,-1.573427258798051,8.861992820153965,-0.0026309114237168907,-0.9999898706400623,0.0036519751302585366,7058.5351290399285,13.284212662115216
terminal,terminal_04,830,1.5706087267945341,-1.575320795865807,8.83180982838254,-0.004524453554711063,-0.999989747010574,0.000187599999262112,6848.670524346634,13.349156933615966
terminal,terminal_04,831,1.5707833880980449,-1.5754162609540665,8.830288114325569,-0.004619917724315371,-0.99998932803946,1.2938696851405566e-05,6838.256731555143,13.349300998526212
terminal,terminal_04,832,1.5707797999229733,-1.5754142997557758,8.830319375837623,-0.00461795654670154,-0.9999893370452484,1.6526871922525887e-05,6838.470509141876,13.349301061918544
terminal,terminal_04,833,1.5707798003121825,-1.575414299968507,8.83031937244669,-0.004617956759430467,-0.9999893370442724,1.6526482713416548e-05,6838.470485953076,13.349301061919249
terminal,terminal_04,834,1.5707799669840863,-1.5754143910668081,8.830317920339246,-0.004618047856772852,-0.9999893366263208,1.6359810809605068e-05,6838.460555766387,13.349301061781038
terminal,terminal_04,835,1.5707798639751849,-1.5754143347649616,8.830318817791001,-0.004617991555518886,-0.9999893368846333,1.646281971099988e-05,6838.466692957572,13.349301061899098
terminal,terminal_04,836,1.5707798273809974,-1.5754143147635804,8.830319136613134,-0.00461797155434816,-0.9999893369763962,1.6499413898452962e-05,6838.468873212459,13.349301061914826
terminal,terminal_04,837,1.5707798127108923,-1.5754143067453026,8.83031926442453,-0.0046179635361547205,-0.9999893370131823,1.651408400358164e-05,6838.469747246762,13.349301061918949
terminal,terminal_04,838,1.5707798064272218,-1.57541430331082,8.830319319170197,-0.004617960101708387,-0.9999893370289388,1.6520367674053622e-05,6838.470121623364,13.349301061919542
terminal,terminal_04,839,1.570779805457084,-1.5754143027805694,8.8303193276224,-0.004617959571463236,-0.9999893370313715,1.6521337811801406e-05,6838.470179423498,13.349301061920345
terminal,terminal_04,840,1.5707798035105263,-1.5754143017166342,8.830319344581532,-0.004617958507539269,-0.9999893370362525,1.652328436960497e-05,6838.470295398023,13.349301061918522
terminal,terminal_04,841,1.570779804713565,-1.5754143023741822,8.830319334100212,-0.0046179591650803665,-0.9999893370332359,1.652208133082543e-05,6838.4702237218235,13.349301061920237
terminal,terminal_04,842,1.5707798052136126,-1.5754143026474945,8.830319329743611,-0.004617959438389751,-0.999989337031982,1.652158128326658e-05,6838.470193929341,13.34930106191724
terminal,terminal_04,843,1.5707798054745996,-1.5754143027901428,8.830319327469796,-0.004617959581036587,-0.9999893370313275,1.6521320296256836e-05,6838.4701783799255,13.349301061919359
terminal,terminal_04,844,1.5707798053640862,-1.5754143027297394,8.83031932843263,-0.004617959520633763,-0.9999893370316046,1.6521430809633047e-05,6838.470184964232,13.349301061917371
terminal,terminal_04,845,1.570779805421562,-1.575414302761154,8.83031932793188,-0.004617959552048082,-0.9999893370314605,1.6521373333831162e-05,6838.470181539871,13.349301061919144
terminal,terminal_04,846,1.5707798054395683,-1.5754143027709957,8.830319327775003,-0.00461795956188966,-0.9999893370314153,1.6521355327568015e-05,6838.470180467071,13.349301061919915
terminal,terminal_04,847,1.5707887224948662,-1.5754144078310992,8.830427073318917,-0.00461806462136963,-0.9999893366538103,7.604300030316249e-06,6839.207034851884,13.349301661256284
terminal,terminal_04,848,1.41086839736281,-1.5735304060699535,6.898089537062133,-0.002699185678532685,-0.987235073069225,0.15924705616957247,990.380821220234,2.763973463215135
terminal,terminal_04,849,1.4719554306554725,-1.5742500649263966,7.636211894633041,-0.003436874342592645,-0.9951132791080808,0.0986800366716392,2071.880430927722,3.463990990603258
terminal,terminal_04,850,1.5097092935022343,-1.5746948385599833,8.092396599468065,-0.0038912302767765013,-0.9981271823060495,0.061049048057440186,3269.513903469551,4.608829341902095
terminal,terminal_04,851,1.5330424639481348,-1.5749697237828397,8.374334252203948,-0.004170410950630615,-0.9992787051646079,0.037744894715014014,4334.381712655017,9.174042801503791
terminal,terminal_04,852,1.547463156348996,-1.57513961219357,8.54858130430309,-0.004342089478366453,-0.9997183644469865,0.02333105326392568,5159.429572001983,11.767947580575832
terminal,terminal_04,853,1.5563756343940354,-1.575244609005696,8.656271904939832,-0.0044478050261929185,-0.9998861310549382,0.014420192593585726,5746.072775852696,12.745505983862326
terminal,terminal_04,854,1.561883848749857,-1.5753095006043003,8.72282835640223,-0.004512979244129798,-0.9999501001832932,0.008912360055788753,6141.524967846605,13.118476722364681
terminal,terminal_04,855,1.565288112439075,-1.575349605817822,8.763962505576574,-0.004553194215781509,-0.9999744638258967,0.0055081865022694725,6399.419138225388,13.261061298606451
terminal,terminal_04,856,1.5673920631056786,-1.5753743922029046,8.789384807864629,-0.004578022888813763,-0.9999837262375484,0.0034042571138801427,6564.19269334541,13.315577249504809
terminal,terminal_04,857,1.5686923761282927,-1.575389711031344,8.805096654750919,-0.0045933579171747296,-0.9999872371491393,0.0021039491143766357,6668.142769277806,13.336416236065514
terminal,terminal_04,858,1.5694960137722824,-1.575399178587987,8.814807110152682,-0.004602831648981572,-0.999988561498484,0.001300312656182988,6733.208871722381,13.344378773643786
terminal,terminal_04,859,1.5699926891509068,-1.575405029859783,8.82080850163721,-0.004608685261762349,-0.9999890570335429,0.0008036375574871023,6773.7389910184,13.347421357119922
terminal,terminal_04,860,1.5702996514162721,-1.5754086461446304,8.824517565554444,-0.0046123024275001295,-0.9999892399320635,0.0004966753582039603,6798.909873243628,13.348583718895823
terminal,terminal_04,861,1.5704893645295315,-1.575410881131579,8.82680989312174,-0.004614537742156222,-0.9999893058506161,0.00030696226054451715,6814.513078770102,13.349027631143453
terminal,terminal_04,862,1.5706066136816372,-1.5754122624294777,8.828226629471677,-0.00461591915968223,-0.9999893285926837,0.00018971311212139167,6824.174289233998,13.349197271260484
terminal,terminal_04,863,1.5706790776427908,-1.5754131161185276,8.829102220689036,-0.00461677289096744,-0.999989335773492,0.00011724915183717516,6830.1520929816925,13.349262049205063
terminal,terminal_04,864,1.570723862833743,-1.5754136437273765,8.829643365821614,-0.004617300513804162,-0.9999893375856262,7.246396109021112e-05,6833.84919678622,13.349286715813955
terminal,terminal_04,865,1.5707515416039441,-1.5754139698075778,8.829977811906394,-0.004617626598021221,-0.9999893377026017,4.4785190937502373e-05,6836.135133133987,13.349296108224108
terminal,terminal_04,866,1.5707686480246954,-1.575414171336225,8.830184510954192,-0.00461782812738182,-0.9999893373917903,2.7678770197683105e-05,6837.548301801901,13.34929966344109
terminal,terminal_04,867,1.5707792203741455,-1.575414295887779,8.830312257991174,-0.004617952678700966,-0.9999893370533647,1.7106420750261006e-05,6838.421834132077,13.34930100653116
terminal,terminal_04,868,1.5707857544454464,-1.5754143728648726,8.830391210001991,-0.004618029655391334,-0.9999893367883117,1.0572349449986256e-05,6838.961762600636,13.349301512729713
terminal,terminal_04,869,1.5707897927235954,-1.5754144204393328,8.830440005028155,-0.00461807722950369,-0.9999893366031501,6.534071301148886e-06,6839.295478060534,13.349301702359538
terminal,terminal_04,870,1.5707922885167476,-1.5754144498419662,8.830470162012807,-0.004618106631884524,-0.9999893364805592,4.0382781490380845e-06,6839.501733699303,13.349301772572224
terminal,terminal_04,871,1.5707938310017444,-1.575414468013793,8.83048880005432,-0.004618124803540729,-0.9999893364016788,2.495793152204961e-06,6839.629209804498,13.349301798033663
terminal,terminal_04,872,1.5707947843098997,-1.5754144792445997,8.83050031899746,-0.004618136034236587,-0.9999893363517384,1.5424849969021295e-06,6839.707995558226,13.349301806921083
terminal,terminal_04,873,1.5707959270464495,-1.5754144927070388,8.830514126827875,-0.004618149496537316,-0.9999893362906767,3.9974844707207207e-07,6839.802437738336,13.349301810679506
terminal,terminal_04,874,1.5707959269501066,-1.575414492705904,8.83051412566375,-0.004618149495402457,-0.9999893362906818,3.9984479000570294e-07,6839.802429775953,13.349301810680455
terminal,terminal_04,875,1.570795498737549,-1.5754144876611842,8.830508951517201,-0.004618144450735286,-0.9999893363137161,8.280573476405405e-07,6839.767039727369,13.349301810150802
terminal,terminal_04,876,1.570795763387464,-1.5754144907789924,8.830512149315632,-0.004618147568511124,-0.9999893362995018,5.634074325468213e-07,6839.788911958651,13.349301810602132
terminal,terminal_04,877,1.5707958489640292,-1.5754144917871595,8.830513183348103,-0.004618148576667683,-0.9999893362948905,4.778308673793328e-07,6839.795984526132,13.349301810661128
terminal,terminal_04,878,1.5707958889156246,-1.5754144922578244,8.830513666088288,-0.004618149047327588,-0.9999893362927351,4.3787927201404185e-07,6839.7992863713125,13.349301810675545
terminal,terminal_04,879,1.5707959081795992,-1.5754144924847708,8.830513898857333,-0.00461814927427167,-0.9999893362916954,4.186152973763482e-07,6839.800878465046,13.34930181067951
terminal,terminal_04,880,1.570795917612845,-1.5754144925959028,8.830514012840435,-0.004618149385402494,-0.999989336291186,4.091820516362509e-07,6839.801658086812,13.349301810680638
terminal,terminal_04,881,1.5707959209600406,-1.5754144926353357,8.830514053285025,-0.004618149424834982,-0.9999893362910053,4.058348560044758e-07,6839.80193471979,13.349301810680151
terminal,terminal_04,882,1.5707959140096657,-1.5754144925534541,8.830513969302764,-0.0046181493429542295,-0.9999893362913805,4.1278523094672464e-07,6839.801360297782,13.349301810680272
terminal,terminal_04,883,1.5707959162365528,-1.575414492579689,8.830513996210525,-0.004618149369188745,-0.9999893362912603,4.105583438275748e-07,6839.801544341527,13.349301810679759
terminal,terminal_04,884,1.5707959188913598,-1.5754144926109648,8.830514028288894,-0.004618149400464288,-0.999989336291117,4.079035367867057e-07,6839.801763751204,13.349301810680554
terminal,terminal_04,885,1.5707959170871482,-1.5754144925897096,8.830514006488375,-0.004618149379209292,-0.9999893362912144,4.0970774845565986e-07,6839.80161463998,13.349301810681137
terminal,terminal_04,886,1.5707959167622496,-1.575414492585882,8.830514002562586,-0.004618149375381727,-0.999989336291232,4.100326470081659e-07,6839.801587788358,13.349301810678757
terminal,terminal_04,887,1.5707959172879464,-1.5754144925920752,8.830514008914646,-0.00461814938157493,-0.9999893362912036,4.09506950188757e-07,6839.80163123519,13.34930181067933
terminal,terminal_04,888,1.5707959169630479,-1.5754144925882476,8.830514004988856,-0.004618149377747365,-0.9999893362912211,4.0983184874126314e-07,6839.801604383569,13.349301810680597
terminal,terminal_04,889,1.5707959171638461,-1.575414492590613,8.830514007415127,-0.004618149380112781,-0.9999893362912102,4.096310504743604e-07,6839.801620978779,13.349301810680204
terminal,terminal_04,890,1.570795917039746,-1.5754144925891511,8.83051400591561,-0.004618149378650855,-0.999989336291217,4.097551505379192e-07,6839.801610722381,13.349301810682146
terminal,terminal_04,891,1.5707959170097836,-1.575414492588798,8.83051400555357,-0.004618149378297807,-0.9999893362912186,4.097851130148632e-07,6839.801608246092,13.349301810680224
terminal,terminal_04,892,1.302579623993097,-1.4288148075203908,11.167313830683462,0.13644546478232905,-0.9545423529175656,0.2650123235378533,70778.73140614071,2.0535452422611122
terminal,terminal_04,893,1.4050292881129551,-1.4848109900220978,10.27473435893164,0.08470219235371335,-0.9826482587032014,0.1650089036326252,28990.815703567758,2.5086030814472213
terminal,terminal_04,894,1.4683466626750383,-1.519418534048395,9.723089907728587,0.05108591756336806,-0.9934439921495113,0.10227054066910297,16698.762731542065,3.0721672399972277
terminal,terminal_04,895,1.5074789522328136,-1.5408071725238048,9.382154887179817,0.029924573832278038,-0.9975473846876283,0.063275075533969,11874.575574623977,3.882853531177004
terminal,terminal_04,896,1.5316640372371213,-1.554026078074692,9.171445456525534,0.016756624447104195,-0.9990939199869685,0.039122302874599585,9618.517795966041,5.3496724516417995
terminal,terminal_04,897,1.5466112417905888,-1.562195810999215,9.041219866631048,0.00859789462157713,-0.9996705816946253,0.02418272735664493,8444.071416807,10.457717390824714
terminal,terminal_04,898,1.555849122241429,-1.567244983625579,8.96073602587125,0.003550938993961524,-0.9998819873097395,0.014946647978292179,7791.089796002671,12.252006504566898
terminal,terminal_04,899,1.5671531390899072,-1.5734234498595845,8.862251238498164,-0.0026271026080978924,-0.9999899127361012,0.003643179645767728,7060.35941970538,13.284288697431185
terminal,terminal_04,900,1.570615177627874,-1.5753157053732108,8.832088674706956,-0.004519363119624086,-0.9999897712186724,0.00018114916603182416,6850.580517234361,13.349157784702978
terminal,terminal_04,901,1.5707900899525329,-1.5754113076627598,8.830564773660642,-0.0046149644861099084,-0.999989350975246,6.236842363692412e-06,6840.148860841101,13.349302189538442
terminal,terminal_04,902,1.5707864509118363,-1.5754093186627105,8.830596478332888,-0.004612975507097122,-0.9999893601231155,9.87588306012927e-06,6840.3657289566945,13.349302256906023
terminal,terminal_04,903,1.570786392276702,-1.575409286614351,8.830596989183924,-0.00461294345907591,-0.9999893602703724,9.93451819442988e-06,6840.369223365507,13.349302256924426
terminal,terminal_04,904,1.5707863897087917,-1.5754092852108013,8.830597011556513,-0.004612942055541005,-0.9999893602768215,9.937086104758575e-06,6840.369376402279,13.349302256926865
terminal,terminal_04,905,1.5707209925131658,-1.5753735408935035,8.831166776180217,-0.004577198102851184,-0.9999895217362397,7.53342816595922e-05,6844.267887397377,13.349281182165571
terminal,terminal_04,906,1.5707614102028316,-1.5753956320964981,8.830814642277181,-0.004599289083497143,-0.9999894226044383,3.491659205797045e-05,6841.858212921706,13.34929918862727
terminal,terminal_04,907,1.570776848386537,-1.57540407018519,8.830680139094811,-0.004607727084706772,-0.9999893841795044,1.9478408358415105e-05,6840.938023104362,13.349301809751909
terminal,terminal_04,908,1.5707827452479879,-1.57540729324827,8.830628763450742,-0.0046109501139968085,-0.9999893694207893,1.3581546908313444e-05,6840.58657453541,13.349302191766737
terminal,terminal_04,909,1.5707849976486352,-1.5754085243488187,8.8306091397009,-0.004612181201584232,-0.9999893637715425,1.1329146261159623e-05,6840.4523378928225,13.349302247446966
terminal,terminal_04,910,1.5707858579891263,-1.5754089945873846,8.830601644095449,-0.004612651435191273,-0.9999893616119832,1.0468805770139551e-05,6840.401064753148,13.349302255555571
terminal,terminal_04,911,1.570786186609952,-1.575409174202534,8.830598781028932,-0.004612831048445423,-0.9999893607868512,1.0140184944494458e-05,6840.381480257936,13.349302256731107
terminal,terminal_04,912,1.5707863121319379,-1.5754092428094162,8.830597687434835,-0.0046128996546035,-0.9999893604716418,1.001466295858441e-05,6840.3739996612185,13.349302256899145
terminal,terminal_04,913,1.5707863600770702,-1.5754092690149135,8.83059726971906,-0.004612925859824221,-0.9999893603512371,9.966717826278035e-06,6840.37114232969,13.349302256922245
terminal,terminal_04,914,1.5707863771633053,-1.5754092783537819,8.830597120857444,-0.00461293519859399,-0.9999893603083277,9.94963159118544e-06,6840.370124061061,13.349302256925245
terminal,terminal_04,915,1.5707863843404994,-1.5754092822766397,8.830597058327065,-0.004612939121410396,-0.9999893602903032,9.942454397013478e-06,6840.369696330137,13.34930225692594
terminal,terminal_04,916,1.5707863876582864,-1.5754092840900513,8.830597029421273,-0.0046129409348028986,-0.999989360281971,9.939136610079568e-06,6840.369498603839,13.349302256925407
terminal,terminal_04,917,1.5707863906896462,-1.5754092857469095,8.830597003010945,-0.004612942591643614,-0.9999893602743581,9.936105250249896e-06,6840.3693179474385,13.34930225692693
terminal,terminal_04,918,1.5707863912958475,-1.5754092860782427,8.830596997729494,-0.0046129429229732994,-0.9999893602728358,9.935499048938556e-06,6840.369281820358,13.349302256925917
terminal,terminal_04,919,1.570786390314993,-1.5754092855421344,8.830597006275061,-0.00461294238687069,-0.999989360275299,9.936479903447232e-06,6840.369340275198,13.349302256926295
terminal,terminal_04,920,1.5707863909211945,-1.5754092858734676,8.83059700099361,-0.004612942718200376,-0.9999893602737767,9.935873701913847e-06,6840.369304148118,13.349302256925405
terminal,terminal_04,921,1.5707863905465413,-1.5754092856686925,8.830597004257726,-0.004612942513427452,-0.9999893602747175,9.936248355111183e-06,6840.369326475878,13.34930225692569
terminal,terminal_04,922,1.5707863907780897,-1.5754092857952504,8.830597002240392,-0.004612942639983991,-0.9999893602741361,9.936016806775135e-06,6840.369312676568,13.349302256926034
terminal,terminal_04,923,1.570786390634985,-1.5754092857170332,8.830597003487172,-0.004612942561767606,-0.9999893602744955,9.936159911414378e-06,6840.3693212050075,13.34930225692679
terminal,terminal_04,924,1.5707863907234285,-1.575409285765374,8.830597002716619,-0.0046129426101079824,-0.9999893602742733,9.936071467939615e-06,6840.369315934137,13.349302256925608
terminal,terminal_04,925,1.5707863906687674,-1.5754092857354978,8.830597003192848,-0.0046129425802319745,-0.9999893602744107,9.936126129104097e-06,6840.369319191719,13.349302256924924
terminal,terminal_04,926,1.5707863906896462,-1.5754092857469095,8.342310205260866,-0.004612942591643614,-0.9999893602743581,9.936105250249896e-06,4197.776273049276,13.284267545371627
terminal,terminal_04,927,1.5707863906896462,-1.5754092857469095,9.973010023033673,-0.004612942591643614,-0.9999893602743581,9.936105250249896e-06,21439.92298441949,12.89190787319871
terminal,terminal_04,928,1.5707863906896462,-1.5754092857469095,7.334482292429009,-0.004612942591643614,-0.9999893602743581,9.936105250249896e-06,1532.2343252594655,12.66646694969835
terminal,terminal_04,929,1.5707863906896462,-1.5754092857469095,8.785797600863186,-0.004612942591643614,-0.9999893602743581,9.936105250249896e-06,6540.687759094601,13.348705861057356
terminal,terminal_04,930,1.5707863906896462,-1.5754092857469095,8.78755435373586,-0.004612942591643614,-0.9999893602743581,9.936105250249896e-06,6552.188229889501,13.348751417120555
terminal,terminal_04,931,1.5707863906896462,-1.5754092857469095,8.835039621654515,-0.004612942591643614,-0.9999893602743581,9.936105250249896e-06,6870.826073990984,13.349296705088959
terminal,terminal_04,932,1.5707863906896462,-1.5754092857469095,9.269705636789993,-0.004612942591643614,-0.9999893602743581,9.936105250249896e-06,10611.627753830388,13.307360025557847
terminal,terminal_04,933,1.5707863906896462,-1.5754092857469095,8.830864934661015,-0.004612942591643614,-0.9999893602743581,9.936105250249896e-06,6842.202314933873,13.349302239149116
terminal,terminal_04,934,1.5707863906896462,-1.5754092857469095,8.830711127338544,-0.004612942591643614,-0.9999893602743581,9.936105250249896e-06,6841.150015043795,13.349302252587849
terminal,terminal_04,935,1.5707863906896462,-1.5754092857469095,8.830635316529015,-0.004612942591643614,-0.9999893602743581,9.936105250249896e-06,6840.63140158155,13.349302255793324
terminal,terminal_04,936,1.5707863906896462,-1.5754092857469095,8.830565564235348,-0.004612942591643614,-0.9999893602743581,9.936105250249896e-06,6840.154268491914,13.34930225768404
terminal,terminal_04,937,1.5707863906896462,-1.5754092857469095,8.81413674372182,-0.004612942591643614,-0.9999893602743581,9.936105250249896e-06,6728.696667107027,13.349220707078235
terminal,terminal_04,938,1.5707863906896462,-1.5754092857469095,8.830470447521932,-0.004612942591643614,-0.9999893602743581,9.936105250249896e-06,6839.503686439742,13.349302259245478
terminal,terminal_04,939,1.5707863906896462,-1.5754092857469095,8.830391417081293,-0.004612942591643614,-0.9999893602743581,9.936105250249896e-06,6838.963178808205,13.34930225966749
terminal,terminal_04,940,1.5707863906896462,-1.5754092857469095,8.83038808374491,-0.004612942591643614,-0.9999893602743581,9.936105250249896e-06,6838.94038228142,13.3493022596604
terminal,terminal_04,941,1.5707863906896462,-1.5754092857469095,8.830401482840816,-0.004612942591643614,-0.9999893602743581,9.936105250249896e-06,6839.032018513416,13.349302259669168
terminal,terminal_04,942,1.5707863906896462,-1.5754092857469095,8.830427825004978,-0.004612942591643614,-0.9999893602743581,9.936105250249896e-06,6839.212175790412,13.349302259591301
terminal,terminal_04,943,1.5707863906896462,-1.5754092857469095,8.83040481617705,-0.004612942591643614,-0.9999893602743581,9.936105250249896e-06,6839.054815344635,13.349302259666999
terminal,terminal_04,944,1.5707863906896462,-1.5754092857469095,8.830398149504584,-0.004612942591643614,-0.9999893602743581,9.936105250249896e-06,6839.009221758186,13.349302259671644
terminal,terminal_04,945,1.5707863906896462,-1.5754092857469095,8.8303948161683,-0.004612942591643614,-0.9999893602743581,9.936105250249896e-06,6838.986425078592,13.349302259669953
terminal,terminal_04,946,1.4108684356380947,-1.573525311907392,6.898089251230616,-0.0026941565591827575,-0.987235092901709,0.1592470183827276,990.3805381382214,2.7639828097664023
terminal,terminal_04,947,1.4719554543108992,-1.5742449705916002,7.63621143214793,-0.003431804910394114,-0.9951132989380609,0.09868001313166952,2071.8794727140935,3.4640027249561767
terminal,terminal_04,948,1.509709308122092,-1.57468974411874,8.09239602780503,-0.003886145379917403,-0.9981272030092626,0.06104903346485185,3269.512034409844,4.608846380118863
terminal,terminal_04,949,1.5330424729837038,-1.5749646292758086,8.374333613065245,-0.004165320119608585,-0.9992787267388719,0.037744885685883724,4334.378942384797,9.174039736074658
terminal,terminal_04,950,1.5474631619332846,-1.5751345176458798,8.54858062346213,-0.004336996365990939,-0.999718386685281,0.023331047681157176,5159.426059252193,11.767939760974949
terminal,terminal_04,951,1.5563756378453157,-1.5752395144328772,8.65627119832546,-0.00444271103365126,-0.9998861537513966,0.014420189142664203,5746.068715596523,12.745498926679987
terminal,terminal_04,952,1.5618838508828656,-1.5753044060159511,8.722827633859014,-0.004507884910026791,-0.9999501231810979,0.008912357922864808,6141.520530331005,13.118471668364837
terminal,terminal_04,953,1.5652881137573467,-1.5753445112198745,8.763961773188791,-0.004548099747904499,-0.9999744870168746,0.005508185184017757,6399.414451370713,13.261058077622025
terminal,terminal_04,954,1.5673920639204155,-1.575369297599025,8.789384069392566,-0.004572928367795779,-0.9999837495505578,0.003404256299147919,6564.187845874285,13.315575390626371
terminal,terminal_04,955,1.5686923766318277,-1.575384616423798,8.805095912518569,-0.004588263374595666,-0.9999872605385772,0.0021039486108427583,6668.137819968363,13.336415307280602
terminal,terminal_04,956,1.5694960140834842,-1.5753940839781753,8.814806365596343,-0.0045977370973866285,-0.9999885849355427,0.0013003123449815202,6733.203858470904,13.344378452499756
terminal,terminal_04,957,1.56999268934324,-1.575399935248571,8.82080775564457,-0.004603590706241423,-0.9999890805001797,0.0008036373651539039,6773.733937860851,13.347421426704155
terminal,terminal_04,958,1.5702996515351406,-1.5754035515325528,8.824516818674118,-0.0046072078701813995,-0.9999892634170368,0.0004966752393355042,6798.904795273499,13.348584033748997
terminal,terminal_04,959,1.5704893646029963,-1.5754057865189666,8.826809145692796,-0.004609443183966567,-0.9999893293469434,0.00030696218707973076,6814.507985407694,13.349028099246635
terminal,terminal_04,960,1.570606613727041,-1.5754071678165347,8.828225881703668,-0.004610824601046009,-0.9999893520960365,0.00018971306671771167,6824.169186336682,13.349197835742359
terminal,terminal_04,961,1.5706790776708517,-1.5754080215053803,8.829101472711473,-0.0046116783320903215,-0.9999893592811897,0.00011724912377628839,6830.1469841830885,13.349262671962654
terminal,terminal_04,962,1.5707238628510858,-1.5754085491141028,8.82964261771454,-0.004612205954791454,-0.9999893610960107,7.246394374741729e-05,6833.844084337212,13.349287375215027
terminal,terminal_04,963,1.5707515416146627,-1.575408875194226,8.829977063719278,-0.004612532038929749,-0.9999893612146469,4.478518021896521e-05,6836.130018427672,13.349296790166793
terminal,terminal_04,964,1.5707686480313197,-1.575409076722825,8.830183762717606,-0.004612733568243747,-0.9999893609048621,2.767876357342641e-05,6837.54318570002,13.349300359420404
terminal,terminal_04,965,1.5707792203782396,-1.5754092012743492,8.830311509724016,-0.004612858119534859,-0.999989360567071,1.710641665620258e-05,6838.416717167516,13.349301711322756
terminal,terminal_04,966,1.5707857544479769,-1.5754092782514244,8.830390461715936,-0.004612935096208148,-0.9999893603024104,1.057234691956594e-05,6838.95664510283,13.34930222301869
terminal,terminal_04,967,1.5707897927251593,-1.5754093258258732,8.830439256730424,-0.004612982670310123,-0.9999893601174912,6.5340697372887345e-06,6839.290360233159,13.349302416059986
terminal,terminal_04,968,1.5707922885177141,-1.5754093552284996,8.830469413707858,-0.0046130120726844736,-0.99998935999505,4.038277182477919e-06,6839.496615668224,13.34930248838894
terminal,terminal_04,969,1.5707938310023417,-1.575409373400322,8.83048805174491,-0.004613030244336864,-0.9999893599162623,2.495792554904974e-06,6839.624091647508,13.349302515155745
terminal,terminal_04,970,1.5707947843102688,-1.575409384631126,8.830499570685292,-0.004613041475030088,-0.999989359866379,1.5424846278639964e-06,6839.702877323424,13.349302524851808
terminal,terminal_04,971,1.5707953734869695,-1.5754093915721445,8.830506689781963,-0.004613048415978274,-0.999989359835095,9.533079271040447e-07,6839.751570002728,13.349302528229995
terminal,terminal_04,972,1.5707960754907706,-1.5754093998423653,8.830515172182771,-0.004613056686112959,-0.9999893597973669,2.5130412601454077e-07,6839.809587763039,13.349302529642063
terminal,terminal_04,973,1.570796073361454,-1.57540939981728,8.83051514645397,-0.004613056661027956,-0.999989359797482,2.5343344251543914e-07,6839.809411782946,13.349302529644302
terminal,terminal_04,974,1.5707959543221908,-1.5754093984148931,8.830513708087482,-0.0046130552586558324,-0.999989359803914,3.7247270585088527e-07,6839.799573637372,13.349302529600607
terminal,terminal_04,975,1.5707960278925015,-1.5754093992816158,8.83051459704686,-0.004613056125369419,-0.9999893597999405,2.9890239511848235e-07,6839.805653944056,13.349302529636933
terminal,terminal_04,976,1.5707960538059424,-1.575409399586899,8.830514910162249,-0.004613056430649337,-0.9999893597985396,2.72988954169884e-07,6839.807795592791,13.349302529642824
terminal,terminal_04,977,1.5707960643109686,-1.5754093997106573,8.83051503709581,-0.00461305655440637,-0.9999893597979715,2.6248392798761173e-07,6839.808663794003,13.349302529643017
terminal,terminal_04,978,1.5707960699044763,-1.5754093997765537,8.83051510468287,-0.004613056620302074,-0.999989359797669,2.568904203305585e-07,6839.809126076587,13.349302529642609
terminal,terminal_04,979,1.5707960720410061,-1.575409399801724,8.830515130498831,-0.004613056645472119,-0.9999893597975534,2.547538904886245e-07,6839.809302652834,13.34930252964269
terminal,terminal_04,980,1.5707960741747806,-1.5754093998268617,8.830515156281498,-0.0046130566706095244,-0.9999893597974381,2.5262011599819306e-07,6839.809479001359,13.3493025296428
terminal,terminal_04,981,1.5707960728570878,-1.575409399811338,8.83051514035965,-0.004613056655086106,-0.9999893597975094,2.5393780884192057e-07,6839.809370098948,13.349302529644309
terminal,terminal_04,982,1.5707960727233667,-1.575409399809763,8.830515138743882,-0.004613056653510938,-0.9999893597975166,2.540715298761662e-07,6839.80935904741,13.349302529642754
terminal,terminal_04,983,1.5707960729109367,-1.5754093998119725,8.830515141010313,-0.0046130566557204804,-0.9999893597975064,2.538839599166018e-07,6839.8093745493625,13.349302529643413
terminal,terminal_04,984,1.5707960728032389,-1.5754093998107037,8.830515139708988,-0.004613056654451731,-0.9999893597975122,2.539916577672394e-07,6839.809365648546,13.349302529643365
terminal,terminal_04,985,1.5707963267948966,-1.5754093232748747,8.830518197040952,-0.0046129801194372145,-0.9999893601506057,6.123233995736766e-17,6839.8302772483175,13.349302537875664
terminal,terminal_04,986,1.4102572568939,-1.6237955509426811,6.89808924676872,-0.05229323145136831,-0.9857551814773426,0.15985036795373653,990.3805337192467,2.532607680605875
terminal,terminal_04,987,1.4715777250737854,-1.6053136565609698,7.636211424928432,-0.03434074895155509,-0.9944891368335266,0.09905589170540818,2071.879457756164,3.210056035283086
terminal,terminal_04,988,1.509475858615011,-1.5938912176565863,8.092396018881239,-0.023049434641348815,-0.9978543152268496,0.0612820458688292,3269.5120052334005,4.203912990480725
terminal,terminal_04,989,1.532898193253671,-1.5868317621792583,8.374333603088145,-0.016023234456847432,-0.9991534791624311,0.03788906220996092,4334.378899140264,8.133264642676007
terminal,terminal_04,990,1.5473739921562366,-1.582468778752203,8.548580612834046,-0.011668985336588823,-0.9996576060515475,0.023420193092788463,5159.426004417383,11.395217522163712
terminal,terminal_04,991,1.5563205278923307,-1.5797723067019303,8.656271187295049,-0.008974918954087382,-0.9998549478361272,0.014475293343592736,5746.068652215027,12.606387925970276
terminal,terminal_04,992,1.5618497910588025,-1.5781057953251476,8.722827622579949,-0.007309110919433767,-0.9999332670390366,0.00894641638903698,6141.520461060397,13.065893127997343
terminal,terminal_04,993,1.565267063628425,-1.5770758346516576,8.76396176175605,-0.006279370597647405,-0.9999649979200755,0.005529234992383598,6399.414378207866,13.241049219489762
terminal,terminal_04,994,1.5673790542252741,-1.576439283948365,8.78938405786485,-0.005642894257114787,-0.9999782397822687,0.0034172659186162174,6564.187770204194,13.307921546652205
terminal,terminal_04,995,1.5686843361980471,-1.5760458739781673,8.805095900932152,-0.005249511364600539,-0.9999839909382469,0.002111989026759306,6668.137742708537,13.333472518855459
terminal,terminal_04,996,1.5694910448221235,-1.5758027332450724,8.81480635397365,-0.005006381271843662,-0.9999866161036858,0.0013052816021250203,6733.203780212937,13.343239795521
terminal,terminal_04,997,1.5699896181708204,-1.5756524640079699,8.820807743999454,-0.004856116546672967,-0.9999878836033076,0.0008067085365780875,6773.73385897994,13.346976644292122
terminal,terminal_04,998,1.5702977534461997,-1.5755595925119772,8.824516807015147,-0.004763247113036578,-0.9999885313850239,0.0004985733280414026,6798.904716005268,13.348407957215603
terminal,terminal_04,999,1.570488191519517,-1.5755021947708676,8.82680913402526,-0.004705850383860131,-0.9999888799505823,0.0003081352705034964,6814.507905899175,13.348956991960526
terminal,terminal_04,1000,1.5706058887215792,-1.5754667210159843,8.828225870030838,-0.004670377157523731,-0.9999890755956022,0.00019043807216628076,6824.169106679317,13.349168273172344
terminal,terminal_04,1001,1.5706786295928343,-1.575444797029758,8.829101461035373,-0.004648453461778582,-0.9999891889554519,0.00011769720179055324,6830.146904433609,13.34924990918102
terminal,terminal_04,1002,1.5707235859236415,-1.5754312472611012,8.829642606036417,-0.004634903859023194,-0.9999892561297763,7.274087119099673e-05,6833.844004530738,13.349281590048632
terminal,terminal_04,1003,1.5707513704640896,-1.5754228730435316,8.829977052039906,-0.004626529738827428,-0.99998929654347,4.495633079184021e-05,6836.129938585967,13.349294020363764
terminal,terminal_04,1004,1.5707685422544484,-1.5754176974924443,8.830183751037463,-0.004621354245960764,-0.9999893210994569,2.7784540444647748e-05,6837.5431058365375,13.349298957097169
terminal,terminal_04,1005,1.5707791550045378,-1.575414498825962,8.830311498043395,-0.004618155614714702,-0.9999893361150648,1.7171790357978258e-05,6838.416637290564,13.349300964665773
terminal,terminal_04,1006,1.5707857140448072,-1.5754125219413573,8.83039045003502,-0.004616178751602894,-0.9999893453337905,1.061275008926245e-05,6838.956565217553,13.349301809350282
terminal,terminal_04,1007,1.5707897677546272,-1.5754113001594796,8.830439245049325,-0.004614956982900079,-0.999989351007812,6.559040269374697e-06,6839.290280342733,13.3493021806345
terminal,terminal_04,1008,1.5707922730850765,-1.5754105450567524,8.830469402026647,-0.004614201888273954,-0.9999893545055876,4.053709820090071e-06,6839.496535774624,13.349302352602226
terminal,terminal_04,1009,1.5707938214644472,-1.575410078377602,8.83048804006363,-0.004613735214114476,-0.9999893566639084,2.5053304493791648e-06,6839.624011751945,13.349302436933252
terminal,terminal_04,1010,1.5707947784155258,-1.5754097899540251,8.830499559003968,-0.004613446793616221,-0.9999893579965164,1.548379370780002e-06,6839.702797426637,13.349302480668317
terminal,terminal_04,1011,1.570795369843818,-1.5754096116984515,8.830506678100612,-0.004613268539942927,-0.9999893588196139,9.569510786622511e-07,6839.75149010519,13.349302504498493
terminal,terminal_04,1012,1.5707957353666044,-1.5754095015304483,8.830511077944308,-0.004613158373113357,-0.9999893593281255,5.914282921794213e-07,6839.781584008873,13.349302518002501
terminal,terminal_04,1013,1.57079596127211,-1.575409433442878,8.830513797197257,-0.004613090286268095,-0.99998935964233,3.6552278654416557e-07,6839.800183130404,13.349302525882264
terminal,terminal_04,1014,1.570796100889391,-1.5754093913624452,8.830515477788003,-0.004613048206283115,-0.9999893598364912,2.2590550569651253e-07,6839.811678044954,13.349302530572809
terminal,terminal_04,1015,1.5707961871776157,-1.5754093653553076,8.830516516450205,-0.0046130221994223515,-0.9999893599564788,1.396172809088911e-07,6839.818782302498,13.349302533404064
terminal,terminal_04,1016,1.5707962405066715,-1.5754093492820125,8.830517158378749,-0.004613006126298261,-0.9999893600306312,8.628822507089974e-08,6839.82317297882,13.349302535128135
terminal,terminal_04,1017,1.5707962734658407,-1.5754093393481698,8.830517555112408,-0.00461299619256133,-0.9999893600764583,5.332905589922407e-08,6839.825886567435,13.349302536184185
terminal,terminal_04,1018,1.5707962938357274,-1.5754093332087176,8.830517800307293,-0.004612990053174376,-0.9999893601047805,3.2959169232908076e-08,6839.827563657961,13.349302536832052
terminal,terminal_04,1019,1.57079630642501,-1.5754093294143272,8.830517951846065,-0.004612986258824393,-0.9999893601222842,2.0369886727548345e-08,6839.828600157114,13.349302537232099
terminal,terminal_04,1020,1.5707963142056143,-1.575409327069265,8.83051804550218,-0.004612983913787201,-0.9999893601331021,1.258928234454747e-08,6839.829240748911,13.349302537478438
terminal,terminal_04,1021,1.5707963190142922,-1.5754093256199369,8.83051810338484,-0.004612982464474408,-0.9999893601397879,7.780604444233217e-09,6839.8296366564355,13.349302537630557
terminal,terminal_04,1022,1.5707963219862187,-1.575409324724203,8.830518139158292,-0.004612981568750007,-0.9999893601439199,4.808677961546591e-09,6839.8298813407555,13.349302537723114
terminal,terminal_04,1023,1.57079632382297,-1.5754093241706089,8.8305181612675,-0.0046129810151618374,-0.9999893601464737,2.9719265439189667e-09,6839.830032563984,13.34930253778048
terminal,terminal_04,1024,1.570796324958145,-1.575409323828469,8.830518174931743,-0.004612980673025606,-0.999989360148052,1.8367517009045694e-09,6839.830126025085,13.349302537816053
terminal,terminal_04,1025,1.5707963256597217,-1.5754093236170148,8.830518183376709,-0.004612980461573668,-0.9999893601490274,1.135174904246737e-09,6839.830183787215,13.349302537839872
terminal,terminal_04,1026,1.57079632609332,-1.575409323486329,8.830518188595985,-0.004612980330889152,-0.9999893601496302,7.015766358455674e-10,6839.830219486174,13.349302537852388
terminal,terminal_04,1027,1.5707963263612983,-1.5754093234055606,8.830518191821675,-0.004612980250121731,-0.9999893601500028,4.335983296335096e-10,6839.830241549345,13.349302537860616
terminal,terminal_04,1028,1.570796326526918,-1.5754093233556432,8.830518193815262,-0.004612980200204858,-0.9999893601502331,2.679785894890026e-10,6839.830255185146,13.349302537867135
terminal,terminal_04,1029,1.5707963266292768,-1.5754093233247923,8.830518195047366,-0.00461298016935431,-0.9999893601503754,1.6561980137684697e-10,6839.830263612529,13.349302537872266
terminal,terminal_04,1030,1.570796326692538,-1.5754093233057256,8.830518195808848,-0.004612980150287764,-0.9999893601504634,1.0235862729989074e-10,6839.830268820934,13.34930253787245
terminal,terminal_04,1031,1.4108684362353399,-1.573525232418411,6.898089246770518,-0.0026940780851307977,-0.9872350932109708,0.15924701779310405,990.380533721028,2.763982955573036
terminal,terminal_04,1032,1.471955454680017,-1.5742448910999318,7.636211424931341,-0.0034317258073033774,-0.9951132992472821,0.09868001276435327,2071.8794577621907,3.464002907965352
terminal,terminal_04,1033,1.5097093083502193,-1.5746896646254107,8.092396018884836,-0.003886066035517228,-0.9981272033321089,0.061049033237150066,3269.512005245161,4.608846645545374
terminal,terminal_04,1034,1.5330424731246943,-1.5749645497814526,8.374333603092165,-0.004165240682611921,-0.9992787270753097,0.03774488554499364,4334.3788991576885,9.174039685335652
terminal,terminal_04,1035,1.5474631620204216,-1.5751344381508894,8.54858061283833,-0.004336916893396223,-0.9997183870320804,0.02333104759404393,5159.42600443949,11.767939636136381
terminal,terminal_04,1036,1.5563756378991693,-1.5752394349374947,8.656271187299494,-0.004442631547322448,-0.9998861541053449,0.014420189088816215,5746.068652240566,12.745498813753537
terminal,terminal_04,1037,1.5618838509161488,-1.5753043265203261,8.722827622584495,-0.00450780541836813,-0.9999501235397484,0.008912357889582974,6141.520461088315,13.118471586694238
terminal,terminal_04,1038,1.5652881137779169,-1.5753444317240999,8.763961761760658,-0.004548020254158545,-0.9999744873785396,0.0055081851634478565,6399.414378237354,13.261058024556517
terminal,terminal_04,1039,1.5673920639331285,-1.5753692181031578,8.789384057869496,-0.0045728488732205835,-0.9999837499141269,0.003404256286435051,6564.187770234686,13.315575358814492
terminal,terminal_04,1040,1.568692376639685,-1.5753845369278736,8.805095900936822,-0.0045881838796841745,-0.9999872609033389,0.0021039486029855053,6668.137742739677,13.336415289977046
terminal,terminal_04,1041,1.56949601408834,-1.5753940044822157,8.814806353978334,-0.0045976576023345015,-0.9999885853010473,0.0013003123401256307,6733.2037802444775,13.344378444677595
terminal,terminal_04,1042,1.5699926893462413,-1.5753998557525895,8.820807744004147,-0.004603511211127901,-0.9999890808661459,0.00080363736215275,6773.733859011731,13.347421424980539
terminal,terminal_04,1043,1.5702996515369954,-1.5754034720365577,8.824516807019846,-0.004607128375039785,-0.9999892637832891,0.000496675237480766,6798.904716037212,13.348584035853241
terminal,terminal_04,1044,1.5704893646041425,-1.5754057070229632,8.826809134029961,-0.004609363688811491,-0.9999893297133728,0.0003069621859335365,6814.5079059312175,13.349028103740608
terminal,terminal_04,1045,1.5706066137277495,-1.575407088320526,8.828225870035544,-0.004610745105883797,-0.9999893524625756,0.00018971306600916733,6824.169106711429,13.349197841741379
terminal,terminal_04,1046,1.5706790776712896,-1.5754079420093685,8.829101461040079,-0.004611598836924429,-0.9999893596477967,0.00011724912333841645,6830.146904465749,13.349262678869687
terminal,terminal_04,1047,1.5707238628513565,-1.575408469618089,8.829642606041125,-0.004612126459623418,-0.9999893614626595,7.246394347674492e-05,6833.844004562907,13.349287382694568
terminal,terminal_04,1048,1.5707515416148299,-1.575408795698211,8.829977052044613,-0.004612452543760593,-0.9999893615813217,4.4785180051765624e-05,6836.129938618146,13.349296797995375
terminal,terminal_04,1049,1.5707686480314231,-1.5754089972268095,8.83018375104217,-0.0046126540730739496,-0.9999893612715529,2.767876346995362e-05,6837.5431058687245,13.34930036747066
terminal,terminal_04,1050,1.5707792203783033,-1.575409121778333,8.830311498048102,-0.004612778624364423,-0.9999893609337718,1.7106416592475782e-05,6838.4166373227545,13.349301719506808
terminal,terminal_04,1051,1.5707857544480162,-1.575409198755408,8.830390450039728,-0.0046128556010375105,-0.9999893606691171,1.0572346880264045e-05,6838.956565249747,13.349302231289732
terminal,terminal_04,1052,1.5707897927251837,-1.5754092463298566,8.830439245054032,-0.004612903175139278,-0.9999893604842017,6.534069712863827e-06,6839.290280374928,13.349302424386986
terminal,terminal_04,1053,1.5707922885177292,-1.575409275732483,8.830469402031355,-0.004612932577513639,-0.9999893603617629,4.038277167378886e-06,6839.49653580682,13.34930249674842
terminal,terminal_04,1054,1.570793831002351,-1.5754092939043052,8.830488040068337,-0.004612950749165812,-0.9999893602829766,2.4957925455791e-06,6839.624011784142,13.349302523536084
terminal,terminal_04,1055,1.5707947843102745,-1.575409305135109,8.830499559008677,-0.004612961979859041,-0.9999893602330943,1.5424846220908364e-06,6839.702797458845,13.349302533244115
terminal,terminal_04,1056,1.570795373486973,-1.5754093120761277,8.830506678105321,-0.00461296892080723,-0.9999893602018107,9.53307923551331e-07,6839.751490137399,13.349302536628363
terminal,terminal_04,1057,1.5707960767687055,-1.5754093203614035,8.830515175947538,-0.004612977205996827,-0.9999893601640142,2.500261911455036e-07,6839.809613513324,13.349302538051921
terminal,terminal_04,1058,1.5707960768224145,-1.5754093203620363,8.83051517659651,-0.004612977206629648,-0.9999893601640113,2.4997248210828587e-07,6839.809617952172,13.349302538051262
terminal,terminal_04,1059,1.5707957749254784,-1.5754093168054255,8.830511528737606,-0.004612973650056148,-0.9999893601802968,5.518694182250795e-07,6839.784667337264,13.349302537790214
terminal,terminal_04,1060,1.570795961474852,-1.5754093190031409,8.830513782837308,-0.004612975847748502,-0.9999893601702443,3.653200447208359e-07,6839.800084911219,13.349302538014289
terminal,terminal_04,1061,1.5707960206161968,-1.5754093196998777,8.830514497449666,-0.004612976544478071,-0.9999893601670502,3.0617869978838295e-07,6839.804972718636,13.349302538042192
terminal,terminal_04,1062,1.5707960490837527,-1.5754093200352506,8.830514841426746,-0.004612976879847381,-0.9999893601655114,2.777111439202229e-07,6839.807325455181,13.349302538048208
terminal,terminal_04,1063,1.5707960630761666,-1.5754093202000934,8.830515010498855,-0.004612977044688451,-0.9999893601647548,2.6371873002600844e-07,6839.80848187593,13.34930253805308
terminal,terminal_04,1064,1.5707960698747276,-1.5754093202801864,8.83051509264673,-0.004612977124780651,-0.9999893601643871,2.569201689785479e-07,6839.80904375168,13.349302538051576
terminal,terminal_04,1065,1.57079605773154,-1.575409320137129,8.830514945919056,-0.004612976981724815,-0.9999893601650438,2.690633565451409e-07,6839.808040162485,13.349302538051491
terminal,terminal_04,1066,1.5707960656729858,-1.5754093202306862,8.830515041876552,-0.0046129770752809905,-0.9999893601646144,2.6112191082189374e-07,6839.80869649337,13.349302538053768
terminal,terminal_04,1067,1.5707960685816635,-1.575409320264953,8.830515077022472,-0.004612977109547441,-0.999989360164457,2.582132330787863e-07,6839.808936884743,13.349302538052585
terminal,terminal_04,1068,1.570796065461563,-1.5754093202281956,8.830515039321902,-0.004612977072790342,-0.9999893601646258,2.6133333370109763e-07,6839.808679020054,13.349302538052573
terminal,terminal_04,1069,1.5707960667840017,-1.575409320243775,8.830515055301099,-0.004612977088369493,-0.9999893601645543,2.6001089487598445e-07,6839.808788314703,13.34930253805291
terminal,terminal_04,1070,1.5707960660973561,-1.5754093202356856,8.830515047004273,-0.004612977080280272,-0.9999893601645914,2.6069754050522865e-07,6839.808731565998,13.349302538050903
terminal,terminal_04,1071,1.5707960658350808,-1.5754093202325958,8.830515043835167,-0.004612977077190554,-0.9999893601646056,2.6095981581780787e-07,6839.80870988992,13.349302538050237
terminal,terminal_04,1072,1.5707960655922295,-1.5754093202297348,8.830515040900762,-0.00461297707432954,-0.9999893601646187,2.6120266711243735e-07,6839.808689819152,13.349302538053225
terminal,terminal_04,1073,1.5707960657349007,-1.5754093202314157,8.830515042624675,-0.0046129770760104,-0.999989360164611,2.610599959042565e-07,6839.808701610391,13.349302538051353
terminal,terminal_04,1074,1.5707960656729858,-1.5754093202306862,8.342310205260866,-0.0046129770752809905,-0.9999893601646144,2.6112191082189374e-07,4197.776273049276,13.284267820814888
terminal,terminal_04,1075,1.5707960656729858,-1.5754093202306862,9.973010023033673,-0.0046129770752809905,-0.9999893601646144,2.6112191082189374e-07,21439.92298441949,12.891908168702278
terminal,terminal_04,1076,1.5707960656729858,-1.5754093202306862,7.334482292429009,-0.0046129770752809905,-0.9999893601646144,2.6112191082189374e-07,1532.2343252594655,12.66646719984005
terminal,terminal_04,1077,1.5707960656729858,-1.5754093202306862,8.785797625453132,-0.0046129770752809905,-0.9999893601646144,2.6112191082189374e-07,6540.687919929762,13.34870614080221
terminal,terminal_04,1078,1.5707960656729858,-1.5754093202306862,8.78755437010202,-0.0046129770752809905,-0.9999893601646144,2.6112191082189374e-07,6552.188337123663,13.34875169664894
terminal,terminal_04,1079,1.5707960656729858,-1.5754093202306862,8.835039639094546,-0.0046129770752809905,-0.9999893601646144,2.6112191082189374e-07,6870.826193818409,13.349296984475053
terminal,terminal_04,1080,1.5707960656729858,-1.5754093202306862,9.269705647568525,-0.0046129770752809905,-0.9999893601646144,2.6112191082189374e-07,10611.627868208156,13.307360306207036
terminal,terminal_04,1081,1.5707960656729858,-1.5754093202306862,8.830864941240044,-0.0046129770752809905,-0.9999893601646144,2.6112191082189374e-07,6842.202359948919,13.34930251855653
terminal,terminal_04,1082,1.5707960656729858,-1.5754093202306862,8.83071113677159,-0.0046129770752809905,-0.9999893601646144,2.6112191082189374e-07,6841.150079576681,13.349302531995882
terminal,terminal_04,1083,1.5707960656729858,-1.5754093202306862,8.830635313902674,-0.0046129770752809905,-0.9999893601646144,2.6112191082189374e-07,6840.631383615713,13.349302535200383
terminal,terminal_04,1084,1.5707960656729858,-1.5754093202306862,8.830565673252176,-0.0046129770752809905,-0.9999893601646144,2.6112191082189374e-07,6840.155014183873,13.349302537089606
terminal,terminal_04,1085,1.5707960656729858,-1.5754093202306862,8.814136817349242,-0.0046129770752809905,-0.9999893601646144,2.6112191082189374e-07,6728.6971625236365,13.34922098707767
terminal,terminal_04,1086,1.5707960656729858,-1.5754093202306862,8.830470126802794,-0.0046129770752809905,-0.9999893601646144,2.6112191082189374e-07,6839.501492880365,13.349302538657918
terminal,terminal_04,1087,1.5707960656729858,-1.5754093202306862,8.830391364967014,-0.0046129770752809905,-0.9999893601646144,2.6112191082189374e-07,6838.962822400578,13.349302539077819
terminal,terminal_04,1088,1.5707960656729858,-1.5754093202306862,8.830388031631847,-0.0046129770752809905,-0.9999893601646144,2.6112191082189374e-07,6838.940025883291,13.349302539075554
terminal,terminal_04,1089,1.5707960656729858,-1.5754093202306862,8.830394698302182,-0.0046129770752809905,-0.9999893601646144,2.6112191082189374e-07,6838.985618993866,13.349302539084007
terminal,terminal_04,1090,1.5707960656729858,-1.5754093202306862,8.830423509425696,-0.0046129770752809905,-0.9999893601646144,2.6112191082189374e-07,6839.182660691726,13.349302539024928
terminal,terminal_04,1091,1.5707960656729858,-1.5754093202306862,8.83040570317211,-0.0046129770752809905,-0.9999893601646144,2.6112191082189374e-07,6839.060881555165,13.34930253907959
terminal,terminal_04,1092,1.5707960656729858,-1.5754093202306862,8.83039892622171,-0.0046129770752809905,-0.9999893601646144,2.6112191082189374e-07,6839.014533735837,13.349302539082865
terminal,terminal_04,1093,1.4102634364289908,-1.6237936066944219,6.8980432750273115,-0.05229136722373633,-0.985756269541741,0.15984426787665174,990.3350052479743,2.53266689954626
terminal,terminal_04,1094,1.4715815442365061,-1.6053124237252965,7.636137041088311,-0.03433953596480559,-0.9944895572472574,0.09905209132509933,2071.7253491374945,3.2101211200897084
terminal,terminal_04,1095,1.509478218987381,-1.5938904244980712,8.092304075398422,-0.02304864652485887,-0.9978544781154878,0.06127968993263397,3269.211408731685,4.2040251903031045
terminal,terminal_04,1096,1.5328996520440217,-1.5868312407561709,8.374230807149312,-0.016022714361383302,-0.9991535427812093,0.03788760446705181,4333.933365491986,8.133685681140369
terminal,terminal_04,1097,1.5473748937382559,-1.5824684252708459,8.548471109708535,-0.011668632222709545,-0.9996576312896343,0.023419291758054923,5158.8610620760965,11.395365027140205
terminal,terminal_04,1098,1.5563210851006624,-1.5797720570142708,8.6561575389002,-0.008974669375039069,-0.9998549581422964,0.014474736193638928,5745.415657842592,12.606440920512773
terminal,terminal_04,1099,1.56185013543249,-1.578105609785521,8.722711412267758,-0.00730892541470731,-0.999933271475918,0.008946072029130713,6140.806794518799,13.065911478703956
terminal,terminal_04,1100,1.5652672764630686,-1.5770756887576955,8.763843968091864,-0.006279224716181351,-0.9999650000129541,0.005529022160993248,6398.660612134916,13.24105510820149
terminal,terminal_04,1101,1.567379185764318,-1.576439162556771,8.789265285635315,-0.005642772870698778,-0.9999782409167494,0.003417134380340348,6563.408173285783,13.307923074089238
terminal,terminal_04,1102,1.5686844174936472,-1.57604576772987,8.804976523915972,-0.005249405118905458,-0.9999839916676826,0.0021119077313405798,6667.341767832835,13.333472651288384
terminal,terminal_04,1103,1.5694910950655674,-1.5758026363558468,8.814686603178766,-0.005006284384243177,-0.9999866166543252,0.0013052313587239702,6732.397521984138,13.343239637447025
terminal,terminal_04,1104,1.5699896492229763,-1.575652372902969,8.820687762196629,-0.004856025442897577,-0.9999878840707692,0.0008066774844322335,6772.921182933824,13.346976383507995
terminal,terminal_04,1105,1.5702977726374876,-1.5755595049818236,8.824396682441561,-0.004763159583932413,-0.9999885318115157,0.0004985541367558955,6798.088049527244,13.348407762417274
terminal,terminal_04,1106,1.5704882033803853,-1.5755021094500912,8.82668892121449,-0.00470576506404964,-0.99998888035574,0.0003081234096357719,6813.688763986463,13.348956867982569
terminal,terminal_04,1107,1.5706058960519989,-1.5754666370606782,8.828105602686492,-0.004670293203141355,-0.9999890759890977,0.00019043074174680903,6823.348431334696,13.349168163400694
terminal,terminal_04,1108,1.570678634123283,-1.5754447139183587,8.828981159987421,-0.004648370351280247,-0.9999891893423211,0.00011769267134190175,6829.32528002547,13.349249850797598
terminal,terminal_04,1109,1.5707235887236126,-1.575431164671265,8.829522284158493,-0.004634821270075375,-0.9999892565127725,7.273807121986033e-05,6833.021793052678,13.349281553739864
terminal,terminal_04,1110,1.570751372194567,-1.5754227907760394,8.82985671728835,-0.004626447472216167,-0.9999892969241575,4.495460031452496e-05,6835.307364081349,13.349294007014045
terminal,terminal_04,1111,1.5707685433239422,-1.5754176154241715,8.830063408329567,-0.00462127217856444,-0.9999893214787497,2.7783470950821325e-05,6836.720306893741,13.349298960080262
terminal,terminal_04,1112,1.5707791556655213,-1.5754144168808135,8.830191150418207,-0.004618073670440148,-0.9999893364935082,1.7171129374488186e-05,6837.59369960851,13.349300973439378
terminal,terminal_04,1113,1.5707857144533175,-1.5754124400723037,8.83027009937078,-0.004616096883421648,-0.9999893457117136,1.0612341578925802e-05,6838.133541778925,13.349301819518027
terminal,terminal_04,1114,1.5707897680071004,-1.5754112183374556,8.830318892506849,-0.004614875161747349,-0.9999893513854154,6.558787796221208e-06,6838.467203899428,13.349302190923304
terminal,terminal_04,1115,1.5707922732411135,-1.575410463263794,8.830349048323356,-0.004614120096186261,-0.9999893548829941,4.053553783128943e-06,6838.673426571008,13.349302362745751
terminal,terminal_04,1116,1.5707938215608834,-1.5754099966026072,8.830367685642916,-0.004613653439990044,-0.9999893570411935,2.5052340131867998e-06,6838.800882300737,13.349302446918209
terminal,terminal_04,1117,1.5707947784751266,-1.5754097081901326,8.830379204139863,-0.004613365030593793,-0.9999893583737265,1.5483197700112372e-06,6838.879655461496,13.349302490531922
terminal,terminal_04,1118,1.5707953698806534,-1.5754095299414204,8.830386322962475,-0.004613186783781757,-0.9999893591967778,9.569142432386509e-07,6838.92834040592,13.34930251428102
terminal,terminal_04,1119,1.57079573538937,-1.5754094197776578,8.83039072263681,-0.004613076621192709,-0.9999893597052607,5.914055266122121e-07,6838.95842952961,13.349302527730346
terminal,terminal_04,1120,1.57079596128618,-1.5754093516927083,8.830393441785088,-0.004613008536968186,-0.9999893600194476,3.655087166877745e-07,6838.977025696924,13.349302535579406
terminal,terminal_04,1121,1.5707961008980864,-1.5754093096138952,8.830395122311144,-0.0046129664586029885,-0.9999893602135979,2.2589681020773907e-07,6838.98851878567,13.349302540248356
terminal,terminal_04,1122,1.57079618718299,-1.5754092836077587,8.830396160933367,-0.004612940452743183,-0.9999893603335788,1.3961190654127353e-07,6838.995621914816,13.349302543065026
terminal,terminal_04,1123,1.5707962405099931,-1.5754092675350824,8.830396802837202,-0.004612924380237917,-0.999989360407727,8.628490350565466e-08,6839.000011893742,13.349302544781374
terminal,terminal_04,1124,1.5707962734678935,-1.575409257601622,8.830397199555588,-0.004612914446883338,-0.9999893604535515,5.332700309685153e-08,6839.0027250513285,13.349302545832733
terminal,terminal_04,1125,1.5707962938369961,-1.575409251462406,8.830397444741035,-0.004612908307732636,-0.999989360481872,3.2957900470035534e-08,6839.004401875474,13.349302546476116
terminal,terminal_04,1126,1.570796306425794,-1.5754092476681618,8.830397596273976,-0.004612904513528754,-0.9999893604993748,2.0369102688048355e-08,6839.0054382100025,13.349302546874329
terminal,terminal_04,1127,1.5707963142060988,-1.5754092453231898,8.830397689926484,-0.00461290216858171,-0.9999893605101922,1.2588797843219523e-08,6839.006078700044,13.349302547119876
terminal,terminal_04,1128,1.5707963190145917,-1.5754092438739176,8.830397747806915,-0.004612900719324872,-0.9999893605168775,7.780304906061173e-09,6839.006474544675,13.349302547269891
terminal,terminal_04,1129,1.5707963219864036,-1.575409242978218,8.83039778357899,-0.004612899823634887,-0.9999893605210093,4.808492998390689e-09,6839.006719190133,13.349302547363452
terminal,terminal_04,1130,1.5707963238230844,-1.5754092424246453,8.830397805687348,-0.004612899270068033,-0.9999893605235629,2.9718121909474303e-09,6839.006870389342,13.349302547421654
terminal,terminal_04,1131,1.5707963249582158,-1.5754092420825185,8.830397819351065,-0.004612898927944902,-0.9999893605251411,1.8366808686755983e-09,6839.006963835599,13.349302547456078
terminal,terminal_04,1132,1.5707963256597655,-1.5754092418710726,8.830397827795705,-0.00461289871650118,-0.9999893605261164,1.1351311614595668e-09,6839.007021588554,13.349302547479585
terminal,terminal_04,1133,1.5707963260933469,-1.5754092417403918,8.830397833014782,-0.004612898585821771,-0.9999893605267193,7.015497684483714e-10,6839.007057281857,13.349302547492009
terminal,terminal_04,1134,1.570796326361315,-1.5754092416596266,8.830397836240348,-0.0046128985050574575,-0.9999893605270919,4.335816762881402e-10,6839.007079341523,13.34930254750115
terminal,terminal_04,1135,1.5707963265269285,-1.575409241609711,8.830397838233857,-0.004612898455142362,-0.9999893605273221,2.6796815339257115e-10,6839.007092975147,13.349302547505799
terminal,terminal_04,1136,1.5707963266292833,-1.5754092415788614,8.830397839465913,-0.004612898424293146,-0.9999893605274645,1.6561336208330414e-10,6839.007101401189,13.34930254751096
terminal,terminal_04,1137,1.5707963266925418,-1.5754092415597953,8.830397840227366,-0.004612898405227266,-0.9999893605275524,1.0235485254160701e-10,6839.007106608772,13.349302547511712
terminal,terminal_04,1138,1.5707963266864238,-1.5754092415616392,8.830397840153722,-0.004612898405227266,-0.9999893605275524,1.0235485254160701e-10,6839.007106608772,13.349302547511712
terminal,terminal_04,1139,1.5707963266894829,-1.5754092415607173,8.830397840190544,-0.004612898405227266,-0.9999893605275524,1.0235485254160701e-10,6839.007106608772,13.349302547511712
terminal,terminal_04,1140,1.5707963266883145,-1.5754092415610694,8.830397840176479,-0.004612898405227266,-0.9999893605275524,1.0235485254160701e-10,6839.007106608772,13.349302547511712
terminal,terminal_04,1141,1.5707963266874645,-1.5754092415613257,8.830397840166249,-0.004612898405227266,-0.9999893605275524,1.0235485254160701e-10,6839.007106608772,13.349302547511712
terminal,terminal_05,0,1.4968220141868755,-1.5076078508098105,10.635161642342053,0.0629737385760718,-0.995274878462018,0.07390686403959999,41571.14776750946,3.0940316834260866
terminal,terminal_05,1,0.5999908074321633,-1.5076078508098105,10.635161642342053,0.03565468000051891,-0.5635080290056393,0.8253408053890466,41571.14776750946,0.9515341222708372
terminal,terminal_05,2,0.9708055193627332,-1.5076078508098105,10.635161642342053,0.05211732929614875,-0.8236936499860107,0.5646348864175504,41571.14776750946,1.3979597645267696
terminal,terminal_05,3,1.1999816148643265,-1.5076078508098105,10.635161642342053,0.058854524615034036,-0.9301723410054172,0.36237489008048024,41571.14776750946,1.8591182168653284
terminal,terminal_05,4,1.3416202312933032,-1.5076078508098105,10.635161642342053,0.0614954014926044,-0.9719103491464126,0.22717523812546525,41571.14776750946,2.3063936236427205
terminal,terminal_05,5,1.4291577103659199,-1.5076078508098105,10.635161642342053,0.06251408691689055,-0.9880102669021716,0.14116551077670147,41571.14776750946,2.706882715582361
terminal,terminal_05,6,1.4832588477222797,-1.5076078508098105,10.635161642342053,0.06290464961024998,-0.994182954850427,0.08742572471696057,41571.14776750946,3.014509806785216
terminal,terminal_05,7,1.5166951894385368,-1.5076078508098105,10.635161642342053,0.06305404457282193,-0.9965440827837326,0.054074749483818095,41571.14776750946,3.2043572890334753
terminal,terminal_05,8,1.5373599850786395,-1.5076078508098105,10.635161642342053,0.0631111395088,-0.9974464455265403,0.03343011182110186,41571.14776750946,3.299296060202392
terminal,terminal_05,9,1.5501315311547936,-1.5076078508098105,10.635161642342053,0.06313295237783045,-0.9977911892413662,0.02066332491054402,41571.14776750946,3.340495320429397
terminal,terminal_05,10,1.5580247807187424,-1.5076078508098105,10.635161642342053,0.06314128481544024,-0.9979228801019835,0.012771198879420182,41571.14776750946,3.3570982535459892
terminal,terminal_05,11,1.562903077230948,-1.5076078508098105,10.635161642342053,0.06314446762013655,-0.9979731830636454,0.00789316760150468,41571.14776750946,3.3635765688894605
terminal,terminal_05,12,1.565918030282691,-1.5076078508098105,10.635161642342053,0.06314568335746513,-0.9979923973083339,0.0048782771634600566,41571.14776750946,3.366071614049357
terminal,terminal_05,13,1.5677813737431534,-1.5076078508098105,10.635161642342053,0.06314614772986252,-0.9979997365292822,0.003014948484120609,41571.14776750946,3.367027670677544
terminal,terminal_05,14,1.568932983334434,-1.5076078508098105,10.635161642342053,0.06314632510463529,-0.9980025398669817,0.0018633423821927913,41571.14776750946,3.367393296580992
terminal,terminal_05,15,1.5696447172036159,-1.5076078508098105,10.635161642342053,0.0631463928558136,-0.9980036106473938,0.001151609336735768,41571.14776750946,3.367533018196999
terminal,terminal_05,16,1.5700845929257148,-1.5076078508098105,10.635161642342053,0.06314641873446732,-0.9980040196492178,0.0007117338090919139,41571.14776750946,3.3675863966322233
terminal,terminal_05,17,1.5703564510727976,-1.5076078508098105,10.635161642342053,0.06314642861923439,-0.9980041758740279,0.0004398757079136694,41571.14776750946,3.3676067867898727
terminal,terminal_05,18,1.5705244686478135,-1.5076078508098105,10.635161642342053,0.06314643239487958,-0.9980042355465976,0.00027185814373444626,41571.14776750946,3.3676145753064537
terminal,terminal_05,19,1.5706283092198807,-1.5076078508098105,10.635161642342053,0.06314643383704774,-0.9980042583394914,0.00016801757422537424,41571.14776750946,3.367617550299086
terminal,terminal_05,20,1.5706924862228295,-1.5076078508098105,10.635161642342053,0.06314643438790694,-0.9980042670456021,0.00010384057188047133,41571.14776750946,3.3676186866233078
terminal,terminal_05,21,1.5707321497919478,-1.5076078508098105,10.635161642342053,0.06314643459831645,-0.9980042703710406,6.417700290481352e-05,41571.14776750946,3.367619120682037
terminal,terminal_05,22,1.5707566632257781,-1.5076078508098105,10.635161642342053,0.06314643467868572,-0.9980042716412449,3.966356910810361e-05,41571.14776750946,3.367619286456362
terminal,terminal_05,23,1.5707718133610662,-1.5076078508098105,10.635161642342053,0.06314643470938405,-0.9980042721264198,2.4513433827970483e-05,41571.14776750946,3.367619349782228
terminal,terminal_05,24,1.5707811766596085,-1.5076078508098105,10.635161642342053,0.06314643472110977,-0.9980042723117402,1.515013528755952e-05,41571.14776750946,3.3676193739789966
terminal,terminal_05,25,1.5707869634963543,-1.5076078508098105,10.635161642342053,0.06314643472558862,-0.9980042723825263,9.363298542210877e-06,41571.14776750946,3.3676193832180275
terminal,terminal_05,26,1.5707905399581508,-1.5076078508098105,10.635161642342053,0.06314643472729936,-0.9980042724095641,5.786836745820325e-06,41571.14776750946,3.3676193867454525
terminal,terminal_05,27,1.5707905399581508,-0.7416294238611401,10.635161642342053,0.7373688780659734,-0.6754902942502136,5.786836745820325e-06,41571.14776750946,1.2674792561087134
terminal,terminal_05,28,1.5707905399581508,0.7416294238611394,10.635161642342053,0.737368878065974,0.6754902942502131,5.786836745820325e-06,41571.14776750946,1.1592278903984448
terminal,terminal_05,29,1.5707905399581508,-1.6583338058675134,10.635161642342053,-0.08742572471549662,-0.9961710408481481,5.786836745820326e-06,41571.14776750946,2.734590218823471
terminal,terminal_05,30,1.5707905399581508,-2.2248882715834197,10.635161642342053,-0.6084388609686742,-0.793600751278409,5.786836745820326e-06,41571.14776750946,1.9950926199323966
terminal,terminal_05,31,1.5707905399581508,-1.608464497626636,10.635161642342053,-0.0376592636243646,-0.9992906383178936,5.786836745820325e-06,41571.14776750946,5.507688979906687
terminal,terminal_05,32,1.5707905399581508,-1.2773629620887388,10.635161642342053,0.2892405339385349,-0.9572564512676129,5.786836745820325e-06,41571.14776750946,1.9223669675279167
terminal,terminal_05,33,1.5707905399581508,-1.4819949647784405,10.635161642342053,0.08868469814105065,-0.9960597493534931,5.786836745820326e-06,41571.14776750946,2.978414375143048
terminal,terminal_05,34,1.5707905399581508,-1.5685519283281701,10.635161642342053,0.002244396582395483,-0.9999974813220749,5.786836745820325e-06,41571.14776750946,10.75987291876717
terminal,terminal_05,35,1.5707905399581508,-1.550939358732959,10.635161642342053,0.019855663156292242,-0.9998028568708616,5.786836745820325e-06,41571.14776750946,7.671019099779132
terminal,terminal_05,36,1.5707905399581508,-1.5761782452879107,10.635161642342053,-0.005381892511708242,-0.9999855174948811,5.786836745820326e-06,41571.14776750946,11.213893562084687
terminal,terminal_05,37,1.5707905399581508,-1.5788503246523384,10.635161642342053,-0.008053910784635283,-0.999967566717834,5.786836745820326e-06,41571.14776750946,11.097996617116282
terminal,terminal_05,38,1.5707905399581508,-1.5753439914097631,10.635161642342053,-0.004547648939572472,-0.9999896593743532,5.786836745820325e-06,41571.14776750946,11.220864754499832
terminal,terminal_05,39,1.5707905399581508,-1.5753406570717405,10.635161642342053,-0.004544314636003765,-0.9999896745321932,5.786836745820325e-06,41571.14776750946,11.220865157123763
terminal,terminal_05,40,1.5707905399581508,-1.5753361837480564,10.635161642342053,-0.004539841358463332,-0.9999896948503783,5.786836745820325e-06,41571.14776750946,11.220865354392844
terminal,terminal_05,41,1.5707905399581508,-1.5727448287660206,10.635161642342053,-0.0019485007381250493,-0.9999981016538912,5.786836745820326e-06,41571.14776750946,11.154958957732516
terminal,terminal_05,42,1.5707905399581508,-1.5753328494101495,10.635161642342053,-0.004536507054892063,-0.9999897099821846,5.786836745820326e-06,41571.14776750946,11.220865245877611
terminal,terminal_05,43,1.5707905399581508,-1.5753361837480564,8.342310205260866,-0.004539841358463332,-0.9999896948503783,5.786836745820325e-06,4197.776273049276,13.284240524057516
terminal,terminal_05,44,1.5707905399581508,-1.5753361837480564,9.973010023033673,-0.004539841358463332,-0.9999896948503783,5.786836745820325e-06,21439.92298441949,12.891889736314019
terminal,terminal_05,45,1.5707905399581508,-1.5753361837480564,7.334482292429009,-0.004539841358463332,-0.9999896948503783,5.786836745820325e-06,1532.2343252594655,12.6664583440895
terminal,terminal_05,46,1.5707905399581508,-1.5753361837480564,8.785795687455572,-0.004539841358463332,-0.9999896948503783,5.786836745820325e-06,6540.675244104817,13.348677204755061
terminal,terminal_05,47,1.5707905399581508,-1.5753361837480564,8.787553978122329,-0.004539841358463332,-0.9999896948503783,5.786836745820325e-06,6552.185768799403,13.348722776773544
terminal,terminal_05,48,1.5707905399581508,-1.5753361837480564,8.835008791263528,-0.004539841358463332,-0.9999896948503783,5.786836745820325e-06,6870.614247002091,13.34926813552125
terminal,terminal_05,49,1.5707905399581508,-1.5753361837480564,9.269686582560476,-0.004539841358463332,-0.9999896948503783,5.786836745820325e-06,10611.425559365955,13.307335787615592
terminal,terminal_05,50,1.5707905399581508,-1.5753361837480564,8.830883411175128,-0.004539841358463332,-0.9999896948503783,5.786836745820325e-06,6842.328736149413,13.349273580407184
terminal,terminal_05,51,1.5707905399581508,-1.5753361837480564,8.830714275803032,-0.004539841358463332,-0.9999896948503783,5.786836745820325e-06,6841.171554195584,13.34927359483996
terminal,terminal_05,52,1.5707905399581508,-1.5753361837480564,8.83065042015438,-0.004539841358463332,-0.9999896948503783,5.786836745820325e-06,6840.734720695735,13.349273596380268
terminal,terminal_05,53,1.5707905399581508,-1.5753361837480564,8.830636440025845,-0.004539841358463332,-0.9999896948503783,5.786836745820325e-06,6840.63908701356,13.349273596526846
terminal,terminal_05,54,1.5707905399581508,-1.5753361837480564,8.83061350825292,-0.004539841358463332,-0.9999896948503783,5.786836745820325e-06,6840.482220829971,13.349273596656493
terminal,terminal_05,55,1.5707905399581508,-1.5753361837480564,8.814166231282634,-0.004539841358463332,-0.9999896948503783,5.786836745820325e-06,6728.895082884584,13.349192317617703
terminal,terminal_05,56,1.5707905399581508,-1.5753361837480564,8.83060337605312,-0.004539841358463332,-0.9999896948503783,5.786836745820325e-06,6840.412912048501,13.349273596668759
terminal,terminal_05,57,1.5707905399581508,-1.5753361837480564,8.830606736152378,-0.004539841358463332,-0.9999896948503783,5.786836745820325e-06,6840.435896553469,13.349273596667848
terminal,terminal_05,58,1.5707905399581508,-1.5753361837480564,8.830600015953863,-0.004539841358463332,-0.9999896948503783,5.786836745820325e-06,6840.389927620775,13.34927359666961
terminal,terminal_05,59,1.5707905399581508,-1.5753361837480564,8.824322868773251,-0.004539841358463332,-0.9999896948503783,5.786836745820325e-06,6797.586276229905,13.349261595401865
terminal,terminal_05,60,1.5707905399581508,-1.5753361837480564,8.830554358134533,-0.004539841358463332,-0.9999896948503783,5.786836745820325e-06,6840.077617463069,13.349273596440222
terminal,terminal_05,61,1.5707905399581508,-1.5753361837480564,8.830582576218731,-0.004539841358463332,-0.9999896948503783,5.786836745820325e-06,6840.270634072468,13.349273596628434
terminal,terminal_05,62,1.5707905399581508,-1.5753361837480564,8.830593354567796,-0.004539841358463332,-0.9999896948503783,5.786836745820325e-06,6840.344361294387,13.349273596661996
terminal,terminal_05,63,1.5707963267948966,-1.5753414823909817,8.830458838291868,-0.004545139946797684,-0.9999896707980859,6.123233995736767e-17,6839.424285528812,13.349278236464832
terminal,terminal_05,64,1.4750100380987634,-1.487635994359612,11.167294122121572,0.08268374666620827,-0.9919760132779858,0.0956398824672625,70777.3364728784,2.794991871207009
terminal,terminal_05,65,1.5115971447244765,-1.521136509787698,10.274702469808632,0.0495524522075506,-0.997017604333454,0.059164610447451325,28989.89122662014,3.436178996881212
terminal,terminal_05,66,1.5342092201691835,-1.5418409669628956,9.723050490604807,0.028931938720678386,-0.9989118698573737,0.03657894448871321,16698.104527316846,5.018439107669598
terminal,terminal_05,67,1.5481842513501893,-1.5546370252157844,9.382110817495693,0.016154467509567335,-0.9996138326184857,0.022610148545827935,11874.052277360151,8.694297550748166
terminal,terminal_05,68,1.5568212956138907,-1.5625454241380932,9.171398511400982,0.008250003355898946,-0.9998683156606231,0.01397457629469736,9618.066264048795,11.63040311148851
terminal,terminal_05,69,1.5621592825311954,-1.567433083468673,9.04117114438658,0.003363111540231837,-0.9999570454785129,0.008636936878962283,8443.66001271747,12.690540247411613
terminal,terminal_05,70,1.5654583398775919,-1.570453823060402,8.96068620530627,0.00034249884814134654,-0.9999856943280973,0.005337961567148183,7790.701649176151,13.095783281659605
terminal,terminal_05,71,1.5674972694485,-1.572320742799253,8.910943777372175,-0.0015244071182458512,-0.9999933961997192,0.0032990513620310617,7412.6536928589985,13.251427507758695
terminal,terminal_05,72,1.5687573972239885,-1.5734745626521307,8.880201266225962,-0.002678227088410062,-0.9999943349197679,0.0020389281581905455,7188.237339620473,13.31130192146066
terminal,terminal_05,73,1.569536199019408,-1.5741876625381037,8.86120134943808,-0.0033913265499132443,-0.9999934554701154,0.0012601274419911002,7052.9507154296825,13.33440816282125
terminal,terminal_05,74,1.570017524999477,-1.5746283825050087,8.84945875507975,-0.0038320451692557744,-0.9999923544196261,0.0007788017166915571,6970.61513887952,13.343374890314132
terminal,terminal_05,75,1.5703150008148277,-1.5749007624240767,8.842201432650198,-0.00410442362958907,-0.9999914609795364,0.000481325961483778,6920.210260740567,13.346885668225115
terminal,terminal_05,76,1.5704988509795457,-1.5750691024719137,8.837716160721419,-0.004272762486908624,-0.9999908274623684,0.0002974758109635859,6889.240741194669,13.348279380016685
terminal,terminal_05,77,1.5706124766301786,-1.5751731423431448,8.834944110220647,-0.004376801500203343,-0.9999904048578392,0.00018385016368234732,6870.169862879133,13.348844146505373
terminal,terminal_05,78,1.5706827011442637,-1.5752374425197508,8.83323088879264,-0.00444110109713532,-0.9999901318064377,0.00011362565038844877,6858.409817313464,13.349079959874055
terminal,terminal_05,79,1.5707261022808117,-1.5752771822143758,8.832172059719875,-0.004480840413961079,-0.9999899585184355,7.022451402723614e-05,6851.151776796207,13.349182364608964
terminal,terminal_05,80,1.5707529256583486,-1.5753017426963567,8.831517667364631,-0.004505400654830206,-0.9999898496891261,4.3401136534429345e-05,6846.669902061075,13.349229131654736
terminal,terminal_05,81,1.5707695034173594,-1.5753169219090009,8.831113230647112,-0.004520579715512361,-0.9999897817675649,2.682337753396652e-05,6843.901417236146,13.349251802056717
terminal,terminal_05,82,1.5707797490358857,-1.5753263031783376,8.830863275009387,-0.0045299608897971765,-0.9999897395371189,1.6577759010173682e-05,6842.190959271081,13.349263391348956
terminal,terminal_05,83,1.5707860811763705,-1.5753321011216452,8.830708793929592,-0.004535758773924303,-0.9999897133407784,1.0245618525909992e-05,6841.134051861731,13.349269626432646
terminal,terminal_05,84,1.5707899946544117,-1.575335684447674,8.830613319371661,-0.00453934206321076,-0.9999896971136939,6.332140484862679e-06,6840.4809287911985,13.349273129630586
terminal,terminal_05,85,1.5707924133168554,-1.5753378990649527,8.830554312849799,-0.004541556657717621,-0.9999896870707266,3.913478041235492e-06,6840.07730771198,13.349275161972908
terminal,terminal_05,86,1.570793908132453,-1.575339267773703,8.83051784481373,-0.0045429253523698076,-0.9999896808584541,2.418662443718388e-06,6839.827868074327,13.349276367499595
terminal,terminal_05,87,1.570794831979299,-1.5753401136822314,8.830495306327936,-0.004543771252175682,-0.9999896770170048,1.4948155975854105e-06,6839.6737104483345,13.34927709328137
terminal,terminal_05,88,1.5707954029480504,-1.5753406364824534,8.83048137677766,-0.004544294047003343,-0.9999896746420739,9.238468461958802e-07,6839.5784375330695,13.34927753448562
terminal,terminal_05,89,1.5707957558261452,-1.57534095959076,8.830472767842142,-0.00454461715197465,-0.9999896731739863,5.709687514511566e-07,6839.519556296782,13.349277804356158
terminal,terminal_05,90,1.5707960023879752,-1.5753411853519406,8.830466752634834,-0.004544842910824278,-0.9999896721480731,3.2440692138718594e-07,6839.478415292498,13.349277991643026
terminal,terminal_05,91,0.5999908074321633,-1.5753411853519406,8.830466752634834,-0.00256617686073901,-0.5646290549520803,0.8253408053890466,6839.478415292498,0.9203864222457517
terminal,terminal_05,92,0.9708055193627332,-1.5753411853519406,8.830466752634834,-0.003751044308386606,-0.8253322813914626,0.5646348864175504,6839.478415292498,1.3432053056379751
terminal,terminal_05,93,1.1999816148643265,-1.5753411853519406,8.830466752634834,-0.00423594095402614,-0.9320227979204124,0.36237489008048024,6839.478415292498,1.8164216099672228
terminal,terminal_05,94,1.3416202312933032,-1.5753411853519406,8.830466752634834,-0.004426012976413752,-0.9738438384010913,0.22717523812546525,6839.478415292498,2.3296725178882745
terminal,terminal_05,95,1.4291577103659199,-1.5753411853519406,8.830466752634834,-0.004499330896084807,-0.9899757848496299,0.1411655107767015,6839.478415292498,2.912976219133181
terminal,terminal_05,96,1.4832588477222797,-1.5753411853519406,8.830466752634834,-0.004527440893043194,-0.9961607525578763,0.08742572471696057,6839.478415292498,3.672836027915605
terminal,terminal_05,97,1.5166951894385368,-1.5753411853519406,8.830466752634834,-0.004538193307482408,-0.9985265776481697,0.054074749483818095,6839.478415292498,5.019605333936048
terminal,terminal_05,98,1.5373599850786395,-1.5753411853519406,8.830466752634834,-0.004542302605436285,-0.999430735524313,0.03343011182110186,6839.478415292498,10.09433372950537
terminal,terminal_05,99,1.5501315311547936,-1.5753411853519406,8.830466752634834,-0.004543872544635612,-0.99977616506193,0.02066332491054402,6839.478415292498,12.11892736263264
terminal,terminal_05,100,1.5580247807187424,-1.5753411853519406,8.830466752634834,-0.004544472255769956,-0.9999081179043897,0.012771198879420183,6839.478415292498,12.880658796446983
terminal,terminal_05,101,1.562903077230948,-1.5753411853519406,8.830466752634834,-0.004544701332002412,-0.9999585209372525,0.00789316760150468,6839.478415292498,13.170454966070654
terminal,terminal_05,102,1.565918030282691,-1.5753411853519406,8.830466752634834,-0.004544788832353034,-0.9999777734061822,0.0048782771634600566,6839.478415292498,13.280997978540032
terminal,terminal_05,103,1.5677813737431534,-1.5753411853519406,8.830466752634834,-0.004544822254661153,-0.9999851272275562,0.0030149484841206086,6839.478415292498,13.323200839377417
terminal,terminal_05,104,1.568932983334434,-1.5753411853519406,8.830466752634834,-0.004544835020868496,-0.9999879361421317,0.0018633423821927913,6839.478415292498,13.339317912476519
terminal,terminal_05,105,1.5696447172036159,-1.5753411853519406,8.830466752634834,-0.004544839897128948,-0.999989009052722,0.0011516093367357678,6839.478415292498,13.345473653849346
terminal,terminal_05,106,1.5700845929257148,-1.5753411853519406,8.830466752634834,-0.0045448417596951635,-0.999989418868202,0.0007117338090919139,6839.478415292498,13.347824874844367
terminal,terminal_05,107,1.5703564510727976,-1.5753411853519406,8.830466752634834,-0.004544842471132219,-0.9999895754038011,0.0004398757079136694,6839.478415292498,13.348722952170537
terminal,terminal_05,108,1.5705244686478135,-1.5753411853519406,8.830466752634834,-0.004544842742877002,-0.9999896351950815,0.00027185814373444626,6839.478415292498,13.349065985844987
terminal,terminal_05,109,1.5706283092198807,-1.5753411853519406,8.830466752634834,-0.004544842846674274,-0.9999896580333187,0.00016801757422537421,6839.478415292498,13.349197012854276
terminal,terminal_05,110,1.5706924862228295,-1.5753411853519406,8.830466752634834,-0.004544842886321306,-0.9999896667567493,0.00010384057188047133,6839.478415292498,13.349247060688375
terminal,terminal_05,111,1.5707321497919478,-1.5753411853519406,8.830466752634834,-0.004544842901465123,-0.9999896700888032,6.417700290481352e-05,6839.478415292498,13.349266177257554
terminal,terminal_05,112,1.5707566632257781,-1.5753411853519406,8.830466752634834,-0.0045448429072495475,-0.9999896713615345,3.966356910810361e-05,6839.478415292498,13.349273479134267
terminal,terminal_05,113,1.5707718133610662,-1.5753411853519406,8.830466752634834,-0.004544842909459001,-0.9999896718476746,2.4513433827970483e-05,6839.478415292498,13.349276268205928
terminal,terminal_05,114,1.5707811766596085,-1.5753411853519406,8.830466752634834,-0.004544842910302937,-0.9999896720333636,1.515013528755952e-05,6839.478415292498,13.349277333535126
terminal,terminal_05,115,1.5707869634963543,-1.5753411853519406,8.830466752634834,-0.004544842910625292,-0.9999896721042905,9.363298542210875e-06,6839.478415292498,13.349277740455129
terminal,terminal_05,116,1.5707905399581508,-1.5753411853519406,8.830466752634834,-0.00454484291074842,-0.9999896721313822,5.786836745820325e-06,6839.478415292498,13.349277895883636
terminal,terminal_05,117,1.5707905399581508,-1.5753411853519406,8.342310205260866,-0.00454484291074842,-0.9999896721313822,5.786836745820325e-06,4197.776273049276,13.284244684555734
terminal,terminal_05,118,1.5707905399581508,-1.5753411853519406,9.973010023033673,-0.00454484291074842,-0.9999896721313822,5.786836745820325e-06,21439.92298441949,12.89189350170975
terminal,terminal_05,119,1.5707905399581508,-1.5753411853519406,7.334482292429009,-0.00454484291074842,-0.9999896721313822,5.786836745820325e-06,1532.2343252594655,12.66646109870325
terminal,terminal_05,120,1.5707905399581508,-1.5753411853519406,8.78579602625157,-0.00454484291074842,-0.9999896721313822,5.786836745820325e-06,6540.6774600597855,13.348681508004988
terminal,terminal_05,121,1.5707905399581508,-1.5753411853519406,8.787554145670324,-0.00454484291074842,-0.9999896721313822,5.786836745820325e-06,6552.186866605084,13.348727077121984
terminal,terminal_05,122,1.5707905399581508,-1.5753411853519406,8.835010961496481,-0.00454484291074842,-0.9999896721313822,5.786836745820325e-06,6870.629157851719,13.34927243000078
terminal,terminal_05,123,1.5707905399581508,-1.5753411853519406,9.269687923838205,-0.00454484291074842,-0.9999896721313822,5.786836745820325e-06,10611.439792244273,13.307339810709683
terminal,terminal_05,124,1.5707905399581508,-1.5753411853519406,8.830882256717151,-0.00454484291074842,-0.9999896721313822,5.786836745820325e-06,6842.320836972986,13.349277880858738
terminal,terminal_05,125,1.5707905399581508,-1.5753411853519406,8.830714163879648,-0.00454484291074842,-0.9999896721313822,5.786836745820325e-06,6841.170788508553,13.349277895186422
terminal,terminal_05,126,1.5707905399581508,-1.5753411853519406,8.830649932694637,-0.00454484291074842,-0.9999896721313822,5.786836745820325e-06,6840.731386113766,13.349277896801883
terminal,terminal_05,127,1.5707905399581508,-1.5753411853519406,8.830633425309326,-0.00454484291074842,-0.9999896721313822,5.786836745820325e-06,6840.6184644569885,13.34927789699463
terminal,terminal_05,128,1.5707905399581508,-1.5753411853519406,8.830606696247317,-0.00454484291074842,-0.9999896721313822,5.786836745820325e-06,6840.435623585466,13.349277897153836
terminal,terminal_05,129,1.5707905399581508,-1.5753411853519406,8.81416208522928,-0.00454484291074842,-0.9999896721313822,5.786836745820325e-06,6728.867184584385,13.349196578836882
terminal,terminal_05,130,1.5707905399581508,-1.5753411853519406,8.830597550044772,-0.00454484291074842,-0.9999896721313822,5.786836745820325e-06,6840.373059861863,13.349277897169317
terminal,terminal_05,131,1.5707905399581508,-1.5753411853519406,8.830594216709498,-0.00454484291074842,-0.9999896721313822,5.786836745820325e-06,6840.35025864306,13.34927789717008
terminal,terminal_05,132,1.5707905399581508,-1.5753411853519406,8.830590883374274,-0.00454484291074842,-0.9999896721313822,5.786836745820325e-06,6840.327457500602,13.349277897169681
terminal,terminal_05,133,1.4750098911861738,-1.4876408614448657,11.167291907007334,0.08267891746635515,-0.9919764016929182,0.0956400287064038,70777.17969316631,2.795029172523815
terminal,terminal_05,134,1.5115970539275028,-1.5211414282544966,10.274698885678507,0.04954754814233169,-0.9970178426781349,0.0591647010853703,28989.787323263874,3.436274346000264
terminal,terminal_05,135,1.5342091640535678,-1.541845917185235,9.723046060376332,0.02892699382505388,-0.9989120110128725,0.03657900056677441,16698.030551062548,5.018973933961
terminal,terminal_05,136,1.5481842166688315,-1.5546419950641275,9.382105864349679,0.016149499567551205,-0.9996139121073455,0.022610183218319695,11873.993463591098,8.695872250613478
terminal,terminal_05,137,1.5568212741796328,-1.5625504061159736,9.171393235074156,0.00824502203149468,-0.9998683564500241,0.013974597726862244,9618.015516121633,11.631276510053489
terminal,terminal_05,138,1.5621592692840953,-1.5674380729430197,9.041165668323027,0.0033581222797794516,-0.999957062131811,0.008636950125568262,8443.613774825222,12.691079309294594
terminal,terminal_05,139,1.5654583316904338,-1.5704588171678198,8.960680605798633,0.0003375048121485754,-0.9999856959824002,0.005337969754189603,7790.658025204897,13.09611886562695
terminal,terminal_05,140,1.567497264388558,-1.572325739770066,8.910938101571896,-0.0015294040560154022,-0.9999933885531236,0.003299056421945547,7412.611620236494,13.251636979231725
terminal,terminal_05,141,1.5687573940967723,-1.5734795613926196,8.880195543274239,-0.002683225800530076,-0.9999943215131358,0.0020389312854003088,7188.196201802919,13.311433139171351
terminal,terminal_05,142,1.5695361970866823,-1.5741926623723124,8.86119559734516,-0.0033963263513496506,-0.9999934384991104,0.001260129374715323,7052.910146318492,13.334490866024158
terminal,terminal_05,143,1.5700175238049867,-1.5746333830151733,8.84945298497658,-0.0038370456411370804,-0.9999923352440124,0.0007788029111814792,6970.574917827047,13.343427550595662
terminal,terminal_05,144,1.5703150000765922,-1.574905763352005,8.842195651416082,-0.004109424514761452,-0.9999914404407498,0.0004813266997191653,6920.170253500568,13.346919733838028
terminal,terminal_05,145,1.570498850523291,-1.5750741036580342,8.837710372608,-0.004277763627101588,-0.9999908060808466,0.00029747626721815545,6889.200865603299,13.348301946363007
terminal,terminal_05,146,1.5706124763481977,-1.5751781436888368,8.834938317855585,-0.004381802797851768,-0.9999903829553835,0.0001838504456632257,6870.1300684624985,13.348859597625312
terminal,terminal_05,147,1.5706827009699897,-1.5752424439640633,8.833225093799918,-0.004446102492036925,-0.9999901095819911,0.00011362582466237627,6858.370072993646,13.34909101264629
terminal,terminal_05,148,1.5707261021731045,-1.5752821837196394,8.83216626310317,-0.0044858418689459586,-0.9999899360949736,7.022462173441238e-05,6851.112063410472,13.349190699510242
terminal,terminal_05,149,1.570752925591782,-1.5753067442392898,8.831511869744249,-0.004510402146939751,-0.9999898271426607,4.340120310095935e-05,6846.630207783169,13.349235787860676
terminal,terminal_05,150,1.570769503376219,-1.5753219234752154,8.831107432406425,-0.004525581230563152,-0.9999897591450774,2.682341867439091e-05,6843.861734763531,13.349257420560685
terminal,terminal_05,151,1.5707797490104594,-1.5753313047589406,8.830857476385328,-0.004534962419024976,-0.9999897168676463,1.657778443650139e-05,6842.151284092998,13.34926836745039
terminal,terminal_05,152,1.5707860811606562,-1.5753371027111407,8.830702995068599,-0.004540760311913359,-0.999989690642267,1.0245634240228725e-05,6841.09438119135,13.34927420591477
terminal,terminal_05,153,1.5707899946446997,-1.5753406860426657,8.830607520364232,-0.004544343606614823,-0.9999896743972354,6.332150196871654e-06,6840.441260906493,13.349277464233086
terminal,terminal_05,154,1.570792413310853,-1.575342900663341,8.830548513751868,-0.004546558204468007,-0.9999896643431762,3.913484043545252e-06,6840.037641548833,13.349279345303168
terminal,terminal_05,155,1.5707939081287432,-1.5753442693741906,8.830512045659866,-0.004547926901188293,-0.9999896581240485,2.4186661534176027e-06,6839.7882029751245,13.349280457359022
terminal,terminal_05,156,1.5707948319770064,-1.5753451152840163,8.830489507139504,-0.0045487728022723375,-0.9999896542783625,1.4948178901959564e-06,6839.634046006681,13.349281125378441
terminal,terminal_05,157,1.5707954029466333,-1.5753456380850401,8.830475577567865,-0.004549295597889909,-0.9999896519008132,9.23848263284549e-07,6839.538773497811,13.34928153088011
terminal,terminal_05,158,1.5707957558252694,-1.575345961193842,8.830466968619142,-0.004549618703349244,-0.9999896504311073,5.709696271950784e-07,6839.479892512669,13.349281778685294
terminal,terminal_05,159,1.5707959739162605,-1.575346160886064,8.830461647996225,-0.004549818393504753,-0.9999896495226646,3.5287863615079584e-07,6839.443502316025,13.349281930765912
terminal,terminal_05,160,1.5707961087039055,-1.5753462843026442,8.83045835967042,-0.004549941808807761,-0.9999896489611725,2.180909911055369e-07,6839.421012034439,13.349282024344383
terminal,terminal_05,161,1.5707961920072515,-1.5753463605782856,8.830456327373307,-0.004550018083659641,-0.9999896486141345,1.3478764510649646e-07,6839.407112312987,13.349282082022293
terminal,terminal_05,162,1.5707962434915506,-1.5753464077192245,8.830455071344616,-0.004550065224110619,-0.9999896483996469,8.330334606027402e-08,6839.398521826821,13.349282117610887
terminal,terminal_05,163,1.5707962753105975,-1.575346436853927,8.830454295076194,-0.004550094358511464,-0.9999896482670838,5.1484299107455075e-08,6839.393212619783,13.349282139582453
terminal,terminal_05,164,1.5707962949758498,-1.5753464548601634,8.830453815315925,-0.004550112364561574,-0.9999896481851545,3.1819046792006746e-08,6839.389931351444,13.349282153151782
terminal,terminal_05,165,1.5707963071296442,-1.5753464659886296,8.830453518807772,-0.004550123492912523,-0.9999896481345188,1.9665252376680695e-08,6839.387903416868,13.349282161538174
terminal,terminal_05,166,1.5707963146411021,-1.5753464728663997,8.830453335555655,-0.004550130370611457,-0.9999896481032243,1.2153794476558388e-08,6839.386650084667,13.349282166718192
terminal,terminal_05,167,1.5707963192834384,-1.5753464771170957,8.830453222299619,-0.004550134621263472,-0.9999896480838831,7.511458183399253e-09,6839.3858754828925,13.349282169918666
terminal,terminal_05,168,1.5707963221525603,-1.57534647974417,8.830453152303539,-0.004550137248310613,-0.9999896480719296,4.642336354391473e-09,6839.385396752708,13.349282171895519
terminal,terminal_05,169,1.570796323925775,-1.5753464813677915,8.830453109043583,-0.004550138871915264,-0.9999896480645418,2.8691216681955166e-09,6839.385100881206,13.349282173117766
terminal,terminal_05,170,1.5707963250216819,-1.5753464823712446,8.830453082307459,-0.004550139875357975,-0.999989648059976,1.7732147474282963e-09,6839.384918022557,13.34928217387354
terminal,terminal_05,171,1.5707963256989896,-1.5753464829914128,8.830453065783626,-0.004550140495519694,-0.9999896480571542,1.09590698199956e-09,6839.384805009704,13.34928217434034
terminal,terminal_05,172,1.5707963261175888,-1.5753464833746977,8.830453055571336,-0.004550140878800686,-0.9999896480554102,6.773078266610763e-10,6839.384735163926,13.34928217463041
terminal,terminal_05,173,1.5707963263762974,-1.575346483611581,8.830453049259793,-0.004550141115681413,-0.9999896480543323,4.1859921657082374e-10,6839.384691996853,13.34928217480768
terminal,terminal_05,174,1.570796326536188,-1.5753464837579827,8.830453045359045,-0.004550141262081677,-0.9999896480536662,2.587086713225924e-10,6839.384665318135,13.349282174916901
terminal,terminal_05,175,1.5707963266350058,-1.575346483848464,8.83045304294825,-0.004550141352562141,-0.9999896480532544,1.598908285251762e-10,6839.38464882978,13.349282174986692
terminal,terminal_05,176,1.5707963266960787,-1.5753464839043847,8.830453041458297,-0.004550141408482164,-0.9999896480530001,9.881790402975619e-11,6839.384638639419,13.349282175030307
terminal,terminal_05,177,1.5707963267338239,-1.5753464839389455,8.830453040537456,-0.004550141443042604,-0.9999896480528427,6.107276368315504e-11,6839.384632341437,13.349282175052206
terminal,terminal_05,178,1.5707963267571514,-1.575346483960305,8.830453039968344,-0.004550141464401964,-0.9999896480527456,3.774520157894111e-11,6839.384628449056,13.349282175070302
terminal,terminal_05,179,1.5707963267754455,-1.5753464839770557,8.83045303952204,-0.004550141481152391,-0.9999896480526693,1.94511686237727e-11,6839.384625396609,13.349282175082317
terminal,terminal_05,180,1.5707963267948966,-1.5753464840116775,8.830453039028011,-0.004550141515773894,-0.9999896480525118,6.123233995736766e-17,6839.384622017763,13.349282175107302
terminal,terminal_05,181,1.4787893335082443,-1.4115788977672377,11.167291906999889,0.15787498884325865,-0.9831754986602995,0.0918772372887454,70777.17969263939,2.3455347180858466
terminal,terminal_05,182,1.513932877741062,-1.474132549457084,10.27469888566646,0.09635731823538998,-0.9937229487901992,0.056832809803801815,28989.787322914628,2.827705435049242
terminal,terminal_05,183,1.5356527825620787,-1.5127928323218314,9.72304606036144,0.05793518001491617,-0.9977018365205959,0.035136310564280786,16698.03055081389,3.491474328518626
terminal,terminal_05,184,1.5490764219738797,-1.5366862011469302,9.38210586433303,0.034095467584799165,-0.9991825754105718,0.021718197118340825,11873.993463393399,4.823796574666167
terminal,terminal_05,185,1.5573726873830955,-1.5514531151865787,9.17139323505642,0.019340262757328173,-0.99972284707536,0.013423236272007241,9618.015515951056,8.828003873537615
terminal,terminal_05,186,1.5625000613856808,-1.5605795699720293,9.04116566830462,0.010216227491235462,-0.9999133973775887,0.008296170240290147,8443.613774669804,11.649311960818736
terminal,terminal_05,187,1.565668952792311,-1.566220029226227,8.960680605779812,0.004576221440493748,-0.9999763839529171,0.005127351536201914,7790.658025058273,12.696964777412449
terminal,terminal_05,188,1.5676274353882662,-1.56970602475748,8.91093810155282,0.0010902963470676085,-0.999994384691605,0.0031688861030323627,7412.611620095089,13.098049268792458
terminal,terminal_05,189,1.5688378441989415,-1.5718604884804246,8.880195543255002,-0.001064159443801071,-0.9999975159546666,0.001958481343945111,7188.196201664646,13.252178971264629
terminal,terminal_05,190,1.5695859179842213,-1.573192020288733,8.861195597325827,-0.0023956894472668107,-0.9999963977851615,0.0012104085151157906,7052.910146182131,13.31153664916606
terminal,terminal_05,191,1.570048253009617,-1.5740149522033693,8.849452984957185,-0.00321861895063105,-0.99999454042398,0.0007480737155075559,6970.574917691858,13.334473397958911
terminal,terminal_05,192,1.570333991769501,-1.5745235520970413,8.84219565139665,-0.003727216273899088,-0.9999929470277213,0.00046233500892470334,6920.170253366098,13.3433875208169
terminal,terminal_05,193,1.5705105880350125,-1.5748378841180055,8.837710372588546,-0.004041546155537311,-0.9999917920953332,0.00028573875599581744,6889.200865469271,13.34688425077903
terminal,terminal_05,194,1.570619730529385,-1.5750321519907136,8.834938317836116,-0.004235812463097644,-0.9999910133128882,0.00017659626459375167,6870.130068328745,13.348275991932244
terminal,terminal_05,195,1.5706871843005241,-1.5751522161389695,8.83322509378044,-0.004355875543533639,-0.9999905071730257,0.00010914249415581386,6858.370072860061,13.348842121985026
terminal,terminal_05,196,1.5707288730237574,-1.5752264198634218,8.832166263083687,-0.004430078567829888,-0.9999901848787676,6.745377108805631e-05,6851.112063276992,13.349079585287939
terminal,terminal_05,197,1.5707546380716633,-1.5752722802872252,8.831511869724762,-0.004475938543126266,-0.9999899820679248,4.1688723221276504e-05,6846.63020764975,13.349183427017243
terminal,terminal_05,198,1.5707705617469907,-1.5753006235878741,8.831107432386935,-0.004504281560451343,-0.9999898553404363,2.5765047903067477e-05,6843.861734630143,13.349231290606285
terminal,terminal_05,199,1.570780403119569,-1.5753181407110286,8.830857476365837,-0.00452179850613617,-0.9999897764900932,1.5923675327044218e-05,6842.1512839596435,13.349254599441686
terminal,terminal_05,200,1.5707864854223184,-1.575328966888523,8.830702995049107,-0.004532624573039073,-0.9999897275560521,9.841372578103319e-06,6841.094381058005,13.349266606137096
terminal,terminal_05,201,1.5707902444921473,-1.575335657834183,8.83060752034474,-0.004539315450001026,-0.999989697236052,6.082302749256668e-06,6840.441260773159,13.349273114560141
terminal,terminal_05,202,1.5707925677250676,-1.5753397930660178,8.830548513732376,-0.00454345063924456,-0.9999896784678121,3.7590698290203884e-06,6840.037641415507,13.349276789680989
terminal,terminal_05,203,1.5707940035619763,-1.575342348779843,8.830512045640376,-0.004546006326695923,-0.9999896668571532,2.3232329203240706e-06,6839.788202841815,13.34927892855575
terminal,terminal_05,204,1.570794890957988,-1.5753439282978525,8.830489507120012,-0.00454758582838595,-0.9999896596770749,1.4358369085417755e-06,6839.634045873363,13.349280199878626
terminal,terminal_05,205,1.5707954393988848,-1.575344904493668,8.830475577548373,-0.004548562014108017,-0.9999896552379012,8.873960118450078e-07,6839.538773364495,13.349280966285608
terminal,terminal_05,206,1.5707957783539999,-1.575345507815862,8.83046696859965,-0.004549165330061054,-0.9999896524937141,5.484408967583493e-07,6839.479892379353,13.349281432575438
terminal,terminal_05,207,1.5707959878397815,-1.5753458806894838,8.830461647976733,-0.0045495381998246045,-0.9999896507974738,3.3895511514797345e-07,6839.44350218271,13.349281717937636
terminal,terminal_05,208,1.5707961173091147,-1.5753461111380558,8.830458359650928,-0.00454976864601169,-0.9999896497490481,2.0948578189367222e-07,6839.421011901125,13.34928189322837
terminal,terminal_05,209,1.5707961973255633,-1.5753462535631058,8.830456327353815,-0.004549911069587545,-0.9999896491010506,1.294693333155382e-07,6839.407112179674,13.349282001151181
terminal,terminal_05,210,1.570796246778448,-1.5753463415866276,8.830455071325124,-0.004549999092198233,-0.9999896487005526,8.001644863936742e-08,6839.398521693508,13.3492820676943
terminal,terminal_05,211,1.5707962773420117,-1.5753463959881557,8.830454295056702,-0.004550053493163281,-0.9999896484530262,4.9452884959447966e-08,6839.3932124864705,13.349282108759073
terminal,terminal_05,212,1.5707962962313329,-1.5753464296101494,8.830453815296433,-0.004550087114808876,-0.9999896483000446,3.056356374115186e-08,6839.389931218131,13.349282134116848
terminal,terminal_05,213,1.5707963079055753,-1.5753464503896841,8.83045351878828,-0.004550107894128533,-0.999989648205496,1.888932127952846e-08,6839.387903283555,13.349282149779619
terminal,terminal_05,214,1.570796315120654,-1.5753464632321428,8.830453335536163,-0.004550120736454242,-0.9999896481470614,1.1674242522855748e-08,6839.386649951354,13.349282159456333
terminal,terminal_05,215,1.5707963195798178,-1.5753464711692189,8.830453222280127,-0.004550128673448186,-0.9999896481109467,7.2150788179050505e-09,6839.38587534958,13.34928216543695
terminal,terminal_05,216,1.5707963223357326,-1.5753464760746017,8.830453152284047,-0.004550133578780174,-0.9999896480886267,4.459163988227643e-09,6839.385396619395,13.349282169131762
terminal,terminal_05,217,1.5707963240389817,-1.5753464791062948,8.83045310902409,-0.004550136610441909,-0.999989648074832,2.755914890909749e-09,6839.385100747881,13.349282171415231
terminal,terminal_05,218,1.5707963250916475,-1.5753464809799844,8.830453082287967,-0.00455013848411216,-0.9999896480663065,1.703249158550234e-09,6839.384917889244,13.349282172823905
terminal,terminal_05,219,1.5707963257422308,-1.5753464821379881,8.830453065764134,-0.004550139642103864,-0.9999896480610374,1.0526657935918545e-09,6839.384804876391,13.34928217369748
terminal,terminal_05,220,1.5707963261443134,-1.5753464828536738,8.830453055551844,-0.004550140357782189,-0.9999896480577809,6.505832041461142e-10,6839.384735030612,13.349282174236897
terminal,terminal_05,221,1.570796326392814,-1.575346483295992,8.830453049240301,-0.004550140800095792,-0.9999896480557683,4.020826506780802e-10,6839.38469186354,13.3492821745704
terminal,terminal_05,222,1.5707963265463958,-1.5753464835693596,8.830453045339553,-0.0045501410734605134,-0.9999896480545245,2.4850083674497893e-10,6839.384665184823,13.349282174775816
terminal,terminal_05,223,1.5707963266413147,-1.57534648373831,8.830453042928758,-0.004550141242409173,-0.9999896480537557,1.535818751654413e-10,6839.384648696468,13.349282174903188
terminal,terminal_05,224,1.5707963266999778,-1.5753464838427271,8.830453041438805,-0.004550141346825234,-0.9999896480532806,9.491880076727265e-11,6839.384638506105,13.34928217498125
terminal,terminal_05,225,1.5707963267362335,-1.5753464839072604,8.830453040517964,-0.004550141443042604,-0.9999896480528427,6.107276368315504e-11,6839.384632341437,13.349282175052206
terminal,terminal_05,226,1.570796326758641,-1.5753464839471443,8.830453039948852,-0.004550141451241294,-0.9999896480528054,3.6255726369104e-11,6839.384628315744,13.349282175061212
terminal,terminal_05,227,0.5999908074321633,-1.5753464839471443,8.830453039948852,-0.002569168601505415,-0.5646290413470219,0.8253408053890466,6839.384628315744,0.9203838722744158
terminal,terminal_05,228,0.9708055193627332,-1.5753464839471443,8.830453039948852,-0.003755417410001575,-0.8253322615046116,0.5646348864175504,6839.384628315744,1.3431916537208888
terminal,terminal_05,229,1.1999816148643265,-1.5753464839471443,8.830453039948852,-0.0042408793654934605,-0.9320227754627927,0.36237489008048024,6839.384628315744,1.8164330253949006
terminal,terminal_05,230,1.3416202312933032,-1.5753464839471443,8.830453039948852,-0.004431172980642907,-0.9738438149357698,0.22717523812546522,6839.384628315744,2.3296593259893834
terminal,terminal_05,231,1.4291577103659199,-1.5753464839471443,8.830453039948852,-0.004504576376967012,-0.9899757609955999,0.1411655107767015,6839.384628315744,2.9129657055161
terminal,terminal_05,232,1.4832588477222797,-1.5753464839471443,8.830453039948852,-0.004532719145565238,-0.996160728554816,0.08742572471696057,6839.384628315744,3.6728193060195604
terminal,terminal_05,233,1.5166951894385368,-1.5753464839471443,8.830453039948852,-0.004543484095553778,-0.9985265535881035,0.054074749483818095,6839.384628315744,5.019580271655294
terminal,terminal_05,234,1.5373599850786395,-1.5753464839471443,8.830453039948852,-0.0045475981842741835,-0.9994307114424607,0.03343011182110186,6839.384628315744,10.094317796454536
terminal,terminal_05,235,1.5501315311547936,-1.5753464839471443,8.830453039948852,-0.0045491699537647794,-0.9997761409717543,0.02066332491054402,6839.384628315744,12.11892382926847
terminal,terminal_05,236,1.5580247807187424,-1.5753464839471443,8.830453039948852,-0.004549770364063814,-0.9999080938110345,0.012771198879420183,6839.384628315744,12.88066003337401
terminal,terminal_05,237,1.562903077230948,-1.5753464839471443,8.830453039948852,-0.004549999707361534,-0.9999584968426828,0.00789316760150468,6839.384628315744,13.170458024218485
terminal,terminal_05,238,1.565918030282691,-1.5753464839471443,8.830453039948852,-0.004550087309723194,-0.9999777493111487,0.0048782771634600566,6839.384628315744,13.281001732022496
terminal,terminal_05,239,1.5677813737431534,-1.5753464839471443,8.830453039948852,-0.004550120770996236,-0.9999851031323455,0.003014948484120609,6839.384628315744,13.323204858397137
terminal,terminal_05,240,1.568932983334434,-1.5753464839471443,8.830453039948852,-0.00455013355208688,-0.9999879120468532,0.0018633423821927916,6839.384628315744,13.339322032912609
terminal,terminal_05,241,1.5696447172036159,-1.5753464839471443,8.830453039948852,-0.0045501384340322516,-0.9999889849574178,0.001151609336735768,6839.384628315744,13.345477813023312
terminal,terminal_05,242,1.5700845929257148,-1.5753464839471443,8.830453039948852,-0.004550140298769912,-0.9999893947728878,0.0007117338090919139,6839.384628315744,13.34782904881514
terminal,terminal_05,243,1.5703564510727976,-1.5753464839471443,8.830453039948852,-0.004550141011036386,-0.9999895513084831,0.0004398757079136694,6839.384628315744,13.348727131792954
terminal,terminal_05,244,1.5705244686478135,-1.5753464839471443,8.830453039948852,-0.004550141283097979,-0.9999896110997621,0.00027185814373444626,6839.384628315744,13.34907016762526
terminal,terminal_05,245,1.5706283092198807,-1.5753464839471443,8.830453039948852,-0.0045501413870162625,-0.9999896339379988,0.00016801757422537421,6839.384628315744,13.34920119545967
terminal,terminal_05,246,1.5706924862228295,-1.5753464839471443,8.830453039948852,-0.004550141426709515,-0.9999896426614291,0.00010384057188047133,6839.384628315744,13.349251243609999
terminal,terminal_05,247,1.5707321497919478,-1.5753464839471443,8.830453039948852,-0.004550141441870988,-0.999989645993483,6.417700290481352e-05,6839.384628315744,13.34927036029923
terminal,terminal_05,248,1.5707566632257781,-1.5753464839471443,8.830453039948852,-0.004550141447662157,-0.9999896472662143,3.9663569108103616e-05,6839.384628315744,13.34927766222342
terminal,terminal_05,249,1.5707718133610662,-1.5753464839471443,8.830453039948852,-0.0045501414498741845,-0.9999896477523543,2.4513433827970483e-05,6839.384628315744,13.349280451308728
terminal,terminal_05,250,1.5707811766596085,-1.5753464839471443,8.830453039948852,-0.004550141450719105,-0.9999896479380433,1.515013528755952e-05,6839.384628315744,13.349281516646712
terminal,terminal_05,251,1.5707869634963543,-1.5753464839471443,8.830453039948852,-0.004550141451041836,-0.9999896480089703,9.363298542210877e-06,6839.384628315744,13.349281923567869
terminal,terminal_05,252,1.5707905399581508,-1.5753464839471443,8.830453039948852,-0.004550141451165108,-0.9999896480360619,5.786836745820325e-06,6839.384628315744,13.349282078998788
terminal,terminal_05,253,1.5707905399581508,-1.5753464839471443,8.342310205260866,-0.004550141451165108,-0.9999896480360619,5.786836745820325e-06,4197.776273049276,13.284248723750343
terminal,terminal_05,254,1.5707905399581508,-1.5753464839471443,9.973010023033673,-0.004550141451165108,-0.9999896480360619,5.786836745820325e-06,21439.92298441949,12.89189708845118
terminal,terminal_05,255,1.5707905399581508,-1.5753464839471443,7.334482292429009,-0.004550141451165108,-0.9999896480360619,5.786836745820325e-06,1532.2343252594655,12.666463671778128
terminal,terminal_05,256,1.5707905399581508,-1.5753464839471443,8.785796352049234,-0.004550141451165108,-0.9999896480360619,5.786836745820325e-06,6540.679590997573,13.348685693506132
terminal,terminal_05,257,1.5707905399581508,-1.5753464839471443,8.787554300568534,-0.004550141451165108,-0.9999896480360619,5.786836745820325e-06,6552.187881527178,13.348731259838775
terminal,terminal_05,258,1.5707905399581508,-1.5753464839471443,8.835013252546263,-0.004550141451165108,-0.9999896480360619,5.786836745820325e-06,6870.644898823185,13.349276606658707
terminal,terminal_05,259,1.5707905399581508,-1.5753464839471443,9.26968933978484,-0.004550141451165108,-0.9999896480360619,5.786836745820325e-06,10611.454817487373,13.30734369569879
terminal,terminal_05,260,1.5707905399581508,-1.5753464839471443,8.830881015170101,-0.004550141451165108,-0.9999896480360619,5.786836745820325e-06,6842.312341915009,13.349282063865967
terminal,terminal_05,261,1.5707905399581508,-1.5753464839471443,8.830714029590428,-0.004550141451165108,-0.9999896480360619,5.786836745820325e-06,6841.169869813128,13.349282078087473
terminal,terminal_05,262,1.5707905399581508,-1.5753464839471443,8.830649341486701,-0.004550141451165108,-0.9999896480360619,5.786836745820325e-06,6840.7273418202785,13.34928207979142
terminal,terminal_05,263,1.5707905399581508,-1.5753464839471443,8.830629815601887,-0.004550141451165108,-0.9999896480360619,5.786836745820325e-06,6840.5937718701925,13.349282080040526
terminal,terminal_05,264,1.5707905399581508,-1.5753464839471443,8.830600030663621,-0.004550141451165108,-0.9999896480360619,5.786836745820325e-06,6840.3900282412615,13.349282080232655
terminal,terminal_05,265,1.5707905399581508,-1.5753464839471443,8.814158024837852,-0.004550141451165108,-0.9999896480360619,5.786836745820325e-06,6728.83986280522,13.34920072351971
terminal,terminal_05,266,1.5707905399581508,-1.5753464839471443,8.830589707270775,-0.004550141451165108,-0.9999896480360619,5.786836745820325e-06,6840.319412572275,13.349282080251525
terminal,terminal_05,267,1.5707905399581508,-1.5753464839471443,8.830586373935414,-0.004550141451165108,-0.9999896480360619,5.786836745820325e-06,6840.296611531701,13.349282080253978
terminal,terminal_05,268,1.5707905399581508,-1.5753464839471443,8.830583040600104,-0.004550141451165108,-0.9999896480360619,5.786836745820325e-06,6840.273810567471,13.349282080253847
terminal,terminal_05,269,1.513932672579771,-1.4741424844799151,10.274690454435383,0.09634744444522908,-0.9937238944478204,0.05683301463349147,28989.542904349215,2.827798716024801
terminal,terminal_05,270,1.4787890015503025,-1.4115886070987305,11.167286696212516,0.15786543802372713,-0.9831770013608448,0.09187756784261344,70776.81088876602,2.345583943916889
terminal,terminal_05,271,1.5356526557654278,-1.5128029068295807,9.723035638786696,0.05792512839886666,-0.9977024156907,0.03513643728263823,16697.856531947196,3.4917143115440648
terminal,terminal_05,272,1.5490763436092398,-1.5366963618611,9.38209421265825,0.03408531511646221,-0.9991829200923421,0.02171827546449695,11873.85511228925,4.824823734905873
terminal,terminal_05,273,1.5573726389510845,-1.5514633291792461,9.171380823138009,0.01933005158192212,-0.9997230439145195,0.013423284699654777,9617.896138668037,8.831557187586382
terminal,terminal_05,274,1.562500031453052,-1.5605898168926193,9.041152786529803,0.010205981454984943,-0.9999135017616516,0.00829620017188887,8443.505006639085,11.651369926971386
terminal,terminal_05,275,1.565668934292929,-1.5662302964973922,8.960667433617767,0.004565954411126717,-0.9999764307906643,0.005127370035340766,7790.555405924185,12.698239228007582
terminal,terminal_05,276,1.5676274239550194,-1.5697163046059925,8.910924749921598,0.0010800165561829199,-0.9999943958106182,0.003168897536221751,7412.512650299058,13.098842759993046
terminal,terminal_05,277,1.5688378371328064,-1.5718707761021653,8.880182080705731,-0.0010744470399155013,-0.9999975049402404,0.00195848841006657,7188.099430870504,13.252673718020743
terminal,terminal_05,278,1.5695859136171095,-1.5732023127145929,8.86118206622543,-0.0024059818359113043,-0.9999963730694527,0.0012104128822243748,7052.814713192513,13.311845823146049
terminal,terminal_05,279,1.5700482503105935,-1.5740252475983378,8.849439411489863,-0.003228914289213829,-0.9999945072320102,0.0007480764145302497,6970.480303463117,13.334667455085151
terminal,terminal_05,280,1.5703339901014126,-1.5745338493270205,8.842182051745128,-0.0037375134310514814,-0.999992908593931,0.0004623366770128592,6920.076142102119,13.34351025658349
terminal,terminal_05,281,1.5705105870040772,-1.574848182482083,8.837696756754298,-0.00405184443487114,-0.9999917504206971,0.0002857397869311125,6889.107063890777,13.34696284245583
terminal,terminal_05,282,1.570619729892232,-1.5750424510557028,8.834924692000394,-0.004246111435307144,-0.9999909696348329,0.00017659690174673875,6870.036457702809,13.348327263005293
terminal,terminal_05,283,1.5706871839067418,-1.5751625156371458,8.833211461763465,-0.004366174943707204,-0.9999904622566113,0.00010914288793815159,6858.276580080057,13.348876499346632
terminal,terminal_05,284,1.5707288727803865,-1.5752367196293224,8.83215262724649,-0.00444037823240181,-0.9999901391969368,6.745401445893475e-05,6851.018643265208,13.34910351912112
terminal,terminal_05,285,1.5707546379212518,-1.5752825802185888,8.831498231526538,-0.004486238371068209,-0.999989935913015,4.168887363273744e-05,6846.536832586547,13.349200907453774
terminal,terminal_05,286,1.5707705616540315,-1.5753109236214993,8.831093792729515,-0.004514581489347005,-0.9999898088931374,2.576514086226334e-05,6843.76838733727,13.349244782051583
terminal,terminal_05,287,1.5707804030621169,-1.575328440807855,8.830843835806585,-0.004532098497419321,-0.9999897298620845,1.5923732779087334e-05,6842.057953826176,13.349265622923987
terminal,terminal_05,288,1.570786485386811,-1.57533926702441,8.830689353932492,-0.004542924602877757,-0.9999896808163569,9.841408085478136e-06,6841.001061528271,13.349276105250006
terminal,terminal_05,289,1.5707902444702024,-1.5753459579942104,8.830593878883656,-0.0045496155036672745,-0.9999896504273302,6.082324694147017e-06,6840.347947796365,13.349281672108885
terminal,terminal_05,290,1.570792567711505,-1.575350093240965,8.830534872058397,-0.004553750707636962,-0.9999896316164294,3.759083391504857e-06,6839.944332488446,13.349284765463597
terminal,terminal_05,291,1.570794003553594,-1.575352648964011,8.83049840383482,-0.004556306404189349,-0.9999896199794045,2.323241302507907e-06,6839.694896417548,13.34928654481993
terminal,terminal_05,292,1.5707948909528076,-1.5753542284877193,8.83047586523314,-0.00455788591150405,-0.9999896127830309,1.4358420890644528e-06,6839.540740995894,13.349287593954708
terminal,terminal_05,293,1.5707954393956831,-1.5753552046870571,8.830461935611243,-0.0045588621007025985,-0.9999896083337864,8.873992135061662e-07,6839.445469442974,13.34928822304188
terminal,terminal_05,294,1.570795778352021,-1.5753558080114276,8.83045332663146,-0.004559465418803795,-0.999989605583375,5.484428756198682e-07,6839.3865890486495,13.349288604460693
terminal,terminal_05,295,1.5707959878385587,-1.575356180886395,8.830448005989345,-0.0045598382898954315,-0.999989603883288,3.389563379476128e-07,6839.35019921713,13.349288837372619
terminal,terminal_05,296,1.5707961173083589,-1.5753564113357983,8.830444717651677,-0.004560068736903032,-0.999989602832485,2.094865377335074e-07,6839.327709161223,13.349288980243031
terminal,terminal_05,297,1.5707961973250961,-1.5753565537613623,8.830442685347231,-0.004560211160986234,-0.999989602183018,1.2946980049738695e-07,6839.313809579238,13.349289068131517
terminal,terminal_05,298,1.5707962467781593,-1.5753566417852016,8.830441429314009,-0.004560299183910313,-0.9999896017816119,8.001673729735382e-08,6839.30521917927,13.349289122291337
terminal,terminal_05,299,1.5707962773418334,-1.575356696186926,8.830440653042785,-0.004560353585069093,-0.9999896015335243,4.945306326126572e-08,6839.299910025502,13.349289155704078
terminal,terminal_05,300,1.5707962962312225,-1.575356729809041,8.830440173280785,-0.004560387206834346,-0.9999896013801958,3.056367409732051e-08,6839.29662879008,13.349289176333452
terminal,terminal_05,301,1.5707963079055072,-1.5753567505886508,8.830439876771562,-0.004560407986228077,-0.9999896012854328,1.8889389447222172e-08,6839.2946008758545,13.349289189072222
terminal,terminal_05,302,1.570796315120612,-1.5753567634311558,8.830439693518786,-0.004560420828599591,-0.9999896012268658,1.1674284711330684e-08,6839.293347556245,13.349289196943106
terminal,terminal_05,303,1.5707963195797918,-1.5753567713682604,8.83043958026234,-0.0045604287656215835,-0.9999896011906693,7.215104797123827e-09,6839.292572962231,13.349289201806847
terminal,terminal_05,304,1.5707963223357166,-1.5753567762736609,8.830439510266007,-0.004560433670971103,-0.9999896011682985,4.459179975439197e-09,6839.292094236852,13.349289204810713
terminal,terminal_05,305,1.5707963240389717,-1.575356779305365,8.830439467005895,-0.004560436702643799,-0.9999896011544727,2.7559248829169705e-09,6839.291798368317,13.349289206667814
terminal,terminal_05,306,1.5707963250916415,-1.5753567811790612,8.830439440269675,-0.004560438576320401,-0.9999896011459277,1.7032551537545667e-09,6839.291615511507,13.349289207815882
terminal,terminal_05,307,1.570796325742227,-1.5753567823370693,8.830439423745782,-0.004560439734316493,-0.9999896011406467,1.0526695683501382e-09,6839.291502499783,13.349289208525441
terminal,terminal_05,308,1.570796326144311,-1.5753567830527575,8.830439413533455,-0.004560440449997226,-0.9999896011373829,6.505856466367684e-10,6839.291432654702,13.349289208961668
terminal,terminal_05,309,1.5707963263928126,-1.5753567834950772,8.83043940722189,-0.004560440892312363,-0.9999896011353657,4.0208398294570976e-10,6839.291389488072,13.349289209235112
terminal,terminal_05,310,1.570796326546395,-1.575356783768446,8.830439403321128,-0.004560441165678182,-0.999989601134119,2.4850172492339863e-10,6839.291362809621,13.34928920940208
terminal,terminal_05,311,1.570796326641314,-1.575356783937397,8.830439400910324,-0.0045604413346275,-0.9999896011333486,1.535825412992561e-10,6839.291346321431,13.349289209504194
terminal,terminal_05,312,1.5707963266999774,-1.5753567840418143,8.830439399420365,-0.004560441439043778,-0.9999896011328724,9.49192448564825e-11,6839.291336131171,13.349289209569834
terminal,terminal_05,313,1.5707963267362333,-1.575356784106348,8.830439398499522,-0.004560441503576819,-0.9999896011325781,5.866335767511354e-11,6839.291329833251,13.34928920960919
terminal,terminal_05,314,1.5707963267586407,-1.575356784146232,8.830439397930407,-0.004560441543460278,-0.9999896011323961,3.625594841370892e-11,6839.2913259409115,13.349289209634055
terminal,terminal_05,315,1.5707963267724891,-1.5753567841708815,8.830439397578676,-0.004560441568109637,-0.9999896011322837,2.2407470493744567e-11,6839.29132353532,13.349289209646363
terminal,terminal_05,316,1.570796326781048,-1.5753567841861158,8.830439397361294,-0.004560441583343736,-0.9999896011322142,1.384853915230431e-11,6839.291322048583,13.349289209656137
terminal,terminal_05,317,1.5707963267863376,-1.5753567841955312,8.830439397226945,-0.004560441592758996,-0.9999896011321713,8.558992573780214e-12,6839.291321129729,13.349289209663054
terminal,terminal_05,318,1.5707963267896068,-1.5753567842013503,8.830439397143913,-0.004560441598578059,-0.9999896011321447,5.289829855468978e-12,6839.291320561847,13.349289209667774
terminal,terminal_05,319,1.5707963267916274,-1.5753567842049465,8.830439397092595,-0.004560441598578059,-0.9999896011321447,5.289829855468978e-12,6839.291320561847,13.349289209667774
terminal,terminal_05,320,1.570796326790617,-1.5753567842031484,8.830439397118253,-0.004560441598578059,-0.9999896011321447,5.289829855468978e-12,6839.291320561847,13.349289209667774
terminal,terminal_05,321,1.570796326791003,-1.5753567842038352,8.830439397108453,-0.004560441598578059,-0.9999896011321447,5.289829855468978e-12,6839.291320561847,13.349289209667774
terminal,terminal_05,322,1.5707963267912415,-1.5753567842042597,8.830439397102396,-0.004560441598578059,-0.9999896011321447,5.289829855468978e-12,6839.291320561847,13.349289209667774
terminal,terminal_05,323,1.5707963267948966,-1.5753589789563565,8.83043649019586,-0.004562636330750286,-0.9999895911206843,6.123233995736766e-17,6839.271439126156,13.349290521269722
terminal,terminal_05,324,1.5707935801995232,0.18899570006774336,11.16728558590848,0.9821934108234064,0.1878725731115098,2.7465953734174184e-06,70776.7323050309,0.7584400101852993
terminal,terminal_05,325,1.5707946293056025,-0.4849278191095514,10.274688657925717,0.88470859813713,-0.46614450160798077,1.6974892940773356e-06,28989.490824401946,1.1130914535415366
terminal,terminal_05,326,1.5707952776888172,-0.9014354597790614,9.723033418178625,0.6204848939563772,-0.7842183983883844,1.0491060794037609e-06,16697.819452593387,1.391941690603726
terminal,terminal_05,327,1.5707956784116817,-1.1588513382868464,9.382091729942951,0.4003923623551583,-0.9163437980186451,6.483832149574291e-07,11873.825632924098,1.6915694494701103
terminal,terminal_05,328,1.5707959260720321,-1.3179431004485713,9.171378178431533,0.25016747490762026,-0.9682025792664388,4.007228645077005e-07,9617.870702189477,2.0416950874759645
terminal,terminal_05,329,1.5707960791345463,-1.4162672167946315,9.041150041707276,0.1539148374429481,-0.9880841172768894,2.4766035028894844e-07,8443.481830748138,2.4601288374677117
terminal,terminal_05,330,1.5707961737323823,-1.477034862610296,8.960664626920117,0.09362414507113141,-0.9956076131989331,1.5306251427999204e-07,7790.533540221325,2.975042781900598
terminal,terminal_05,331,1.5707962321970603,-1.514591333140692,8.910921904983018,0.05617540638645598,-0.9984209151040996,9.459783629223513e-08,7412.491562185843,3.672018571088243
terminal,terminal_05,332,1.5707962683302186,-1.5378025084259606,8.880179212132958,0.032987832560018145,-0.999455753349286,5.846467804898965e-08,7188.0788113137605,4.9463538059763215
terminal,terminal_05,333,1.5707962906617383,-1.5521478036710878,8.861179183045921,0.018647442251157758,-0.9998261213318486,3.613315830447792e-08,7052.794378690969,9.69525650845939
terminal,terminal_05,334,1.5707963044633766,-1.561013683711229,8.849436519282897,0.00978248705108476,-0.999952150328752,2.2331520027788696e-08,6970.460143420577,11.953426327525927
terminal,terminal_05,335,1.5707963129932583,-1.5664930989162154,8.842179153958885,0.00430321459766275,-0.9999907411291998,1.3801638337921573e-08,6920.056089229723,12.812240531829232
terminal,terminal_05,336,1.570796318265015,-1.56987956375137,8.837693855519872,0.000916762915110302,-0.9999995797727904,8.52988152905486e-09,6889.0870770051915,13.142286768412008
terminal,terminal_05,337,1.5707963215231397,-1.5719725141212018,8.834921788634873,-0.0011761870551123073,-0.9999993082917664,5.271756870099052e-09,6870.016511504783,13.269292028756666
terminal,terminal_05,338,1.5707963235367717,-1.5732660285865245,8.833208557080857,-0.002469699281001074,-0.9999969502880803,3.2581249422327528e-09,6858.256658992284,13.318223525785154
terminal,terminal_05,339,1.5707963247812646,-1.5740654644910337,8.832149721749875,-0.0032691318731187247,-0.9999946563741209,2.0136319890986397e-09,6850.99873768265,13.337125312325368
terminal,terminal_05,340,1.5707963255504036,-1.5745595430518473,8.831495325526841,-0.003763207374639784,-0.9999929191100583,1.244493014366453e-09,6846.516936581495,13.344463321715576
terminal,terminal_05,341,1.5707963260257576,-1.5748649003955428,8.831090886418895,-0.004068562375941612,-0.9999917233658452,7.691390359645263e-10,6843.74849724943,13.34733610306286
terminal,terminal_05,342,1.5707963263195426,-1.575053621612661,8.830840929303806,-0.004257281957510671,-0.9999909377341049,4.753540396342668e-10,6842.03806739462,13.348475920491488
terminal,terminal_05,343,1.5707963265011116,-1.5751702577392384,8.83068644731095,-0.004373916997878044,-0.9999904343792972,2.937850575625996e-10,6840.981177356111,13.348937346377452
terminal,terminal_05,344,1.5707963266133276,-1.5752423428297793,8.830590972188714,-0.004446001387453884,-0.9999901164869894,1.8156904330400702e-10,6840.328065020482,13.349129657254478
terminal,terminal_05,345,1.5707963266826808,-1.5752868938658156,8.830531965318094,-0.0044905519787424904,-0.9999899174206339,1.1221585344632765e-10,6839.924450575482,13.349213033041744
terminal,terminal_05,346,1.5707963267255434,-1.57531442792032,8.830495497066481,-0.004518085753926922,-0.9999897933984728,6.935325109001932e-11,6839.67501503787,13.349251008558758
terminal,terminal_05,347,1.570796326752034,-1.5753314449018518,8.830472958447473,-0.004535102561118273,-0.9999897163695035,4.2862663588648304e-11,6839.520859945793,13.349269301222208
terminal,terminal_05,348,1.570796326768406,-1.5753419619748246,8.830459028814866,-0.0045456195256863025,-0.9999896686181952,2.6490648733710967e-11,6839.425588596558,13.349278628951648
terminal,terminal_05,349,1.5707963267785245,-1.5753484618833837,8.830450419828466,-0.004552119366996362,-0.9999896390509597,1.637207608727729e-11,6839.366708328131,13.349283638336177
terminal,terminal_05,350,1.570796326784778,-1.5753524790477973,8.830445099182262,-0.004556136489751546,-0.9999896207562791,1.0118633878773634e-11,6839.330318574422,13.349286445733261
terminal,terminal_05,351,1.570796326788643,-1.5753549617919431,8.830441810842064,-0.004558619208114322,-0.9999896094414759,6.253725485448539e-12,6839.307828566588,13.349288070574643
terminal,terminal_05,352,1.5707963267910316,-1.5753564962122106,8.830439778536055,-0.004560153612432984,-0.999989602445461,3.864969625665052e-12,6839.293929014316,13.349289032676522
terminal,terminal_05,353,1.5707963267925078,-1.575357444536089,8.830438522501868,-0.004561101926448997,-0.9999895981205087,2.3888170921234443e-12,6839.285338632722,13.349289611210352
terminal,terminal_05,354,1.5707963267934202,-1.5753580306324781,8.830437746230048,-0.004561688016740909,-0.9999895954470917,1.4764358104864904e-12,6839.2800294903045,13.349289962617219
terminal,terminal_05,355,1.5707963267939842,-1.5753583928599673,8.83043726646768,-0.00456205024046091,-0.9999895937946572,9.12442513976911e-13,6839.276748261906,13.349290177455657
terminal,terminal_05,356,1.5707963267943326,-1.5753586167288673,8.830436969958228,-0.0045622741070312535,-0.999989592773331,5.640545288495369e-13,6839.274720352008,13.349290309333947
terminal,terminal_05,357,1.570796326794548,-1.5753587550874564,8.83043678670531,-0.004562412464180311,-0.9999895921420916,3.4867126207225653e-13,6839.273467035069,13.349290390498133
terminal,terminal_05,358,1.5707963267946812,-1.5753588405977672,8.830436673448778,-0.004562497973601147,-0.9999895917519547,2.1544449911723775e-13,6839.272692442723,13.34929044052852
terminal,terminal_05,359,1.5707963267947636,-1.5753588934460456,8.830436603452391,-0.004562550821329503,-0.9999895915108331,1.3306595069005113e-13,6839.27221371836,13.34929047139923
terminal,terminal_05,360,1.5707963267948142,-1.575358926108078,8.830436560192245,-0.00456258348302195,-0.9999895913618103,8.243978076714398e-14,6839.271917850454,13.349290490460666
terminal,terminal_05,361,1.5707963267948457,-1.575358946294324,8.830436533456005,-0.004562603669057846,-0.9999895912697088,5.090944686778954e-14,6839.271734994042,13.349290502232657
terminal,terminal_05,362,1.570796326794865,-1.5753589587701102,8.8304365169321,-0.0045626161447141714,-0.9999895912127866,3.159156623931182e-14,6839.271621982561,13.349290509506071
terminal,terminal_05,363,1.5707963267948772,-1.5753589664805703,8.830436506719765,-0.004562623855093962,-0.9999895911776067,1.937911296843509e-14,6839.271552137635,13.349290514000156
terminal,terminal_05,364,1.5707963267948846,-1.5753589712458966,8.830436500408195,-0.004562628620370717,-0.9999895911558643,1.2051641005909058e-14,6839.271508971094,13.349290516777277
terminal,terminal_05,365,1.5707963267948892,-1.57535897419103,8.83043649650743,-0.004562631565473531,-0.9999895911424267,7.3887043024834e-15,6839.271482292696,13.349290518492595
terminal,terminal_05,366,1.570796326794892,-1.5753589760112228,8.830436494096624,-0.0045626333856472485,-0.9999895911341219,4.724169043383025e-15,6839.271465804542,13.349290519554115
terminal,terminal_05,367,1.5707963267948937,-1.5753589771361638,8.830436492606665,-0.004562634510576569,-0.9999895911289892,2.947812203982775e-15,6839.271455614312,13.349290520208626
terminal,terminal_05,368,1.5707963267948948,-1.5753589778314154,8.83043649168582,-0.004562635205820966,-0.999989591125817,1.837589179357618e-15,6839.2714493163985,13.349290520615613
terminal,terminal_05,369,1.5707963267948954,-1.5753589782611046,8.830436491116705,-0.004562635635505667,-0.9999895911238565,1.1714553645825243e-15,6839.2714454240695,13.349290520864264
terminal,terminal_05,370,1.570796326794896,-1.5753589785266673,8.830436490764974,-0.004562635901065585,-0.9999895911226447,7.273661547324616e-16,6839.271443018485,13.349290521019226
terminal,terminal_05,371,1.5707963267948961,-1.575358978690794,8.83043649054759,-0.004562636065190589,-0.999989591121896,5.053215498074304e-16,6839.2714415317405,13.349290521115291
terminal,terminal_05,372,1.5707963267948963,-1.5753589787922297,8.830436490413241,-0.004562636166625281,-0.9999895911214332,2.83276944882399e-16,6839.271440612889,13.349290521173172
terminal,terminal_05,373,1.5707963267948963,-1.5753589788549205,8.830436490330209,-0.0045626362293153715,-0.9999895911211472,2.8327694488239903e-16,6839.271440045009,13.349290521209824
terminal,terminal_05,374,1.5707963267948966,-1.5753589788936657,8.830436490278892,-0.0045626362293153715,-0.9999895911211472,2.8327694488239903e-16,6839.271440045009,13.349290521209824
terminal,terminal_05,375,0.5999908074321633,-1.5753589788936657,8.830436490278892,-0.002576223610980764,-0.5646290092013215,0.8253408053890466,6839.271439694036,0.9203750874201941
terminal,terminal_05,376,0.9708055193627332,-1.5753589788936657,8.830436490278892,-0.0037657298921780764,-0.825332214516445,0.5646348864175504,6839.271439694036,1.3431666324309108
terminal,terminal_05,377,1.1999816148643265,-1.5753589788936657,8.830436490278892,-0.004252524939898284,-0.9320227224004763,0.36237489008048024,6839.271439694036,1.816439078363523
terminal,terminal_05,378,1.3416202312933032,-1.5753589788936657,8.830436490278892,-0.004443341106684549,-0.9738437594924803,0.22717523812546522,6839.271439694036,2.329630824099084
terminal,terminal_05,379,1.4291577103659199,-1.5753589788936657,8.830436490278892,-0.004516946070806223,-0.9899757046338796,0.1411655107767015,6839.271439694036,2.9129394345810065
terminal,terminal_05,380,1.4832588477222797,-1.5753589788936657,8.830436490278892,-0.004545166120241139,-0.9961606718409705,0.08742572471696056,6839.271439694036,3.672780267880962
terminal,terminal_05,381,1.5166951894385368,-1.5753589788936657,8.830436490278892,-0.004555960631086109,-0.998526496739566,0.0540747494838181,6839.271439694036,5.019519087918992
terminal,terminal_05,382,1.5373599850786395,-1.5753589788936657,8.830436490278892,-0.004560086017210229,-0.9994306545424472,0.03343011182110186,6839.271439694036,10.094276891128082
terminal,terminal_05,383,1.5501315311547936,-1.5753589788936657,8.830436490278892,-0.004561662102824198,-0.9997760840520746,0.02066332491054402,6839.271439694036,12.118913442272289
terminal,terminal_05,384,1.5580247807187424,-1.5753589788936657,8.830436490278892,-0.004562264161866855,-0.9999080368838424,0.012771198879420182,6839.271439694036,12.880661239731616
terminal,terminal_05,385,1.562903077230948,-1.5753589788936657,8.830436490278892,-0.0045624941349477425,-0.9999584399126211,0.00789316760150468,6839.271439694036,13.17046364563024
terminal,terminal_05,386,1.565918030282691,-1.5753589788936657,8.830436490278892,-0.00456258197786796,-0.9999776923799909,0.0048782771634600566,6839.271439694036,13.281009037782116
terminal,terminal_05,387,1.5677813737431534,-1.5753589788936657,8.830436490278892,-0.004562615531026601,-0.999985046200769,0.0030149484841206086,6839.271439694036,13.323212807218454
terminal,terminal_05,388,1.568932983334434,-1.5753589788936657,8.830436490278892,-0.004562628347214481,-0.9999878551151169,0.0018633423821927913,6839.271439694036,13.339330227320898
terminal,terminal_05,389,1.5696447172036159,-1.5753589788936657,8.830436490278892,-0.004562633242565813,-0.9999889280256204,0.001151609336735768,6839.271439694036,13.345486101227925
terminal,terminal_05,390,1.5700845929257148,-1.5753589788936657,8.830436490278892,-0.004562635112424096,-0.9999893378410671,0.000711733809091914,6839.271439694036,13.347837372846685
terminal,terminal_05,391,1.5703564510727976,-1.5753589788936657,8.830436490278892,-0.004562635826646473,-0.9999894943766534,0.0004398757079136694,6839.271439694036,13.34873546950874
terminal,terminal_05,392,1.5705244686478135,-1.5753589788936657,8.830436490278892,-0.004562636099455155,-0.9999895541679291,0.00027185814373444626,6839.271439694036,13.349078510568432
terminal,terminal_05,393,1.5706283092198807,-1.5753589788936657,8.830436490278892,-0.004562636203658802,-0.9999895770061645,0.00016801757422537424,6839.271439694036,13.349209540398308
terminal,terminal_05,394,1.5706924862228295,-1.5753589788936657,8.830436490278892,-0.0045626362434610535,-0.9999895857295943,0.00010384057188047135,6839.271439694036,13.349259589311393
terminal,terminal_05,395,1.5707321497919478,-1.5753589788936657,8.830436490278892,-0.00456263625866416,-0.9999895890616479,6.417700290481352e-05,6839.271439694036,13.349278706290502
terminal,terminal_05,396,1.5707566632257781,-1.5753589788936657,8.830436490278892,-0.00456263626447123,-0.9999895903343792,3.966356910810361e-05,6839.271439694036,13.349286008327859
terminal,terminal_05,397,1.5707718133610662,-1.5753589788936657,8.830436490278892,-0.004562636266689334,-0.9999895908205193,2.4513433827970486e-05,6839.271439694036,13.349288797456806
terminal,terminal_05,398,1.5707811766596085,-1.5753589788936657,8.830436490278892,-0.004562636267536574,-0.9999895910062082,1.515013528755952e-05,6839.271439694036,13.349289862808394
terminal,terminal_05,399,1.5707869634963543,-1.5753589788936657,8.830436490278892,-0.004562636267860191,-0.9999895910771351,9.363298542210877e-06,6839.271439694036,13.34929026973581
terminal,terminal_05,400,1.5707905399581508,-1.5753589788936657,8.830436490278892,-0.004562636267983801,-0.9999895911042268,5.786836745820325e-06,6839.271439694036,13.349290425168034
terminal,terminal_05,401,1.5707905399581508,-1.5753589788936657,8.342310205260866,-0.004562636267983801,-0.9999895911042268,5.786836745820325e-06,4197.776273049276,13.28425674822345
terminal,terminal_05,402,1.5707905399581508,-1.5753589788936657,9.973010023033673,-0.004562636267983801,-0.9999895911042268,5.786836745820325e-06,21439.92298441949,12.891903907856957
terminal,terminal_05,403,1.5707905399581508,-1.5753589788936657,7.334482292429009,-0.004562636267983801,-0.9999895911042268,5.786836745820325e-06,1532.2343252594655,12.666468333598708
terminal,terminal_05,404,1.5707905399581508,-1.5753589788936657,8.785796985393803,-0.004562636267983801,-0.9999895911042268,5.786836745820325e-06,6540.683733502786,13.348694042944592
terminal,terminal_05,405,1.5707905399581508,-1.5753589788936657,8.787554573765952,-0.004562636267983801,-0.9999895911042268,5.786836745820325e-06,6552.189671568238,13.348739603889346
terminal,terminal_05,406,1.5707905399581508,-1.5753589788936657,8.835018620369922,-0.004562636267983801,-0.9999895911042268,5.786836745820325e-06,6870.681779332412,13.349284937073316
terminal,terminal_05,407,1.5707905399581508,-1.5753589788936657,9.269692657282308,-0.004562636267983801,-0.9999895911042268,5.786836745820325e-06,10611.490021020254,13.307351321567374
terminal,terminal_05,408,1.5707905399581508,-1.5753589788936657,8.830878013184977,-0.004562636267983801,-0.9999895911042268,5.786836745820325e-06,6842.291801425973,13.349290409350207
terminal,terminal_05,409,1.5707905399581508,-1.5753589788936657,8.830713645293784,-0.004562636267983801,-0.9999895911042268,5.786836745820325e-06,6841.167240775009,13.349290423348009
terminal,terminal_05,410,1.5707905399581508,-1.5753589788936657,8.830647575150119,-0.004562636267983801,-0.9999895911042268,5.786836745820325e-06,6840.7152588039935,13.349290425278797
terminal,terminal_05,411,1.5707905399581508,-1.5753589788936657,8.83062041725893,-0.004562636267983801,-0.9999895911042268,5.786836745820325e-06,6840.529481926003,13.349290425688542
terminal,terminal_05,412,1.5707905399581508,-1.5753589788936657,8.814170728798796,-0.004562636267983801,-0.9999895911042268,5.786836745820325e-06,6728.925346267028,13.349209188528585
terminal,terminal_05,413,1.5707905399581508,-1.5753589788936657,8.830584243781468,-0.004562636267983801,-0.9999895911042268,5.786836745820325e-06,6840.282040662398,13.349290425978154
terminal,terminal_05,414,1.5707905399581508,-1.5753589788936657,8.830566529066434,-0.004562636267983801,-0.9999895911042268,5.786836745820325e-06,6840.16086808857,13.349290426035617
terminal,terminal_05,415,1.5707905399581508,-1.5753589788936657,8.83055703384504,-0.004562636267983801,-0.9999895911042268,5.786836745820325e-06,6840.095919555101,13.349290426041573
terminal,terminal_05,416,1.5707905399581508,-1.5753589788936657,8.83056036718016,-0.004562636267983801,-0.9999895911042268,5.786836745820325e-06,6840.118719925061,13.349290426041007
terminal,terminal_05,417,1.5707905399581508,-1.5753589788936657,8.830553700509917,-0.004562636267983801,-0.9999895911042268,5.786836745820325e-06,6840.073119261131,13.34929042604373
terminal,terminal_05,418,1.5707905399581508,-1.5753589788936657,8.824295962152997,-0.004562636267983801,-0.9999895911042268,5.786836745820325e-06,6797.4033786179125,13.349278317591335
terminal,terminal_05,419,1.5707905399581508,-1.5753589788936657,8.828163457150279,-0.004562636267983801,-0.9999895911042268,5.786836745820325e-06,6823.74320391899,13.349288687902794
terminal,terminal_05,420,1.5707905399581508,-1.5753589788936657,8.829640708787919,-0.004562636267983801,-0.9999895911042268,5.786836745820325e-06,6833.831039042759,13.349290247592721
terminal,terminal_05,421,1.5707905399581508,-1.5753589788936657,8.830204968703562,-0.004562636267983801,-0.9999895911042268,5.786836745820325e-06,6837.688184082199,13.349290416377727
terminal,terminal_05,422,1.5707905399581508,-1.5753589788936657,8.830420496812847,-0.004562636267983801,-0.9999895911042268,5.786836745820325e-06,6839.162056913202,13.34929042492772
terminal,terminal_05,423,1.5707905399581508,-1.5753589788936657,8.830502821225064,-0.004562636267983801,-0.9999895911042268,5.786836745820325e-06,6839.725110085787,13.349290425857179
terminal,terminal_05,424,1.5707905399581508,-1.5753589788936657,8.830534266352426,-0.004562636267983801,-0.9999895911042268,5.786836745820325e-06,6839.940189494579,13.34929042601054
terminal,terminal_05,425,1.5707905399581508,-1.5753589788936657,8.830546277322298,-0.004562636267983801,-0.9999895911042268,5.786836745820325e-06,6840.0223443035,13.349290426036841
terminal,terminal_05,426,1.5707905399581508,-1.5753589788936657,8.830550367174846,-0.004562636267983801,-0.9999895911042268,5.786836745820325e-06,6840.050319043515,13.349290426040781
terminal,terminal_05,427,1.570788724748915,-0.40930702248899986,10.374963955587068,0.9173968298590791,-0.3979736882090584,7.6020459815908665e-06,32047.163483813267,1.072368480950027
terminal,terminal_05,428,1.5707903493981423,-1.4529472665965462,8.99268533004394,0.11757646039650807,-0.9930638327544202,5.977396754256562e-06,8044.028790745367,2.725484364483216
terminal,terminal_05,429,1.5707913534865845,-2.0979524094822466,8.138390157535799,-0.5030775481994104,-0.8642412744557715,4.973308312102506e-06,3423.402291194183,1.353569890966337
terminal,terminal_05,430,1.5707900980982654,-1.2915175497441729,9.206495451292504,0.2756624415062951,-0.9612545023582422,6.228696631159632e-06,9961.624615594428,1.9656491052459757
terminal,terminal_05,431,1.570790656078705,-1.6499523628572275,8.731756398621721,-0.07907340091402071,-0.996868796399874,5.670716191539003e-06,6196.602262407026,2.9681845793058583
terminal,terminal_05,432,1.5707906016464754,-1.6149862517919678,8.778068246230863,-0.04417554442505621,-0.9990237841222663,5.725148421150663e-06,6490.327341352309,4.382255661318267
terminal,terminal_05,433,1.5707905064669294,-1.5538449278079487,8.859048589560558,0.016950587167779394,-0.9998563284596399,5.820327967171528e-06,7037.783737399707,10.214502980059322
terminal,terminal_05,434,1.5707904464719913,-1.5153054506105648,8.910093282279462,0.05546240230462477,-0.9984607763432782,5.880322905299084e-06,7406.351947450871,3.6933319589208446
terminal,terminal_05,435,1.570790526085818,-1.566447686142989,8.842356512412548,0.004348626945892015,-0.9999905446603169,5.8007090786580975e-06,6921.283528522126,12.80676939525248
terminal,terminal_05,436,1.5707905420869575,-1.5767264792238547,8.82874247629974,-0.005930117671596971,-0.9999824166808826,5.784707939133875e-06,6827.695426000777,13.337287822063535
terminal,terminal_05,437,1.57079054005239,-1.575419516156428,8.830473520232434,-0.004623172892222514,-0.9999893130623558,5.786742506537283e-06,6839.524702286836,13.349300659675993
terminal,terminal_05,438,1.5707905400140536,-1.5753948896873222,8.830506137450923,-0.004598546684898924,-0.9999894266115518,5.786780842982412e-06,6839.7477921966765,13.349302538101021
terminal,terminal_05,439,1.5707905400245485,-1.575401631463152,8.830497208116626,-0.004605288389340774,-0.9999893955864554,5.78677034804416e-06,6839.686718074803,13.349302847607728
terminal,terminal_05,440,1.5707905400245314,-1.5754016204861845,8.830497222655378,-0.004605277412489622,-0.9999893956370075,5.786770365141595e-06,6839.686817515316,13.349302847608016
terminal,terminal_05,441,1.570790540024537,-1.575401624053985,8.830497217929905,-0.004605280980252287,-0.9999893956205768,5.78677035959048e-06,6839.686785194558,13.349302847608396
terminal,terminal_05,442,1.570790540024539,-1.5754016252431517,8.830497216354878,-0.004605282169406442,-0.9999893956151003,5.786770357592078e-06,6839.686774421872,13.349302847608609
terminal,terminal_05,443,1.5707905400245425,-1.5754016276189804,8.830497213208146,-0.004605284545209891,-0.9999893956041589,5.786770354039364e-06,6839.686752899206,13.349302847607735
terminal,terminal_05,444,1.5707905400245403,-1.5754016261506376,8.830497215152933,-0.004605283076882682,-0.999989395610921,5.78677035625981e-06,6839.686766200943,13.349302847608914
terminal,terminal_05,445,1.5707905400245412,-1.5754016267114948,8.83049721441009,-0.004605283637733873,-0.9999893956083381,5.786770355371632e-06,6839.686761120134,13.349302847607037
terminal,terminal_05,446,1.5707905400245399,-1.5754016258040089,8.830497215612036,-0.004605282730257633,-0.9999893956125173,5.7867703567038995e-06,6839.686769341063,13.349302847609072
terminal,terminal_05,447,1.5707905400245399,-1.5754016258159889,8.83049721559617,-0.004605282730257633,-0.9999893956125173,5.7867703567038995e-06,6839.686769341063,13.349302847609072
terminal,terminal_05,448,1.5707905400245399,-1.575401625823937,8.830497215585641,-0.004605282730257633,-0.9999893956125173,5.7867703567038995e-06,6839.686769341063,13.349302847609072
terminal,terminal_05,449,1.57079054002454,-1.5754016259487256,8.830497215420362,-0.004605282874972781,-0.999989395611851,5.786770356481856e-06,6839.686768030072,13.349302847608447
terminal,terminal_05,450,1.5707905400245399,-1.575401625871602,8.830497215522511,-0.0046052827978499584,-0.9999893956122061,5.7867703567039e-06,6839.686768728741,13.349302847607342
terminal,terminal_05,451,1.5707905400245399,-1.5754016258421433,8.830497215561527,-0.004605282730257633,-0.9999893956125173,5.7867703567038995e-06,6839.686769341063,13.349302847609072
terminal,terminal_05,452,1.5707905400245399,-1.5754016258533956,8.830497215546625,-0.0046052827978499584,-0.9999893956122061,5.7867703567039e-06,6839.686768728741,13.349302847607342
terminal,terminal_05,453,1.5707905400245399,-1.5754016258341952,8.830497215572056,-0.004605282730257633,-0.9999893956125173,5.7867703567038995e-06,6839.686769341063,13.349302847609072
terminal,terminal_05,454,1.5707847532575998,-1.5754464674637063,8.830555034047773,-0.004650123909558027,-0.9999891880483904,1.1573537296552454e-05,6840.082240763657,13.349288814739188
terminal,terminal_05,455,0.5999908074321633,-1.5754016258341952,8.830497215572056,-0.002600303308407318,-0.5646288988198037,0.8253408053890466,6839.68676906761,0.9203509151865508
terminal,terminal_05,456,0.9708055193627332,-1.5754016258341952,8.830497215572056,-0.003800927782612461,-0.825332053169045,0.5646348864175504,6839.68676906761,1.343141351052798
terminal,terminal_05,457,1.1999816148643265,-1.5754016258341952,8.830497215572056,-0.004292272853633396,-0.9320225401957347,0.36237489008048024,6839.68676906761,1.8163411332668133
terminal,terminal_05,458,1.3416202312933032,-1.5754016258341952,8.830497215572056,-0.00448487255952734,-0.9738435691119817,0.22717523812546525,6839.68676906761,2.329568541013029
terminal,terminal_05,459,1.4291577103659199,-1.5754016258341952,8.830497215572056,-0.004559165501686939,-0.9899755110996843,0.14116551077670147,6839.68676906761,2.912848863853424
terminal,terminal_05,460,1.4832588477222797,-1.5754016258341952,8.830497215572056,-0.004587649321024771,-0.996160477097652,0.08742572471696057,6839.68676906761,3.6726553151026127
terminal,terminal_05,461,1.5166951894385368,-1.5754016258341952,8.830497215572056,-0.004598544727053646,-0.9985263015337431,0.054074749483818095,6839.68676906761,5.019293412117799
terminal,terminal_05,462,1.5373599850786395,-1.5754016258341952,8.830497215572056,-0.004602708672738053,-0.9994304591598671,0.03343011182110186,6839.68676906761,10.094107503515234
terminal,terminal_05,463,1.5501315311547936,-1.5754016258341952,8.830497215572056,-0.004604299489862338,-0.9997758886019651,0.02066332491054402,6839.68676906761,12.118857891657825
terminal,terminal_05,464,1.5580247807187424,-1.5754016258341952,8.830497215572056,-0.004604907176289015,-0.999907841407937,0.012771198879420182,6839.68676906761,12.880647849097038
terminal,terminal_05,465,1.562903077230948,-1.5754016258341952,8.830497215572056,-0.0046051392989046635,-0.9999582444268622,0.00789316760150468,6839.68676906761,13.170466228076496
terminal,terminal_05,466,1.565918030282691,-1.5754016258341952,8.830497215572056,-0.004605227962883632,-0.9999774968904682,0.0048782771634600566,6839.68676906761,13.28101770445435
terminal,terminal_05,467,1.5677813737431534,-1.5754016258341952,8.830497215572056,-0.0046052618296602,-0.9999848507098087,0.0030149484841206086,6839.68676906761,13.323223795482825
terminal,terminal_05,468,1.568932983334434,-1.5754016258341952,8.830497215572056,-0.004605274765639671,-0.9999876596236075,0.0018633423821927913,6839.68676906761,13.33934210201339
terminal,terminal_05,469,1.5696447172036159,-1.5754016258341952,8.830497215572056,-0.004605279706747348,-0.9999887325339012,0.0011516093367357678,6839.68676906761,13.345498314456867
terminal,terminal_05,470,1.5700845929257148,-1.5754016258341952,8.830497215572056,-0.004605281594083006,-0.9999891423492678,0.000711733809091914,6839.68676906761,13.34784971537848
terminal,terminal_05,471,1.5703564510727976,-1.5754016258341952,8.830497215572056,-0.004605282314981146,-0.9999892988848236,0.0004398757079136694,6839.68676906761,13.348747861428286
terminal,terminal_05,472,1.5705244686478135,-1.5754016258341952,8.830497215572056,-0.004605282590339743,-0.9999893586760875,0.00027185814373444626,6839.68676906761,13.349090921352003
terminal,terminal_05,473,1.5706283092198807,-1.5754016258341952,8.830497215572056,-0.004605282695517371,-0.9999893815143185,0.00016801757422537424,6839.68676906761,13.349221958387357
terminal,terminal_05,474,1.5706924862228295,-1.5754016258341952,8.830497215572056,-0.004605282735691649,-0.9999893902377465,0.00010384057188047133,6839.68676906761,13.349272010052113
terminal,terminal_05,475,1.5707321497919478,-1.5754016258341952,8.830497215572056,-0.004605282751036857,-0.9999893935697995,6.417700290481352e-05,6839.68676906761,13.34929112808346
terminal,terminal_05,476,1.5707566632257781,-1.5754016258341952,8.830497215572056,-0.004605282756898206,-0.9999893948425305,3.966356910810361e-05,6839.68676906761,13.349298430521198
terminal,terminal_05,477,1.5707718133610662,-1.5754016258341952,8.830497215572056,-0.004605282759137041,-0.9999893953286705,2.4513433827970483e-05,6839.68676906761,13.349301219803074
terminal,terminal_05,478,1.5707811766596085,-1.5754016258341952,8.830497215572056,-0.004605282759992201,-0.9999893955143594,1.515013528755952e-05,6839.68676906761,13.349302285215819
terminal,terminal_05,479,1.5707869634963543,-1.5754016258341952,8.830497215572056,-0.004605282760318843,-0.9999893955852863,9.363298542210877e-06,6839.68676906761,13.349302692165791
terminal,terminal_05,480,1.5707905399581508,-1.5754016258341952,8.830497215572056,-0.004605282730257633,-0.9999893956125173,5.7867703567038995e-06,6839.686769341063,13.349302847609072
terminal,terminal_05,481,1.5707905399581508,-1.5754016258341952,8.342310205260866,-0.004605282760443609,-0.999989395612378,5.786836745820325e-06,4197.776273049276,13.284268263328734
terminal,terminal_05,482,1.5707905399581508,-1.5754016258341952,9.973010023033673,-0.004605282760443609,-0.999989395612378,5.786836745820325e-06,21439.92298441949,12.891909848861358
terminal,terminal_05,483,1.5707905399581508,-1.5754016258341952,7.334482292429009,-0.004605282760443609,-0.999989395612378,5.786836745820325e-06,1532.2343252594655,12.66646937329554
terminal,terminal_05,484,1.5707905399581508,-1.5754016258341952,8.78579771960921,-0.004605282760443609,-0.999989395612378,5.786836745820325e-06,6540.688535775316,13.348706455124944
terminal,terminal_05,485,1.5707905399581508,-1.5754016258341952,8.787554532212592,-0.004605282760443609,-0.999989395612378,5.786836745820325e-06,6552.189399302748,13.34875201009101
terminal,terminal_05,486,1.5707905399581508,-1.5754016258341952,8.835036499331169,-0.004605282760443609,-0.999989395612378,5.786836745820325e-06,6870.80462108382,13.34929730385232
terminal,terminal_05,487,1.5707905399581508,-1.5754016258341952,9.269703707088041,-0.004605282760443609,-0.999989395612378,5.786836745820325e-06,10611.607276571354,13.3073611148863
terminal,terminal_05,488,1.5707905399581508,-1.5754016258341952,8.830867029664766,-0.004605282760443609,-0.999989395612378,5.786836745820325e-06,6842.216649388402,13.349302828405339
terminal,terminal_05,489,1.5707905399581508,-1.5754016258341952,8.830711617396354,-0.004605282760443609,-0.999989395612378,5.786836745820325e-06,6841.153367603607,13.349302841892067
terminal,terminal_05,490,1.5707905399581508,-1.5754016258341952,8.830637769536331,-0.004605282760443609,-0.999989395612378,5.786836745820325e-06,6840.648181721001,13.349302844855869
terminal,terminal_05,491,1.5707905399581508,-1.5754016258341952,8.830576067514693,-0.004605282760443609,-0.999989395612378,5.786836745820325e-06,6840.226112920259,13.349302846399254
terminal,terminal_05,492,1.5707905399581508,-1.5754016258341952,8.814143303277493,-0.004605282760443609,-0.999989395612378,5.786836745820325e-06,6728.7408045121865,13.349221356042214
terminal,terminal_05,493,1.5707905399581508,-1.5754016258341952,8.830494798686784,-0.004605282760443609,-0.999989395612378,5.786836745820325e-06,6839.670238349372,13.349302847632115
terminal,terminal_05,494,1.5707905399581508,-1.5754016258341952,8.830425263107484,-0.004605282760443609,-0.999989395612378,5.786836745820325e-06,6839.194654452321,13.349302848071144
terminal,terminal_05,495,1.5707905399581508,-1.5754016258341952,8.830406276918387,-0.004605282760443609,-0.999989395612378,5.786836745820325e-06,6839.064805442011,13.34930284807419
terminal,terminal_05,496,1.5707905399581508,-1.5754016258341952,8.830414615839985,-0.004605282760443609,-0.999989395612378,5.786836745820325e-06,6839.121836105011,13.349302848080763
terminal,terminal_05,497,1.5707905399581508,-1.5754016258341952,8.830417949174542,-0.004605282760443609,-0.999989395612378,5.786836745820325e-06,6839.144633224168,13.349302848080553
terminal,terminal_05,498,1.5707905399581508,-1.5754016258341952,8.830411282505425,-0.004605282760443609,-0.999989395612378,5.786836745820325e-06,6839.0990390618335,13.349302848079446
terminal,terminal_05,499,1.5707887246225254,-0.40926847942611655,10.37493240529688,0.9174121683025375,-0.3979383286297562,7.602172371156344e-06,32046.152402455675,1.0723482646047786
terminal,terminal_05,500,1.5707903492946709,-1.4529234456736535,8.99263428060206,0.11760011606013471,-0.9930610316928725,5.9775002257101865e-06,8043.6181580465,2.7252709700261066
terminal,terminal_05,501,1.5707913533972773,-2.097937687342256,8.138327056955422,-0.5030648246638635,-0.8642486807402031,4.973397619330784e-06,3423.1862793380533,1.3534559864333653
terminal,terminal_05,502,1.5707900979769904,-1.2914822921335625,9.2064595494928,0.27569633287189166,-0.9612447825617537,6.22881790614968e-06,9961.266981762641,1.9655545285793774
terminal,terminal_05,503,1.5707906559584208,-1.6499177417511413,8.73171965378573,-0.07903888816628385,-0.9968715334110406,5.670836475766024e-06,6196.37457345641,2.9689256149772416
terminal,terminal_05,504,1.5707906021004165,-1.615320500893003,8.77754294089159,-0.044509464752893926,-0.9990089626798344,5.724694480043746e-06,6486.918833078454,4.353968883520859
terminal,terminal_05,505,1.5707905064148195,-1.5538541004888444,8.858953840813717,0.016941415804023887,-0.9998564838999037,5.8203800770435e-06,7037.116947799287,10.217202172295687
terminal,terminal_05,506,1.570790446400263,-1.515302020856225,8.91001522518183,0.05546582677947939,-0.9984605861149902,5.880394633478034e-06,7405.773851676347,3.6932367318673616
terminal,terminal_05,507,1.5707905261938708,-1.5665597439717374,8.842125494542735,0.004236570149620261,-0.999991025679591,5.800601025758138e-06,6919.684773022647,12.820215241779671
terminal,terminal_05,508,1.5707905422002826,-1.57684192379052,8.828506972769796,-0.006045560168590572,-0.999981725417413,5.784594614006817e-06,6826.087668950238,13.335100378285183
terminal,terminal_05,509,1.5707905399852895,-1.5754190591986579,8.830391525730914,-0.004622715939335441,-0.9999893151748458,5.786809607084622e-06,6838.963921859002,13.34930077076889
terminal,terminal_05,510,1.5707905399468456,-1.5753943636870382,8.8304242343947,-0.004598020690175895,-0.9999894290302499,5.78684805099934e-06,6839.187618888965,13.349302488161003
terminal,terminal_05,511,1.5707905399581614,-1.5754016326783913,8.830414606774998,-0.004605289604567128,-0.9999893955808585,5.786836735162184e-06,6839.121774108461,13.349302848080246
terminal,terminal_05,512,1.5707905399581448,-1.5754016219192297,8.830414621025271,-0.004605278845519662,-0.9999893956304076,5.78683675181553e-06,6839.121871567821,13.349302848080077
terminal,terminal_05,513,1.5707905399581548,-1.575401628448771,8.830414612377036,-0.004605285374991772,-0.9999893956003372,5.786836741823522e-06,6839.121812421481,13.349302848080606
terminal,terminal_05,514,1.5707905399581539,-1.5754016278061072,8.83041461322823,-0.0046052847323346646,-0.9999893956032968,5.786836742711701e-06,6839.121818242906,13.349302848080752
terminal,terminal_05,515,1.5707905399581503,-1.57540162555752,8.830414616206435,-0.004605282483771415,-0.9999893956136522,5.786836746264414e-06,6839.121838611208,13.349302848080837
terminal,terminal_05,516,1.5707905399581517,-1.5754016263913644,8.830414615102026,-0.0046052833176069,-0.999989395609812,5.786836744932147e-06,6839.12183105802,13.349302848079963
terminal,terminal_05,517,1.5707905399581503,-1.5754016255502044,8.830414616216125,-0.004605282483771415,-0.9999893956136522,5.786836746264414e-06,6839.121838611208,13.349302848080837
terminal,terminal_05,518,1.5707905399581503,-1.5754016255428887,8.830414616225813,-0.004605282469140163,-0.9999893956137196,5.786836746264414e-06,6839.121838743738,13.349302848082615
terminal,terminal_05,519,1.570790539958148,-1.575401624158774,8.830414618059043,-0.00460528108504024,-0.9999893956200938,5.78683674848486e-06,6839.121851281425,13.349302848079194
terminal,terminal_05,520,1.5707905399581494,-1.575401625014204,8.830414616926046,-0.004605281940461118,-0.9999893956161543,5.786836747152593e-06,6839.1218435327155,13.349302848081194
terminal,terminal_05,521,1.5707905399581499,-1.5754016252814778,8.830414616572046,-0.004605282207732042,-0.9999893956149234,5.786836746708504e-06,6839.12184111167,13.349302848079864
terminal,terminal_05,522,1.5707905399581503,-1.5754016255355732,8.830414616235503,-0.004605282469140163,-0.9999893956137196,5.786836746264414e-06,6839.121838743738,13.349302848082615
terminal,terminal_05,523,1.5707905399581503,-1.5754016255282575,8.830414616245193,-0.004605282469140163,-0.9999893956137196,5.786836746264414e-06,6839.121838743738,13.349302848082615
terminal,terminal_05,524,1.57079053995815,-1.575401625433996,8.830414616370039,-0.004605282360248645,-0.9999893956142211,5.786836746486459e-06,6839.121839730117,13.349302848079601
terminal,terminal_05,525,1.5707905399581503,-1.5754016254922527,8.83041461629288,-0.00460528241850476,-0.9999893956139527,5.786836746264414e-06,6839.121839202413,13.34930284808193
terminal,terminal_05,526,1.5707905399581503,-1.575401625514505,8.830414616263408,-0.00460528241850476,-0.9999893956139527,5.786836746264414e-06,6839.121839202413,13.34930284808193
terminal,terminal_06,0,1.4512565509392985,1.5860846575123801,11.91540056636395,-0.015178636151156751,0.9927475948938762,0.11925528012216086,149552.1688355672,2.962750899436669
terminal,terminal_06,1,0.5999908074321633,1.5860846575123801,11.91540056636395,-0.008631988605497638,0.5645689007840181,0.8253408053890466,149552.1688355672,0.9039200885434849
terminal,terminal_06,2,0.9708055193627332,1.5860846575123801,11.91540056636395,-0.012617591649308781,0.8252443525533582,0.5646348864175504,149552.1688355672,1.3340052895035672
terminal,terminal_06,3,1.1999816148643265,1.5860846575123801,11.91540056636395,-0.01424866485554099,0.9319235025413806,0.36237489008048024,149552.1688355672,1.8006992748908333
terminal,terminal_06,4,1.3416202312933032,1.5860846575123801,11.91540056636395,-0.014888020449683969,0.9737400875129503,0.22717523812546522,149552.1688355672,2.285697752282526
terminal,terminal_06,5,1.4291577103659199,1.5860846575123801,11.91540056636395,-0.015134643921690914,0.9898703153042405,0.14116551077670147,149552.1688355672,2.7848684962003376
terminal,terminal_06,6,1.4832588477222797,1.5860846575123801,11.91540056636395,-0.015229199046537412,0.9960546240814884,0.08742572471696056,149552.1688355672,3.285882555657844
terminal,terminal_06,7,1.5166951894385368,1.5860846575123801,11.91540056636395,-0.015265367527494784,0.9984201971226909,0.054074749483818095,149552.1688355672,3.7397461463681845
terminal,terminal_06,8,1.5373599850786395,1.5860846575123801,11.91540056636395,-0.015279190196406327,0.9993242586721143,0.03343011182110185,149552.1688355672,4.072684378155479
terminal,terminal_06,9,1.5501315311547939,1.5860846575123801,11.91540056636395,-0.015284471086234014,0.9996696514085318,0.020663324910543797,149552.1688355672,4.262187912605538
terminal,terminal_06,10,1.5580247807187424,1.5860846575123801,11.91540056636395,-0.01528648836717729,0.9998015901930655,0.012771198879420182,149552.1688355672,4.35038682849847
terminal,terminal_06,11,1.562903077230948,1.5860846575123801,11.91540056636395,-0.015287258923353133,0.9998519878561152,0.00789316760150468,149552.1688355672,4.38702012470407
terminal,terminal_06,12,1.565918030282691,1.5860846575123801,11.91540056636395,-0.015287553253039095,0.999871238273935,0.0048782771634600566,149552.1688355672,4.401483336135593
terminal,terminal_06,13,1.5677813737431534,1.5860846575123801,11.91540056636395,-0.015287665677473776,0.9998785913118512,0.0030149484841206086,149552.1688355672,4.407078747854835
terminal,terminal_06,14,1.568932983334434,1.5860846575123801,11.91540056636395,-0.015287708619859394,0.999881399927172,0.0018633423821927913,149552.1688355672,4.409226484761068
terminal,terminal_06,15,1.5696447172036159,1.5860846575123801,11.91540056636395,-0.015287725022401754,0.9998824727234572,0.001151609336735768,149552.1688355672,4.4100483830353285
terminal,terminal_06,16,1.5700845929257148,1.5860846575123801,11.91540056636395,-0.015287731287616981,0.9998828824952763,0.0007117338090919139,149552.1688355672,4.410362544732242
terminal,terminal_06,17,1.5703564510727976,1.5860846575123801,11.91540056636395,-0.015287733680716478,0.9998830390141985,0.0004398757079136694,149552.1688355672,4.410482576750964
terminal,terminal_06,18,1.5705244686478135,1.5860846575123801,11.91540056636395,-0.01528773459479918,0.999883098799109,0.00027185814373444626,149552.1688355672,4.41052842954598
terminal,terminal_06,19,1.5706283092198807,1.5860846575123801,11.91540056636395,-0.015287734943947707,0.9998831216349131,0.00016801757422537421,149552.1688355672,4.410545944577256
terminal,terminal_06,20,1.5706924862228295,1.5860846575123801,11.91540056636395,-0.01528773507731058,0.9998831303574142,0.00010384057188047133,149552.1688355672,4.410552634719241
terminal,terminal_06,21,1.5707321497919478,1.5860846575123801,11.91540056636395,-0.015287735128250666,0.9998831336891132,6.417700290481352e-05,149552.1688355672,4.4105551901218085
terminal,terminal_06,22,1.5707566632257781,1.5860846575123801,11.91540056636395,-0.015287735147708046,0.9998831349617089,3.966356910810361e-05,149552.1688355672,4.410556166260689
terminal,terminal_06,23,1.5707718133610662,1.5860846575123801,11.91540056636395,-0.015287735155140102,0.9998831354477972,2.4513433827970483e-05,149552.1688355672,4.410556539139149
terminal,terminal_06,24,1.5707811766596085,1.5860846575123801,11.91540056636395,-0.015287735157978896,0.9998831356334664,1.515013528755952e-05,149552.1688355672,4.410556681494764
terminal,terminal_06,25,1.5707869634963543,1.5860846575123801,11.91540056636395,-0.015287735159063221,0.9998831357043858,9.363298542210877e-06,149552.1688355672,4.410556736003021
terminal,terminal_06,26,1.5707905399581508,1.5860846575123801,11.91540056636395,-0.015287735159477393,0.9998831357314746,5.786836745820325e-06,149552.1688355672,4.410556756687855
terminal,terminal_06,27,1.5707905399581508,-0.7416294238611401,11.91540056636395,0.7373688780659734,-0.6754902942502136,5.786836745820325e-06,149552.1688355672,1.2426262774036245
terminal,terminal_06,28,1.5707905399581508,0.7416294238611396,11.91540056636395,0.7373688780659737,0.6754902942502132,5.786836745820325e-06,149552.1688355672,1.1198134486219282
terminal,terminal_06,29,1.5707905399581508,-1.6583338058675134,11.91540056636395,-0.08742572471549662,-0.9961710408481481,5.786836745820326e-06,149552.1688355672,2.6654814877696467
terminal,terminal_06,30,1.5707905399581508,-2.2248882715834197,11.91540056636395,-0.6084388609686742,-0.793600751278409,5.786836745820326e-06,149552.1688355672,1.7286505340238376
terminal,terminal_06,31,1.5707905399581508,-1.5590651002350762,11.91540056636395,0.011730957482964299,-0.9999311899341101,5.786836745820325e-06,149552.1688355672,4.528892360938228
terminal,terminal_06,32,1.5707905399581508,-1.246832455476992,11.91540056636395,0.3183267265301333,-0.9479810626500523,5.786836745820326e-06,149552.1688355672,1.8304451839445852
terminal,terminal_06,33,1.5707905399581508,-1.4678133444701733,11.91540056636395,0.10280104791370256,-0.9947019375241798,5.786836745820325e-06,149552.1688355672,2.7654377675109747
terminal,terminal_06,34,1.5707905399581508,-1.5617616938565204,11.91540056636395,0.009034510030688139,-0.999959187964698,5.786836745820326e-06,149552.1688355672,4.612810360995723
terminal,terminal_06,35,1.5707905399581508,-1.598648958279358,11.91540056636395,-0.027849030421957615,-0.9996121405180459,5.786836745820326e-06,149552.1688355672,4.144529015099159
terminal,terminal_06,36,1.5707905399581508,-1.5744708154796485,11.91540056636395,-0.003674480415952973,-0.9999932490573051,5.786836745820326e-06,149552.1688355672,4.826287275333813
terminal,terminal_06,37,1.5707905399581508,-1.5771497843639635,11.91540056636395,-0.006353414824654031,-0.9999798168396092,5.786836745820325e-06,149552.1688355672,4.817466436815785
terminal,terminal_06,38,1.5707905399581508,-1.5745492796719613,11.91540056636395,-0.0037529440671668205,-0.9999929576638734,5.786836745820325e-06,149552.1688355672,4.826324896745049
terminal,terminal_06,39,1.5707905399581508,-1.5746753230405668,11.91540056636395,-0.0038789865179873774,-0.9999924766867528,5.786836745820326e-06,149552.1688355672,4.826348180465296
terminal,terminal_06,40,1.5707905399581508,-1.5746787032555467,11.91540056636395,-0.0038823667075147143,-0.9999924635692317,5.786836745820326e-06,149552.1688355672,4.826348184533199
terminal,terminal_06,41,1.5707905399581508,-1.5746820834705768,11.91540056636395,-0.0038857468970478737,-0.9999924504402844,5.786836745820325e-06,149552.1688355672,4.826348157767417
terminal,terminal_06,42,1.5707905399581508,-1.5746787032555467,8.342310205260866,-0.0038823667075147143,-0.9999924635692317,5.786836745820326e-06,4197.776273049276,13.280756407704864
terminal,terminal_06,43,1.5707905399581508,-1.5746787032555467,9.973010023033673,-0.0038823667075147143,-0.9999924635692317,5.786836745820326e-06,21439.92298441949,12.888187522722642
terminal,terminal_06,44,1.5707905399581508,-1.5746787032555467,7.334482292429009,-0.0038823667075147143,-0.9999924635692317,5.786836745820326e-06,1532.2343252594655,12.663344215710577
terminal,terminal_06,45,1.5707905399581508,-1.5746787032555467,8.785487226349353,-0.0038823667075147143,-0.9999924635692317,5.786836745820326e-06,6538.658011318527,13.345135056596066
terminal,terminal_06,46,1.5707905399581508,-1.5746787032555467,8.787351762066786,-0.0038823667075147143,-0.9999924635692317,5.786836745820326e-06,6550.860945592828,13.34518336796978
terminal,terminal_06,47,1.5707905399581508,-1.5746787032555467,8.834726114509614,-0.0038823667075147143,-0.9999924635692317,5.786836745820326e-06,6868.672358545648,13.345730584542363
terminal,terminal_06,48,1.5707905399581508,-1.5746787032555467,9.269511878718728,-0.0038823667075147143,-0.9999924635692317,5.786836745820326e-06,10609.571864482825,13.303793069634951
terminal,terminal_06,49,1.5707905399581508,-1.5746787032555467,8.830842657179888,-0.0038823667075147143,-0.9999924635692317,5.786836745820326e-06,6842.049889598765,13.345735604239469
terminal,terminal_06,50,1.5707905399581508,-1.5746787032555467,8.83059589699457,-0.0038823667075147143,-0.9999924635692317,5.786836745820326e-06,6840.361752391143,13.345735637993936
terminal,terminal_06,51,1.5707905399581508,-1.5746787032555467,8.830474867261064,-0.0038823667075147143,-0.9999924635692317,5.786836745820326e-06,6839.533915328624,13.345735635401551
terminal,terminal_06,52,1.5707905399581508,-1.5746787032555467,8.83056027891836,-0.0038823667075147143,-0.9999924635692317,5.786836745820326e-06,6840.118116203899,13.345735638601559
terminal,terminal_06,53,1.5707905399581508,-1.5746787032555467,8.830556899829451,-0.0038823667075147143,-0.9999924635692317,5.786836745820326e-06,6840.095002875686,13.345735638597915
terminal,terminal_06,54,1.5707905399581508,-1.5746787032555467,8.83056365800727,-0.0038823667075147143,-0.9999924635692317,5.786836745820326e-06,6840.1412296102135,13.345735638592906
terminal,terminal_06,55,1.5707963267948966,-1.5748317210014697,8.830410936733122,-0.00403538325424882,-0.999991857807848,6.123233995736766e-17,6839.096674291216,13.347085588909435
terminal,terminal_06,56,1.4802455183553833,0.8195473167330567,11.167275825354245,0.679755750765211,0.7278427414128816,0.09042711470684815,70776.04148826805,1.4765358870839809
terminal,terminal_06,57,1.5148328494704966,-0.09502409373126519,10.274672865017214,0.9939301230626898,-0.09473261281648973,0.05593426979542477,28989.032999641015,0.9125090592056672
terminal,terminal_06,58,1.4588693721460964,1.384783533538939,11.718934793301306,0.18378471571705546,0.9766001032844113,0.11169340416371283,122876.46662654738,1.631171229855623
terminal,terminal_06,59,1.4472480250850086,1.692079628105489,12.018849486207412,-0.12006397734615692,0.9850877959286186,0.12323423086268666,165851.73178691402,2.4276412145839137
terminal,terminal_06,60,1.438475799761459,1.9240381582496084,12.245236259632737,-0.3429172095712161,0.9300543061384725,0.1319347377045752,207988.12373651552,1.7231314542672016
terminal,terminal_06,61,1.4483636763372247,1.6625791518782331,11.990057625768179,-0.09096793702421008,0.9883369003415718,0.12212700707367447,161144.6400023797,2.5826139923267744
terminal,terminal_06,62,1.4523764950607465,1.5564706675984166,11.886497918891976,0.014224843767040201,0.9928946698441633,0.11814325378477324,145291.5829179783,2.944710493359703
terminal,terminal_06,63,1.4551239294970397,1.483821957606998,11.815594266250917,0.08628427508104372,0.9895627770584711,0.11541461837248143,135346.61239546043,2.3981910395196837
terminal,terminal_06,64,1.4508437346990533,1.5970005020985725,11.92605420705371,-0.02601290298772114,0.9924734672042319,0.1196651401777554,151153.96121669415,2.9312253999150766
terminal,terminal_06,65,1.4517440793526943,1.573193245127976,11.902818811975408,-0.0023799498213140824,0.992918795225839,0.11877121674091104,147682.32778576095,2.975455405012499
terminal,terminal_06,66,1.4516790989226995,1.5749114824593038,11.904495776410286,-0.004085983841051404,0.9929055203572319,0.1188357369657182,147930.19357008266,2.9755108009522133
terminal,terminal_06,67,1.4517053653102197,1.574216936615274,11.903817913895256,-0.003396375184140395,0.992911239799053,0.11880965666273098,147829.95121612592,2.9755557120809084
terminal,terminal_06,68,1.4517049650972709,1.5742275191988133,11.903828242279992,-0.003406882586941975,0.9929111562520677,0.11881005404098141,147831.47806862253,2.975556094709879
terminal,terminal_06,69,1.4517005270440992,1.5743448718946742,11.903942776107018,-0.0035234014930252775,0.9929102223164018,0.1188144606582572,147848.410743224,2.975552676004914
terminal,terminal_06,70,1.4517032699118033,1.5742723439399606,11.903871990309053,-0.003451388868974643,0.9929108011366438,0.11881173721928143,147837.94554588982,2.975554556720149
terminal,terminal_06,71,1.4517045648843163,1.5742381017825098,11.903838570664881,-0.003417389988511176,0.9929110725937283,0.11881045141921852,147833.0049369117,2.9755492305375557
terminal,terminal_06,72,0.5999908074321633,1.5742275191988133,11.903828242279992,-0.0019373671317935827,0.5646315626745962,0.8253408053890466,147831.47806862253,0.89836125529938
terminal,terminal_06,73,0.9708055193627332,1.5742275191988133,11.903828242279992,-0.00283189754539241,0.8253359469916068,0.5646348864175504,147831.47806862253,1.3230954689809769
terminal,terminal_06,74,1.1999816148643265,1.5742275191988133,11.903828242279992,-0.003197976297777566,0.9320269373718545,0.36237489008048024,147831.47806862253,1.7880912928852806
terminal,terminal_06,75,1.3416202312933032,1.5742275191988133,11.903828242279992,-0.0033414735346520524,0.9738481635949494,0.22717523812546522,147831.47806862253,2.2757402126770296
terminal,terminal_06,76,1.4291577103659199,1.5742275191988133,11.903828242279992,-0.0033968258098266008,0.9899801816913159,0.14116551077670147,147831.47806862253,2.7857368616743083
terminal,terminal_06,77,1.4832588477222797,1.5742275191988133,11.903828242279992,-0.0034180478015821934,0.9961651768692481,0.08742572471696056,147831.47806862253,3.318148162381205
terminal,terminal_06,78,1.5166951894385368,1.5742275191988133,11.903828242279992,-0.0034261654705709005,0.9985310124670294,0.0540747494838181,147831.47806862253,3.8409604478567436
terminal,terminal_06,79,1.5373599850786395,1.5742275191988133,11.903828242279992,-0.0034292678361608916,0.9994351743588659,0.03343011182110186,147831.47806862253,4.273451120496989
terminal,terminal_06,80,1.5501315311547939,1.5742275191988133,11.903828242279992,-0.003430453081281843,0.9997806054306607,0.020663324910543797,147831.47806862253,4.549381141444436
terminal,terminal_06,81,1.5580247807187424,1.5742275191988133,11.903828242279992,-0.0034309058406602104,0.9999125588591709,0.012771198879420182,147831.47806862253,4.683146222886482
terminal,terminal_06,82,1.562903077230948,1.5742275191988133,11.903828242279992,-0.0034310787846104987,0.9999629621158918,0.00789316760150468,147831.47806862253,4.738510298106417
terminal,terminal_06,83,1.565918030282691,1.5742275191988133,11.903828242279992,-0.0034311448440882803,0.9999822146703288,0.0048782771634600566,147831.47806862253,4.760215787258828
terminal,terminal_06,84,1.5677813737431534,1.5742275191988133,11.903828242279992,-0.0034311700766754064,0.9999895685243637,0.0030149484841206086,147831.47806862253,4.768582597680287
terminal,terminal_06,85,1.568932983334434,1.5742275191988133,11.903828242279992,-0.0034311797146823896,0.9999923774514146,0.0018633423821927913,147831.47806862253,4.771789209675329
terminal,terminal_06,86,1.5696447172036159,1.5742275191988133,11.903828242279992,-0.0034311833960758552,0.9999934503667702,0.001151609336735768,147831.47806862253,4.773015580490808
terminal,terminal_06,87,1.5700845929257148,1.5742275191988133,11.903828242279992,-0.0034311848022433806,0.9999938601840703,0.000711733809091914,147831.47806862253,4.773484238101826
terminal,terminal_06,88,1.5703564510727976,1.5742275191988133,11.903828242279992,-0.003431185339351632,0.9999940167203646,0.0004398757079136694,147831.47806862253,4.7736632824789575
terminal,terminal_06,89,1.5705244686478135,1.5742275191988133,11.903828242279992,-0.003431185544508736,0.9999940765119106,0.0002718581437344463,147831.47806862253,4.773731675817286
terminal,terminal_06,90,1.5706283092198807,1.5742275191988133,11.903828242279992,-0.0034311856228717774,0.9999940993502492,0.00016801757422537421,147831.47806862253,4.7737578006341765
terminal,terminal_06,91,1.5706924862228295,1.5742275191988133,11.903828242279992,-0.003431185652803796,0.9999941080737185,0.00010384057188047133,147831.47806862253,4.773767779528016
terminal,terminal_06,92,1.5707321497919478,1.5742275191988133,11.903828242279992,-0.00343118566423681,0.9999941114057872,6.417700290481352e-05,147831.47806862253,4.773771591147627
terminal,terminal_06,93,1.5707566632257781,1.5742275191988133,11.903828242279992,-0.0034311856686038327,0.9999941126785242,3.966356910810361e-05,147831.47806862253,4.773773047117621
terminal,terminal_06,94,1.5707718133610662,1.5742275191988133,11.903828242279992,-0.003431185670271887,0.9999941131646665,2.4513433827970483e-05,147831.47806862253,4.773773603108298
terminal,terminal_06,95,1.5707811766596085,1.5742275191988133,11.903828242279992,-0.0034311856709090265,0.9999941133503563,1.515013528755952e-05,147831.47806862253,4.773773815612224
terminal,terminal_06,96,1.5707869634963543,1.5742275191988133,11.903828242279992,-0.003431185671152393,0.9999941134212835,9.363298542210877e-06,147831.47806862253,4.773773896707163
terminal,terminal_06,97,1.5707905399581508,1.5742275191988133,11.903828242279992,-0.00343118567124535,0.9999941134483753,5.786836745820325e-06,147831.47806862253,4.773773927754051
terminal,terminal_06,98,1.5707905399581508,-0.7416294238611401,11.903828242279992,0.7373688780659734,-0.6754902942502136,5.786836745820325e-06,147831.47806862253,1.2432384175324653
terminal,terminal_06,99,1.5707905399581508,0.7416294238611396,11.903828242279992,0.7373688780659737,0.6754902942502132,5.786836745820325e-06,147831.47806862253,1.120690243479328
terminal,terminal_06,100,1.5707905399581508,-1.6583338058675134,11.903828242279992,-0.08742572471549662,-0.9961710408481481,5.786836745820326e-06,147831.47806862253,2.6670731743055427
terminal,terminal_06,101,1.5707905399581508,-2.2248882715834197,11.903828242279992,-0.6084388609686742,-0.793600751278409,5.786836745820326e-06,147831.47806862253,1.7345658937685393
terminal,terminal_06,102,1.5707905399581508,-1.5600494668491796,11.903828242279992,0.010746653078635836,-0.9999422530397043,5.786836745820325e-06,147831.47806862253,4.577513902165814
terminal,terminal_06,103,1.5707905399581508,-1.2474408275018987,11.903828242279992,0.31774994249806326,-0.9481745482815863,5.786836745820326e-06,147831.47806862253,1.832326511084649
terminal,terminal_06,104,1.5707905399581508,-1.467677592300784,11.903828242279992,0.10293607991196005,-0.9946879728934452,5.786836745820326e-06,147831.47806862253,2.7657554275344896
terminal,terminal_06,105,1.5707905399581508,-1.5617422150244509,11.903828242279992,0.009053988066071708,-0.9999590117932895,5.786836745820326e-06,147831.47806862253,4.630403340304856
terminal,terminal_06,106,1.5707905399581508,-1.5986369196990777,11.903828242279992,-0.027836996508937166,-0.9996124757083987,5.786836745820326e-06,147831.47806862253,4.156551950997753
terminal,terminal_06,107,1.5707905399581508,-1.5745690896088322,11.903828242279992,-0.003772753863791796,-0.999992883122073,5.786836745820326e-06,147831.47806862253,4.8487332125931735
terminal,terminal_06,108,1.5707905399581508,-1.5768435201073312,11.903828242279992,-0.006047156456221948,-0.9999817157654967,5.786836745820325e-06,147831.47806862253,4.841991895364337
terminal,terminal_06,109,1.5707905399581508,-1.5745864875751487,11.903828242279992,-0.003790151705717231,-0.9999928173324848,5.786836745820325e-06,147831.47806862253,4.848739322971976
terminal,terminal_06,110,1.5707905399581508,-1.5746973446515322,11.903828242279992,-0.0039010079623349875,-0.999992391022747,5.786836745820325e-06,147831.47806862253,4.848757371642152
terminal,terminal_06,111,1.5707905399581508,-1.5746939646120954,11.903828242279992,-0.003897627948594569,-0.9999924042025954,5.786836745820325e-06,147831.47806862253,4.8487573415401535
terminal,terminal_06,112,1.5707905399581508,-1.574700724690969,11.903828242279992,-0.0039043879760308387,-0.9999923778314739,5.786836745820325e-06,147831.47806862253,4.8487573733049905
terminal,terminal_06,113,1.5707905399581508,-1.575519199709082,11.903828242279992,-0.004722855356429821,-0.9999888472397054,5.786836745820325e-06,147831.47806862253,4.84777055284172
terminal,terminal_06,114,1.5707905399581508,-1.574704104730456,11.903828242279992,-0.003907767989732265,-0.999992364628776,5.786836745820325e-06,147831.47806862253,4.848757345387755
terminal,terminal_06,115,1.5603194914975325,-1.2978212647582161,12.17405692291087,0.26958273431983015,-0.9629202403599106,0.01047664363505518,193698.27094772426,1.9359568925366768
terminal,terminal_06,116,1.553844451189227,-1.1266057775651976,12.341159730822223,0.42966537744018873,-0.9028290673588207,0.016951063718309643,228927.29220231276,1.587719776693744
terminal,terminal_06,117,1.564321286486591,-1.4036382552438735,12.070781708006107,0.16637722040555156,-0.9860409195206146,0.006474995062818541,174692.35038361006,2.3249506469363053
terminal,terminal_06,118,1.566794531805838,-1.4690367519512342,12.006954114999516,0.10158323209388284,-0.9948189949331046,0.004001784308034095,163890.5514812137,2.762558927327461
terminal,terminal_06,119,1.5683230814756495,-1.5094552457295314,11.967506493101347,0.06130243250694382,-0.9981161730173471,0.002473242797798055,157551.31490454116,3.246355032570541
terminal,terminal_06,120,1.5692677771250851,-1.534435248658595,11.943126521992923,0.03635302386387064,-0.999337841369814,0.0015285490745779798,153756.66310421558,3.751294801815003
terminal,terminal_06,121,1.5698516311454607,-1.5498737395078281,11.928058871203177,0.02092105149163817,-0.9997806845278018,0.0009446955089203719,151457.2780664248,4.208062735294563
terminal,terminal_06,122,1.570212472774521,-1.5594152515876587,11.918746550884501,0.01138082757274195,-0.9999350658309174,0.0005838539872043612,150053.40617605898,4.535151281799242
terminal,terminal_06,123,1.5704354851658362,-1.5653122303570615,11.912991220413431,0.005484068591525132,-0.9999848972784579,0.0003608416212297561,149192.27964606753,4.712536987531319
terminal,terminal_06,124,1.5705733144035814,-1.568956763667489,11.909434230565823,0.0018395620441515753,-0.9999982831370061,0.0002230123894666613,148662.54690753398,4.791782004372099
terminal,terminal_06,125,1.5706584975571514,-1.5712092091264644,11.907235889942363,-0.0004128823159152843,-0.9999999052656429,0.00013782923730886387,148336.09494925127,4.824819928254937
terminal,terminal_06,126,1.5707111436413266,-1.5726012969779166,11.905877240718215,-0.001804969196397628,-0.9999983674136825,8.518315346702274e-05,148134.69507580702,4.838470581760679
terminal,terminal_06,127,1.5707436807107213,-1.5734616545854399,11.905037549318903,-0.002665324631114964,-0.999996446630187,5.264608415095405e-05,148010.35985532534,4.844208193745519
terminal,terminal_06,128,1.5707637897255018,-1.5739933848293688,11.904518591494067,-0.0031970525864983444,-0.9999948888849873,3.253706938908714e-05,147933.56864834393,4.8467020335631705
terminal,terminal_06,129,1.5707762177801163,-1.574322012192963,11.90419785791959,-0.0035256780930443946,-0.9999937845754902,2.010901477892896e-05,147886.12899423766,4.847836958211512
terminal,terminal_06,130,1.570783898740282,-1.5745251150732975,11.903999633669232,-0.0037287796373593066,-0.9999930479998147,1.2428054614285181e-05,147856.81728242149,4.848382437575742
terminal,terminal_06,131,1.5707886458347307,-1.5746506395565574,11.903877124345113,-0.0038543032184512075,-0.9999925721162649,7.68096016588685e-06,147838.7045531817,4.848659682839109
terminal,terminal_06,132,1.570791579700448,-1.5747282179536322,11.903801409418872,-0.003931881027678162,-0.9999922701146492,4.747094448686145e-06,147827.5113803213,4.848807972615333
terminal,terminal_06,133,1.5707933929291795,-1.5747761640398172,11.903754615020997,-0.003979826738735479,-0.9999920804539015,2.9338657170933786e-06,147820.5940427845,4.848891028595935
terminal,terminal_06,134,1.570794513566165,-1.574805796350707,11.903725694492628,-0.004009458813209768,-0.9999919620860647,1.8132287316666253e-06,147816.31905491877,4.84893896704425
terminal,terminal_06,135,1.5707952061579111,-1.574824110126002,11.903707820623124,-0.004027772440631066,-0.9999918884910571,1.120636985490966e-06,147813.67702893305,4.848967220937741
terminal,terminal_06,136,1.5707956342031504,-1.5748354286615969,11.90369677396426,-0.004039090884158764,-0.9999918428389053,6.925917462375956e-07,147812.04419068617,4.848984355628238
terminal,terminal_06,137,1.5707963267948966,-1.574856736377,12.321507258442958,-0.004060398424833954,-0.9999917565483386,6.123233995736766e-17,224472.22484483974,4.000108322605793
terminal,terminal_06,138,1.5707895469612279,-1.574648153518352,8.231528413870192,-0.0038518171987251028,-0.9999925817016352,6.779833668711232e-06,3757.572491302566,13.246699102283332
terminal,terminal_06,139,1.5707921366272513,-1.5747278250808852,9.793761319228965,-0.003931488157977502,-0.9999922716617895,4.190167645350528e-06,17921.58836837443,13.060742783390062
terminal,terminal_06,140,1.570787946459606,-1.57459891378477,7.266015380014974,-0.0038025778257223756,-0.9999927701396892,8.380335290566256e-06,1430.8377344567389,12.590890786300047
terminal,terminal_06,141,1.5707905293883153,-1.5746783780725702,8.824183956803791,-0.003882041526988444,-0.9999924648315971,5.797406581271484e-06,6796.642075714597,13.34572048636831
terminal,terminal_06,142,1.5707905074624517,-1.574677703519252,8.810957036724284,-0.003881366978751848,-0.9999924674498862,5.819332444840308e-06,6707.335362572936,13.345611988412305
terminal,terminal_06,143,1.5707905432205442,-1.5746788036236927,8.832528338981714,-0.0038824670749043667,-0.9999924631795795,5.783574352353894e-06,6853.593134970808,13.345735578673406
terminal,terminal_06,144,1.5707905413617906,-1.574678746438793,8.831407033846332,-0.003882409890435606,-0.9999924634015855,5.7854331059493484e-06,6845.9124727804865,13.345735863535577
terminal,terminal_06,145,1.5707905415538403,-1.5746787523472392,8.831522889102615,-0.003882415798837258,-0.9999924633786477,5.785241056239882e-06,6846.7056536707105,13.345735877669469
terminal,terminal_06,146,1.5707905417281733,-1.5746787577106243,8.831628056572542,-0.003882421162181909,-0.9999924633578258,5.785066723247399e-06,6847.425742245927,13.345735882414376
terminal,terminal_06,147,1.5707905417485162,-1.5746787583364774,8.831640328559685,-0.00388242178803034,-0.999992463355396,5.7850463804088744e-06,6847.509774282211,13.345735882348585
terminal,terminal_06,148,1.570790541711117,-1.5746787571858825,8.831617767218082,-0.0038824206374440577,-0.9999924633598629,5.7850837796037266e-06,6847.355287017796,13.345735882360675
terminal,terminal_06,149,1.5148486540467,-0.095442012018919,10.275332816131328,0.9938913256447517,-0.09514807033916446,0.05591848995503884,29008.170658531286,0.912708394498064
terminal,terminal_06,150,1.4802710906968586,0.8188711154679782,11.16768369757368,0.6802493427777787,0.7273846120528877,0.09040164710374625,70804.9149573354,1.4727037332188255
terminal,terminal_06,151,1.4589009812985039,1.3839477046150963,11.719186872195984,0.1846015777898309,0.9764496181852752,0.11166199274298956,122907.44509478142,1.6256496281884407
terminal,terminal_06,152,1.447434973470207,1.687136259899091,12.01509269091101,-0.1151955507317874,0.9856921432227738,0.12304870531824015,165229.82969190448,2.452148774550937
terminal,terminal_06,153,1.438607144793857,1.9205650751203611,12.242914432450785,-0.3396909273330083,0.9312559461298546,0.1318045396996256,207505.77144332576,1.729604626876349
terminal,terminal_06,154,1.4484163955496165,1.6611851226911025,11.989764912641402,-0.0895906596410612,0.988469162716265,0.12207468232228079,161097.47775378256,2.590234791969021
terminal,terminal_06,155,1.4524211509477287,1.5552898519393328,11.886413297800596,0.015397340941826978,0.992882454888184,0.11809891052475656,145279.28870584557,2.9402738381207363
terminal,terminal_06,156,1.4545076051891659,1.5001190325398974,11.832567708318246,0.07014151553467751,0.9907663443005817,0.11602680207503652,137663.5175836296,2.5435343621595634
terminal,terminal_06,157,1.4513778724115962,1.582876621185051,11.913337419430816,-0.011993967848075819,0.9928056398654668,0.11913482356800803,149243.93880834195,2.9684149170354894
terminal,terminal_06,158,1.4515503147218112,1.5783168358014323,11.908887162309993,-0.007467032590913194,0.992870537124305,0.11896360760661409,148581.24058937063,2.9737566898763164
terminal,terminal_06,159,1.4516968427798944,1.574442284963504,11.905105680067773,-0.003620122311966478,0.992909436632342,0.1188181188240736,148020.44425550778,2.975331114084876
terminal,terminal_06,160,1.4517082773417829,1.5741399279137627,11.904810585781435,-0.0033199135256465713,0.9929118443766712,0.11880676525644193,147976.7707123702,2.9753383196518564
terminal,terminal_06,161,1.451707480678296,1.5741609935937506,11.904831145453542,-0.0033408295696154265,0.9929116795713354,0.1188075562774381,147979.8130975306,2.9753327394806375
terminal,terminal_06,162,1.4519805708295714,1.5669398395820482,11.897783447073575,0.0038292883604819535,0.9929423243039607,0.1185363959149281,146940.56247260066,2.9702095317427775
terminal,terminal_06,163,1.451812284199203,1.5713897388930496,11.902126457638692,-0.0005892164892894558,0.9929295711388967,0.11870349439614478,147580.11467359102,2.974573424708089
terminal,terminal_06,164,1.4517480044262543,1.573089449183337,11.903785340061066,-0.0022768899333810255,0.9929195030832126,0.11876731944949043,147825.13590623369,2.9752092638978858
terminal,terminal_06,165,1.451723451737777,1.573738680743199,11.904418976763075,-0.0029215155051030453,0.9929148992522769,0.11879169832102875,147918.8330196534,2.975317383191369
terminal,terminal_06,166,1.4517140734452938,1.573986665132497,11.904661004446723,-0.003167739253292052,0.9929130301304847,0.11880101020244933,147954.6378048768,2.975328621200212
terminal,terminal_06,167,1.4517104912563217,1.5740813867405297,11.904753450795656,-0.0032617881597575083,0.9929123000510877,0.118804567021895,147968.3163032035,2.9753363896377425
terminal,terminal_06,168,1.4517092176882298,1.5741150629141083,11.904786318051165,-0.003295225142721036,0.9929120383378424,0.11880583157004528,147973.17969558545,2.9753270135971115
terminal,terminal_06,169,1.4517086760599744,1.5741293848551592,11.904800295972226,-0.0033094453555866936,0.9929119266936065,0.11880636936220453,147975.24806746605,2.975333824145631
terminal,terminal_06,170,1.4517082773417829,-0.7416294238611398,11.904810585781435,0.7321463852918081,-0.6707060630659606,0.11880676525644195,147976.7707123702,1.2402887983026134
terminal,terminal_06,171,1.4517082773417829,0.7416294238611396,11.904810585781435,0.7321463852918081,0.6707060630659604,0.11880676525644193,147976.7707123702,1.1114894508989408
terminal,terminal_06,172,1.4517082773417829,-1.6583338058675132,11.904810585781435,-0.08680652280830384,-0.9891155544865485,0.11880676525644193,147976.7707123702,2.3727851992653424
terminal,terminal_06,173,1.4517082773417829,-2.2248882715834197,11.904810585781435,-0.6041295286257294,-0.7879799903371625,0.11880676525644193,147976.7707123702,1.8554050931649215
terminal,terminal_06,174,1.4517082773417829,-1.626402070601617,11.904810585781435,-0.055183462138437896,-0.9913827404366673,0.11880676525644193,147976.7707123702,2.6546938865088348
terminal,terminal_06,175,1.4517082773417829,-1.2884489918629585,11.904810585781435,0.2766375137557695,-0.9536019287482211,0.11880676525644193,147976.7707123702,1.8970360080588742
terminal,terminal_06,176,1.4517082773417829,-1.4948788762129592,11.904810585781435,0.07530737007362995,-0.9900574491118656,0.11880676525644195,147976.7707123702,2.694178975517667
terminal,terminal_06,177,1.4517082773417829,-1.5577634853766023,11.904810585781435,0.012940168612931792,-0.9928330698388173,0.11880676525644195,147976.7707123702,2.972026480749035
terminal,terminal_06,178,1.4517082773417829,-1.5584569524234062,11.904810585781435,0.012251668539762938,-0.9928418046936243,0.11880676525644193,147976.7707123702,2.972823263094137
terminal,terminal_06,179,1.4517082773417829,-1.5692820651883201,11.904810585781435,0.0015035361145690547,-0.9929162562414078,0.11880676525644193,147976.7707123702,2.973986004445573
terminal,terminal_06,180,1.4517082773417829,-1.5910999658186216,11.904810585781435,-0.020158451281569987,-0.9927127426255943,0.11880676525644195,147976.7707123702,2.9082206407266264
terminal,terminal_06,181,1.4517082773417829,-1.5644634319269402,11.904810585781435,0.006287999441845779,-0.9928974839288899,0.11880676525644193,147976.7707123702,2.9761691469065235
terminal,terminal_06,182,1.4517082773417829,-1.5644450616052297,11.904810585781435,0.006306239286989052,-0.9928973682487813,0.11880676525644193,147976.7707123702,2.9761665302263713
terminal,terminal_06,183,1.4517082773417829,-1.565032737197822,11.904810585781435,0.005722736682337014,-0.9929009028166735,0.11880676525644193,147976.7707123702,2.976142330397841
terminal,terminal_06,184,1.4517082773417829,-1.5646808871904427,11.904810585781435,0.006072088510878929,-0.9928988278119865,0.11880676525644193,147976.7707123702,2.9761552452473636
terminal,terminal_06,185,1.4517082773417829,-1.564535632708085,11.904810585781435,0.006216311451582076,-0.9928979353393972,0.11880676525644193,147976.7707123702,2.9761588607377156
terminal,terminal_06,186,1.4517082773417829,-1.5644768875117754,11.904810585781435,0.006274639424949259,-0.9928975684477165,0.11880676525644193,147976.7707123702,2.976169559111371
terminal,terminal_06,187,1.4517082773417829,-1.5644735076252314,11.904810585781435,0.006277995306044556,-0.9928975472344759,0.11880676525644193,147976.7707123702,2.9761696537318647
terminal,terminal_06,188,1.4517082773417829,-1.5644701277387376,11.904810585781435,0.006281351187018308,-0.992897526009893,0.11880676525644193,147976.7707123702,2.9761696053894435
terminal,terminal_06,189,1.451705075054682,-1.5643749886599683,9.973010023033673,0.00637581207134945,-0.9928965434637311,0.11880994486239774,21439.92298441949,3.1277139765084865
terminal,terminal_06,190,1.451702371893138,-1.5642918253863882,8.342310205260866,0.006458382487076422,-0.9928956886375198,0.11881262887705264,4197.776273049276,3.1700114432860045
terminal,terminal_06,191,1.451700701247427,-1.5642404276567,7.33448229242901,0.006509413761431447,-0.9928951568889142,0.11881428768890145,1532.234325259467,3.1740241317107376
terminal,terminal_06,192,1.451701140007945,-1.5642539262066029,7.599167434312939,0.00649601145707409,-0.9928952967959097,0.11881385203633466,1996.5329581140245,3.1728665434571126
terminal,terminal_06,193,1.4516996687315944,-1.564208662112808,6.711610387488057,0.006540952804671487,-0.9928948269374048,0.11881531289083914,821.8931407254107,3.175750303785929
terminal,terminal_06,194,1.451698912516726,-1.5641853970200754,6.255418839870491,0.006564051999132596,-0.9928945846445952,0.11881606374892872,520.8274723913332,3.1764005751077664
terminal,terminal_06,195,1.4516985632352242,-1.5641746513089516,6.0447124977890825,0.006574721082336793,-0.9928944725524598,0.11881641055621153,421.87644963345593,3.1684084724210866
terminal,terminal_06,196,1.4516992013651029,-1.564194283494748,6.429668505679985,0.006555228892873627,-0.9928946772557107,0.11881577694666723,619.9683979427484,3.175657241549937
terminal,terminal_06,197,1.4516987791030638,-1.5641812925236596,6.1749361788405555,0.006568127226482549,-0.9928945418427555,0.11881619621752502,480.5523535336333,3.176362351793216
terminal,terminal_06,198,1.451698956975039,-1.5641867647884458,6.282238607012479,0.0065626939842323324,-0.9928945989040145,0.11881601960554573,534.9849453741315,3.1762337825464377
terminal,terminal_06,199,1.451698852119782,-1.5641835388967358,6.218983989952243,0.0065658968722689184,-0.9928945652700909,0.11881612371803747,502.19273986196185,3.1765357436495933
terminal,terminal_06,200,1.4516988499531729,-1.5641834722405947,6.217676968806119,0.006565963053086773,-0.9928945645750089,0.11881612586929893,501.5367920937138,3.1764511779371953
terminal,terminal_06,201,1.4516988806218696,-1.5641844157688196,6.2361780599548675,0.006565026253131041,-0.9928945744135941,0.1188160954178508,510.90213741496615,3.176623690957938
terminal,terminal_06,202,1.4516988928046206,-1.5641847905734478,6.243527383912579,0.006564654121218926,-0.9928945783216017,0.118816083321399,514.6707541634894,3.1763358639787183
terminal,terminal_06,203,1.4516988676871536,-1.5641840178298487,6.228375108246587,0.006565421354413592,-0.9928945702642167,0.11881610826094083,506.93110574160005,3.176444094762569
terminal,terminal_06,204,1.4516988756812477,-1.5641842637696581,6.233197597614879,0.0065651771683922925,-0.9928945728286915,0.11881610032347473,509.3816797938591,3.176312144023999
terminal,terminal_06,205,1.4516988852752664,-1.5641845589314485,6.238985251912379,0.006564884111389125,-0.9928945759063366,0.1188160907974174,512.3383527090508,3.1767610976238485
terminal,terminal_06,206,1.4516988881512238,-1.5641846474108192,6.240720191955067,0.006564796262961095,-0.992894576828892,0.11881608794183242,513.2280005522495,3.1766620506825003
terminal,terminal_06,207,1.4516988846863825,-1.5641845408143233,6.238630003839481,0.006564902099321785,-0.9928945757174322,0.11881609138212974,512.156377821607,3.1767636793547287
terminal,terminal_06,208,1.4516988847281216,-1.5641845420984346,6.238655183220659,0.006564900824367468,-0.9928945757308215,0.11881609134068637,512.1692737646218,3.1767637069496417
terminal,terminal_06,209,1.4516988847452357,-1.564184542624957,6.238665507492383,0.006564900301599696,-0.9928945757363115,0.11881609132369349,512.1745615666695,3.176763708982392
terminal,terminal_06,210,1.45169888476235,-1.5641845431514796,6.238675831763954,0.006564899778831705,-0.9928945757418014,0.11881609130670041,512.1798494232314,3.1767637056155316
terminal,terminal_07,0,1.4401927343966932,1.6406865475345516,9.312688236203488,-0.0692385985843183,0.9890629310743411,0.13023261819034818,11077.687578333986,2.7691040878222335
terminal,terminal_07,1,0.5999908074321633,1.6406865475345516,9.312688236203488,-0.039430338025846036,0.5632564277510975,0.8253408053890466,11077.687578333986,0.9578772789812312
terminal,terminal_07,2,0.9708055193627332,1.6406865475345516,9.312688236203488,-0.05763630219431405,0.8233258781974521,0.5646348864175504,11077.687578333986,1.4076426315032597
terminal,terminal_07,3,1.1999816148643265,1.6406865475345516,9.312688236203488,-0.06508693388602824,0.9297570274412965,0.36237489008048024,11077.687578333986,1.8693079945481212
terminal,terminal_07,4,1.3416202312933032,1.6406865475345516,9.312688236203488,-0.06800746684175031,0.9714763999379534,0.22717523812546522,11077.687578333986,2.315713629709205
terminal,terminal_07,5,1.4291577103659199,1.6406865475345516,9.312688236203488,-0.06913402612151445,0.9875691292255863,0.14116551077670147,11077.687578333986,2.710844976846773
terminal,terminal_07,6,1.4832588477222797,1.6406865475345516,9.312688236203488,-0.0695659475135792,0.9937390611243236,0.08742572471696057,11077.687578333986,3.00837630544155
terminal,terminal_07,7,1.5166951894385368,1.6406865475345516,9.312688236203488,-0.06973116267954016,0.9960991348352943,0.054074749483818095,11077.687578333986,3.187319745562391
terminal,terminal_07,8,1.5373599850786395,1.6406865475345516,9.312688236203488,-0.06979430369286987,0.9970010946812727,0.03343011182110186,11077.687578333986,3.2747775614365637
terminal,terminal_07,9,1.5501315311547939,1.6406865475345516,9.312688236203488,-0.06981842643914529,0.9973456844711381,0.020663324910543797,11077.687578333986,3.312194534848008
terminal,terminal_07,10,1.5580247807187424,1.6406865475345516,9.312688236203488,-0.06982764124156474,0.9974773165329734,0.012771198879420183,11077.687578333986,3.327176550152844
terminal,terminal_07,11,1.562903077230948,1.6406865475345516,9.312688236203488,-0.06983116108987202,0.9975275970348164,0.007893167601504682,11077.687578333986,3.3330069414226418
terminal,terminal_07,12,1.565918030282691,1.6406865475345516,9.312688236203488,-0.0698325055678989,0.9975468027005179,0.0048782771634600566,11077.687578333986,3.3352501052530017
terminal,terminal_07,13,1.5677813737431534,1.6406865475345516,9.312688236203488,-0.06983301911508535,0.9975541386445702,0.003014948484120609,11077.687578333986,3.336109298890281
terminal,terminal_07,14,1.568932983334434,1.6406865475345516,9.312688236203488,-0.069833215272988,0.9975569407306047,0.0018633423821927913,11077.687578333986,3.33643783048592
terminal,terminal_07,15,1.5696447172036159,1.6406865475345516,9.312688236203488,-0.06983329019868811,0.997558011032923,0.0011516093367357678,11077.687578333986,3.3365633693533074
terminal,terminal_07,16,1.5700845929257148,1.6406865475345516,9.312688236203488,-0.06983331881776601,0.9975584198521313,0.0007117338090919139,11077.687578333986,3.33661132837322
terminal,terminal_07,17,1.5703564510727976,1.6406865475345516,9.312688236203488,-0.06983332974928207,0.9975585760071886,0.0004398757079136694,11077.687578333986,3.3366296481724254
terminal,terminal_07,18,1.5705244686478137,1.6406865475345516,9.312688236203488,-0.06983333392474982,0.997558635653115,0.00027185814373422427,11077.687578333986,3.3366366458810517
terminal,terminal_07,19,1.5706283092198807,1.6406865475345516,9.312688236203488,-0.06983333551963658,0.9975586584358318,0.00016801757422537421,11077.687578333986,3.3366393187828027
terminal,terminal_07,20,1.5706924862228295,1.6406865475345516,9.312688236203488,-0.06983333612882912,0.9975586671380554,0.00010384057188047133,11077.687578333986,3.33664033974914
terminal,terminal_07,21,1.5707321497919478,1.6406865475345516,9.312688236203488,-0.06983333636151998,0.9975586704620091,6.417700290481352e-05,11077.687578333986,3.3366407297180154
terminal,terminal_07,22,1.5707566632257781,1.6406865475345516,9.312688236203488,-0.06983333645039998,0.9975586717316464,3.966356910810361e-05,11077.687578333986,3.3366408786743307
terminal,terminal_07,23,1.5707718133610662,1.6406865475345516,9.312688236203488,-0.06983333648434911,0.9975586722166047,2.4513433827970483e-05,11077.687578333986,3.336640935573996
terminal,terminal_07,24,1.5707811766596085,1.6406865475345516,9.312688236203488,-0.06983333649731652,0.9975586724018423,1.515013528755952e-05,11077.687578333986,3.3366409573062015
terminal,terminal_07,25,1.5707869634963543,1.6406865475345516,9.312688236203488,-0.06983333650226965,0.9975586724725968,9.363298542210877e-06,11077.687578333986,3.3366409656042437
terminal,terminal_07,26,1.5707905399581508,1.6406865475345516,9.312688236203488,-0.06983333650416156,0.9975586724996225,5.786836745820325e-06,11077.687578333986,3.3366409687848293
terminal,terminal_07,27,1.5707905399581508,-0.7416294238611401,9.312688236203488,0.7373688780659734,-0.6754902942502136,5.786836745820325e-06,11077.687578333986,1.2697814256497244
terminal,terminal_07,28,1.5707905399581508,0.7416294238611396,9.312688236203488,0.7373688780659737,0.6754902942502132,5.786836745820325e-06,11077.687578333986,1.1651296241942257
terminal,terminal_07,29,1.5707905399581508,-1.6583338058675134,9.312688236203488,-0.08742572471549662,-0.9961710408481481,5.786836745820326e-06,11077.687578333986,2.795723737730593
terminal,terminal_07,30,1.5707905399581508,-2.2248882715834197,9.312688236203488,-0.6084388609686742,-0.793600751278409,5.786836745820326e-06,11077.687578333986,2.0056807502236795
terminal,terminal_07,31,1.5707905399581508,-1.6035405697895682,9.312688236203488,-0.0327383919909857,-0.9994639551561413,5.786836745820325e-06,11077.687578333986,7.148842229290772
terminal,terminal_07,32,1.5707905399581508,-1.274319807327279,9.312688236203488,0.29215226967289437,-0.9563718164456171,5.786836745820325e-06,11077.687578333986,1.9208729468294123
terminal,terminal_07,33,1.5707905399581508,-1.4777894283311293,9.312688236203488,0.09287286711118524,-0.9956779753118278,5.786836745820325e-06,11077.687578333986,2.9792442865556734
terminal,terminal_07,34,1.5707905399581508,-1.5672467221671025,9.312688236203488,0.0035495971737512975,-0.9999937001433643,5.786836745820326e-06,11077.687578333986,12.84105098788399
terminal,terminal_07,35,1.5707905399581508,-1.5484709800168326,9.312688236203488,0.022323492253225132,-0.9997507997796915,5.786836745820325e-06,11077.687578333986,8.175336222947056
terminal,terminal_07,36,1.5707905399581508,-1.574739541669293,9.312688236203488,-0.003943204655534142,-0.9999922255215573,5.786836745820325e-06,11077.687578333986,13.295397933252135
terminal,terminal_07,37,1.5707905399581508,-1.575232644418787,9.312688236203488,-0.004436303072032736,-0.9999901595423655,5.786836745820325e-06,11077.687578333986,13.29822888358288
terminal,terminal_07,38,1.5707905399581508,-1.5754036780037635,9.312688236203488,-0.0046073349082401864,-0.9999893861594512,5.786836745820325e-06,11077.687578333986,13.29842343101077
terminal,terminal_07,39,1.5707905399581508,-1.5754002100254136,9.312688236203488,-0.004603866966671232,-0.9999894021315755,5.786836745820325e-06,11077.687578333986,13.29842351786853
terminal,terminal_07,40,1.5707905399581508,-1.5753968289898048,9.312688236203488,-0.004600485966867876,-0.999989417691698,5.786836745820325e-06,11077.687578333986,13.298423441856329
terminal,terminal_07,41,1.5707905399581508,-1.5754002100254136,8.342310205260866,-0.004603866966671232,-0.9999894021315755,5.786836745820325e-06,4197.776273049276,13.284268275107248
terminal,terminal_07,42,1.5707905399581508,-1.5754002100254136,9.973010023033673,-0.004603866966671232,-0.9999894021315755,5.786836745820325e-06,21439.92298441949,12.891910081968762
terminal,terminal_07,43,1.5707905399581508,-1.5754002100254136,7.334482292429009,-0.004603866966671232,-0.9999894021315755,5.786836745820325e-06,1532.2343252594655,12.66646970797038
terminal,terminal_07,44,1.5707905399581508,-1.5754002100254136,8.785797730676286,-0.004603866966671232,-0.9999894021315755,5.786836745820325e-06,6540.688608161615,13.348706442385726
terminal,terminal_07,45,1.5707905399581508,-1.5754002100254136,8.787554557771854,-0.004603866966671232,-0.9999894021315755,5.786836745820325e-06,6552.189566771872,13.348751997245161
terminal,terminal_07,46,1.5707905399581508,-1.5754002100254136,8.835035920913866,-0.004603866966671232,-0.9999894021315755,5.786836745820325e-06,6870.800646892689,13.349297292127636
terminal,terminal_07,47,1.5707905399581508,-1.5754002100254136,9.269703349606488,-0.004603866966671232,-0.9999894021315755,5.786836745820325e-06,10611.603483118175,13.307361192311857
terminal,terminal_07,48,1.5707905399581508,-1.5754002100254136,8.830867410059968,-0.004603866966671232,-0.9999894021315755,5.786836745820325e-06,6842.219252135279,13.34930281493214
terminal,terminal_07,49,1.5707905399581508,-1.5754002100254136,8.830711703557558,-0.004603866966671232,-0.9999894021315755,5.786836745820325e-06,6841.153957045646,13.34930282842807
terminal,terminal_07,50,1.5707905399581508,-1.5754002100254136,8.830638208038122,-0.004603866966671232,-0.9999894021315755,5.786836745820325e-06,6840.65118135814,13.349302831348746
terminal,terminal_07,51,1.5707905399581508,-1.5754002100254136,8.83057792597625,-0.004603866966671232,-0.9999894021315755,5.786836745820325e-06,6840.238825229344,13.349302832840014
terminal,terminal_07,52,1.5707905399581508,-1.5754002100254136,8.814144461632672,-0.004603866966671232,-0.9999894021315755,5.786836745820325e-06,6728.748598788459,13.349221353135398
terminal,terminal_07,53,1.5707905399581508,-1.5754002100254136,8.83049776310886,-0.004603866966671232,-0.9999894021315755,5.786836745820325e-06,6839.690514048877,13.349302834028867
terminal,terminal_07,54,1.5707905399581508,-1.5754002100254136,8.830432730968706,-0.004603866966671232,-0.9999894021315755,5.786836745820325e-06,6839.245728799578,13.34930283444421
terminal,terminal_07,55,1.5707905399581508,-1.5754002100254136,8.830410335380583,-0.004603866966671232,-0.9999894021315755,5.786836745820325e-06,6839.092561584301,13.349302834455049
terminal,terminal_07,56,1.5707905399581508,-1.5754002100254136,8.830417948860125,-0.004603866966671232,-0.9999894021315755,5.786836745820325e-06,6839.144631073825,13.34930283446003
terminal,terminal_07,57,1.5707905399581508,-1.5754002100254136,8.830421289346683,-0.004603866966671232,-0.9999894021315755,5.786836745820325e-06,6839.167477182688,13.349302834460307
terminal,terminal_07,58,1.5707905399581508,-1.5754002100254136,8.83042462983319,-0.004603866966671232,-0.9999894021315755,5.786836745820325e-06,6839.190323367529,13.34930283445754
terminal,terminal_07,59,1.5707963267948966,-1.5755427160112248,8.830399919921083,-0.004746371395072238,-0.9999887359158502,6.123233995736766e-17,6839.021329663671,13.349166906608735
terminal,terminal_07,60,1.4524107422099646,1.3398072719365026,9.267570010062958,0.22733797741400727,0.9666269445534859,0.1181092464140745,10588.989460058821,1.365948169392352
terminal,terminal_07,61,1.497630011743383,0.22624266564206708,9.100585894493618,0.9719088280789286,0.22371737990069546,0.07310105219907244,8960.541097518662,0.7460114863348187
terminal,terminal_07,62,1.4244636966918693,2.0280280472953582,9.37077186906615,-0.4367477064433227,0.8876883511873107,0.1458109463752675,11740.173467812445,1.607202028205835
terminal,terminal_07,63,1.4071914726765462,2.453371878230937,9.434554125632298,-0.7620634351099549,0.6266823261721907,0.16287597407790855,12513.384690159699,1.2298298468513724
terminal,terminal_07,64,1.4320339437332665,1.8416040016796917,9.342816729146985,-0.2649384429201835,0.9542933986238846,0.13831749999875004,11416.520238862964,1.941772100984734
terminal,terminal_07,65,1.4367723479910155,1.7249165954878585,9.325318917874172,-0.1521342037518143,0.9792854790599536,0.13362310635185345,11218.493690429514,2.321725465770871
terminal,terminal_07,66,1.4427456830531842,1.5778179232757208,9.303260797903473,-0.006964051428383189,0.9917882632400381,0.12770099015674038,10973.744092426534,3.054515892630731
terminal,terminal_07,67,1.446437407147796,1.4869059441486403,9.289628130033657,0.08314492639062182,0.9887878132528766,0.12403862937848355,10825.15779893924,2.4631518050723384
terminal,terminal_07,68,1.4418548681298478,1.5997550306111923,9.30655036767415,-0.02871429118589235,0.991282767875675,0.1285844609368975,11009.902429343585,2.9973130434018835
terminal,terminal_07,69,1.4429559414150102,1.572640124688462,9.302484363278303,-0.0018287506202783615,0.9918378550737239,0.12749245041932258,10965.227004454304,3.0552606876155743
terminal,terminal_07,70,1.4428829549776987,1.5744374804212806,9.302753885006736,-0.0036113982701417536,0.9918236583007479,0.12756484091416295,10968.182769692781,3.055651319282132
terminal,terminal_07,71,1.4428781472067416,1.5745558760439455,9.302771638972896,-0.003728823518375535,0.9918226104658805,0.1275696094052779,10968.37750016713,3.0556491281465847
terminal,terminal_07,72,1.4428836033869634,1.5744215127682182,9.302751490583987,-0.0035955614734602005,0.9918237985533346,0.12756419780222392,10968.156507257885,3.0556512651165435
terminal,terminal_07,73,1.442882517754504,1.5744482474301158,9.302755499569049,-0.003622077040340841,0.9918235635852704,0.12756527456533395,10968.200478521621,3.0556513026599754
terminal,terminal_07,74,0.5999908074321633,1.5744374804212806,9.302753885006736,-0.0020559178213621684,0.5646311434570994,0.8253408053890466,10968.182769692781,0.9242383528184549
terminal,terminal_07,75,0.9708055193627332,1.5744374804212806,9.302753885006736,-0.0030051860260754946,0.8253353342110034,0.5646348864175504,10968.182769692781,1.3518379889893264
terminal,terminal_07,76,1.1999816148643265,1.5744374804212806,9.302753885006736,-0.0033936657409934924,0.9320262453772417,0.36237489008048024,10968.182769692781,1.8252246952665732
terminal,terminal_07,77,1.3416202312933032,1.5744374804212806,9.302753885006736,-0.0035459438104234013,0.9738474405496641,0.22717523812546525,10968.182769692781,2.338470416742884
terminal,terminal_07,78,1.4291577103659199,1.5744374804212806,9.302753885006736,-0.0036046831825933745,0.9899794466686196,0.1411655107767015,10968.182769692781,2.9174355371644913
terminal,terminal_07,79,1.4832588477222797,1.5744374804212806,9.302753885006736,-0.0036272037830201672,0.9961644372544278,0.08742572471696057,10968.182769692781,3.67009561840943
terminal,terminal_07,80,1.5166951894385368,1.5744374804212806,9.302753885006736,-0.003635818185560562,0.9985302710956658,0.0540747494838181,10968.182769692781,5.159829634535094
terminal,terminal_07,81,1.5373599850786395,1.5744374804212806,9.302753885006736,-0.0036391103900168947,0.9994344323161966,0.03343011182110186,10968.182769692781,9.499846858000168
terminal,terminal_07,82,1.5501315311547939,1.5744374804212806,9.302753885006736,-0.003640368162241301,0.9997798631315219,0.020663324910543797,10968.182769692781,11.586811716319069
terminal,terminal_07,83,1.5580247807187424,1.5744374804212806,9.302753885006736,-0.0036408486267126435,0.9999118164620616,0.012771198879420182,10968.182769692781,12.359589687606721
terminal,terminal_07,84,1.562903077230948,1.5744374804212806,9.302753885006736,-0.00364103215338844,0.9999622196813601,0.007893167601504682,10968.182769692781,12.652600429135806
terminal,terminal_07,85,1.565918030282691,1.5744374804212806,9.302753885006736,-0.0036411022551546004,0.9999814722215027,0.0048782771634600566,10968.182769692781,12.764251719494593
terminal,terminal_07,86,1.5677813737431534,1.5744374804212806,9.302753885006736,-0.0036411290317653424,0.9999888260700778,0.003014948484120609,10968.182769692781,12.806861707450185
terminal,terminal_07,87,1.568932983334434,1.5744374804212806,9.302753885006736,-0.003641139259537866,0.9999916349950431,0.0018633423821927913,10968.182769692781,12.823131991144347
terminal,terminal_07,88,1.5696447172036159,1.5744374804212806,9.302753885006736,-0.0036411431662018686,0.9999927079096022,0.001151609336735768,10968.182769692781,12.829345921998868
terminal,terminal_07,89,1.5700845929257148,1.5744374804212806,9.302753885006736,-0.0036411446584151035,0.9999931177265979,0.000711733809091914,10968.182769692781,12.831719321189532
terminal,terminal_07,90,1.5703564510727976,1.5744374804212806,9.302753885006736,-0.0036411452283898944,0.999993274262776,0.0004398757079136694,10968.182769692781,12.83262586280934
terminal,terminal_07,91,1.5705244686478137,1.5744374804212806,9.302753885006736,-0.0036411454461009,0.9999933340542776,0.00027185814373422427,10968.182769692781,12.832972128533267
terminal,terminal_07,92,1.5706283092198807,1.5744374804212806,9.302753885006736,-0.003641145529259105,0.9999933568925993,0.00016801757422537421,10968.182769692781,12.833104389925083
terminal,terminal_07,93,1.5706924862228295,1.5744374804212806,9.302753885006736,-0.0036411455610227132,0.999993365616062,0.00010384057188047133,10968.182769692781,12.833154909232082
terminal,terminal_07,94,1.5707321497919478,1.5744374804212806,9.302753885006736,-0.0036411455731553324,0.9999933689481283,6.417700290481352e-05,10968.182769692781,12.833174205883436
terminal,terminal_07,95,1.5707566632257781,1.5744374804212806,9.302753885006736,-0.0036411455777895806,0.9999933702208644,3.9663569108103616e-05,10968.182769692781,12.833181576546977
terminal,terminal_07,96,1.5707718133610662,1.5744374804212806,9.302753885006736,-0.0036411455795597055,0.9999933707070063,2.4513433827970486e-05,10968.182769692781,12.833184391889464
terminal,terminal_07,97,1.5707811766596085,1.5744374804212806,9.302753885006736,-0.003641145580235833,0.9999933708926959,1.515013528755952e-05,10968.182769692781,12.833185467252493
terminal,terminal_07,98,1.5707869634963543,1.5744374804212806,9.302753885006736,-0.003641145580494091,0.9999933709636232,9.363298542210877e-06,10968.182769692781,12.833185878008106
terminal,terminal_07,99,1.5707905399581508,1.5744374804212806,9.302753885006736,-0.003641145580592737,0.999993370990715,5.786836745820326e-06,10968.182769692781,12.83318603489989
terminal,terminal_07,100,1.5707905399581508,1.5744374804212806,8.342310205260866,-0.003641145580592737,0.999993370990715,5.786836745820326e-06,4197.776273049276,12.829612424199077
terminal,terminal_07,101,1.5707905399581508,1.5744374804212806,9.973010023033673,-0.003641145580592737,0.999993370990715,5.786836745820326e-06,21439.92298441949,12.394151136721552
terminal,terminal_07,102,1.5707905399581508,1.5744374804212806,7.334482292429009,-0.003641145580592737,0.999993370990715,5.786836745820326e-06,1532.2343252594655,12.241251387223892
terminal,terminal_07,103,1.5707905399581508,1.5744374804212806,8.743599375413817,-0.003641145580592737,0.999993370990715,5.786836745820326e-06,6270.424755390236,12.887774481067636
terminal,terminal_07,104,1.5707905399581508,1.5744374804212806,8.759214571955743,-0.003641145580592737,0.999993370990715,5.786836745820326e-06,6369.107137572009,12.888310038882116
terminal,terminal_07,105,1.5707905399581508,1.5744374804212806,8.81602445878467,-0.003641145580592737,0.999993370990715,5.786836745820326e-06,6741.410525454374,12.889098759105188
terminal,terminal_07,106,1.5707905399581508,1.5744374804212806,8.812247903501001,-0.003641145580592737,0.999993370990715,5.786836745820326e-06,6715.999229698819,12.889105067039074
terminal,terminal_07,107,1.5707905399581508,1.5744374804212806,8.811288614116174,-0.003641145580592737,0.999993370990715,5.786836745820326e-06,6709.559732093931,12.889105342707605
terminal,terminal_07,108,1.5707905399581508,1.5744374804212806,8.81127621036341,-0.003641145580592737,0.999993370990715,5.786836745820326e-06,6709.476508889998,12.889105342457167
terminal,terminal_07,109,1.5707905399581508,1.5744374804212806,8.811314306985915,-0.003641145580592737,0.999993370990715,5.786836745820326e-06,6709.732122152736,12.88910534300346
terminal,terminal_07,110,1.5707905399581508,1.5744374804212806,8.811670909122899,-0.003641145580592737,0.999993370990715,5.786836745820326e-06,6712.1252536386255,12.88910531071967
terminal,terminal_07,111,1.5707905399581508,1.5744374804212806,8.811326743534119,-0.003641145580592737,0.999993370990715,5.786836745820326e-06,6709.815568578599,12.889105343034835
terminal,terminal_07,112,1.5707905399581508,1.5744374804212806,8.811323402911743,-0.003641145580592737,0.999993370990715,5.786836745820326e-06,6709.793153656012,12.889105343031929
terminal,terminal_07,113,1.5707905399581508,1.5744374804212806,8.811330084156495,-0.003641145580592737,0.999993370990715,5.786836745820326e-06,6709.837983576067,12.889105343027754
terminal,terminal_07,114,1.5464863617870002,2.1729494173835935,8.901076351133375,-0.5662508245021081,0.8238744720888845,0.024307570650822303,7339.869565871071,1.4547774871721137
terminal,terminal_07,115,1.5314619771467997,2.542938210641669,8.95655786613802,-0.8254556454782213,0.5630955372356451,0.03932420747368709,7758.605288326866,1.1789545295699502
terminal,terminal_07,116,1.555771942154696,1.944283767693545,8.866786889113166,-0.36482348280002863,0.9309554829573368,0.015023819398846242,7092.45547647566,1.7579122806012912
terminal,terminal_07,117,1.5615107464272007,1.802960624125518,8.845594836128729,-0.23007437243270515,0.9731287497679747,0.009285446931381855,6943.73321517664,2.1096468517774287
terminal,terminal_07,118,1.5650575225223917,1.7156181180034964,8.832497427092957,-0.14431371232801446,0.9895153454702833,0.005738772772380178,6853.381280736657,2.5218075223482628
terminal,terminal_07,119,1.5672495506997055,1.6616374805574912,8.82440278314429,-0.0907156961041298,0.9958705151335804,0.00354676865901281,6798.129522768066,3.0126631359542095
terminal,terminal_07,120,1.5686042986175828,1.6282756118814747,8.819400018057186,-0.057447501633279704,0.9983461221321293,0.0021920264218695945,6764.205006680528,3.636092264802313
terminal,terminal_07,121,1.5694415788770193,1.6076568431114862,8.816308139195625,-0.03685213601590262,0.9993198110366207,0.0013547475034730886,6743.323202844383,4.633539722481696
terminal,terminal_07,122,1.5699590465354603,1.594913743205458,8.814397252970082,-0.02411507004412394,0.9997088387919244,0.0008372801616087874,6730.449783159116,7.706585441446168
terminal,terminal_07,123,1.5702788591364556,1.5870380743414974,8.813216260334062,-0.016241031301323577,0.9998679718490416,0.000517467635347065,6722.505863306842,10.42251258322815
terminal,terminal_07,124,1.5704765141939012,1.5821706432994302,8.812486366744539,-0.011374070665605975,0.999935262022696,0.0003198125955436566,6717.6009396256095,11.630071034793653
terminal,terminal_07,125,1.570598671737451,1.5791624054775366,8.812035267698043,-0.008365980927480279,0.999964985034776,0.00019765505615870166,6714.571319627728,12.214895226236635
terminal,terminal_07,126,1.5706741692513468,1.5773032122573634,8.811756473155016,-0.00650683949757204,0.9999788228344075,0.0001221575432459628,6712.699594710522,12.515740208169918
terminal,terminal_07,127,1.5707208292810007,1.5761541676556428,8.811584168651548,-0.005357815211407272,0.9999856439550949,7.549751382424594e-05,6711.543065980337,12.678605978628484
terminal,terminal_07,128,1.5707496667652427,1.57544401903719,8.811477678611988,-0.004647675504751847,0.9999891984092849,4.6660029636941295e-05,6710.828391547263,12.770454771460704
terminal,terminal_07,129,1.5707674893106545,1.5750051230539224,8.811411864148079,-0.004208783831541143,0.9999911426143029,2.8837484238159006e-05,6710.386736508092,12.823855089097538
terminal,terminal_07,130,1.5707785042494848,1.5747338704187372,8.81137118857243,-0.0039375334484465,0.9999922477263008,1.7822545410834158e-05,6710.113793215858,12.855572345089318
terminal,terminal_07,131,1.5707853118560662,1.5745662270706546,8.811346049684168,-0.0037698913458054945,0.9999928938737075,1.101493883021668e-05,6709.945110535244,12.874683352412728
terminal,terminal_07,132,1.5707895191883154,1.574462617783552,8.811330512996783,-0.0036662827750515957,0.9999932791395499,6.807606581124884e-06,6709.840861025536,12.886306893948356
terminal,terminal_07,133,1.5707921194626473,1.5743985837225722,8.811320910795905,-0.003602249137014733,0.9999935118706788,4.207332249310772e-06,6709.776432095058,12.893418929167426
terminal,terminal_07,134,1.5707937265205645,1.5743590084964492,8.811314976309397,-0.0035626741648697394,0.9999936536528787,2.600274332134627e-06,6709.736613135507,12.897787016099985
terminal,terminal_07,135,1.5707947197369794,1.5743345496615926,8.811311308595029,-0.003538215484181592,0.9999937404947118,1.6070579172461687e-06,6709.71200378325,12.900476178693154
terminal,terminal_07,136,1.570795333578482,1.574319433270326,8.811309041822888,-0.0035230991871353593,0.9999937938663076,9.93216414729721e-07,6709.696794412246,12.902134175697826
terminal,terminal_07,137,1.5707957599371696,1.574308933809607,8.81130746738064,-0.003512599791384515,0.9999938308021626,5.668577270413764e-07,6709.686230390461,12.903283981287954
terminal,terminal_07,138,1.5707963267948966,1.9163480415318448,8.809231823468178,-0.338715830945536,0.940888721298579,6.123233995736766e-17,6695.773754679499,1.811940207929907
terminal,terminal_07,139,0.5999908074321633,1.574308933809607,8.81130746738064,-0.0019833363842390248,0.5646314030733207,0.8253408053890466,6709.686230390461,0.9246187434618119
terminal,terminal_07,140,0.9708055193627332,1.574308933809607,8.81130746738064,-0.002899091940831158,0.8253357136984675,0.5646348864175504,6709.686230390461,1.3522985330022101
terminal,terminal_07,141,1.1999816148643265,1.574308933809607,8.81130746738064,-0.003273856897450473,0.9320266739209639,0.36237489008048024,6709.686230390461,1.8272382073851108
terminal,terminal_07,142,1.3416202312933032,1.574308933809607,8.81130746738064,-0.0034207589927014925,0.9738478883226847,0.22717523812546522,6709.686230390461,2.3415537055805036
terminal,terminal_07,143,1.4291577103659199,1.574308933809607,8.81130746738064,-0.0034774246496657754,0.9899799018591028,0.14116551077670147,6709.686230390461,2.924510713936623
terminal,terminal_07,144,1.4832588477222797,1.574308933809607,8.81130746738064,-0.0034991501903256514,0.9961648952887568,0.08742572471696057,6709.686230390461,3.6765168357621354
terminal,terminal_07,145,1.5166951894385368,1.574308933809607,8.81130746738064,-0.003507460472871637,0.9985307302178004,0.054074749483818095,6709.686230390461,4.961507017726177
terminal,terminal_07,146,1.5373599850786395,1.574308933809607,8.81130746738064,-0.0035106364504397833,0.9994348918540625,0.03343011182110186,6709.686230390461,9.665937667049608
terminal,terminal_07,147,1.5501315311547936,1.574308933809607,8.81130746738064,-0.0035118498186930422,0.9997803228282163,0.02066332491054402,6709.686230390461,11.681628357757091
terminal,terminal_07,148,1.5580247807187424,1.574308933809607,8.81130746738064,-0.003512313321006922,0.9999122762194278,0.012771198879420182,6709.686230390461,12.43815924089194
terminal,terminal_07,149,1.562903077230948,1.574308933809607,8.81130746738064,-0.0035124903685181614,0.9999626794619015,0.00789316760150468,6709.686230390461,12.725816989675069
terminal,terminal_07,150,1.565918030282691,1.574308933809607,8.81130746738064,-0.0035125579954349484,0.9999819320108966,0.0048782771634600566,6709.686230390461,12.835524841389846
terminal,terminal_07,151,1.5677813737431534,1.574308933809607,8.81130746738064,-0.0035125838267331547,0.9999892858628529,0.003014948484120609,6709.686230390461,12.877406200466986
terminal,terminal_07,152,1.568932983334434,1.574308933809607,8.81130746738064,-0.003512593693427808,0.9999920947891097,0.0018633423821927913,6709.686230390461,12.893400115650353
terminal,terminal_07,153,1.5696447172036159,1.574308933809607,8.81130746738064,-0.0035125974621722468,0.999993167704162,0.0011516093367357678,6709.686230390461,12.89950876357988
terminal,terminal_07,154,1.5700845929257148,1.574308933809607,8.81130746738064,-0.0035125989017048835,0.9999935775213462,0.0007117338090919139,6709.686230390461,12.90184198902534
terminal,terminal_07,155,1.5703564510727976,1.574308933809607,8.81130746738064,-0.003512599451557475,0.9999937340575963,0.0004398757079136694,6709.686230390461,12.902733191570093
terminal,terminal_07,156,1.5705244686478135,1.574308933809607,8.81130746738064,-0.0035125996615824836,0.9999937938491255,0.0002718581437344463,6709.686230390461,12.903073599159054
terminal,terminal_07,157,1.5706283092198807,1.574308933809607,8.81130746738064,-0.0035125997418048996,0.9999938166874577,0.00016801757422537424,6709.686230390461,12.903203623067753
terminal,terminal_07,158,1.5706924862228295,1.574308933809607,8.81130746738064,-0.0035125997724471357,0.9999938254109244,0.00010384057188047133,6709.686230390461,12.903253287749083
terminal,terminal_07,159,1.5707321497919478,1.574308933809607,8.81130746738064,-0.0035125997841514286,0.9999938287429921,6.417700290481352e-05,6709.686230390461,12.903272257966645
terminal,terminal_07,160,1.5707566632257781,1.574308933809607,8.81130746738064,-0.003512599788622071,0.9999938300157288,3.966356910810361e-05,6709.686230390461,12.903279503942588
terminal,terminal_07,161,1.5707718133610662,1.574308933809607,8.81130746738064,-0.003512599790329704,0.999993830501871,2.4513433827970483e-05,6709.686230390461,12.903282271658574
terminal,terminal_07,162,1.5707811766596085,1.574308933809607,8.81130746738064,-0.0035125997909819617,0.9999938306875606,1.515013528755952e-05,6709.686230390461,12.90328332883255
terminal,terminal_07,163,1.5707869634963543,1.574308933809607,8.81130746738064,-0.0035125997912311023,0.9999938307584879,9.363298542210877e-06,6709.686230390461,12.903283732637233
terminal,terminal_07,164,1.5707905399581508,1.574308933809607,8.81130746738064,-0.0035125997913262653,0.9999938307855797,5.786836745820325e-06,6709.686230390461,12.903283886876986
terminal,terminal_07,165,1.5707905399581508,1.574308933809607,8.342310205260866,-0.0035125997913262653,0.9999938307855797,5.786836745820325e-06,4197.776273049276,12.843625399181406
terminal,terminal_07,166,1.5707905399581508,1.574308933809607,9.973010023033673,-0.0035125997913262653,0.9999938307855797,5.786836745820325e-06,21439.92298441949,12.409598535411149
terminal,terminal_07,167,1.5707905399581508,1.574308933809607,7.334482292429009,-0.0035125997913262653,0.9999938307855797,5.786836745820325e-06,1532.2343252594655,12.254416875572396
terminal,terminal_07,168,1.5707905399581508,1.574308933809607,8.74494451676361,-0.0035125997913262653,0.9999938307855797,5.786836745820325e-06,6278.865038423674,12.901980810004359
terminal,terminal_07,169,1.5707905399581508,1.574308933809607,8.760108893111877,-0.0035125997913262653,0.9999938307855797,5.786836745820325e-06,6374.805712629122,12.902496881882486
terminal,terminal_07,170,1.5707905399581508,1.574308933809607,8.816630343743917,-0.0035125997913262653,0.9999938307855797,5.786836745820325e-06,6745.496282320186,12.903277461100728
terminal,terminal_07,171,1.5707905399581508,1.574308933809607,8.812848569323933,-0.0035125997913262653,0.9999938307855797,5.786836745820325e-06,6720.034512709901,12.903283722356312
terminal,terminal_07,172,1.5707905399581508,1.574308933809607,8.811916550291857,-0.0035125997913262653,0.9999938307855797,5.786836745820325e-06,6713.774230452123,12.90328400320597
terminal,terminal_07,173,1.5707905399581508,1.574308933809607,8.81185814709892,-0.0035125997913262653,0.9999938307855797,5.786836745820325e-06,6713.382136050307,12.903284002970315
terminal,terminal_07,174,1.5707905399581508,1.574308933809607,8.811893892113506,-0.0035125997913262653,0.9999938307855797,5.786836745820325e-06,6713.622110281594,12.903284003442561
terminal,terminal_07,175,1.5707905399581508,1.574308933809607,8.811890558771475,-0.0035125997913262653,0.9999938307855797,5.786836745820325e-06,6713.599731520133,12.90328400344321
terminal,terminal_07,176,1.5707905399581508,1.574308933809607,8.811887225429492,-0.0035125997913262653,0.9999938307855797,5.786836745820325e-06,6713.57735283359,12.903284003434235
terminal,terminal_07,177,1.5464843679324356,2.1728699712084407,8.901647529206187,-0.5661853415897219,0.8239194160056756,0.024309563916209063,7344.063135948027,1.454850270203622
terminal,terminal_07,178,1.5314587510223454,2.5428891102051483,8.9571335946934,-0.8254278914434211,0.563135995289009,0.03932743110254299,7763.073425034799,1.179035736281605
terminal,terminal_07,179,1.5557707098848064,1.9441855668205037,8.867355254833088,-0.3647320536464454,0.9309912872145356,0.015025051529645679,7096.487730827583,1.7580832733617335
terminal,terminal_07,180,1.5615099848425256,1.802850832211733,8.846161463718975,-0.22996752775204715,0.9731539973260233,0.009286208483221819,6947.668840907426,2.110020941809232
terminal,terminal_07,181,1.5650570518371774,1.7155011624325667,8.833062980459989,-0.14419798161957637,0.989532214322234,0.005739243449843178,6857.2583298312775,2.5225676326748188
terminal,terminal_07,182,1.567249259800245,1.6615160976029624,8.824967672604863,-0.09059481363720126,0.9958815181087268,0.003547059556643479,6801.970799333268,3.014336592342007
terminal,terminal_07,183,1.568604118831829,1.6281514926534002,8.819964497201001,-0.057323587218469564,0.9983532443881533,0.0021922062071914644,6768.024337196083,3.6395329287491323
terminal,terminal_07,184,1.5694414677633126,1.607531032773358,8.816872364749738,-0.03672641095572873,0.9993244393571282,0.0013548586170777945,6747.129031687048,4.64383352583514
terminal,terminal_07,185,1.5699589778634129,1.5947868877038383,8.81496132179714,-0.023988251282832322,0.9997118898199233,0.0008373488336320964,6734.247291001087,7.759092499944976
terminal,terminal_07,186,1.5702788166947963,1.5869105728933157,8.813780232298473,-0.01611354655490177,0.9998700344548501,0.0005175100770006802,6726.298237440161,10.458314628756636
terminal,terminal_07,187,1.5704764879635131,1.5820427426343184,8.813050278844543,-0.01124617818774704,0.999936708586746,0.00031983882593039897,6721.390144367251,11.657385524640185
terminal,terminal_07,188,1.5705986555261795,1.579034258082793,8.812599142799808,-0.00823783795144548,0.9999660488996394,0.00019767126742982133,6718.358566880758,12.237096705640965
terminal,terminal_07,189,1.5706741592322302,1.5771749123753214,8.812320325390612,-0.0063785422793479814,0.9999796494296658,0.00012216756236253548,6716.485632666556,12.534789842852184
terminal,terminal_07,190,1.570720823088846,1.5760257735312677,8.812148006755073,-0.00522942288645243,0.9999863236242109,7.550370597879516e-05,6715.328356739689,12.69570520903112
terminal,terminal_07,191,1.5707496629382807,1.5753155666678496,8.812041507981414,-0.004519224484910514,0.9999897871641188,4.66638565990177e-05,6714.613220586214,12.786346679024124
terminal,terminal_07,192,1.5707674869454618,1.5748766346872138,8.811975688119533,-0.004080296568514936,0.9999916751394364,2.8839849430866374e-05,6714.171280215838,12.838999888336083
terminal,terminal_07,193,1.5707785027877155,1.5746053598044316,8.811935009207756,-0.003809023798229807,0.9999927454836907,1.782400718020614e-05,6713.898160589818,12.870255032545636
terminal,terminal_07,194,1.5707853109526428,1.5744377027065781,8.811909868257652,-0.0036413678642566497,0.9999933701373868,1.1015842253552764e-05,6713.72936893296,12.889080280262679
terminal,terminal_07,195,1.5707895186299692,1.5743340849216494,8.81189433029598,-0.0035377507470696354,0.9999937421170697,6.808164927382988e-06,6713.625052073781,12.900527147190296
terminal,terminal_07,196,1.5707921191175704,1.5742700456087246,8.81188472730755,-0.00347371182773471,0.999993966636016,4.207677326166748e-06,6713.560581519642,12.907529965624043
terminal,terminal_07,197,1.5707937263072953,1.5742304671367209,8.811878792334307,-0.003434133591830697,0.9999941033424702,2.60048760131472e-06,6713.520736835461,12.911830542846644
terminal,terminal_07,198,1.5707947196051717,1.5742060062957997,8.81187512431912,-0.0034096728941288607,0.9999941870471908,1.6071897249220534e-06,6713.496111584599,12.91447797829123
terminal,terminal_07,199,1.5707953334970202,1.5741908886647171,8.811872857361063,-0.0033945553505380656,0.9999942384798952,9.932978764559741e-07,6713.480892387756,12.916110185026989
terminal,terminal_07,200,1.5707957598557079,1.574180389203998,8.811871282918815,-0.0033840559501260616,0.9999942740661094,5.669391887676299e-07,6713.470322408131,12.91724198391722
terminal,terminal_07,201,1.5707957597742461,1.574051844598389,8.81243509845699,-0.0032555120529504295,0.9999947008064352,5.670206504938834e-07,6717.256548557251,12.930979493296674
terminal,terminal_07,202,1.5707958276992726,1.6812358700305874,8.342310205260866,-0.11021517689803596,0.9939077496332774,4.990956240015605e-07,4197.776273049276,2.796833349004033
terminal,terminal_07,203,1.5707955920909695,1.3094517478323924,9.973010023033673,0.25837970674775756,0.9660434395721567,7.347039270911778e-07,21439.92298441949,1.2122344605725441
terminal,terminal_07,204,1.570795973313212,1.911011094026616,7.334482292429009,-0.33368955725790317,0.9426830216869824,3.534816846508211e-07,1532.2343252594655,1.8239480967665183
terminal,terminal_07,205,1.5707958055155995,1.6462305782131783,8.49584856147206,-0.07536273085277401,0.9971561857593526,5.212792971222368e-07,4894.407772682514,3.2460044358986964
terminal,terminal_07,206,1.570795723994645,1.5175925116991538,9.060074032917125,0.05317871845410975,0.9985850108544666,6.028002515535927e-07,8604.787667975866,3.789297695349948
terminal,terminal_07,207,1.570795739314605,1.5417670327991682,8.954041029357272,0.02902521700360556,0.9995786796333487,5.874802915863095e-07,7739.102697883251,9.014463224057632
terminal,terminal_07,208,1.5707957641207373,1.5809105009430962,8.782352023404318,-0.01011400170827912,0.9999488521765142,5.626741593268997e-07,6518.1900937683295,11.890627487272203
terminal,terminal_07,209,1.5707957620507749,1.5776441509686145,8.796678714594561,-0.00684777065501954,0.9999765537435052,5.647441217505891e-07,6612.246338970642,12.464182528852291
terminal,terminal_07,210,1.5707957550713056,1.5666307199649405,8.844985242115312,0.004165594782836341,0.9999913238722515,5.717235909753761e-07,6939.501646878294,13.347920989020032
terminal,terminal_07,211,1.5707957547533895,1.5661290561674406,8.847185613283207,0.004667253682624813,0.999989108312053,5.720415071132358e-07,6954.787937811009,13.349194447444331
terminal,terminal_07,212,1.5707957547931495,1.5661917964550478,8.846910425158004,0.0046045140692204285,0.9999893991687407,5.720017471401441e-07,6952.87432607091,13.349223464474866
terminal,terminal_07,213,1.5707957547947036,1.5661942487166072,8.846899669178285,0.0046020618336432275,0.9999894104572069,5.720001930499543e-07,6952.7995414978595,13.349223505025403
terminal,terminal_07,214,1.5707957547946925,1.5661942312438355,8.846899745816431,0.0046020793062298716,0.999989410376796,5.720002041521846e-07,6952.8000743475495,13.349223505028974
terminal,terminal_07,215,1.5707957547946887,1.5661942251197702,8.846899772677482,0.004602085430230275,0.9999894103486126,5.720002079269429e-07,6952.800261107064,13.349223505027663
terminal,terminal_07,216,1.5707957547946945,1.56619423421806,8.846899732771046,0.004602076332036946,0.9999894103904836,5.720002021537832e-07,6952.799983645595,13.349223505027997
terminal,terminal_07,217,1.5707957547946918,1.5661942299766776,8.846899751374371,0.004602080573374387,0.9999894103709643,5.720002048183183e-07,6952.800112990794,13.349223505029258
terminal,terminal_07,218,1.5707957547946907,1.566194228121504,8.846899759511436,0.004602082428528312,0.9999894103624267,5.720002059285414e-07,6952.800169566177,13.34922350502676
terminal,terminal_07,219,1.5707957547946914,1.5661942292680644,8.846899754482454,0.004602081281980051,0.9999894103677033,5.720002052624076e-07,6952.800134600672,13.349223505027611
terminal,terminal_07,220,1.570795754794692,1.5661942305236134,8.84689974897543,0.004602080026444349,0.9999894103734814,5.720002045962738e-07,6952.800096311434,13.34922350502732
terminal,terminal_07,221,0.5999908074321633,1.5661942299766776,8.846899751374371,0.002598495241832086,0.5646289071436549,0.8253408053890466,6952.800112990794,0.9201168124561068
terminal,terminal_07,222,0.9708055193627332,1.5661942299766776,8.846899751374371,0.003798284886894723,0.8253320653362245,0.5646348864175504,6952.800112990794,1.3440198445075584
terminal,terminal_07,223,1.1999816148643265,1.5661942299766776,8.846899751374371,0.004289288311386599,0.9320225539357627,0.36237489008048024,6952.800112990794,1.8156798870079907
terminal,terminal_07,224,1.3416202312933032,1.5661942299766776,8.846899751374371,0.0044817540970991925,0.973843583468542,0.22717523812546522,6952.800112990794,2.3295728591978473
terminal,terminal_07,225,1.4291577103659199,1.5661942299766776,8.846899751374371,0.004555995381213725,0.9899755256940644,0.14116551077670147,6952.800112990794,2.9126573615948104
terminal,terminal_07,226,1.4832588477222797,1.5661942299766776,8.846899751374371,0.0045844593949229155,0.9961604917832119,0.08742572471696056,6952.800112990794,3.67242458511236
terminal,terminal_07,227,1.5166951894385368,1.5661942299766776,8.846899751374371,0.004595347225058856,0.9985263162541804,0.054074749483818095,6952.800112990794,5.017593702656477
terminal,terminal_07,228,1.5373599850786395,1.5661942299766776,8.846899751374371,0.004599508275430632,0.9994304738936336,0.03343011182110186,6952.800112990794,10.092186850253201
terminal,terminal_07,229,1.5501315311547936,1.5661942299766776,8.846899751374371,0.004601097986413468,0.9997759033408241,0.02066332491054402,6952.800112990794,12.118235815294568
terminal,terminal_07,230,1.5580247807187424,1.5661942299766776,8.846899751374371,0.004601705250298085,0.9999078561487412,0.012771198879420183,6952.800112990794,12.880374112286917
terminal,terminal_07,231,1.562903077230948,1.5661942299766776,8.846899751374371,0.004601937211512123,0.9999582591684095,0.007893167601504682,6952.800112990794,13.170314114939782
terminal,terminal_07,232,1.565918030282691,1.5661942299766776,8.846899751374371,0.004602025813840446,0.9999775116322993,0.0048782771634600566,6952.800112990794,13.280910715303747
terminal,terminal_07,233,1.5677813737431534,1.5661942299766776,8.846899751374371,0.004602059657068459,0.9999848654517483,0.003014948484120609,6952.800112990794,13.32313386355301
terminal,terminal_07,234,1.568932983334434,1.5661942299766776,8.846899751374371,0.0046020725840531665,0.9999876743655883,0.0018633423821927913,6952.800112990794,13.339258660122008
terminal,terminal_07,235,1.5696447172036159,1.5661942299766776,8.846899751374371,0.004602077521725147,0.9999887472758979,0.0011516093367357678,6952.800112990794,13.345417347907633
terminal,terminal_07,236,1.5700845929257148,1.5661942299766776,8.846899751374371,0.0046020794077484845,0.9999891570912706,0.0007117338090919139,6952.800112990794,13.34776969379514
terminal,terminal_07,237,1.5703564510727976,1.5661942299766776,8.846899751374371,0.004602080128145364,0.9999893136268286,0.0004398757079136694,6952.800112990794,13.348668200712611
terminal,terminal_07,238,1.5705244686478135,1.5661942299766776,8.846899751374371,0.004602080403312496,0.9999893734180935,0.00027185814373444626,6952.800112990794,13.34901139846366
terminal,terminal_07,239,1.5706283092198807,1.5661942299766776,8.846899751374371,0.00460208050841699,0.9999893962563247,0.00016801757422537421,6952.800112990794,13.349142488145034
terminal,terminal_07,240,1.5706924862228295,1.5661942299766776,8.846899751374371,0.004602080548563334,0.9999894049797529,0.00010384057188047133,6952.800112990794,13.349192559914501
terminal,terminal_07,241,1.5707321497919478,1.5661942299766776,8.846899751374371,0.004602080563897873,0.9999894083118059,6.417700290481352e-05,6952.800112990794,13.349211685630475
terminal,terminal_07,242,1.5707566632257781,1.5661942299766776,8.846899751374371,0.004602080569755146,0.999989409584537,3.966356910810361e-05,6952.800112990794,13.349218990999587
terminal,terminal_07,243,1.5707718133610662,1.5661942299766776,8.846899751374371,0.004602080571992425,0.999989410070677,2.4513433827970483e-05,6952.800112990794,13.349221781404115
terminal,terminal_07,244,1.5707811766596085,1.5661942299766776,8.846899751374371,0.00460208057284699,0.9999894102563659,1.515013528755952e-05,6952.800112990794,13.349222847243226
terminal,terminal_07,245,1.5707869634963543,1.5661942299766776,8.846899751374371,0.004602080573173405,0.9999894103272928,9.363298542210877e-06,6952.800112990794,13.349223254357229
terminal,terminal_07,246,1.5707905399581508,1.5661942299766776,8.846899751374371,0.004602080573298084,0.9999894103543845,5.786836745820325e-06,6952.800112990794,13.34922340986071
terminal,terminal_07,247,1.5707905399581508,1.5661942299766776,8.342310205260866,0.004602080573298084,0.9999894103543845,5.786836745820325e-06,4197.776273049276,13.284268251351525
terminal,terminal_07,248,1.5707905399581508,1.5661942299766776,9.973010023033673,0.004602080573298084,0.9999894103543845,5.786836745820325e-06,21439.92298441949,12.891910333919208
terminal,terminal_07,249,1.5707905399581508,1.5661942299766776,7.334482292429009,0.004602080573298084,0.9999894103543845,5.786836745820325e-06,1532.2343252594655,12.666470094069131
terminal,terminal_07,250,1.5707905399581508,1.5661942299766776,8.785797741165505,0.004602080573298084,0.9999894103543845,5.786836745820325e-06,6540.688676768326,13.348706387178503
terminal,terminal_07,251,1.5707905399581508,1.5661942299766776,8.787554587650664,0.004602080573298084,0.9999894103543845,5.786836745820325e-06,6552.189762543506,13.348751941931136
terminal,terminal_07,252,1.5707905399581508,1.5661942299766776,8.835035186795874,0.004602080573298084,0.9999894103543845,5.786836745820325e-06,6870.7956029161705,13.349297238251319
terminal,terminal_07,253,1.5707905399581508,1.5661942299766776,9.269702895896618,0.004602080573298084,0.9999894103543845,5.786836745820325e-06,10611.598668530034,13.307361250882327
terminal,terminal_07,254,1.5707905399581508,1.5661942299766776,8.830867890017949,0.004602080573298084,0.9999894103543845,5.786836745820325e-06,6842.222536113804,13.349302758851778
terminal,terminal_07,255,1.5707905399581508,1.5661942299766776,8.830711807430868,0.004602080573298084,0.9999894103543845,5.786836745820325e-06,6841.154667658989,13.349302772359835
terminal,terminal_07,256,1.5707905399581508,1.5661942299766776,8.830638756832945,0.004602080573298084,0.9999894103543845,5.786836745820325e-06,6840.654935473124,13.349302775226025
terminal,terminal_07,257,1.5707905399581508,1.5661942299766776,8.830580265584707,0.004602080573298084,0.9999894103543845,5.786836745820325e-06,6840.25482872867,13.349302776645585
terminal,terminal_07,258,1.5707905399581508,1.5661942299766776,8.81414591900291,0.004602080573298084,0.9999894103543845,5.786836745820325e-06,6728.758405073545,13.349221310352762
terminal,terminal_07,259,1.5707905399581508,1.5661942299766776,8.830502854440535,0.004602080573298084,0.9999894103543845,5.786836745820325e-06,6839.725337270483,13.34930277776938
terminal,terminal_07,260,1.5707905399581508,1.5661942299766776,8.830440409183476,0.004602080573298084,0.9999894103543845,5.786836745820325e-06,6839.298242198751,13.349302778170232
terminal,terminal_07,261,1.5707905399581508,1.5661942299766776,8.830416199561418,0.004602080573298084,0.9999894103543845,5.786836745820325e-06,6839.132667377424,13.349302778191102
terminal,terminal_07,262,1.5707905399581508,1.5661942299766776,8.830421583114772,0.004602080573298084,0.9999894103543845,5.786836745820325e-06,6839.169486312144,13.349302778190568
terminal,terminal_07,263,1.5707905399581508,1.5661942299766776,8.830412865983593,0.004602080573298084,0.9999894103543845,5.786836745820325e-06,6839.109868634427,13.349302778185367
terminal,terminal_07,264,1.5707906104811395,1.677477776251036,8.342310205260864,-0.10647920885878912,0.9943149290079729,5.716313757039418e-06,4197.776273049269,2.8341785673189688
terminal,terminal_07,265,1.5707903748728367,1.305693654052841,9.973010023033673,0.26200835545762885,0.965065604834699,5.951922059903026e-06,21439.92298441949,1.1912987975327909
terminal,terminal_07,266,1.570790756095079,1.907253000247065,7.334482292429009,-0.3301445180010759,0.9439303984949339,5.570699817690985e-06,1532.2343252594655,1.8318514448142598
terminal,terminal_07,267,1.5707905885979478,1.6429466365937166,8.493768860390468,-0.07208772767202638,0.99739829530943,5.738196948742213e-06,4884.2394447501765,3.3052783764016564
terminal,terminal_07,268,1.5707905069622197,1.514127460070377,9.058788706962261,0.056638540900381486,0.9983947494106754,5.819832676918281e-06,8593.734815830658,3.6264849307526164
terminal,terminal_07,269,1.570790536204401,1.5602709048434398,8.856396774412946,0.010525227610076125,0.9999446082409891,5.790590495575738e-06,7019.145559302919,13.107398624233234
terminal,terminal_07,270,1.5707905474659802,1.5780414007158456,8.778452766988615,-0.007245010537349121,0.9999737545500448,5.779328916351217e-06,6492.823486818782,12.40198566351156
terminal,terminal_07,271,1.5707905385560776,1.5639817930828328,8.840120273039044,0.006814480970000675,0.9999767811382452,5.7882388189445695e-06,6905.823174749179,13.315819084237582
terminal,terminal_07,272,1.570790539990396,1.5662451122739767,8.830193022325007,0.004551198808889019,0.999989643224326,5.786804500502799e-06,6837.606498958633,13.34928285705852
terminal,terminal_07,273,1.570790539949625,1.5661807763747977,8.830475209037143,0.00461553403229219,0.9999893483493257,5.7868452716670205e-06,6839.53625291811,13.349302129016317
terminal,terminal_07,274,1.5707905399561741,1.5661911107741742,8.830429880842168,0.00460519974274784,0.9999893959946986,5.786838722461398e-06,6839.226236111602,13.349302848019363
terminal,terminal_07,275,1.5707905399561246,1.5661910327422288,8.830430223101752,0.004605277773865725,0.9999893956353428,5.786838771977345e-06,6839.22857690273,13.34930284806157
terminal,terminal_07,276,1.5707905399561077,1.5661910061216506,8.83043033986352,0.004605304394161615,0.9999893955127473,5.786838788852735e-06,6839.229375463199,13.349302848057423
terminal,terminal_07,277,1.5707905399561415,1.566191059362807,8.830430106339982,0.004605251153569831,0.9999893957579377,5.786838755101955e-06,6839.227778342343,13.349302848055778
terminal,terminal_07,278,1.5707853200565414,1.5582016762804596,8.848989163284688,0.012594317544776926,0.9999206883770497,1.1006738355029384e-05,6967.342563651146,12.907570400448208
terminal,terminal_07,279,0.5999908074321633,1.5661910327422288,8.830430223101752,0.0026003004928114807,0.5646288988327705,0.8253408053890466,6839.22857690273,0.9203487406991758
terminal,terminal_07,280,0.9708055193627332,1.5661910327422288,8.830430223101752,0.003800923666986254,0.8253320531879988,0.5646348864175504,6839.22857690273,1.3431062703783805
terminal,terminal_07,281,1.1999816148643265,1.5661910327422288,8.830430223101752,0.004292268205981125,0.9320225402171387,0.36237489008048024,6839.22857690273,1.8164039012429434
terminal,terminal_07,282,1.3416202312933032,1.5661910327422288,8.830430223101752,0.004484867703329038,0.973843569134346,0.22717523812546522,6839.22857690273,2.3295461300081004
terminal,terminal_07,283,1.4291577103659199,1.5661910327422288,8.830430223101752,0.0045591605650446,0.9899755111224192,0.14116551077670147,6839.22857690273,2.912847722961824
terminal,terminal_07,284,1.4832588477222797,1.5661910327422288,8.830430223101752,0.00458764435354029,0.9961604771205289,0.08742572471696057,6839.22857690273,3.6726493246476726
terminal,terminal_07,285,1.5166951894385368,1.5661910327422288,8.830430223101752,0.004598539747771672,0.9985263015566743,0.054074749483818095,6839.22857690273,5.019300643128184
terminal,terminal_07,286,1.5373599850786395,1.5661910327422288,8.830430223101752,0.004602703688947379,0.999430459182819,0.03343011182110186,6839.22857690273,10.094115030659205
terminal,terminal_07,287,1.5501315311547936,1.5661910327422288,8.830430223101752,0.004604294504349135,0.9997758886249251,0.02066332491054402,6839.22857690273,12.118860121108519
terminal,terminal_07,288,1.5580247807187424,1.5661910327422288,8.830430223101752,0.004604902190117811,0.9999078414309,0.012771198879420182,6839.22857690273,12.88064864929003
terminal,terminal_07,289,1.562903077230948,1.5661910327422288,8.830430223101752,0.0046051343124821195,0.9999582444498263,0.00789316760150468,6839.22857690273,13.170466527889428
terminal,terminal_07,290,1.565918030282691,1.5661910327422288,8.830430223101752,0.0046052229763650825,0.9999774969134329,0.0048782771634600566,6839.22857690273,13.281017818427197
terminal,terminal_07,291,1.5677813737431534,1.5661910327422288,8.830430223101752,0.00460525684310498,0.9999848507327734,0.0030149484841206086,6839.22857690273,13.323223839182903
terminal,terminal_07,292,1.568932983334434,1.5661910327422288,8.830430223101752,0.004605269779070444,0.9999876596465722,0.0018633423821927913,6839.22857690273,13.33934211896597
terminal,terminal_07,293,1.5696447172036159,1.5661910327422288,8.830430223101752,0.004605274720172771,0.999988732556866,0.0011516093367357678,6839.22857690273,13.34549832121263
terminal,terminal_07,294,1.5700845929257148,1.5661910327422288,8.830430223101752,0.004605276607506385,0.9999891423722327,0.000711733809091914,6839.22857690273,13.347849718238802
terminal,terminal_07,295,1.5703564510727976,1.5661910327422288,8.830430223101752,0.004605277328403744,0.9999892989077884,0.0004398757079136694,6839.22857690273,13.348747862802162
terminal,terminal_07,296,1.5705244686478135,1.5661910327422288,8.830430223101752,0.0046052776037620435,0.9999893586990524,0.00027185814373444626,6839.22857690273,13.349090922157293
terminal,terminal_07,297,1.5706283092198807,1.5661910327422288,8.830430223101752,0.004605277708939557,0.9999893815372833,0.00016801757422537424,6839.22857690273,13.349221958976852
terminal,terminal_07,298,1.5706924862228295,1.5661910327422288,8.830430223101752,0.0046052777491137915,0.9999893902607113,0.00010384057188047133,6839.22857690273,13.349272010559757
terminal,terminal_07,299,1.5707321497919478,1.5661910327422288,8.830430223101752,0.004605277764458984,0.9999893935927644,6.417700290481352e-05,6839.22857690273,13.349291128558455
terminal,terminal_07,300,1.5707566632257781,1.5661910327422288,8.830430223101752,0.004605277770320325,0.9999893948654953,3.966356910810361e-05,6839.22857690273,13.349298430983668
terminal,terminal_07,301,1.5707718133610662,1.5661910327422288,8.830430223101752,0.004605277772559159,0.9999893953516353,2.4513433827970483e-05,6839.22857690273,13.349301220260347
terminal,terminal_07,302,1.5707811766596085,1.5661910327422288,8.830430223101752,0.004605277773414317,0.9999893955373242,1.515013528755952e-05,6839.22857690273,13.3493022856713
terminal,terminal_07,303,1.5707869634963543,1.5661910327422288,8.830430223101752,0.004605277773740959,0.9999893956082512,9.363298542210877e-06,6839.22857690273,13.349302692621256
terminal,terminal_07,304,1.5707905399581508,1.5661910327422288,8.342310205260866,0.004605277773865725,0.9999893956353428,5.786836745820325e-06,4197.776273049276,13.28426826341688
terminal,terminal_07,305,1.5707905399581508,1.5661910327422288,9.973010023033673,0.004605277773865725,0.9999893956353428,5.786836745820325e-06,21439.92298441949,12.891909849743389
terminal,terminal_07,306,1.5707905399581508,1.5661910327422288,7.334482292429009,0.004605277773865725,0.9999893956353428,5.786836745820325e-06,1532.2343252594655,12.666469374518378
terminal,terminal_07,307,1.5707905399581508,1.5661910327422288,8.785797719659067,0.004605277773865725,0.9999893956353428,5.786836745820325e-06,6540.688536101415,13.348706455127676
terminal,terminal_07,308,1.5707905399581508,1.5661910327422288,8.787554532309713,0.004605277773865725,0.9999893956353428,5.786836745820325e-06,6552.1893999391,13.348752010092117
terminal,terminal_07,309,1.5707905399581508,1.5661910327422288,8.835036495815865,0.004605277773865725,0.9999893956353428,5.786836745820325e-06,6870.804596930856,13.349297303863137
terminal,terminal_07,310,1.5707905399581508,1.5661910327422288,9.269703704915464,0.004605277773865725,0.9999893956353428,5.786836745820325e-06,10611.607253516822,13.307361115378832
terminal,terminal_07,311,1.5707905399581508,1.5661910327422288,8.830867032035481,0.004605277773865725,0.9999893956353428,5.786836745820325e-06,6842.21666560935,13.349302828406966
terminal,terminal_07,312,1.5707905399581508,1.5661910327422288,8.83071161740105,0.004605277773865725,0.9999893956353428,5.786836745820325e-06,6841.153367635738,13.349302841891603
terminal,terminal_07,313,1.5707905399581508,1.5661910327422288,8.830637798415923,0.004605277773865725,0.9999893956353428,5.786836745820325e-06,6840.648379276133,13.349302844853213
terminal,terminal_07,314,1.5707905399581508,1.5661910327422288,8.83057612610617,0.004605277773865725,0.9999893956353428,5.786836745820325e-06,6840.226513699218,13.349302846401155
terminal,terminal_07,315,1.5707905399581508,1.5661910327422288,8.814143339526115,0.004605277773865725,0.9999893956353428,5.786836745820325e-06,6728.741048419773,13.349221356384518
terminal,terminal_07,316,1.5707905399581508,1.5661910327422288,8.830493757733631,0.004605277773865725,0.9999893956353428,5.786836745820325e-06,6839.663118576778,13.349302847642825
terminal,terminal_07,317,1.5707905399581508,1.5661910327422288,8.830426643547774,0.004605277773865725,0.9999893956353428,5.786836745820325e-06,6839.20409555869,13.349302848068136
terminal,terminal_07,318,1.5707905399581508,1.5661910327422288,8.83040599209976,0.004605277773865725,0.9999893956353428,5.786836745820325e-06,6839.062857549238,13.349302848075013
terminal,terminal_07,319,1.5707905399581508,1.5661910327422288,8.83041388424745,0.004605277773865725,0.9999893956353428,5.786836745820325e-06,6839.116832656367,13.349302848079752
terminal,terminal_07,320,1.5707905399581508,1.5661910327422288,8.830417217581026,0.004605277773865725,0.9999893956353428,5.786836745820325e-06,6839.139629752126,13.349302848079144
terminal,terminal_07,321,1.5707905399581508,1.5661910327422288,8.830410550913875,0.004605277773865725,0.9999893956353428,5.786836745820325e-06,6839.094035636597,13.349302848079759
terminal,terminal_07,322,1.5707906104803235,1.6774732911784178,8.342310205260864,-0.10647474928305622,0.9943154065649562,5.716314573053341e-06,4197.776273049269,2.834223635243527
terminal,terminal_07,323,1.5707903748720204,1.3056891689802228,9.973010023033673,0.2620126838443126,0.9650644296984916,5.951922876138994e-06,21439.92298441949,1.1912739854023517
terminal,terminal_07,324,1.5707907560942627,1.9072485151744467,7.334482292429009,-0.3301402844013715,0.9439318792075776,5.570700633926952e-06,1532.2343252594655,1.831860838694121
terminal,terminal_07,325,1.5707905885974627,1.6429426736234292,8.493766570372888,-0.07208377501165122,0.9973985809831207,5.738197433909675e-06,4884.22825976879,3.3053535983852456
terminal,terminal_07,326,1.570790506961608,1.5141232976747447,9.05878729165356,0.05664269661383495,0.9983945136500113,5.819833288651168e-06,8593.72265305161,3.626306495375327
terminal,terminal_07,327,1.5707905362162005,1.5602863269036695,8.85630945880163,0.01050980640285037,0.9999447704427699,5.790578696125432e-06,7018.532705073743,13.10866414122334
terminal,terminal_07,328,1.5707905474656665,1.578037708532842,8.778449289258198,-0.007241318451199195,0.9999737812931336,5.779329230100245e-06,6492.800906568316,12.402572886044867
terminal,terminal_07,329,1.570790538555445,1.5639775975172459,8.840119003218645,0.006818676438111379,0.9999767525388422,5.788239451549649e-06,6905.814405599601,13.315691694726446
terminal,terminal_07,330,1.570790539992351,1.5662449998429384,8.830173843276194,0.004551311238762826,0.9999896427126238,5.786802545622097e-06,6837.475361427376,13.349282938351744
terminal,terminal_07,331,1.570790539951654,1.5661807808679427,8.830455517141672,0.004615529539195082,0.999989348370064,5.786843242623421e-06,6839.401570811227,13.349302129869807
terminal,terminal_07,332,1.5707905399581987,1.5661911084574291,8.830410218815876,0.0046052020594682915,0.9999893959840295,5.7868366978586905e-06,6839.091764387531,13.34930284803911
terminal,terminal_07,333,1.5707905399581497,1.566191031134019,8.83041055796772,0.004605279382058458,0.9999893956279365,5.786836746930548e-06,6839.09408387851,13.349302848080013
terminal,terminal_07,334,1.5707905399581328,1.5661910045134881,8.830410674729281,0.004605306002307053,0.9999893955053413,5.786836763805938e-06,6839.094882421854,13.349302848075023
terminal,terminal_07,335,1.5707905399581665,1.5661910577545497,8.830410441206158,0.004605252761810082,0.9999893957505311,5.786836730055158e-06,6839.093285335248,13.349302848072709
